pos,ref,alt,label,gene,radius,seed,delta
591,C,T,1,MT-TF,-1,-1,0.008238673210144043
592,C,T,0,MT-TF,-1,-1,0.007575333118438721
593,T,C,0,MT-TF,-1,-1,0.0008181929588317871
595,C,A,0,MT-TF,-1,-1,0.009100914001464844
595,C,T,0,MT-TF,-1,-1,0.0021528005599975586
596,T,C,0,MT-TF,-1,-1,-0.001811683177947998
597,C,T,0,MT-TF,-1,-1,0.009214162826538086
603,A,G,0,MT-TF,-1,-1,-0.008624255657196045
606,A,G,0,MT-TF,-1,-1,-0.00482940673828125
616,T,C,1,MT-TF,-1,-1,-0.01695197820663452
619,T,C,0,MT-TF,-1,-1,0.0001538395881652832
621,A,G,0,MT-TF,-1,-1,-0.005982398986816406
629,T,A,0,MT-TF,-1,-1,-0.0047490596771240234
629,T,C,0,MT-TF,-1,-1,0.0024085044860839844
630,C,T,0,MT-TF,-1,-1,0.0006582140922546387
633,A,G,0,MT-TF,-1,-1,0.0003597736358642578
634,T,A,0,MT-TF,-1,-1,-0.0010138154029846191
634,T,C,0,MT-TF,-1,-1,-0.003824889659881592
635,C,T,0,MT-TF,-1,-1,-0.00041091442108154297
644,A,G,0,MT-TF,-1,-1,-0.004920482635498047
647,A,G,0,MT-TF,-1,-1,-0.006731986999511719
1607,T,C,0,MT-TV,-1,-1,-0.0014471113681793213
1617,C,T,0,MT-TV,-1,-1,-0.0003770887851715088
1618,A,G,0,MT-TV,-1,-1,-0.003969013690948486
1624,C,T,1,MT-TV,-1,-1,0.0003510713577270508
1628,C,T,0,MT-TV,-1,-1,0.0014636516571044922
1640,A,G,0,MT-TV,-1,-1,0.0021481215953826904
1644,G,A,1,MT-TV,-1,-1,-0.004234611988067627
1646,T,C,0,MT-TV,-1,-1,-0.003780454397201538
1657,C,T,0,MT-TV,-1,-1,-0.0012754201889038086
1664,G,A,0,MT-TV,-1,-1,0.0016670823097229004
1670,A,T,0,MT-TV,-1,-1,-0.01156279444694519
3236,A,G,0,MT-TL1,-1,-1,-0.002339303493499756
3242,G,A,1,MT-TL1,-1,-1,-0.0097104012966156
3243,A,G,1,MT-TL1,-1,-1,-0.012170732021331787
3243,A,T,1,MT-TL1,-1,-1,-0.029400289058685303
3251,A,G,1,MT-TL1,-1,-1,-0.006390899419784546
3252,A,G,1,MT-TL1,-1,-1,-0.003000915050506592
3254,C,A,0,MT-TL1,-1,-1,-0.00607571005821228
3254,C,T,0,MT-TL1,-1,-1,0.005003899335861206
3255,G,A,1,MT-TL1,-1,-1,-0.008400022983551025
3256,C,T,1,MT-TL1,-1,-1,-0.008939355611801147
3258,T,C,1,MT-TL1,-1,-1,-0.004396289587020874
3260,A,G,1,MT-TL1,-1,-1,-0.0068395137786865234
3261,A,G,0,MT-TL1,-1,-1,-0.004623532295227051
3271,T,C,1,MT-TL1,-1,-1,-0.0036664605140686035
3275,C,A,0,MT-TL1,-1,-1,-0.0018524229526519775
3275,C,G,0,MT-TL1,-1,-1,-0.00319063663482666
3275,C,T,0,MT-TL1,-1,-1,-0.0005972087383270264
3277,G,A,0,MT-TL1,-1,-1,0.0044381022453308105
3278,T,C,0,MT-TL1,-1,-1,-0.0022646188735961914
3290,T,C,0,MT-TL1,-1,-1,0.003944993019104004
3291,T,C,1,MT-TL1,-1,-1,-0.003383457660675049
3302,A,G,1,MT-TL1,-1,-1,-0.0032359957695007324
3303,C,T,1,MT-TL1,-1,-1,-0.007614344358444214
4300,A,G,1,MT-TI,-1,-1,-0.0063057541847229
4310,A,G,0,MT-TI,-1,-1,0.0016567707061767578
4312,C,T,0,MT-TI,-1,-1,0.001579880714416504
4313,T,C,0,MT-TI,-1,-1,-0.0012446045875549316
4314,T,A,0,MT-TI,-1,-1,-0.00040990114212036133
4314,T,C,0,MT-TI,-1,-1,0.0002594590187072754
4317,A,G,0,MT-TI,-1,-1,-0.0005750060081481934
4318,C,T,0,MT-TI,-1,-1,-0.0018913745880126953
4335,C,T,0,MT-TQ,-1,-1,0.0002911090850830078
4336,T,C,0,MT-TQ,-1,-1,-0.00048655271530151367
4340,A,G,0,MT-TQ,-1,-1,0.0007613897323608398
4343,A,G,0,MT-TQ,-1,-1,-0.001949608325958252
4350,C,T,0,MT-TQ,-1,-1,-0.0014878511428833008
4353,T,C,0,MT-TQ,-1,-1,-0.0019192099571228027
4370,T,C,0,MT-TQ,-1,-1,-0.001444399356842041
4371,T,C,0,MT-TQ,-1,-1,-0.00214308500289917
4373,T,C,0,MT-TQ,-1,-1,-0.0023943185806274414
4375,C,T,0,MT-TQ,-1,-1,-0.0029616355895996094
4381,A,G,0,MT-TQ,-1,-1,-0.005302727222442627
4384,T,A,0,MT-TQ,-1,-1,-7.295608520507812e-05
4384,T,C,0,MT-TQ,-1,-1,-0.00010263919830322266
4385,A,G,0,MT-TQ,-1,-1,-0.006976962089538574
4385,A,T,0,MT-TQ,-1,-1,-0.005343079566955566
4386,T,C,0,MT-TQ,-1,-1,-0.0022847652435302734
4387,C,T,0,MT-TQ,-1,-1,-0.0009548664093017578
4394,C,A,0,MT-TQ,-1,-1,-0.0007089376449584961
4395,A,G,0,MT-TQ,-1,-1,-0.0013146400451660156
4417,A,G,0,MT-TM,-1,-1,-0.006342709064483643
4418,T,C,0,MT-TM,-1,-1,0.002187490463256836
4435,A,G,0,MT-TM,-1,-1,-0.00727534294128418
4450,G,A,1,MT-TM,-1,-1,-0.003709733486175537
4452,T,C,0,MT-TM,-1,-1,-0.0003578066825866699
4454,T,A,0,MT-TM,-1,-1,-0.0028505921363830566
4454,T,C,0,MT-TM,-1,-1,-0.0009326338768005371
4464,G,A,0,MT-TM,-1,-1,-0.0012225508689880371
5514,A,G,0,MT-TW,-1,-1,-0.005645453929901123
5515,A,G,0,MT-TW,-1,-1,-0.008758366107940674
5516,A,G,0,MT-TW,-1,-1,-0.006155490875244141
5521,G,A,1,MT-TW,-1,-1,-0.007705330848693848
5527,A,G,0,MT-TW,-1,-1,-0.005343317985534668
5528,T,C,0,MT-TW,-1,-1,0.0002046823501586914
5530,C,T,0,MT-TW,-1,-1,-0.001701951026916504
5539,A,G,0,MT-TW,-1,-1,-0.0036734938621520996
5539,A,T,0,MT-TW,-1,-1,-0.008193135261535645
5553,T,C,0,MT-TW,-1,-1,-0.0026484131813049316
5553,T,G,0,MT-TW,-1,-1,-0.007175803184509277
5554,C,A,0,MT-TW,-1,-1,0.0052416324615478516
5556,G,A,1,MT-TW,-1,-1,-0.006830811500549316
5557,T,C,0,MT-TW,-1,-1,0.0011710524559020996
5561,T,C,0,MT-TW,-1,-1,0.0021077990531921387
5563,G,A,0,MT-TW,-1,-1,0.003067493438720703
5566,A,G,0,MT-TW,-1,-1,-0.0021433234214782715
5567,T,C,0,MT-TW,-1,-1,0.0010682940483093262
5568,A,G,0,MT-TW,-1,-1,-0.0020869970321655273
5592,A,G,0,MT-TA,-1,-1,-0.00455242395401001
5600,A,G,0,MT-TA,-1,-1,-0.0011085271835327148
5601,C,T,0,MT-TA,-1,-1,-0.000555574893951416
5603,C,T,0,MT-TA,-1,-1,0.0016552209854125977
5604,C,T,0,MT-TA,-1,-1,0.0008037686347961426
5605,A,G,0,MT-TA,-1,-1,-0.0031966567039489746
5608,C,T,0,MT-TA,-1,-1,-0.0025442838668823242
5618,T,C,0,MT-TA,-1,-1,-0.0067133307456970215
5628,T,C,0,MT-TA,-1,-1,-0.0028501152992248535
5633,C,T,0,MT-TA,-1,-1,-0.0005906224250793457
5640,A,G,0,MT-TA,-1,-1,-0.002674400806427002
5650,G,A,1,MT-TA,-1,-1,-0.005442917346954346
5655,T,C,0,MT-TA,-1,-1,-0.0013127923011779785
5662,C,T,0,MT-TN,-1,-1,0.00478816032409668
5663,C,T,0,MT-TN,-1,-1,0.005849123001098633
5664,A,G,0,MT-TN,-1,-1,0.0023798346519470215
5665,A,G,0,MT-TN,-1,-1,-0.0006641149520874023
5673,T,C,0,MT-TN,-1,-1,0.0023671388626098633
5686,A,T,0,MT-TN,-1,-1,-9.59634780883789e-05
5690,A,G,1,MT-TN,-1,-1,-0.006320357322692871
5703,G,A,1,MT-TN,-1,-1,8.344650268554688e-07
5705,A,G,0,MT-TN,-1,-1,-0.00027191638946533203
5711,A,G,0,MT-TN,-1,-1,-0.0003733038902282715
5715,A,G,0,MT-TN,-1,-1,-0.0038275718688964844
5728,T,C,1,MT-TN,-1,-1,-0.0035640597343444824
5772,G,A,0,MT-TC,-1,-1,-0.007327616214752197
5773,G,A,0,MT-TC,-1,-1,0.0010625123977661133
5774,T,C,0,MT-TC,-1,-1,0.0009868144989013672
5774,T,G,0,MT-TC,-1,-1,0.0015916228294372559
5775,T,C,0,MT-TC,-1,-1,-0.002924680709838867
5780,G,A,0,MT-TC,-1,-1,-0.004056751728057861
5783,G,A,0,MT-TC,-1,-1,-0.004205822944641113
5785,T,C,0,MT-TC,-1,-1,-0.005145847797393799
5786,T,C,0,MT-TC,-1,-1,0.0007461905479431152
5788,T,C,0,MT-TC,-1,-1,-0.006654560565948486
5794,T,C,0,MT-TC,-1,-1,-0.0025258660316467285
5800,A,G,0,MT-TC,-1,-1,-0.008456110954284668
5806,T,C,0,MT-TC,-1,-1,0.0009945034980773926
5807,A,G,0,MT-TC,-1,-1,-0.0022531747817993164
5811,A,G,0,MT-TC,-1,-1,-0.0010894536972045898
5814,T,A,0,MT-TC,-1,-1,-0.0043950676918029785
5814,T,C,0,MT-TC,-1,-1,-0.0023525357246398926
5817,C,T,0,MT-TC,-1,-1,-0.00748056173324585
5821,G,A,0,MT-TC,-1,-1,-0.0017560720443725586
5822,G,A,0,MT-TC,-1,-1,-0.0050240159034729
5823,A,G,0,MT-TC,-1,-1,0.000527799129486084
5824,G,A,0,MT-TC,-1,-1,-0.003657817840576172
5836,A,G,0,MT-TY,-1,-1,-0.0004659891128540039
5839,C,T,0,MT-TY,-1,-1,-0.00019675493240356445
5840,C,T,0,MT-TY,-1,-1,-0.00023621320724487305
5843,A,G,0,MT-TY,-1,-1,-0.0023193359375
5846,C,T,0,MT-TY,-1,-1,0.00032716989517211914
5855,A,G,0,MT-TY,-1,-1,-0.000859379768371582
5867,C,T,0,MT-TY,-1,-1,0.006654679775238037
5875,C,T,0,MT-TY,-1,-1,0.002847015857696533
5876,A,G,0,MT-TY,-1,-1,-0.0012067556381225586
7453,G,A,1,MT-TS1,-1,-1,-0.006398677825927734
7460,A,G,0,MT-TS1,-1,-1,0.002093672752380371
7469,C,T,0,MT-TS1,-1,-1,-0.0013335943222045898
7471,C,A,0,MT-TS1,-1,-1,0.003590404987335205
7471,C,T,0,MT-TS1,-1,-1,0.0028213858604431152
7472,A,T,0,MT-TS1,-1,-1,0.000269472599029541
7476,C,T,0,MT-TS1,-1,-1,0.0007994174957275391
7490,A,G,0,MT-TS1,-1,-1,0.001742243766784668
7493,C,T,0,MT-TS1,-1,-1,-0.0008714199066162109
7497,G,A,1,MT-TS1,-1,-1,-0.0003590583801269531
7498,G,A,0,MT-TS1,-1,-1,0.0015978813171386719
7501,T,C,0,MT-TS1,-1,-1,-0.0015016794204711914
7510,T,C,1,MT-TS1,-1,-1,-0.0035088062286376953
7511,T,C,1,MT-TS1,-1,-1,-0.0012371540069580078
7512,T,C,1,MT-TS1,-1,-1,0.00021970272064208984
7521,G,A,0,MT-TD,-1,-1,0.009403586387634277
7533,C,T,0,MT-TD,-1,-1,-0.0013256669044494629
7534,C,T,0,MT-TD,-1,-1,-0.0012456774711608887
7543,A,G,0,MT-TD,-1,-1,-0.010284781455993652
7546,T,C,0,MT-TD,-1,-1,-0.003690481185913086
7547,T,C,0,MT-TD,-1,-1,-0.011418461799621582
7552,A,G,0,MT-TD,-1,-1,-0.0068492889404296875
7559,A,G,0,MT-TD,-1,-1,-0.002821683883666992
7561,T,C,0,MT-TD,-1,-1,-0.0014861226081848145
7567,C,T,0,MT-TD,-1,-1,0.00012415647506713867
7568,T,C,0,MT-TD,-1,-1,0.00028502941131591797
7569,A,G,0,MT-TD,-1,-1,-0.00017380714416503906
7570,A,G,0,MT-TD,-1,-1,-0.0007188916206359863
7572,T,C,0,MT-TD,-1,-1,0.004519045352935791
7576,A,G,0,MT-TD,-1,-1,-0.003751218318939209
7581,T,C,0,MT-TD,-1,-1,0.0037236809730529785
7585,A,G,0,MT-TD,-1,-1,-0.0072307586669921875
8298,T,C,0,MT-TK,-1,-1,-0.0023360252380371094
8300,T,C,0,MT-TK,-1,-1,-0.00294417142868042
8308,A,G,0,MT-TK,-1,-1,-0.005748629570007324
8311,T,C,0,MT-TK,-1,-1,-0.0009325146675109863
8313,G,A,1,MT-TK,-1,-1,-0.008225679397583008
8315,A,G,0,MT-TK,-1,-1,-0.0028076767921447754
8331,A,G,0,MT-TK,-1,-1,-0.007503032684326172
8337,T,C,0,MT-TK,-1,-1,-0.000958561897277832
8338,A,G,0,MT-TK,-1,-1,-0.0016309022903442383
8340,G,A,1,MT-TK,-1,-1,-0.00363922119140625
8343,A,G,0,MT-TK,-1,-1,-0.003233969211578369
8344,A,G,1,MT-TK,-1,-1,0.00033783912658691406
8345,C,T,0,MT-TK,-1,-1,-0.0018012523651123047
8346,C,A,0,MT-TK,-1,-1,0.0019394159317016602
8347,A,G,0,MT-TK,-1,-1,-0.0031432509422302246
8348,A,G,0,MT-TK,-1,-1,-0.002351701259613037
8349,C,T,0,MT-TK,-1,-1,-0.0009338855743408203
8350,A,G,0,MT-TK,-1,-1,-0.0016766190528869629
8356,T,C,1,MT-TK,-1,-1,-0.001147449016571045
8360,A,G,0,MT-TK,-1,-1,-0.0012990236282348633
8363,G,A,1,MT-TK,-1,-1,-0.006158351898193359
9991,A,G,0,MT-TG,-1,-1,-0.008359372615814209
9995,T,C,0,MT-TG,-1,-1,-0.013536930084228516
10003,T,C,0,MT-TG,-1,-1,-0.0030856728553771973
10005,A,G,0,MT-TG,-1,-1,-0.00698089599609375
10006,A,G,0,MT-TG,-1,-1,-0.0044324398040771484
10007,T,C,0,MT-TG,-1,-1,-0.0018485188484191895
10013,C,T,0,MT-TG,-1,-1,-0.00014096498489379883
10018,A,G,0,MT-TG,-1,-1,-0.00741422176361084
10029,A,G,0,MT-TG,-1,-1,-0.003775298595428467
10031,T,C,0,MT-TG,-1,-1,-0.0011433959007263184
10034,T,C,0,MT-TG,-1,-1,-0.002248048782348633
10040,C,T,0,MT-TG,-1,-1,0.000213623046875
10042,A,G,0,MT-TG,-1,-1,-0.0032363533973693848
10044,A,G,0,MT-TG,-1,-1,-0.0046013593673706055
10045,T,C,0,MT-TG,-1,-1,0.0002611875534057617
10410,T,A,0,MT-TR,-1,-1,0.008211076259613037
10410,T,C,0,MT-TR,-1,-1,-0.004358470439910889
10411,A,G,0,MT-TR,-1,-1,-0.0030284523963928223
10420,A,G,0,MT-TR,-1,-1,-0.006208956241607666
10427,G,A,0,MT-TR,-1,-1,0.005713760852813721
10440,T,C,0,MT-TR,-1,-1,-0.0055904388427734375
10446,A,G,0,MT-TR,-1,-1,0.00340116024017334
10448,T,C,0,MT-TR,-1,-1,-0.004851579666137695
10454,T,C,0,MT-TR,-1,-1,0.0014259815216064453
10456,A,G,0,MT-TR,-1,-1,-0.0038663744926452637
10463,T,C,0,MT-TR,-1,-1,-0.0033080577850341797
12141,A,G,0,MT-TH,-1,-1,-0.008698761463165283
12142,A,G,0,MT-TH,-1,-1,-0.006661117076873779
12147,G,A,1,MT-TH,-1,-1,-0.006921529769897461
12151,A,G,0,MT-TH,-1,-1,-0.007940530776977539
12160,A,G,0,MT-TH,-1,-1,-0.007866978645324707
12161,T,C,0,MT-TH,-1,-1,-0.002948164939880371
12164,G,A,0,MT-TH,-1,-1,-0.010228931903839111
12166,T,C,0,MT-TH,-1,-1,-0.001558840274810791
12171,A,G,0,MT-TH,-1,-1,-0.005012035369873047
12172,A,G,0,MT-TH,-1,-1,-0.005726873874664307
12173,T,C,0,MT-TH,-1,-1,-0.005374550819396973
12178,C,T,0,MT-TH,-1,-1,-0.002367556095123291
12181,C,T,0,MT-TH,-1,-1,-0.0012298822402954102
12188,T,C,0,MT-TH,-1,-1,-0.001280367374420166
12189,T,C,0,MT-TH,-1,-1,0.0017162561416625977
12191,C,T,0,MT-TH,-1,-1,0.0006213784217834473
12192,G,A,0,MT-TH,-1,-1,0.0033756494522094727
12193,A,G,0,MT-TH,-1,-1,-0.0005789399147033691
12196,C,T,0,MT-TH,-1,-1,0.0031777620315551758
12201,T,C,1,MT-TH,-1,-1,-0.004104435443878174
12215,T,C,0,MT-TS2,-1,-1,3.6835670471191406e-05
12216,C,T,0,MT-TS2,-1,-1,0.002865433692932129
12223,A,G,0,MT-TS2,-1,-1,-0.005104362964630127
12231,C,T,0,MT-TS2,-1,-1,0.0006798505783081055
12234,A,G,0,MT-TS2,-1,-1,-0.004938185214996338
12235,T,C,0,MT-TS2,-1,-1,-0.0031291842460632324
12237,C,T,0,MT-TS2,-1,-1,-0.0014209747314453125
12239,C,T,0,MT-TS2,-1,-1,-5.036592483520508e-05
12245,T,C,0,MT-TS2,-1,-1,0.00022470951080322266
12246,C,T,0,MT-TS2,-1,-1,-0.0021722912788391113
12248,A,G,0,MT-TS2,-1,-1,-0.005902111530303955
12258,C,A,1,MT-TS2,-1,-1,-0.008523225784301758
12265,A,G,0,MT-TS2,-1,-1,-0.005007505416870117
12273,A,G,0,MT-TL2,-1,-1,-0.011072754859924316
12276,G,A,1,MT-TL2,-1,-1,-0.011109471321105957
12279,A,G,0,MT-TL2,-1,-1,-0.01686882972717285
12279,A,T,0,MT-TL2,-1,-1,-0.019461631774902344
12280,A,G,0,MT-TL2,-1,-1,-0.0029442310333251953
12281,C,T,0,MT-TL2,-1,-1,-0.0021543502807617188
12285,T,C,0,MT-TL2,-1,-1,5.555152893066406e-05
12295,T,C,0,MT-TL2,-1,-1,-0.005179047584533691
12297,T,C,0,MT-TL2,-1,-1,-0.010525941848754883
12308,A,G,0,MT-TL2,-1,-1,-0.004311084747314453
12311,T,C,0,MT-TL2,-1,-1,-0.0002657771110534668
12315,G,A,1,MT-TL2,-1,-1,-0.006347954273223877
14674,T,C,1,MT-TE,-1,-1,-0.005602717399597168
14683,A,G,0,MT-TE,-1,-1,-0.00045418739318847656
14684,C,T,0,MT-TE,-1,-1,-0.00011032819747924805
14687,A,G,0,MT-TE,-1,-1,-0.002225160598754883
14690,A,G,0,MT-TE,-1,-1,-0.005642235279083252
14691,C,T,0,MT-TE,-1,-1,0.0019255280494689941
14693,A,G,0,MT-TE,-1,-1,-0.0027178525924682617
14696,A,C,0,MT-TE,-1,-1,-0.010456442832946777
14696,A,G,0,MT-TE,-1,-1,0.0011202692985534668
14706,A,G,0,MT-TE,-1,-1,-0.0009990930557250977
14709,T,C,1,MT-TE,-1,-1,-0.005500197410583496
14716,C,T,0,MT-TE,-1,-1,-0.003242313861846924
14727,T,C,0,MT-TE,-1,-1,-0.0004113316535949707
15889,T,C,0,MT-TT,-1,-1,0.002953648567199707
15891,C,T,0,MT-TT,-1,-1,-0.0042018890380859375
15892,T,C,0,MT-TT,-1,-1,-0.004920065402984619
15893,T,C,0,MT-TT,-1,-1,-0.00497591495513916
15894,G,A,0,MT-TT,-1,-1,-0.006951570510864258
15895,T,C,0,MT-TT,-1,-1,-0.009359478950500488
15900,T,C,0,MT-TT,-1,-1,-0.0029547810554504395
15902,A,G,0,MT-TT,-1,-1,-0.0031136274337768555
15903,A,G,0,MT-TT,-1,-1,-0.005459010601043701
15904,C,T,0,MT-TT,-1,-1,0.0011773109436035156
15905,T,C,0,MT-TT,-1,-1,-0.0019894838333129883
15907,A,G,0,MT-TT,-1,-1,-0.005160510540008545
15908,T,C,0,MT-TT,-1,-1,-0.0032418370246887207
15909,A,G,0,MT-TT,-1,-1,-0.009164810180664062
15911,A,G,0,MT-TT,-1,-1,-0.0031270980834960938
15913,C,T,0,MT-TT,-1,-1,-0.001832425594329834
15914,A,G,0,MT-TT,-1,-1,0.00597989559173584
15916,T,C,0,MT-TT,-1,-1,-0.007762432098388672
15923,A,G,1,MT-TT,-1,-1,-0.005530059337615967
15924,A,G,0,MT-TT,-1,-1,-0.002537965774536133
15925,C,T,0,MT-TT,-1,-1,-0.003500044345855713
15926,C,T,0,MT-TT,-1,-1,-9.483098983764648e-05
15927,G,A,0,MT-TT,-1,-1,-0.0021416544914245605
15928,G,A,0,MT-TT,-1,-1,-0.00133514404296875
15929,A,G,0,MT-TT,-1,-1,-0.004121601581573486
15930,G,A,0,MT-TT,-1,-1,0.0014232397079467773
15932,T,C,0,MT-TT,-1,-1,-0.003084540367126465
15935,A,G,0,MT-TT,-1,-1,-0.002257049083709717
15936,A,G,0,MT-TT,-1,-1,-0.0006033778190612793
15936,A,T,0,MT-TT,-1,-1,-0.0029700398445129395
15937,A,G,0,MT-TT,-1,-1,-0.004347324371337891
15937,A,T,0,MT-TT,-1,-1,-0.0036252737045288086
15938,C,T,0,MT-TT,-1,-1,-0.0021875500679016113
15939,C,T,0,MT-TT,-1,-1,0.000574648380279541
15940,T,C,0,MT-TT,-1,-1,0.0007940530776977539
15941,T,C,0,MT-TT,-1,-1,0.0006254315376281738
15942,T,C,0,MT-TT,-1,-1,-0.0017405152320861816
15943,T,C,0,MT-TT,-1,-1,-8.225440979003906e-06
15944,T,C,0,MT-TT,-1,-1,0.001018226146697998
15946,C,T,0,MT-TT,-1,-1,-0.006258606910705566
15947,A,G,0,MT-TT,-1,-1,-0.0036055445671081543
15949,G,A,0,MT-TT,-1,-1,-0.0050010085105896
15951,A,G,0,MT-TT,-1,-1,-0.002807021141052246
15952,C,T,0,MT-TT,-1,-1,-0.0030924081802368164
15965,A,G,0,MT-TP,-1,-1,-0.0006238818168640137
15968,T,C,0,MT-TP,-1,-1,0.000853419303894043
15970,T,C,0,MT-TP,-1,-1,-0.0032399892807006836
15977,C,T,0,MT-TP,-1,-1,-0.007831096649169922
15978,C,T,0,MT-TP,-1,-1,-0.0003840923309326172
15990,C,T,1,MT-TP,-1,-1,-0.010825634002685547
15992,A,T,0,MT-TP,-1,-1,-0.015212833881378174
16011,A,G,0,MT-TP,-1,-1,-0.0056574344635009766
16017,T,C,0,MT-TP,-1,-1,0.0010716915130615234
591,C,T,1,MT-TF,0,0,-8.7738037109375e-05
592,C,T,0,MT-TF,0,0,0.002446293830871582
593,T,C,0,MT-TF,0,0,-0.0005245208740234375
595,C,A,0,MT-TF,0,0,0.005465507507324219
595,C,T,0,MT-TF,0,0,0.000492095947265625
596,T,C,0,MT-TF,0,0,-0.0037364959716796875
597,C,T,0,MT-TF,0,0,0.0011615753173828125
603,A,G,0,MT-TF,0,0,-0.001110076904296875
606,A,G,0,MT-TF,0,0,-3.4332275390625e-05
616,T,C,1,MT-TF,0,0,-0.001804351806640625
619,T,C,0,MT-TF,0,0,-0.000293731689453125
621,A,G,0,MT-TF,0,0,-0.005930900573730469
629,T,A,0,MT-TF,0,0,0.00041961669921875
629,T,C,0,MT-TF,0,0,0.0002288818359375
630,C,T,0,MT-TF,0,0,-0.0005130767822265625
633,A,G,0,MT-TF,0,0,-0.00110626220703125
634,T,A,0,MT-TF,0,0,0.00024271011352539062
634,T,C,0,MT-TF,0,0,0.000583648681640625
635,C,T,0,MT-TF,0,0,-0.00010538101196289062
644,A,G,0,MT-TF,0,0,-0.0037103891372680664
647,A,G,0,MT-TF,0,0,-0.003124237060546875
1607,T,C,0,MT-TV,0,0,-0.0009479522705078125
1617,C,T,0,MT-TV,0,0,0.00193023681640625
1618,A,G,0,MT-TV,0,0,-0.0005340576171875
1624,C,T,1,MT-TV,0,0,-0.001117706298828125
1628,C,T,0,MT-TV,0,0,0.001415252685546875
1640,A,G,0,MT-TV,0,0,0.001628875732421875
1644,G,A,1,MT-TV,0,0,-0.000606536865234375
1646,T,C,0,MT-TV,0,0,-0.0004253387451171875
1657,C,T,0,MT-TV,0,0,-0.000949859619140625
1664,G,A,0,MT-TV,0,0,0.00167083740234375
1670,A,T,0,MT-TV,0,0,-0.00083160400390625
3236,A,G,0,MT-TL1,0,0,-0.0023244619369506836
3242,G,A,1,MT-TL1,0,0,-0.015218973159790039
3243,A,G,1,MT-TL1,0,0,-0.021957755088806152
3243,A,T,1,MT-TL1,0,0,-0.01203155517578125
3251,A,G,1,MT-TL1,0,0,-0.0031287670135498047
3252,A,G,1,MT-TL1,0,0,-0.003928184509277344
3254,C,A,0,MT-TL1,0,0,-0.0036797523498535156
3254,C,T,0,MT-TL1,0,0,0.0009119510650634766
3255,G,A,1,MT-TL1,0,0,-0.0020508766174316406
3256,C,T,1,MT-TL1,0,0,-0.003286123275756836
3258,T,C,1,MT-TL1,0,0,-0.010437488555908203
3260,A,G,1,MT-TL1,0,0,-0.0001614093780517578
3261,A,G,0,MT-TL1,0,0,0.0012054443359375
3271,T,C,1,MT-TL1,0,0,0.0008679628372192383
3275,C,A,0,MT-TL1,0,0,0.0023015737533569336
3275,C,G,0,MT-TL1,0,0,-7.796287536621094e-05
3275,C,T,0,MT-TL1,0,0,0.002074718475341797
3277,G,A,0,MT-TL1,0,0,-0.0016398429870605469
3278,T,C,0,MT-TL1,0,0,-0.0019233226776123047
3290,T,C,0,MT-TL1,0,0,-0.0003936290740966797
3291,T,C,1,MT-TL1,0,0,-0.001460433006286621
3302,A,G,1,MT-TL1,0,0,-0.002638578414916992
3303,C,T,1,MT-TL1,0,0,-0.001874089241027832
4300,A,G,1,MT-TI,0,0,-0.0012845993041992188
4310,A,G,0,MT-TI,0,0,0.0017517805099487305
4312,C,T,0,MT-TI,0,0,0.0028023719787597656
4313,T,C,0,MT-TI,0,0,-0.00032961368560791016
4314,T,A,0,MT-TI,0,0,0.0001207590103149414
4314,T,C,0,MT-TI,0,0,-0.0018680095672607422
4317,A,G,0,MT-TI,0,0,-0.00018715858459472656
4318,C,T,0,MT-TI,0,0,-0.0012347698211669922
4335,C,T,0,MT-TQ,0,0,-0.000621795654296875
4336,T,C,0,MT-TQ,0,0,-0.0012042522430419922
4340,A,G,0,MT-TQ,0,0,0.0024509429931640625
4343,A,G,0,MT-TQ,0,0,-0.002550840377807617
4350,C,T,0,MT-TQ,0,0,0.0003885030746459961
4353,T,C,0,MT-TQ,0,0,0.00020182132720947266
4370,T,C,0,MT-TQ,0,0,-0.0006556510925292969
4371,T,C,0,MT-TQ,0,0,0.002103447914123535
4373,T,C,0,MT-TQ,0,0,0.00013363361358642578
4375,C,T,0,MT-TQ,0,0,-0.001023411750793457
4381,A,G,0,MT-TQ,0,0,-0.0014834403991699219
4384,T,A,0,MT-TQ,0,0,0.000983119010925293
4384,T,C,0,MT-TQ,0,0,0.0008269548416137695
4385,A,G,0,MT-TQ,0,0,-0.0012508630752563477
4385,A,T,0,MT-TQ,0,0,-0.0041844844818115234
4386,T,C,0,MT-TQ,0,0,-0.0023866891860961914
4387,C,T,0,MT-TQ,0,0,0.0021535158157348633
4394,C,A,0,MT-TQ,0,0,0.005902767181396484
4395,A,G,0,MT-TQ,0,0,-0.0011898279190063477
4417,A,G,0,MT-TM,0,0,0.0003638267517089844
4418,T,C,0,MT-TM,0,0,-0.001829385757446289
4435,A,G,0,MT-TM,0,0,-0.0035064220428466797
4450,G,A,1,MT-TM,0,0,-0.004445075988769531
4452,T,C,0,MT-TM,0,0,-0.001628279685974121
4454,T,A,0,MT-TM,0,0,0.000943303108215332
4454,T,C,0,MT-TM,0,0,-0.0004105567932128906
4464,G,A,0,MT-TM,0,0,-0.0011370182037353516
5514,A,G,0,MT-TW,0,0,-0.005761861801147461
5515,A,G,0,MT-TW,0,0,-0.004260659217834473
5516,A,G,0,MT-TW,0,0,-0.0059642791748046875
5521,G,A,1,MT-TW,0,0,0.00515592098236084
5527,A,G,0,MT-TW,0,0,0.00022602081298828125
5528,T,C,0,MT-TW,0,0,-0.0012044906616210938
5530,C,T,0,MT-TW,0,0,0.0004665851593017578
5539,A,G,0,MT-TW,0,0,-0.0011985301971435547
5539,A,T,0,MT-TW,0,0,-0.007263898849487305
5553,T,C,0,MT-TW,0,0,-0.002682805061340332
5553,T,G,0,MT-TW,0,0,-0.006379842758178711
5554,C,A,0,MT-TW,0,0,0.003277301788330078
5556,G,A,1,MT-TW,0,0,-0.004270076751708984
5557,T,C,0,MT-TW,0,0,-0.0002608299255371094
5561,T,C,0,MT-TW,0,0,0.0007447004318237305
5563,G,A,0,MT-TW,0,0,0.000606536865234375
5566,A,G,0,MT-TW,0,0,-0.0021011829376220703
5567,T,C,0,MT-TW,0,0,5.817413330078125e-05
5568,A,G,0,MT-TW,0,0,-0.00177001953125
5592,A,G,0,MT-TA,0,0,0.0007584095001220703
5600,A,G,0,MT-TA,0,0,0.00048160552978515625
5601,C,T,0,MT-TA,0,0,-0.0038939714431762695
5603,C,T,0,MT-TA,0,0,0.00040721893310546875
5604,C,T,0,MT-TA,0,0,0.0031877756118774414
5605,A,G,0,MT-TA,0,0,-0.010413885116577148
5608,C,T,0,MT-TA,0,0,0.0016772747039794922
5618,T,C,0,MT-TA,0,0,-0.012760400772094727
5628,T,C,0,MT-TA,0,0,-0.015621662139892578
5633,C,T,0,MT-TA,0,0,0.0009226799011230469
5640,A,G,0,MT-TA,0,0,-0.0037020444869995117
5650,G,A,1,MT-TA,0,0,-0.0006110668182373047
5655,T,C,0,MT-TA,0,0,0.00040733814239501953
5662,C,T,0,MT-TN,0,0,1.621246337890625e-05
5663,C,T,0,MT-TN,0,0,-0.0008969306945800781
5664,A,G,0,MT-TN,0,0,0.0006225109100341797
5665,A,G,0,MT-TN,0,0,0.00028836727142333984
5673,T,C,0,MT-TN,0,0,0.00103759765625
5686,A,T,0,MT-TN,0,0,0.0004140138626098633
5690,A,G,1,MT-TN,0,0,-0.00591433048248291
5703,G,A,1,MT-TN,0,0,-9.644031524658203e-05
5705,A,G,0,MT-TN,0,0,-0.002188444137573242
5711,A,G,0,MT-TN,0,0,-0.0007003545761108398
5715,A,G,0,MT-TN,0,0,-0.0006284713745117188
5728,T,C,1,MT-TN,0,0,-0.002339601516723633
5772,G,A,0,MT-TC,0,0,-0.00047278404235839844
5773,G,A,0,MT-TC,0,0,0.0017223358154296875
5774,T,C,0,MT-TC,0,0,0.0011779069900512695
5774,T,G,0,MT-TC,0,0,-0.0017992258071899414
5775,T,C,0,MT-TC,0,0,-0.0019134283065795898
5780,G,A,0,MT-TC,0,0,-0.0005340576171875
5783,G,A,0,MT-TC,0,0,0.00064849853515625
5785,T,C,0,MT-TC,0,0,-0.0013039112091064453
5786,T,C,0,MT-TC,0,0,-6.985664367675781e-05
5788,T,C,0,MT-TC,0,0,-0.001455545425415039
5794,T,C,0,MT-TC,0,0,-0.0025451183319091797
5800,A,G,0,MT-TC,0,0,-0.0194779634475708
5806,T,C,0,MT-TC,0,0,0.00025212764739990234
5807,A,G,0,MT-TC,0,0,0.0005375146865844727
5811,A,G,0,MT-TC,0,0,-0.004967451095581055
5814,T,A,0,MT-TC,0,0,-0.0032706260681152344
5814,T,C,0,MT-TC,0,0,-0.001431584358215332
5817,C,T,0,MT-TC,0,0,-0.006491303443908691
5821,G,A,0,MT-TC,0,0,2.765655517578125e-05
5822,G,A,0,MT-TC,0,0,-0.0013107061386108398
5823,A,G,0,MT-TC,0,0,-0.0014448165893554688
5824,G,A,0,MT-TC,0,0,-0.0008380413055419922
5836,A,G,0,MT-TY,0,0,0.0036734342575073242
5839,C,T,0,MT-TY,0,0,0.0003039836883544922
5840,C,T,0,MT-TY,0,0,0.0003619194030761719
5843,A,G,0,MT-TY,0,0,-0.0022928714752197266
5846,C,T,0,MT-TY,0,0,0.0018248558044433594
5855,A,G,0,MT-TY,0,0,-0.0001990795135498047
5867,C,T,0,MT-TY,0,0,0.0060956478118896484
5875,C,T,0,MT-TY,0,0,0.0015947818756103516
5876,A,G,0,MT-TY,0,0,-0.002362966537475586
7453,G,A,1,MT-TS1,0,0,4.76837158203125e-06
7460,A,G,0,MT-TS1,0,0,-0.002756476402282715
7469,C,T,0,MT-TS1,0,0,-0.0006287097930908203
7471,C,A,0,MT-TS1,0,0,0.0021419525146484375
7471,C,T,0,MT-TS1,0,0,0.0021899938583374023
7472,A,T,0,MT-TS1,0,0,0.0015853643417358398
7476,C,T,0,MT-TS1,0,0,0.0009937286376953125
7490,A,G,0,MT-TS1,0,0,0.0018551349639892578
7493,C,T,0,MT-TS1,0,0,-0.0017811059951782227
7497,G,A,1,MT-TS1,0,0,0.002756834030151367
7498,G,A,0,MT-TS1,0,0,-0.0005304813385009766
7501,T,C,0,MT-TS1,0,0,-0.0019317865371704102
7510,T,C,1,MT-TS1,0,0,-0.0003789663314819336
7511,T,C,1,MT-TS1,0,0,-0.0025080442428588867
7512,T,C,1,MT-TS1,0,0,-0.0003871917724609375
7521,G,A,0,MT-TD,0,0,0.0025954246520996094
7533,C,T,0,MT-TD,0,0,0.0011260509490966797
7534,C,T,0,MT-TD,0,0,-0.0005950927734375
7543,A,G,0,MT-TD,0,0,-0.009361505508422852
7546,T,C,0,MT-TD,0,0,-0.0034782886505126953
7547,T,C,0,MT-TD,0,0,-0.000843048095703125
7552,A,G,0,MT-TD,0,0,-0.004616737365722656
7559,A,G,0,MT-TD,0,0,-0.0015401840209960938
7561,T,C,0,MT-TD,0,0,-0.0018420219421386719
7567,C,T,0,MT-TD,0,0,0.000942230224609375
7568,T,C,0,MT-TD,0,0,-0.0002155303955078125
7569,A,G,0,MT-TD,0,0,-0.0013561248779296875
7570,A,G,0,MT-TD,0,0,-0.0031604766845703125
7572,T,C,0,MT-TD,0,0,-0.00037670135498046875
7576,A,G,0,MT-TD,0,0,-0.0036215782165527344
7581,T,C,0,MT-TD,0,0,0.0035800933837890625
7585,A,G,0,MT-TD,0,0,-0.0017147064208984375
8298,T,C,0,MT-TK,0,0,-0.00167083740234375
8300,T,C,0,MT-TK,0,0,0.0003294944763183594
8308,A,G,0,MT-TK,0,0,-0.0010557174682617188
8311,T,C,0,MT-TK,0,0,7.152557373046875e-05
8313,G,A,1,MT-TK,0,0,-0.0008678436279296875
8315,A,G,0,MT-TK,0,0,-0.002444744110107422
8331,A,G,0,MT-TK,0,0,-0.006125926971435547
8337,T,C,0,MT-TK,0,0,-0.0025260448455810547
8338,A,G,0,MT-TK,0,0,-0.0024199485778808594
8340,G,A,1,MT-TK,0,0,-0.0026531219482421875
8343,A,G,0,MT-TK,0,0,-0.0009870529174804688
8344,A,G,1,MT-TK,0,0,0.0007739067077636719
8345,C,T,0,MT-TK,0,0,0.0015015602111816406
8346,C,A,0,MT-TK,0,0,-0.0016472339630126953
8347,A,G,0,MT-TK,0,0,-0.002688884735107422
8348,A,G,0,MT-TK,0,0,-0.0037927627563476562
8349,C,T,0,MT-TK,0,0,-0.00047218799591064453
8350,A,G,0,MT-TK,0,0,-0.0010290145874023438
8356,T,C,1,MT-TK,0,0,-0.0018720626831054688
8360,A,G,0,MT-TK,0,0,-0.0027856826782226562
8363,G,A,1,MT-TK,0,0,-0.0014615058898925781
9991,A,G,0,MT-TG,0,0,-0.0024900436401367188
9995,T,C,0,MT-TG,0,0,-0.000682830810546875
10003,T,C,0,MT-TG,0,0,-0.0011730194091796875
10005,A,G,0,MT-TG,0,0,0.0012903213500976562
10006,A,G,0,MT-TG,0,0,0.001129150390625
10007,T,C,0,MT-TG,0,0,0.0012598037719726562
10013,C,T,0,MT-TG,0,0,0.001373291015625
10018,A,G,0,MT-TG,0,0,-0.0054798126220703125
10029,A,G,0,MT-TG,0,0,-0.001750946044921875
10031,T,C,0,MT-TG,0,0,-0.0016984939575195312
10034,T,C,0,MT-TG,0,0,0.0007991790771484375
10040,C,T,0,MT-TG,0,0,0.0038318634033203125
10042,A,G,0,MT-TG,0,0,-0.001979827880859375
10044,A,G,0,MT-TG,0,0,-0.000537872314453125
10045,T,C,0,MT-TG,0,0,0.0006561279296875
10410,T,A,0,MT-TR,0,0,0.0018596649169921875
10410,T,C,0,MT-TR,0,0,-9.107589721679688e-05
10411,A,G,0,MT-TR,0,0,-0.0030488967895507812
10420,A,G,0,MT-TR,0,0,-0.0028896331787109375
10427,G,A,0,MT-TR,0,0,0.0038013458251953125
10440,T,C,0,MT-TR,0,0,0.00038433074951171875
10446,A,G,0,MT-TR,0,0,6.4849853515625e-05
10448,T,C,0,MT-TR,0,0,-0.0015835762023925781
10454,T,C,0,MT-TR,0,0,-0.0005702972412109375
10456,A,G,0,MT-TR,0,0,-0.0022735595703125
10463,T,C,0,MT-TR,0,0,0.000400543212890625
12141,A,G,0,MT-TH,0,0,-0.0016489028930664062
12142,A,G,0,MT-TH,0,0,-0.0022301673889160156
12147,G,A,1,MT-TH,0,0,-0.000865936279296875
12151,A,G,0,MT-TH,0,0,-0.006047248840332031
12160,A,G,0,MT-TH,0,0,-0.004888057708740234
12161,T,C,0,MT-TH,0,0,-0.0019538402557373047
12164,G,A,0,MT-TH,0,0,-0.006406545639038086
12166,T,C,0,MT-TH,0,0,0.0010712146759033203
12171,A,G,0,MT-TH,0,0,-0.0021495819091796875
12172,A,G,0,MT-TH,0,0,-0.0034918785095214844
12173,T,C,0,MT-TH,0,0,-0.008216500282287598
12178,C,T,0,MT-TH,0,0,-0.0016497373580932617
12181,C,T,0,MT-TH,0,0,0.00011992454528808594
12188,T,C,0,MT-TH,0,0,-0.000762939453125
12189,T,C,0,MT-TH,0,0,0.0005005598068237305
12191,C,T,0,MT-TH,0,0,-0.0008609294891357422
12192,G,A,0,MT-TH,0,0,0.001178145408630371
12193,A,G,0,MT-TH,0,0,-0.0016968250274658203
12196,C,T,0,MT-TH,0,0,0.0030084848403930664
12201,T,C,1,MT-TH,0,0,-0.001089334487915039
12215,T,C,0,MT-TS2,0,0,0.0003066062927246094
12216,C,T,0,MT-TS2,0,0,0.006535053253173828
12223,A,G,0,MT-TS2,0,0,-0.004902839660644531
12231,C,T,0,MT-TS2,0,0,0.0005450248718261719
12234,A,G,0,MT-TS2,0,0,-0.0020437240600585938
12235,T,C,0,MT-TS2,0,0,-0.0011701583862304688
12237,C,T,0,MT-TS2,0,0,-0.0024518966674804688
12239,C,T,0,MT-TS2,0,0,-0.0006133317947387695
12245,T,C,0,MT-TS2,0,0,0.0010372400283813477
12246,C,T,0,MT-TS2,0,0,-0.002274632453918457
12248,A,G,0,MT-TS2,0,0,-0.006542682647705078
12258,C,A,1,MT-TS2,0,0,-0.006318092346191406
12265,A,G,0,MT-TS2,0,0,-0.00244903564453125
12273,A,G,0,MT-TL2,0,0,-0.003818511962890625
12276,G,A,1,MT-TL2,0,0,-0.00109100341796875
12279,A,G,0,MT-TL2,0,0,-0.0025272369384765625
12279,A,T,0,MT-TL2,0,0,-0.0015697479248046875
12280,A,G,0,MT-TL2,0,0,-0.0004987716674804688
12281,C,T,0,MT-TL2,0,0,-0.000766754150390625
12285,T,C,0,MT-TL2,0,0,0.0009069442749023438
12295,T,C,0,MT-TL2,0,0,-0.004473209381103516
12297,T,C,0,MT-TL2,0,0,-0.005113124847412109
12308,A,G,0,MT-TL2,0,0,-0.00142669677734375
12311,T,C,0,MT-TL2,0,0,0.0019855499267578125
12315,G,A,1,MT-TL2,0,0,-0.0026302337646484375
14674,T,C,1,MT-TE,0,0,-0.002628803253173828
14683,A,G,0,MT-TE,0,0,0.006334185600280762
14684,C,T,0,MT-TE,0,0,0.000853419303894043
14687,A,G,0,MT-TE,0,0,-0.0010790824890136719
14690,A,G,0,MT-TE,0,0,-0.0005214214324951172
14691,C,T,0,MT-TE,0,0,0.0147172212600708
14693,A,G,0,MT-TE,0,0,-0.001333475112915039
14696,A,C,0,MT-TE,0,0,0.0017540454864501953
14696,A,G,0,MT-TE,0,0,0.01638627052307129
14706,A,G,0,MT-TE,0,0,0.002176046371459961
14709,T,C,1,MT-TE,0,0,-0.0011986494064331055
14716,C,T,0,MT-TE,0,0,0.0001728534698486328
14727,T,C,0,MT-TE,0,0,-0.00026738643646240234
15889,T,C,0,MT-TT,0,0,0.0007460117340087891
15891,C,T,0,MT-TT,0,0,-0.006579875946044922
15892,T,C,0,MT-TT,0,0,-0.00019097328186035156
15893,T,C,0,MT-TT,0,0,-0.00237429141998291
15894,G,A,0,MT-TT,0,0,-0.0003018379211425781
15895,T,C,0,MT-TT,0,0,-0.011578083038330078
15900,T,C,0,MT-TT,0,0,-0.0037908554077148438
15902,A,G,0,MT-TT,0,0,6.961822509765625e-05
15903,A,G,0,MT-TT,0,0,-0.0013364553451538086
15904,C,T,0,MT-TT,0,0,-0.0003509521484375
15905,T,C,0,MT-TT,0,0,-0.0017390251159667969
15907,A,G,0,MT-TT,0,0,0.0007004737854003906
15908,T,C,0,MT-TT,0,0,-0.0016086101531982422
15909,A,G,0,MT-TT,0,0,-0.006362438201904297
15911,A,G,0,MT-TT,0,0,-0.004724025726318359
15913,C,T,0,MT-TT,0,0,-0.0010166168212890625
15914,A,G,0,MT-TT,0,0,0.0032080411911010742
15916,T,C,0,MT-TT,0,0,-0.0015113353729248047
15923,A,G,1,MT-TT,0,0,-0.001733541488647461
15924,A,G,0,MT-TT,0,0,-0.0020028352737426758
15925,C,T,0,MT-TT,0,0,-0.00438690185546875
15926,C,T,0,MT-TT,0,0,0.0025873184204101562
15927,G,A,0,MT-TT,0,0,-0.0020160675048828125
15928,G,A,0,MT-TT,0,0,-0.001598358154296875
15929,A,G,0,MT-TT,0,0,-0.002940654754638672
15930,G,A,0,MT-TT,0,0,0.00014090538024902344
15932,T,C,0,MT-TT,0,0,-0.0011138916015625
15935,A,G,0,MT-TT,0,0,-0.003777146339416504
15936,A,G,0,MT-TT,0,0,-0.004611015319824219
15936,A,T,0,MT-TT,0,0,-0.0031976699829101562
15937,A,G,0,MT-TT,0,0,-0.0011887550354003906
15937,A,T,0,MT-TT,0,0,-0.0019502639770507812
15938,C,T,0,MT-TT,0,0,-0.0013027191162109375
15939,C,T,0,MT-TT,0,0,0.0005693435668945312
15940,T,C,0,MT-TT,0,0,-6.246566772460938e-05
15941,T,C,0,MT-TT,0,0,0.000614166259765625
15942,T,C,0,MT-TT,0,0,-0.003214716911315918
15943,T,C,0,MT-TT,0,0,-0.0012378692626953125
15944,T,C,0,MT-TT,0,0,-0.0015485286712646484
15946,C,T,0,MT-TT,0,0,-0.0013089179992675781
15947,A,G,0,MT-TT,0,0,-0.002716064453125
15949,G,A,0,MT-TT,0,0,-0.0012350082397460938
15951,A,G,0,MT-TT,0,0,-0.0005044937133789062
15952,C,T,0,MT-TT,0,0,-0.0016965866088867188
15965,A,G,0,MT-TP,0,0,-0.0006240606307983398
15968,T,C,0,MT-TP,0,0,7.712841033935547e-05
15970,T,C,0,MT-TP,0,0,0.0008183717727661133
15977,C,T,0,MT-TP,0,0,-0.001334071159362793
15978,C,T,0,MT-TP,0,0,0.001043558120727539
15990,C,T,1,MT-TP,0,0,-0.0017066001892089844
15992,A,T,0,MT-TP,0,0,0.0006400346755981445
16011,A,G,0,MT-TP,0,0,-0.005253314971923828
16017,T,C,0,MT-TP,0,0,0.0010051727294921875
591,C,T,1,MT-TF,0,1,0.0037937164306640625
592,C,T,0,MT-TF,0,1,0.000743865966796875
593,T,C,0,MT-TF,0,1,0.0007781982421875
595,C,A,0,MT-TF,0,1,0.002887248992919922
595,C,T,0,MT-TF,0,1,0.000335693359375
596,T,C,0,MT-TF,0,1,-0.00040435791015625
597,C,T,0,MT-TF,0,1,0.00023651123046875
603,A,G,0,MT-TF,0,1,-0.005342602729797363
606,A,G,0,MT-TF,0,1,-0.001201629638671875
616,T,C,1,MT-TF,0,1,0.000370025634765625
619,T,C,0,MT-TF,0,1,0.00069427490234375
621,A,G,0,MT-TF,0,1,-0.0006866455078125
629,T,A,0,MT-TF,0,1,9.5367431640625e-05
629,T,C,0,MT-TF,0,1,0.0001010894775390625
630,C,T,0,MT-TF,0,1,-0.0002422332763671875
633,A,G,0,MT-TF,0,1,-0.00099945068359375
634,T,A,0,MT-TF,0,1,6.508827209472656e-05
634,T,C,0,MT-TF,0,1,0.00058746337890625
635,C,T,0,MT-TF,0,1,-0.000835418701171875
644,A,G,0,MT-TF,0,1,-0.0032138824462890625
647,A,G,0,MT-TF,0,1,-0.0026421546936035156
1607,T,C,0,MT-TV,0,1,-0.010669708251953125
1617,C,T,0,MT-TV,0,1,0.00213623046875
1618,A,G,0,MT-TV,0,1,-0.0012645721435546875
1624,C,T,1,MT-TV,0,1,-0.00087738037109375
1628,C,T,0,MT-TV,0,1,0.006561279296875
1640,A,G,0,MT-TV,0,1,0.001956939697265625
1644,G,A,1,MT-TV,0,1,-0.0036401748657226562
1646,T,C,0,MT-TV,0,1,0.000782012939453125
1657,C,T,0,MT-TV,0,1,-0.0011692047119140625
1664,G,A,0,MT-TV,0,1,0.0023403167724609375
1670,A,T,0,MT-TV,0,1,0.0008220672607421875
3236,A,G,0,MT-TL1,0,1,0.0058133602142333984
3242,G,A,1,MT-TL1,0,1,-0.018610477447509766
3243,A,G,1,MT-TL1,0,1,-0.027080655097961426
3243,A,T,1,MT-TL1,0,1,-0.00953817367553711
3251,A,G,1,MT-TL1,0,1,-0.0005086660385131836
3252,A,G,1,MT-TL1,0,1,-0.004268288612365723
3254,C,A,0,MT-TL1,0,1,-0.0018794536590576172
3254,C,T,0,MT-TL1,0,1,0.0047348737716674805
3255,G,A,1,MT-TL1,0,1,-0.0059566497802734375
3256,C,T,1,MT-TL1,0,1,-0.007738828659057617
3258,T,C,1,MT-TL1,0,1,-0.0023889541625976562
3260,A,G,1,MT-TL1,0,1,-0.004807829856872559
3261,A,G,0,MT-TL1,0,1,0.005764007568359375
3271,T,C,1,MT-TL1,0,1,0.001932382583618164
3275,C,A,0,MT-TL1,0,1,0.003247857093811035
3275,C,G,0,MT-TL1,0,1,-0.0002576112747192383
3275,C,T,0,MT-TL1,0,1,0.005167961120605469
3277,G,A,0,MT-TL1,0,1,0.002476215362548828
3278,T,C,0,MT-TL1,0,1,-0.0018343925476074219
3290,T,C,0,MT-TL1,0,1,-0.001309037208557129
3291,T,C,1,MT-TL1,0,1,-0.002141118049621582
3302,A,G,1,MT-TL1,0,1,-0.0014569759368896484
3303,C,T,1,MT-TL1,0,1,-0.0029397010803222656
4300,A,G,1,MT-TI,0,1,-0.001643061637878418
4310,A,G,0,MT-TI,0,1,0.0006896257400512695
4312,C,T,0,MT-TI,0,1,0.001512289047241211
4313,T,C,0,MT-TI,0,1,-0.0007903575897216797
4314,T,A,0,MT-TI,0,1,-0.00022327899932861328
4314,T,C,0,MT-TI,0,1,0.0002619028091430664
4317,A,G,0,MT-TI,0,1,0.00011074542999267578
4318,C,T,0,MT-TI,0,1,-0.00019037723541259766
4335,C,T,0,MT-TQ,0,1,-0.0006451606750488281
4336,T,C,0,MT-TQ,0,1,1.71661376953125e-05
4340,A,G,0,MT-TQ,0,1,0.0004171133041381836
4343,A,G,0,MT-TQ,0,1,-0.0017292499542236328
4350,C,T,0,MT-TQ,0,1,-0.00019788742065429688
4353,T,C,0,MT-TQ,0,1,-0.0002498626708984375
4370,T,C,0,MT-TQ,0,1,-0.0012445449829101562
4371,T,C,0,MT-TQ,0,1,0.0017452239990234375
4373,T,C,0,MT-TQ,0,1,-0.001239180564880371
4375,C,T,0,MT-TQ,0,1,-0.0020407438278198242
4381,A,G,0,MT-TQ,0,1,-0.0028710365295410156
4384,T,A,0,MT-TQ,0,1,0.00079345703125
4384,T,C,0,MT-TQ,0,1,-2.9921531677246094e-05
4385,A,G,0,MT-TQ,0,1,-0.0011096000671386719
4385,A,T,0,MT-TQ,0,1,-0.003137350082397461
4386,T,C,0,MT-TQ,0,1,-0.00030303001403808594
4387,C,T,0,MT-TQ,0,1,0.002608776092529297
4394,C,A,0,MT-TQ,0,1,0.002323150634765625
4395,A,G,0,MT-TQ,0,1,0.0006316900253295898
4417,A,G,0,MT-TM,0,1,0.003244757652282715
4418,T,C,0,MT-TM,0,1,-0.0018328428268432617
4435,A,G,0,MT-TM,0,1,-0.0043659210205078125
4450,G,A,1,MT-TM,0,1,-0.004085659980773926
4452,T,C,0,MT-TM,0,1,-0.0018382072448730469
4454,T,A,0,MT-TM,0,1,0.002318143844604492
4454,T,C,0,MT-TM,0,1,-0.0008170604705810547
4464,G,A,0,MT-TM,0,1,-0.0007942914962768555
5514,A,G,0,MT-TW,0,1,-0.0019979476928710938
5515,A,G,0,MT-TW,0,1,-0.0037115812301635742
5516,A,G,0,MT-TW,0,1,-0.0033826828002929688
5521,G,A,1,MT-TW,0,1,0.006681323051452637
5527,A,G,0,MT-TW,0,1,-0.00015354156494140625
5528,T,C,0,MT-TW,0,1,0.00022292137145996094
5530,C,T,0,MT-TW,0,1,1.7523765563964844e-05
5539,A,G,0,MT-TW,0,1,-0.0008447170257568359
5539,A,T,0,MT-TW,0,1,-0.01024627685546875
5553,T,C,0,MT-TW,0,1,-0.0028066635131835938
5553,T,G,0,MT-TW,0,1,-0.005291938781738281
5554,C,A,0,MT-TW,0,1,0.0033426284790039062
5556,G,A,1,MT-TW,0,1,-0.0007066726684570312
5557,T,C,0,MT-TW,0,1,0.0012652873992919922
5561,T,C,0,MT-TW,0,1,0.00091552734375
5563,G,A,0,MT-TW,0,1,0.0018767118453979492
5566,A,G,0,MT-TW,0,1,-0.0017589330673217773
5567,T,C,0,MT-TW,0,1,4.9114227294921875e-05
5568,A,G,0,MT-TW,0,1,-0.0014116764068603516
5592,A,G,0,MT-TA,0,1,0.00027048587799072266
5600,A,G,0,MT-TA,0,1,-0.0006241798400878906
5601,C,T,0,MT-TA,0,1,-0.012539982795715332
5603,C,T,0,MT-TA,0,1,0.0010352134704589844
5604,C,T,0,MT-TA,0,1,-0.00038182735443115234
5605,A,G,0,MT-TA,0,1,-0.003352522850036621
5608,C,T,0,MT-TA,0,1,0.0023494958877563477
5618,T,C,0,MT-TA,0,1,-0.01331031322479248
5628,T,C,0,MT-TA,0,1,-0.015289664268493652
5633,C,T,0,MT-TA,0,1,0.00026786327362060547
5640,A,G,0,MT-TA,0,1,-0.004168391227722168
5650,G,A,1,MT-TA,0,1,-0.0026799440383911133
5655,T,C,0,MT-TA,0,1,0.0005080699920654297
5662,C,T,0,MT-TN,0,1,0.001675248146057129
5663,C,T,0,MT-TN,0,1,0.0004445314407348633
5664,A,G,0,MT-TN,0,1,0.0023800134658813477
5665,A,G,0,MT-TN,0,1,-0.0011608600616455078
5673,T,C,0,MT-TN,0,1,-0.006639003753662109
5686,A,T,0,MT-TN,0,1,-0.0009421110153198242
5690,A,G,1,MT-TN,0,1,-0.0047185420989990234
5703,G,A,1,MT-TN,0,1,-0.0007796287536621094
5705,A,G,0,MT-TN,0,1,-0.000874638557434082
5711,A,G,0,MT-TN,0,1,-0.0013436079025268555
5715,A,G,0,MT-TN,0,1,-0.0016759634017944336
5728,T,C,1,MT-TN,0,1,-0.0018999576568603516
5772,G,A,0,MT-TC,0,1,-0.0009506940841674805
5773,G,A,0,MT-TC,0,1,0.0024062395095825195
5774,T,C,0,MT-TC,0,1,0.001706242561340332
5774,T,G,0,MT-TC,0,1,-0.0015610456466674805
5775,T,C,0,MT-TC,0,1,-0.00744473934173584
5780,G,A,0,MT-TC,0,1,-0.0012935400009155273
5783,G,A,0,MT-TC,0,1,-0.0036995410919189453
5785,T,C,0,MT-TC,0,1,0.0001971721649169922
5786,T,C,0,MT-TC,0,1,0.0009452104568481445
5788,T,C,0,MT-TC,0,1,-0.0012240409851074219
5794,T,C,0,MT-TC,0,1,-0.0016137361526489258
5800,A,G,0,MT-TC,0,1,-0.0030802488327026367
5806,T,C,0,MT-TC,0,1,-0.000826716423034668
5807,A,G,0,MT-TC,0,1,-0.0014907121658325195
5811,A,G,0,MT-TC,0,1,-0.00419008731842041
5814,T,A,0,MT-TC,0,1,-0.002344369888305664
5814,T,C,0,MT-TC,0,1,-0.0011348724365234375
5817,C,T,0,MT-TC,0,1,-0.004472851753234863
5821,G,A,0,MT-TC,0,1,-0.0009077787399291992
5822,G,A,0,MT-TC,0,1,-0.003673076629638672
5823,A,G,0,MT-TC,0,1,-0.0011396408081054688
5824,G,A,0,MT-TC,0,1,-0.0017914772033691406
5836,A,G,0,MT-TY,0,1,0.0017811059951782227
5839,C,T,0,MT-TY,0,1,-9.274482727050781e-05
5840,C,T,0,MT-TY,0,1,0.00018131732940673828
5843,A,G,0,MT-TY,0,1,0.00011038780212402344
5846,C,T,0,MT-TY,0,1,0.001453399658203125
5855,A,G,0,MT-TY,0,1,-0.003998756408691406
5867,C,T,0,MT-TY,0,1,0.0050688982009887695
5875,C,T,0,MT-TY,0,1,0.0011904239654541016
5876,A,G,0,MT-TY,0,1,-0.0003628730773925781
7453,G,A,1,MT-TS1,0,1,-0.002303481101989746
7460,A,G,0,MT-TS1,0,1,-0.0036989450454711914
7469,C,T,0,MT-TS1,0,1,-7.450580596923828e-05
7471,C,A,0,MT-TS1,0,1,-0.001966238021850586
7471,C,T,0,MT-TS1,0,1,0.002348780632019043
7472,A,T,0,MT-TS1,0,1,0.0011067390441894531
7476,C,T,0,MT-TS1,0,1,0.0010030269622802734
7490,A,G,0,MT-TS1,0,1,-0.00012767314910888672
7493,C,T,0,MT-TS1,0,1,-0.0010426044464111328
7497,G,A,1,MT-TS1,0,1,0.0021071434020996094
7498,G,A,0,MT-TS1,0,1,8.738040924072266e-05
7501,T,C,0,MT-TS1,0,1,0.00016736984252929688
7510,T,C,1,MT-TS1,0,1,-0.0005098581314086914
7511,T,C,1,MT-TS1,0,1,-0.003761887550354004
7512,T,C,1,MT-TS1,0,1,-0.0011608600616455078
7521,G,A,0,MT-TD,0,1,0.0022706985473632812
7533,C,T,0,MT-TD,0,1,-0.0020608901977539062
7534,C,T,0,MT-TD,0,1,-0.0034084320068359375
7543,A,G,0,MT-TD,0,1,-0.0007801055908203125
7546,T,C,0,MT-TD,0,1,-0.0021457672119140625
7547,T,C,0,MT-TD,0,1,-0.005007743835449219
7552,A,G,0,MT-TD,0,1,-0.0014190673828125
7559,A,G,0,MT-TD,0,1,-0.0012054443359375
7561,T,C,0,MT-TD,0,1,-0.00235748291015625
7567,C,T,0,MT-TD,0,1,0.0013427734375
7568,T,C,0,MT-TD,0,1,-0.0034995079040527344
7569,A,G,0,MT-TD,0,1,-0.0015935897827148438
7570,A,G,0,MT-TD,0,1,-0.001556396484375
7572,T,C,0,MT-TD,0,1,8.344650268554688e-05
7576,A,G,0,MT-TD,0,1,-0.002626180648803711
7581,T,C,0,MT-TD,0,1,-0.0004634857177734375
7585,A,G,0,MT-TD,0,1,-0.00045108795166015625
8298,T,C,0,MT-TK,0,1,-0.0015368461608886719
8300,T,C,0,MT-TK,0,1,0.0006132125854492188
8308,A,G,0,MT-TK,0,1,0.000232696533203125
8311,T,C,0,MT-TK,0,1,-0.0014472007751464844
8313,G,A,1,MT-TK,0,1,-0.0012693405151367188
8315,A,G,0,MT-TK,0,1,-0.0029807090759277344
8331,A,G,0,MT-TK,0,1,-0.0018458366394042969
8337,T,C,0,MT-TK,0,1,-0.0014524459838867188
8338,A,G,0,MT-TK,0,1,-0.0013604164123535156
8340,G,A,1,MT-TK,0,1,-0.003935337066650391
8343,A,G,0,MT-TK,0,1,-0.0009632110595703125
8344,A,G,1,MT-TK,0,1,0.00035190582275390625
8345,C,T,0,MT-TK,0,1,0.0024566650390625
8346,C,A,0,MT-TK,0,1,-0.00063323974609375
8347,A,G,0,MT-TK,0,1,-0.0028247833251953125
8348,A,G,0,MT-TK,0,1,-0.0033736228942871094
8349,C,T,0,MT-TK,0,1,6.914138793945312e-05
8350,A,G,0,MT-TK,0,1,-0.0013089179992675781
8356,T,C,1,MT-TK,0,1,-0.0009088516235351562
8360,A,G,0,MT-TK,0,1,-0.003634929656982422
8363,G,A,1,MT-TK,0,1,-6.341934204101562e-05
9991,A,G,0,MT-TG,0,1,-0.0022449493408203125
9995,T,C,0,MT-TG,0,1,0.0005359649658203125
10003,T,C,0,MT-TG,0,1,-0.0004978179931640625
10005,A,G,0,MT-TG,0,1,0.0021600723266601562
10006,A,G,0,MT-TG,0,1,0.0015163421630859375
10007,T,C,0,MT-TG,0,1,-0.000148773193359375
10013,C,T,0,MT-TG,0,1,0.0002803802490234375
10018,A,G,0,MT-TG,0,1,-0.009052276611328125
10029,A,G,0,MT-TG,0,1,-0.002162933349609375
10031,T,C,0,MT-TG,0,1,-0.00109100341796875
10034,T,C,0,MT-TG,0,1,0.0012226104736328125
10040,C,T,0,MT-TG,0,1,0.0035381317138671875
10042,A,G,0,MT-TG,0,1,-0.0022220611572265625
10044,A,G,0,MT-TG,0,1,-0.0007801055908203125
10045,T,C,0,MT-TG,0,1,-0.0010395050048828125
10410,T,A,0,MT-TR,0,1,0.0005927085876464844
10410,T,C,0,MT-TR,0,1,-0.003321409225463867
10411,A,G,0,MT-TR,0,1,-0.0015769004821777344
10420,A,G,0,MT-TR,0,1,-0.0030689239501953125
10427,G,A,0,MT-TR,0,1,0.0021524429321289062
10440,T,C,0,MT-TR,0,1,-0.0018367767333984375
10446,A,G,0,MT-TR,0,1,0.0016918182373046875
10448,T,C,0,MT-TR,0,1,-0.0021648406982421875
10454,T,C,0,MT-TR,0,1,-0.0002002716064453125
10456,A,G,0,MT-TR,0,1,-0.00302886962890625
10463,T,C,0,MT-TR,0,1,0.00014019012451171875
12141,A,G,0,MT-TH,0,1,-0.0024433135986328125
12142,A,G,0,MT-TH,0,1,0.0022274255752563477
12147,G,A,1,MT-TH,0,1,-0.002802133560180664
12151,A,G,0,MT-TH,0,1,-0.004809379577636719
12160,A,G,0,MT-TH,0,1,-0.005259156227111816
12161,T,C,0,MT-TH,0,1,0.0006334781646728516
12164,G,A,0,MT-TH,0,1,-0.004462718963623047
12166,T,C,0,MT-TH,0,1,0.0018491744995117188
12171,A,G,0,MT-TH,0,1,-0.002184271812438965
12172,A,G,0,MT-TH,0,1,-0.003092527389526367
12173,T,C,0,MT-TH,0,1,-0.0039136409759521484
12178,C,T,0,MT-TH,0,1,-0.0012249946594238281
12181,C,T,0,MT-TH,0,1,-0.00043213367462158203
12188,T,C,0,MT-TH,0,1,-0.0013772249221801758
12189,T,C,0,MT-TH,0,1,-0.00013530254364013672
12191,C,T,0,MT-TH,0,1,-0.0005793571472167969
12192,G,A,0,MT-TH,0,1,0.0007801055908203125
12193,A,G,0,MT-TH,0,1,-0.0012979507446289062
12196,C,T,0,MT-TH,0,1,-0.0011169910430908203
12201,T,C,1,MT-TH,0,1,-0.0013588666915893555
12215,T,C,0,MT-TS2,0,1,0.00022840499877929688
12216,C,T,0,MT-TS2,0,1,-0.0008668899536132812
12223,A,G,0,MT-TS2,0,1,-0.000293731689453125
12231,C,T,0,MT-TS2,0,1,0.00011277198791503906
12234,A,G,0,MT-TS2,0,1,-0.002007722854614258
12235,T,C,0,MT-TS2,0,1,-0.0015442371368408203
12237,C,T,0,MT-TS2,0,1,-0.0010223388671875
12239,C,T,0,MT-TS2,0,1,-0.0025243759155273438
12245,T,C,0,MT-TS2,0,1,-0.000957489013671875
12246,C,T,0,MT-TS2,0,1,-0.0028156042098999023
12248,A,G,0,MT-TS2,0,1,-0.007320880889892578
12258,C,A,1,MT-TS2,0,1,-0.004770517349243164
12265,A,G,0,MT-TS2,0,1,-0.0017499923706054688
12273,A,G,0,MT-TL2,0,1,-0.0028371810913085938
12276,G,A,1,MT-TL2,0,1,-0.0011162757873535156
12279,A,G,0,MT-TL2,0,1,-0.000751495361328125
12279,A,T,0,MT-TL2,0,1,-0.00698399543762207
12280,A,G,0,MT-TL2,0,1,-0.0009565353393554688
12281,C,T,0,MT-TL2,0,1,-0.0012359619140625
12285,T,C,0,MT-TL2,0,1,-0.000240325927734375
12295,T,C,0,MT-TL2,0,1,-0.0005755424499511719
12297,T,C,0,MT-TL2,0,1,-0.00146484375
12308,A,G,0,MT-TL2,0,1,-0.0010557174682617188
12311,T,C,0,MT-TL2,0,1,0.003116607666015625
12315,G,A,1,MT-TL2,0,1,-0.005106210708618164
14674,T,C,1,MT-TE,0,1,0.0007545948028564453
14683,A,G,0,MT-TE,0,1,0.005581259727478027
14684,C,T,0,MT-TE,0,1,5.125999450683594e-06
14687,A,G,0,MT-TE,0,1,0.00011718273162841797
14690,A,G,0,MT-TE,0,1,-0.0005844831466674805
14691,C,T,0,MT-TE,0,1,0.006721854209899902
14693,A,G,0,MT-TE,0,1,-0.0014963150024414062
14696,A,C,0,MT-TE,0,1,-0.00476229190826416
14696,A,G,0,MT-TE,0,1,0.006926298141479492
14706,A,G,0,MT-TE,0,1,-0.0003038644790649414
14709,T,C,1,MT-TE,0,1,-0.0025271177291870117
14716,C,T,0,MT-TE,0,1,0.00067901611328125
14727,T,C,0,MT-TE,0,1,0.0005992650985717773
15889,T,C,0,MT-TT,0,1,0.0024809837341308594
15891,C,T,0,MT-TT,0,1,-0.002899169921875
15892,T,C,0,MT-TT,0,1,-5.137920379638672e-05
15893,T,C,0,MT-TT,0,1,-0.0019230842590332031
15894,G,A,0,MT-TT,0,1,-0.0020706653594970703
15895,T,C,0,MT-TT,0,1,-0.004796504974365234
15900,T,C,0,MT-TT,0,1,-0.009785652160644531
15902,A,G,0,MT-TT,0,1,0.0017919540405273438
15903,A,G,0,MT-TT,0,1,-0.0007376670837402344
15904,C,T,0,MT-TT,0,1,0.00017881393432617188
15905,T,C,0,MT-TT,0,1,-0.0035567283630371094
15907,A,G,0,MT-TT,0,1,-0.0012788772583007812
15908,T,C,0,MT-TT,0,1,-0.0009441375732421875
15909,A,G,0,MT-TT,0,1,-0.0016260147094726562
15911,A,G,0,MT-TT,0,1,-0.0008258819580078125
15913,C,T,0,MT-TT,0,1,-0.003102540969848633
15914,A,G,0,MT-TT,0,1,0.004732608795166016
15916,T,C,0,MT-TT,0,1,0.0012319087982177734
15923,A,G,1,MT-TT,0,1,-0.0065135955810546875
15924,A,G,0,MT-TT,0,1,-0.0019006729125976562
15925,C,T,0,MT-TT,0,1,-0.0032863616943359375
15926,C,T,0,MT-TT,0,1,0.0027756690979003906
15927,G,A,0,MT-TT,0,1,-0.004009246826171875
15928,G,A,0,MT-TT,0,1,-0.0018372535705566406
15929,A,G,0,MT-TT,0,1,-0.0034003257751464844
15930,G,A,0,MT-TT,0,1,0.00031054019927978516
15932,T,C,0,MT-TT,0,1,-0.002377033233642578
15935,A,G,0,MT-TT,0,1,-0.0028362274169921875
15936,A,G,0,MT-TT,0,1,-0.0023953914642333984
15936,A,T,0,MT-TT,0,1,-0.0034227371215820312
15937,A,G,0,MT-TT,0,1,-0.0042629241943359375
15937,A,T,0,MT-TT,0,1,-0.0012432336807250977
15938,C,T,0,MT-TT,0,1,-0.0013401508331298828
15939,C,T,0,MT-TT,0,1,0.000194549560546875
15940,T,C,0,MT-TT,0,1,0.0006072521209716797
15941,T,C,0,MT-TT,0,1,-0.00031757354736328125
15942,T,C,0,MT-TT,0,1,-0.0017962455749511719
15943,T,C,0,MT-TT,0,1,-0.0018215179443359375
15944,T,C,0,MT-TT,0,1,-0.0013628005981445312
15946,C,T,0,MT-TT,0,1,-0.0008914470672607422
15947,A,G,0,MT-TT,0,1,-0.0014586448669433594
15949,G,A,0,MT-TT,0,1,-0.0014486312866210938
15951,A,G,0,MT-TT,0,1,-0.0014111995697021484
15952,C,T,0,MT-TT,0,1,-0.000978708267211914
15965,A,G,0,MT-TP,0,1,-0.0015007257461547852
15968,T,C,0,MT-TP,0,1,7.891654968261719e-05
15970,T,C,0,MT-TP,0,1,-0.00028526782989501953
15977,C,T,0,MT-TP,0,1,-0.0004000663757324219
15978,C,T,0,MT-TP,0,1,0.0007575750350952148
15990,C,T,1,MT-TP,0,1,-0.0013567209243774414
15992,A,T,0,MT-TP,0,1,-0.004909873008728027
16011,A,G,0,MT-TP,0,1,-0.005386829376220703
16017,T,C,0,MT-TP,0,1,0.0007048845291137695
591,C,T,1,MT-TF,0,2,0.0016446113586425781
592,C,T,0,MT-TF,0,2,0.002946138381958008
593,T,C,0,MT-TF,0,2,0.000530242919921875
595,C,A,0,MT-TF,0,2,0.00020456314086914062
595,C,T,0,MT-TF,0,2,0.001003265380859375
596,T,C,0,MT-TF,0,2,-3.0517578125e-05
597,C,T,0,MT-TF,0,2,0.00818169116973877
603,A,G,0,MT-TF,0,2,-0.002554178237915039
606,A,G,0,MT-TF,0,2,-0.0006542205810546875
616,T,C,1,MT-TF,0,2,-0.008079051971435547
619,T,C,0,MT-TF,0,2,-0.0004968643188476562
621,A,G,0,MT-TF,0,2,-0.001071929931640625
629,T,A,0,MT-TF,0,2,0.000431060791015625
629,T,C,0,MT-TF,0,2,-0.0006573200225830078
630,C,T,0,MT-TF,0,2,-0.0011620521545410156
633,A,G,0,MT-TF,0,2,-0.0018062591552734375
634,T,A,0,MT-TF,0,2,0.0027157068252563477
634,T,C,0,MT-TF,0,2,0.0014672279357910156
635,C,T,0,MT-TF,0,2,-0.0024099349975585938
644,A,G,0,MT-TF,0,2,-9.524822235107422e-05
647,A,G,0,MT-TF,0,2,-0.0026134252548217773
1607,T,C,0,MT-TV,0,2,-0.013251304626464844
1617,C,T,0,MT-TV,0,2,0.0019283294677734375
1618,A,G,0,MT-TV,0,2,0.0026302337646484375
1624,C,T,1,MT-TV,0,2,-0.001331329345703125
1628,C,T,0,MT-TV,0,2,0.0052127838134765625
1640,A,G,0,MT-TV,0,2,0.00057220458984375
1644,G,A,1,MT-TV,0,2,-0.000415802001953125
1646,T,C,0,MT-TV,0,2,-0.0011425018310546875
1657,C,T,0,MT-TV,0,2,-0.001079559326171875
1664,G,A,0,MT-TV,0,2,0.001678466796875
1670,A,T,0,MT-TV,0,2,-0.00130462646484375
3236,A,G,0,MT-TL1,0,2,-0.00036704540252685547
3242,G,A,1,MT-TL1,0,2,-0.008775472640991211
3243,A,G,1,MT-TL1,0,2,-0.02803778648376465
3243,A,T,1,MT-TL1,0,2,-0.0017671585083007812
3251,A,G,1,MT-TL1,0,2,-0.007776021957397461
3252,A,G,1,MT-TL1,0,2,-0.005875825881958008
3254,C,A,0,MT-TL1,0,2,-3.528594970703125e-05
3254,C,T,0,MT-TL1,0,2,9.72747802734375e-05
3255,G,A,1,MT-TL1,0,2,-0.007275819778442383
3256,C,T,1,MT-TL1,0,2,-0.0011138916015625
3258,T,C,1,MT-TL1,0,2,-0.0029505491256713867
3260,A,G,1,MT-TL1,0,2,-0.00427854061126709
3261,A,G,0,MT-TL1,0,2,2.4557113647460938e-05
3271,T,C,1,MT-TL1,0,2,-0.001671910285949707
3275,C,A,0,MT-TL1,0,2,0.0038204193115234375
3275,C,G,0,MT-TL1,0,2,0.0030269622802734375
3275,C,T,0,MT-TL1,0,2,0.0005191564559936523
3277,G,A,0,MT-TL1,0,2,0.0006272792816162109
3278,T,C,0,MT-TL1,0,2,-0.0003256797790527344
3290,T,C,0,MT-TL1,0,2,8.380413055419922e-05
3291,T,C,1,MT-TL1,0,2,-0.003361344337463379
3302,A,G,1,MT-TL1,0,2,-0.0021262168884277344
3303,C,T,1,MT-TL1,0,2,-0.0025811195373535156
4300,A,G,1,MT-TI,0,2,-0.001330256462097168
4310,A,G,0,MT-TI,0,2,0.0051201581954956055
4312,C,T,0,MT-TI,0,2,0.0038216114044189453
4313,T,C,0,MT-TI,0,2,0.0009708404541015625
4314,T,A,0,MT-TI,0,2,-0.0016269683837890625
4314,T,C,0,MT-TI,0,2,0.0004162788391113281
4317,A,G,0,MT-TI,0,2,-0.0007077455520629883
4318,C,T,0,MT-TI,0,2,0.0009473562240600586
4335,C,T,0,MT-TQ,0,2,0.0003527402877807617
4336,T,C,0,MT-TQ,0,2,-0.0016465187072753906
4340,A,G,0,MT-TQ,0,2,0.0016821622848510742
4343,A,G,0,MT-TQ,0,2,-0.001499772071838379
4350,C,T,0,MT-TQ,0,2,0.0021581649780273438
4353,T,C,0,MT-TQ,0,2,-0.002370119094848633
4370,T,C,0,MT-TQ,0,2,-0.0010906457901000977
4371,T,C,0,MT-TQ,0,2,0.0010298490524291992
4373,T,C,0,MT-TQ,0,2,-0.0009077787399291992
4375,C,T,0,MT-TQ,0,2,-0.002941727638244629
4381,A,G,0,MT-TQ,0,2,-0.0026297569274902344
4384,T,A,0,MT-TQ,0,2,-9.655952453613281e-06
4384,T,C,0,MT-TQ,0,2,0.0005295276641845703
4385,A,G,0,MT-TQ,0,2,0.00027751922607421875
4385,A,T,0,MT-TQ,0,2,-0.0035762786865234375
4386,T,C,0,MT-TQ,0,2,-0.001808762550354004
4387,C,T,0,MT-TQ,0,2,0.0020017623901367188
4394,C,A,0,MT-TQ,0,2,0.0009696483612060547
4395,A,G,0,MT-TQ,0,2,0.0001773834228515625
4417,A,G,0,MT-TM,0,2,0.003128528594970703
4418,T,C,0,MT-TM,0,2,-0.00870060920715332
4435,A,G,0,MT-TM,0,2,0.002397894859313965
4450,G,A,1,MT-TM,0,2,-0.0034041404724121094
4452,T,C,0,MT-TM,0,2,-0.0020704269409179688
4454,T,A,0,MT-TM,0,2,0.0014719963073730469
4454,T,C,0,MT-TM,0,2,-0.0007224082946777344
4464,G,A,0,MT-TM,0,2,-0.00044155120849609375
5514,A,G,0,MT-TW,0,2,-0.0052956342697143555
5515,A,G,0,MT-TW,0,2,0.002207159996032715
5516,A,G,0,MT-TW,0,2,-0.0036401748657226562
5521,G,A,1,MT-TW,0,2,0.0011168718338012695
5527,A,G,0,MT-TW,0,2,-0.0015126466751098633
5528,T,C,0,MT-TW,0,2,-0.005733966827392578
5530,C,T,0,MT-TW,0,2,0.002166152000427246
5539,A,G,0,MT-TW,0,2,-0.00012171268463134766
5539,A,T,0,MT-TW,0,2,-0.008173227310180664
5553,T,C,0,MT-TW,0,2,-0.0021791458129882812
5553,T,G,0,MT-TW,0,2,-0.005906105041503906
5554,C,A,0,MT-TW,0,2,0.0029630661010742188
5556,G,A,1,MT-TW,0,2,-0.004217267036437988
5557,T,C,0,MT-TW,0,2,1.9073486328125e-06
5561,T,C,0,MT-TW,0,2,-0.0010287761688232422
5563,G,A,0,MT-TW,0,2,0.002109527587890625
5566,A,G,0,MT-TW,0,2,-0.0013762712478637695
5567,T,C,0,MT-TW,0,2,-0.0004062652587890625
5568,A,G,0,MT-TW,0,2,-0.001216888427734375
5592,A,G,0,MT-TA,0,2,-0.002466559410095215
5600,A,G,0,MT-TA,0,2,-0.0005027055740356445
5601,C,T,0,MT-TA,0,2,-0.001668095588684082
5603,C,T,0,MT-TA,0,2,0.0008776187896728516
5604,C,T,0,MT-TA,0,2,0.0023735761642456055
5605,A,G,0,MT-TA,0,2,-0.0033075809478759766
5608,C,T,0,MT-TA,0,2,0.00023066997528076172
5618,T,C,0,MT-TA,0,2,-0.0069506168365478516
5628,T,C,0,MT-TA,0,2,-0.015668272972106934
5633,C,T,0,MT-TA,0,2,-0.0005909204483032227
5640,A,G,0,MT-TA,0,2,-0.004047393798828125
5650,G,A,1,MT-TA,0,2,-0.002295255661010742
5655,T,C,0,MT-TA,0,2,-0.0002551078796386719
5662,C,T,0,MT-TN,0,2,-0.0003911256790161133
5663,C,T,0,MT-TN,0,2,0.002086639404296875
5664,A,G,0,MT-TN,0,2,0.0014369487762451172
5665,A,G,0,MT-TN,0,2,0.001006007194519043
5673,T,C,0,MT-TN,0,2,0.0006394386291503906
5686,A,T,0,MT-TN,0,2,-0.0009454488754272461
5690,A,G,1,MT-TN,0,2,-0.005065798759460449
5703,G,A,1,MT-TN,0,2,-9.739398956298828e-05
5705,A,G,0,MT-TN,0,2,-0.0017213821411132812
5711,A,G,0,MT-TN,0,2,-0.001222848892211914
5715,A,G,0,MT-TN,0,2,-0.003171086311340332
5728,T,C,1,MT-TN,0,2,-0.0017234086990356445
5772,G,A,0,MT-TC,0,2,-0.0029491186141967773
5773,G,A,0,MT-TC,0,2,-0.0002987384796142578
5774,T,C,0,MT-TC,0,2,0.0012885332107543945
5774,T,G,0,MT-TC,0,2,0.0011059045791625977
5775,T,C,0,MT-TC,0,2,-0.003645181655883789
5780,G,A,0,MT-TC,0,2,0.0003534555435180664
5783,G,A,0,MT-TC,0,2,0.0010557174682617188
5785,T,C,0,MT-TC,0,2,0.0006262063980102539
5786,T,C,0,MT-TC,0,2,0.0022656917572021484
5788,T,C,0,MT-TC,0,2,-0.005387425422668457
5794,T,C,0,MT-TC,0,2,-0.0024216175079345703
5800,A,G,0,MT-TC,0,2,-0.0011477470397949219
5806,T,C,0,MT-TC,0,2,0.001249074935913086
5807,A,G,0,MT-TC,0,2,-0.0020751953125
5811,A,G,0,MT-TC,0,2,-0.003494858741760254
5814,T,A,0,MT-TC,0,2,-0.0033342838287353516
5814,T,C,0,MT-TC,0,2,-0.001960158348083496
5817,C,T,0,MT-TC,0,2,-0.00812232494354248
5821,G,A,0,MT-TC,0,2,0.0007354021072387695
5822,G,A,0,MT-TC,0,2,-0.0016838312149047852
5823,A,G,0,MT-TC,0,2,-0.0007846355438232422
5824,G,A,0,MT-TC,0,2,-0.0027240514755249023
5836,A,G,0,MT-TY,0,2,0.0019987821578979492
5839,C,T,0,MT-TY,0,2,0.0008968114852905273
5840,C,T,0,MT-TY,0,2,-0.00022137165069580078
5843,A,G,0,MT-TY,0,2,-0.000982522964477539
5846,C,T,0,MT-TY,0,2,0.00151824951171875
5855,A,G,0,MT-TY,0,2,-0.0030406713485717773
5867,C,T,0,MT-TY,0,2,0.005433201789855957
5875,C,T,0,MT-TY,0,2,0.0022917985916137695
5876,A,G,0,MT-TY,0,2,8.463859558105469e-05
7453,G,A,1,MT-TS1,0,2,-0.00102996826171875
7460,A,G,0,MT-TS1,0,2,-0.00458073616027832
7469,C,T,0,MT-TS1,0,2,-0.0012372732162475586
7471,C,A,0,MT-TS1,0,2,0.004496932029724121
7471,C,T,0,MT-TS1,0,2,0.0013359785079956055
7472,A,T,0,MT-TS1,0,2,0.0003731250762939453
7476,C,T,0,MT-TS1,0,2,0.0011153221130371094
7490,A,G,0,MT-TS1,0,2,0.0010952949523925781
7493,C,T,0,MT-TS1,0,2,0.0012248754501342773
7497,G,A,1,MT-TS1,0,2,-0.0003170967102050781
7498,G,A,0,MT-TS1,0,2,-8.690357208251953e-05
7501,T,C,0,MT-TS1,0,2,0.003177165985107422
7510,T,C,1,MT-TS1,0,2,-0.0014129877090454102
7511,T,C,1,MT-TS1,0,2,-0.0007693767547607422
7512,T,C,1,MT-TS1,0,2,-0.0018758773803710938
7521,G,A,0,MT-TD,0,2,0.003242969512939453
7533,C,T,0,MT-TD,0,2,0.0019893646240234375
7534,C,T,0,MT-TD,0,2,0.002022981643676758
7543,A,G,0,MT-TD,0,2,-0.006851673126220703
7546,T,C,0,MT-TD,0,2,-0.0012216567993164062
7547,T,C,0,MT-TD,0,2,-0.005307674407958984
7552,A,G,0,MT-TD,0,2,-0.006729602813720703
7559,A,G,0,MT-TD,0,2,-0.0021920204162597656
7561,T,C,0,MT-TD,0,2,-0.004848957061767578
7567,C,T,0,MT-TD,0,2,0.000591278076171875
7568,T,C,0,MT-TD,0,2,-0.001018524169921875
7569,A,G,0,MT-TD,0,2,-0.00232696533203125
7570,A,G,0,MT-TD,0,2,-0.002490997314453125
7572,T,C,0,MT-TD,0,2,-0.00041294097900390625
7576,A,G,0,MT-TD,0,2,-0.0015716552734375
7581,T,C,0,MT-TD,0,2,0.0033087730407714844
7585,A,G,0,MT-TD,0,2,-0.0008420944213867188
8298,T,C,0,MT-TK,0,2,-0.0031986236572265625
8300,T,C,0,MT-TK,0,2,0.0011043548583984375
8308,A,G,0,MT-TK,0,2,0.000514984130859375
8311,T,C,0,MT-TK,0,2,-0.0006246566772460938
8313,G,A,1,MT-TK,0,2,-0.0014200210571289062
8315,A,G,0,MT-TK,0,2,0.00016546249389648438
8331,A,G,0,MT-TK,0,2,-0.0008912086486816406
8337,T,C,0,MT-TK,0,2,-0.0010027885437011719
8338,A,G,0,MT-TK,0,2,-0.0011861324310302734
8340,G,A,1,MT-TK,0,2,-0.001953125
8343,A,G,0,MT-TK,0,2,-3.814697265625e-05
8344,A,G,1,MT-TK,0,2,-0.0005042552947998047
8345,C,T,0,MT-TK,0,2,0.00136566162109375
8346,C,A,0,MT-TK,0,2,0.0002684593200683594
8347,A,G,0,MT-TK,0,2,-0.0022220611572265625
8348,A,G,0,MT-TK,0,2,-0.0025582313537597656
8349,C,T,0,MT-TK,0,2,-0.0009098052978515625
8350,A,G,0,MT-TK,0,2,-0.0003781318664550781
8356,T,C,1,MT-TK,0,2,-0.002322673797607422
8360,A,G,0,MT-TK,0,2,-0.0044116973876953125
8363,G,A,1,MT-TK,0,2,-0.0007038116455078125
9991,A,G,0,MT-TG,0,2,0.0017518997192382812
9995,T,C,0,MT-TG,0,2,-0.0004825592041015625
10003,T,C,0,MT-TG,0,2,-0.00048828125
10005,A,G,0,MT-TG,0,2,0.002895355224609375
10006,A,G,0,MT-TG,0,2,-0.00019073486328125
10007,T,C,0,MT-TG,0,2,0.0007388591766357422
10013,C,T,0,MT-TG,0,2,0.00077056884765625
10018,A,G,0,MT-TG,0,2,-0.0057811737060546875
10029,A,G,0,MT-TG,0,2,-0.005860328674316406
10031,T,C,0,MT-TG,0,2,-0.00205230712890625
10034,T,C,0,MT-TG,0,2,-0.000820159912109375
10040,C,T,0,MT-TG,0,2,0.0028591156005859375
10042,A,G,0,MT-TG,0,2,-0.00107574462890625
10044,A,G,0,MT-TG,0,2,-0.0008716583251953125
10045,T,C,0,MT-TG,0,2,0.0009450912475585938
10410,T,A,0,MT-TR,0,2,0.0018749237060546875
10410,T,C,0,MT-TR,0,2,-0.00107574462890625
10411,A,G,0,MT-TR,0,2,-0.0005645751953125
10420,A,G,0,MT-TR,0,2,-0.00069427490234375
10427,G,A,0,MT-TR,0,2,0.00080108642578125
10440,T,C,0,MT-TR,0,2,-0.000720977783203125
10446,A,G,0,MT-TR,0,2,-0.00022125244140625
10448,T,C,0,MT-TR,0,2,-0.001007080078125
10454,T,C,0,MT-TR,0,2,-0.0006208419799804688
10456,A,G,0,MT-TR,0,2,-0.0025472640991210938
10463,T,C,0,MT-TR,0,2,-0.0015659332275390625
12141,A,G,0,MT-TH,0,2,-0.0031703710556030273
12142,A,G,0,MT-TH,0,2,-0.004212737083435059
12147,G,A,1,MT-TH,0,2,-0.010037899017333984
12151,A,G,0,MT-TH,0,2,-0.019849181175231934
12160,A,G,0,MT-TH,0,2,-0.0051926374435424805
12161,T,C,0,MT-TH,0,2,-0.0017652511596679688
12164,G,A,0,MT-TH,0,2,-0.008355140686035156
12166,T,C,0,MT-TH,0,2,0.0025861263275146484
12171,A,G,0,MT-TH,0,2,-0.004544496536254883
12172,A,G,0,MT-TH,0,2,-0.0028989315032958984
12173,T,C,0,MT-TH,0,2,-0.002239227294921875
12178,C,T,0,MT-TH,0,2,-0.0007481575012207031
12181,C,T,0,MT-TH,0,2,0.0009415149688720703
12188,T,C,0,MT-TH,0,2,-0.0018824338912963867
12189,T,C,0,MT-TH,0,2,0.0009807348251342773
12191,C,T,0,MT-TH,0,2,0.0017800331115722656
12192,G,A,0,MT-TH,0,2,0.0011583566665649414
12193,A,G,0,MT-TH,0,2,-0.0007423162460327148
12196,C,T,0,MT-TH,0,2,0.0018460750579833984
12201,T,C,1,MT-TH,0,2,-0.004484772682189941
12215,T,C,0,MT-TS2,0,2,-0.001683950424194336
12216,C,T,0,MT-TS2,0,2,0.00016200542449951172
12223,A,G,0,MT-TS2,0,2,-0.0017354488372802734
12231,C,T,0,MT-TS2,0,2,-0.0003998279571533203
12234,A,G,0,MT-TS2,0,2,-0.004459857940673828
12235,T,C,0,MT-TS2,0,2,-0.0044863224029541016
12237,C,T,0,MT-TS2,0,2,-0.0022237300872802734
12239,C,T,0,MT-TS2,0,2,-0.001708984375
12245,T,C,0,MT-TS2,0,2,0.0002703666687011719
12246,C,T,0,MT-TS2,0,2,-0.003573894500732422
12248,A,G,0,MT-TS2,0,2,-0.004532575607299805
12258,C,A,1,MT-TS2,0,2,-0.004374027252197266
12265,A,G,0,MT-TS2,0,2,-0.0014376640319824219
12273,A,G,0,MT-TL2,0,2,-0.0014214515686035156
12276,G,A,1,MT-TL2,0,2,-0.0020117759704589844
12279,A,G,0,MT-TL2,0,2,-0.0037212371826171875
12279,A,T,0,MT-TL2,0,2,-0.004177093505859375
12280,A,G,0,MT-TL2,0,2,-0.0021219253540039062
12281,C,T,0,MT-TL2,0,2,0.0002956390380859375
12285,T,C,0,MT-TL2,0,2,0.004885435104370117
12295,T,C,0,MT-TL2,0,2,-0.0054569244384765625
12297,T,C,0,MT-TL2,0,2,-0.0051593780517578125
12308,A,G,0,MT-TL2,0,2,-0.0027685165405273438
12311,T,C,0,MT-TL2,0,2,0.0009489059448242188
12315,G,A,1,MT-TL2,0,2,-0.006116390228271484
14674,T,C,1,MT-TE,0,2,-0.000286102294921875
14683,A,G,0,MT-TE,0,2,-0.0011674165725708008
14684,C,T,0,MT-TE,0,2,0.011848807334899902
14687,A,G,0,MT-TE,0,2,-0.0013201236724853516
14690,A,G,0,MT-TE,0,2,-0.001499772071838379
14691,C,T,0,MT-TE,0,2,0.009861469268798828
14693,A,G,0,MT-TE,0,2,-0.004456520080566406
14696,A,C,0,MT-TE,0,2,-0.003869771957397461
14696,A,G,0,MT-TE,0,2,0.010101795196533203
14706,A,G,0,MT-TE,0,2,0.0009680986404418945
14709,T,C,1,MT-TE,0,2,0.0006699562072753906
14716,C,T,0,MT-TE,0,2,0.00012874603271484375
14727,T,C,0,MT-TE,0,2,-0.0003638267517089844
15889,T,C,0,MT-TT,0,2,0.004235744476318359
15891,C,T,0,MT-TT,0,2,-0.004218101501464844
15892,T,C,0,MT-TT,0,2,-0.0035195350646972656
15893,T,C,0,MT-TT,0,2,-0.0009281635284423828
15894,G,A,0,MT-TT,0,2,0.0016007423400878906
15895,T,C,0,MT-TT,0,2,-0.01133430004119873
15900,T,C,0,MT-TT,0,2,-0.0038356781005859375
15902,A,G,0,MT-TT,0,2,-0.0010150671005249023
15903,A,G,0,MT-TT,0,2,0.0008039474487304688
15904,C,T,0,MT-TT,0,2,0.002139568328857422
15905,T,C,0,MT-TT,0,2,-0.001621246337890625
15907,A,G,0,MT-TT,0,2,-0.002362847328186035
15908,T,C,0,MT-TT,0,2,-0.0032224655151367188
15909,A,G,0,MT-TT,0,2,-0.00767064094543457
15911,A,G,0,MT-TT,0,2,-0.0026510953903198242
15913,C,T,0,MT-TT,0,2,-0.0004849433898925781
15914,A,G,0,MT-TT,0,2,0.004187822341918945
15916,T,C,0,MT-TT,0,2,-0.004954099655151367
15923,A,G,1,MT-TT,0,2,-0.0065822601318359375
15924,A,G,0,MT-TT,0,2,-0.002635478973388672
15925,C,T,0,MT-TT,0,2,-0.0035066604614257812
15926,C,T,0,MT-TT,0,2,-0.0016231536865234375
15927,G,A,0,MT-TT,0,2,-0.002289295196533203
15928,G,A,0,MT-TT,0,2,-0.0016808509826660156
15929,A,G,0,MT-TT,0,2,-0.003932833671569824
15930,G,A,0,MT-TT,0,2,7.963180541992188e-05
15932,T,C,0,MT-TT,0,2,-0.0016045570373535156
15935,A,G,0,MT-TT,0,2,-0.0036706924438476562
15936,A,G,0,MT-TT,0,2,-0.003891468048095703
15936,A,T,0,MT-TT,0,2,-0.0019178390502929688
15937,A,G,0,MT-TT,0,2,-0.0027446746826171875
15937,A,T,0,MT-TT,0,2,-0.0029816627502441406
15938,C,T,0,MT-TT,0,2,-0.0013952255249023438
15939,C,T,0,MT-TT,0,2,0.0003948211669921875
15940,T,C,0,MT-TT,0,2,-0.0006971359252929688
15941,T,C,0,MT-TT,0,2,-0.0005586147308349609
15942,T,C,0,MT-TT,0,2,-0.0023671388626098633
15943,T,C,0,MT-TT,0,2,-0.0005373954772949219
15944,T,C,0,MT-TT,0,2,-0.0013794898986816406
15946,C,T,0,MT-TT,0,2,-0.0014185905456542969
15947,A,G,0,MT-TT,0,2,-0.004214286804199219
15949,G,A,0,MT-TT,0,2,-0.002568483352661133
15951,A,G,0,MT-TT,0,2,-0.0012769699096679688
15952,C,T,0,MT-TT,0,2,-0.0027396678924560547
15965,A,G,0,MT-TP,0,2,0.0010329484939575195
15968,T,C,0,MT-TP,0,2,0.00048613548278808594
15970,T,C,0,MT-TP,0,2,0.00034415721893310547
15977,C,T,0,MT-TP,0,2,-0.0007152557373046875
15978,C,T,0,MT-TP,0,2,0.0008919239044189453
15990,C,T,1,MT-TP,0,2,-0.0028312206268310547
15992,A,T,0,MT-TP,0,2,-0.002318143844604492
16011,A,G,0,MT-TP,0,2,-0.005101680755615234
16017,T,C,0,MT-TP,0,2,0.0004544258117675781
591,C,T,1,MT-TF,0,3,0.0022230148315429688
592,C,T,0,MT-TF,0,3,-0.0014126300811767578
593,T,C,0,MT-TF,0,3,0.0005054473876953125
595,C,A,0,MT-TF,0,3,0.007779240608215332
595,C,T,0,MT-TF,0,3,0.0002155303955078125
596,T,C,0,MT-TF,0,3,0.001461029052734375
597,C,T,0,MT-TF,0,3,0.004807710647583008
603,A,G,0,MT-TF,0,3,-0.0025177001953125
606,A,G,0,MT-TF,0,3,-0.0009546279907226562
616,T,C,1,MT-TF,0,3,-0.006412029266357422
619,T,C,0,MT-TF,0,3,0.0004544258117675781
621,A,G,0,MT-TF,0,3,-0.00395965576171875
629,T,A,0,MT-TF,0,3,0.00026702880859375
629,T,C,0,MT-TF,0,3,0.0002307891845703125
630,C,T,0,MT-TF,0,3,0.0011818408966064453
633,A,G,0,MT-TF,0,3,-0.0012469291687011719
634,T,A,0,MT-TF,0,3,0.0036449432373046875
634,T,C,0,MT-TF,0,3,0.002542734146118164
635,C,T,0,MT-TF,0,3,0.000576019287109375
644,A,G,0,MT-TF,0,3,-0.0017638206481933594
647,A,G,0,MT-TF,0,3,-0.002365589141845703
1607,T,C,0,MT-TV,0,3,-0.002170562744140625
1617,C,T,0,MT-TV,0,3,-0.000164031982421875
1618,A,G,0,MT-TV,0,3,-7.62939453125e-05
1624,C,T,1,MT-TV,0,3,-0.00188446044921875
1628,C,T,0,MT-TV,0,3,0.0068340301513671875
1640,A,G,0,MT-TV,0,3,0.0025587081909179688
1644,G,A,1,MT-TV,0,3,-0.001232147216796875
1646,T,C,0,MT-TV,0,3,0.000316619873046875
1657,C,T,0,MT-TV,0,3,0.0
1664,G,A,0,MT-TV,0,3,0.0019016265869140625
1670,A,T,0,MT-TV,0,3,-0.0014553070068359375
3236,A,G,0,MT-TL1,0,3,0.004179477691650391
3242,G,A,1,MT-TL1,0,3,-0.004199981689453125
3243,A,G,1,MT-TL1,0,3,-0.02391815185546875
3243,A,T,1,MT-TL1,0,3,-0.017606019973754883
3251,A,G,1,MT-TL1,0,3,-0.0030126571655273438
3252,A,G,1,MT-TL1,0,3,-0.0024187564849853516
3254,C,A,0,MT-TL1,0,3,-0.004832744598388672
3254,C,T,0,MT-TL1,0,3,0.0010459423065185547
3255,G,A,1,MT-TL1,0,3,-0.008373260498046875
3256,C,T,1,MT-TL1,0,3,-0.0015134811401367188
3258,T,C,1,MT-TL1,0,3,-0.0016627311706542969
3260,A,G,1,MT-TL1,0,3,-0.0025396347045898438
3261,A,G,0,MT-TL1,0,3,0.005128979682922363
3271,T,C,1,MT-TL1,0,3,0.0015933513641357422
3275,C,A,0,MT-TL1,0,3,0.001789093017578125
3275,C,G,0,MT-TL1,0,3,0.0010095834732055664
3275,C,T,0,MT-TL1,0,3,0.0007653236389160156
3277,G,A,0,MT-TL1,0,3,0.0015263557434082031
3278,T,C,0,MT-TL1,0,3,-0.002562284469604492
3290,T,C,0,MT-TL1,0,3,-0.0006017684936523438
3291,T,C,1,MT-TL1,0,3,-0.002087116241455078
3302,A,G,1,MT-TL1,0,3,-0.00218963623046875
3303,C,T,1,MT-TL1,0,3,-0.0032776594161987305
4300,A,G,1,MT-TI,0,3,-0.003088712692260742
4310,A,G,0,MT-TI,0,3,-0.0003495216369628906
4312,C,T,0,MT-TI,0,3,0.0017993450164794922
4313,T,C,0,MT-TI,0,3,-0.0006849765777587891
4314,T,A,0,MT-TI,0,3,0.0009839534759521484
4314,T,C,0,MT-TI,0,3,-0.0009897947311401367
4317,A,G,0,MT-TI,0,3,0.0004342794418334961
4318,C,T,0,MT-TI,0,3,-0.0006597042083740234
4335,C,T,0,MT-TQ,0,3,0.0007748603820800781
4336,T,C,0,MT-TQ,0,3,0.0003947019577026367
4340,A,G,0,MT-TQ,0,3,-0.0012638568878173828
4343,A,G,0,MT-TQ,0,3,-0.0021175146102905273
4350,C,T,0,MT-TQ,0,3,0.0009033679962158203
4353,T,C,0,MT-TQ,0,3,-0.0016393661499023438
4370,T,C,0,MT-TQ,0,3,-0.00010502338409423828
4371,T,C,0,MT-TQ,0,3,0.0017815828323364258
4373,T,C,0,MT-TQ,0,3,-0.001690506935119629
4375,C,T,0,MT-TQ,0,3,-0.0026323795318603516
4381,A,G,0,MT-TQ,0,3,-0.001627206802368164
4384,T,A,0,MT-TQ,0,3,0.0022438764572143555
4384,T,C,0,MT-TQ,0,3,0.00042068958282470703
4385,A,G,0,MT-TQ,0,3,-0.0007364749908447266
4385,A,T,0,MT-TQ,0,3,-0.003928661346435547
4386,T,C,0,MT-TQ,0,3,-0.0030699968338012695
4387,C,T,0,MT-TQ,0,3,0.0008513927459716797
4394,C,A,0,MT-TQ,0,3,0.003259420394897461
4395,A,G,0,MT-TQ,0,3,0.0006997585296630859
4417,A,G,0,MT-TM,0,3,0.0005068778991699219
4418,T,C,0,MT-TM,0,3,-0.005085587501525879
4435,A,G,0,MT-TM,0,3,-0.0022450685501098633
4450,G,A,1,MT-TM,0,3,-0.0038722753524780273
4452,T,C,0,MT-TM,0,3,-0.0003228187561035156
4454,T,A,0,MT-TM,0,3,0.0024334192276000977
4454,T,C,0,MT-TM,0,3,-0.0012989044189453125
4464,G,A,0,MT-TM,0,3,-0.0013134479522705078
5514,A,G,0,MT-TW,0,3,-0.004519224166870117
5515,A,G,0,MT-TW,0,3,-0.004932999610900879
5516,A,G,0,MT-TW,0,3,-0.0013595819473266602
5521,G,A,1,MT-TW,0,3,0.0026688575744628906
5527,A,G,0,MT-TW,0,3,-0.0005984306335449219
5528,T,C,0,MT-TW,0,3,0.0001239776611328125
5530,C,T,0,MT-TW,0,3,0.0008111000061035156
5539,A,G,0,MT-TW,0,3,0.00019431114196777344
5539,A,T,0,MT-TW,0,3,-0.012435436248779297
5553,T,C,0,MT-TW,0,3,-0.002656221389770508
5553,T,G,0,MT-TW,0,3,-0.004636287689208984
5554,C,A,0,MT-TW,0,3,0.0022438764572143555
5556,G,A,1,MT-TW,0,3,-0.003039717674255371
5557,T,C,0,MT-TW,0,3,0.00013720989227294922
5561,T,C,0,MT-TW,0,3,0.0005023479461669922
5563,G,A,0,MT-TW,0,3,0.0009894371032714844
5566,A,G,0,MT-TW,0,3,-0.0015075206756591797
5567,T,C,0,MT-TW,0,3,0.0005820989608764648
5568,A,G,0,MT-TW,0,3,-0.0029304027557373047
5592,A,G,0,MT-TA,0,3,0.0003050565719604492
5600,A,G,0,MT-TA,0,3,-0.000732421875
5601,C,T,0,MT-TA,0,3,-0.0027867555618286133
5603,C,T,0,MT-TA,0,3,0.0007265806198120117
5604,C,T,0,MT-TA,0,3,0.008279919624328613
5605,A,G,0,MT-TA,0,3,-0.0022306442260742188
5608,C,T,0,MT-TA,0,3,0.002345442771911621
5618,T,C,0,MT-TA,0,3,-0.009385943412780762
5628,T,C,0,MT-TA,0,3,-0.01758265495300293
5633,C,T,0,MT-TA,0,3,-0.0009486675262451172
5640,A,G,0,MT-TA,0,3,-0.0037332773208618164
5650,G,A,1,MT-TA,0,3,-0.0023527145385742188
5655,T,C,0,MT-TA,0,3,0.0006814002990722656
5662,C,T,0,MT-TN,0,3,0.001856088638305664
5663,C,T,0,MT-TN,0,3,0.001466989517211914
5664,A,G,0,MT-TN,0,3,0.0014793872833251953
5665,A,G,0,MT-TN,0,3,-0.002912282943725586
5673,T,C,0,MT-TN,0,3,-0.0034689903259277344
5686,A,T,0,MT-TN,0,3,-0.0001481771469116211
5690,A,G,1,MT-TN,0,3,-0.0028449296951293945
5703,G,A,1,MT-TN,0,3,-0.00029969215393066406
5705,A,G,0,MT-TN,0,3,-0.0008012056350708008
5711,A,G,0,MT-TN,0,3,-0.0017925500869750977
5715,A,G,0,MT-TN,0,3,-0.0029987096786499023
5728,T,C,1,MT-TN,0,3,-0.0032085180282592773
5772,G,A,0,MT-TC,0,3,-0.004245281219482422
5773,G,A,0,MT-TC,0,3,-0.00027179718017578125
5774,T,C,0,MT-TC,0,3,0.0012087821960449219
5774,T,G,0,MT-TC,0,3,-0.00017058849334716797
5775,T,C,0,MT-TC,0,3,-0.00474393367767334
5780,G,A,0,MT-TC,0,3,0.0017806291580200195
5783,G,A,0,MT-TC,0,3,-0.0018410682678222656
5785,T,C,0,MT-TC,0,3,0.0019998550415039062
5786,T,C,0,MT-TC,0,3,-0.00026214122772216797
5788,T,C,0,MT-TC,0,3,-0.004603981971740723
5794,T,C,0,MT-TC,0,3,0.0017226934432983398
5800,A,G,0,MT-TC,0,3,-0.0041637420654296875
5806,T,C,0,MT-TC,0,3,7.462501525878906e-05
5807,A,G,0,MT-TC,0,3,0.0005309581756591797
5811,A,G,0,MT-TC,0,3,-0.005794525146484375
5814,T,A,0,MT-TC,0,3,-0.001976609230041504
5814,T,C,0,MT-TC,0,3,-0.0025920867919921875
5817,C,T,0,MT-TC,0,3,-0.006009221076965332
5821,G,A,0,MT-TC,0,3,0.0033597946166992188
5822,G,A,0,MT-TC,0,3,-0.0012364387512207031
5823,A,G,0,MT-TC,0,3,-0.0015292167663574219
5824,G,A,0,MT-TC,0,3,-0.003010272979736328
5836,A,G,0,MT-TY,0,3,0.0012578964233398438
5839,C,T,0,MT-TY,0,3,-0.0003973245620727539
5840,C,T,0,MT-TY,0,3,0.0007587671279907227
5843,A,G,0,MT-TY,0,3,0.0006793737411499023
5846,C,T,0,MT-TY,0,3,0.001578688621520996
5855,A,G,0,MT-TY,0,3,-0.0007963180541992188
5867,C,T,0,MT-TY,0,3,0.006300210952758789
5875,C,T,0,MT-TY,0,3,0.002684950828552246
5876,A,G,0,MT-TY,0,3,-0.001008749008178711
7453,G,A,1,MT-TS1,0,3,-0.0012563467025756836
7460,A,G,0,MT-TS1,0,3,-0.003968477249145508
7469,C,T,0,MT-TS1,0,3,2.4318695068359375e-05
7471,C,A,0,MT-TS1,0,3,0.0018563270568847656
7471,C,T,0,MT-TS1,0,3,0.0025696754455566406
7472,A,T,0,MT-TS1,0,3,0.002202153205871582
7476,C,T,0,MT-TS1,0,3,0.001276850700378418
7490,A,G,0,MT-TS1,0,3,0.002074122428894043
7493,C,T,0,MT-TS1,0,3,-0.0010994672775268555
7497,G,A,1,MT-TS1,0,3,0.0010071992874145508
7498,G,A,0,MT-TS1,0,3,-0.0006608963012695312
7501,T,C,0,MT-TS1,0,3,-0.0005285739898681641
7510,T,C,1,MT-TS1,0,3,-0.0013686418533325195
7511,T,C,1,MT-TS1,0,3,-0.004016995429992676
7512,T,C,1,MT-TS1,0,3,-0.0006939172744750977
7521,G,A,0,MT-TD,0,3,0.0012750625610351562
7533,C,T,0,MT-TD,0,3,0.003520488739013672
7534,C,T,0,MT-TD,0,3,0.0024976730346679688
7543,A,G,0,MT-TD,0,3,-0.008873939514160156
7546,T,C,0,MT-TD,0,3,-0.006604194641113281
7547,T,C,0,MT-TD,0,3,-0.003635883331298828
7552,A,G,0,MT-TD,0,3,-0.0057830810546875
7559,A,G,0,MT-TD,0,3,-0.0017833709716796875
7561,T,C,0,MT-TD,0,3,-0.004344940185546875
7567,C,T,0,MT-TD,0,3,0.0024924278259277344
7568,T,C,0,MT-TD,0,3,-0.0012640953063964844
7569,A,G,0,MT-TD,0,3,-0.000335693359375
7570,A,G,0,MT-TD,0,3,-0.004588127136230469
7572,T,C,0,MT-TD,0,3,0.0015773773193359375
7576,A,G,0,MT-TD,0,3,-0.0025168657302856445
7581,T,C,0,MT-TD,0,3,-0.000225067138671875
7585,A,G,0,MT-TD,0,3,-0.00014019012451171875
8298,T,C,0,MT-TK,0,3,-0.0013813972473144531
8300,T,C,0,MT-TK,0,3,0.0005855560302734375
8308,A,G,0,MT-TK,0,3,-0.0013098716735839844
8311,T,C,0,MT-TK,0,3,-1.0013580322265625e-05
8313,G,A,1,MT-TK,0,3,-0.0005106925964355469
8315,A,G,0,MT-TK,0,3,-0.0019521713256835938
8331,A,G,0,MT-TK,0,3,-0.0010266304016113281
8337,T,C,0,MT-TK,0,3,0.0005197525024414062
8338,A,G,0,MT-TK,0,3,-0.002858400344848633
8340,G,A,1,MT-TK,0,3,-0.0014309883117675781
8343,A,G,0,MT-TK,0,3,-0.0004410743713378906
8344,A,G,1,MT-TK,0,3,-0.000629425048828125
8345,C,T,0,MT-TK,0,3,0.0019097328186035156
8346,C,A,0,MT-TK,0,3,-0.0018644332885742188
8347,A,G,0,MT-TK,0,3,-0.003444194793701172
8348,A,G,0,MT-TK,0,3,-0.002280712127685547
8349,C,T,0,MT-TK,0,3,-0.0020589828491210938
8350,A,G,0,MT-TK,0,3,-0.00051116943359375
8356,T,C,1,MT-TK,0,3,-0.0033516883850097656
8360,A,G,0,MT-TK,0,3,-0.004069328308105469
8363,G,A,1,MT-TK,0,3,-0.0013427734375
9991,A,G,0,MT-TG,0,3,-0.0002288818359375
9995,T,C,0,MT-TG,0,3,0.000774383544921875
10003,T,C,0,MT-TG,0,3,0.000148773193359375
10005,A,G,0,MT-TG,0,3,0.001628875732421875
10006,A,G,0,MT-TG,0,3,0.0003871917724609375
10007,T,C,0,MT-TG,0,3,-0.002269744873046875
10013,C,T,0,MT-TG,0,3,0.004734039306640625
10018,A,G,0,MT-TG,0,3,-0.0023956298828125
10029,A,G,0,MT-TG,0,3,-0.0041828155517578125
10031,T,C,0,MT-TG,0,3,-0.00171661376953125
10034,T,C,0,MT-TG,0,3,-0.0003185272216796875
10040,C,T,0,MT-TG,0,3,0.0015625953674316406
10042,A,G,0,MT-TG,0,3,-0.0032024383544921875
10044,A,G,0,MT-TG,0,3,-0.00022411346435546875
10045,T,C,0,MT-TG,0,3,0.000431060791015625
10410,T,A,0,MT-TR,0,3,0.0014848709106445312
10410,T,C,0,MT-TR,0,3,-0.00057220458984375
10411,A,G,0,MT-TR,0,3,-0.0010175704956054688
10420,A,G,0,MT-TR,0,3,0.0004673004150390625
10427,G,A,0,MT-TR,0,3,0.0026922225952148438
10440,T,C,0,MT-TR,0,3,0.0005617141723632812
10446,A,G,0,MT-TR,0,3,5.7220458984375e-06
10448,T,C,0,MT-TR,0,3,-0.002582073211669922
10454,T,C,0,MT-TR,0,3,-0.000232696533203125
10456,A,G,0,MT-TR,0,3,-0.0032100677490234375
10463,T,C,0,MT-TR,0,3,8.20159912109375e-05
12141,A,G,0,MT-TH,0,3,-0.0029523372650146484
12142,A,G,0,MT-TH,0,3,-0.0007226467132568359
12147,G,A,1,MT-TH,0,3,-0.013029217720031738
12151,A,G,0,MT-TH,0,3,-0.006075143814086914
12160,A,G,0,MT-TH,0,3,-0.0010056495666503906
12161,T,C,0,MT-TH,0,3,0.00042724609375
12164,G,A,0,MT-TH,0,3,-0.0032906532287597656
12166,T,C,0,MT-TH,0,3,7.176399230957031e-05
12171,A,G,0,MT-TH,0,3,-0.0022132396697998047
12172,A,G,0,MT-TH,0,3,-0.001383066177368164
12173,T,C,0,MT-TH,0,3,-0.002989649772644043
12178,C,T,0,MT-TH,0,3,-0.0017886161804199219
12181,C,T,0,MT-TH,0,3,0.0006465911865234375
12188,T,C,0,MT-TH,0,3,-0.0010471343994140625
12189,T,C,0,MT-TH,0,3,-4.7206878662109375e-05
12191,C,T,0,MT-TH,0,3,-0.0010941028594970703
12192,G,A,0,MT-TH,0,3,0.0017859935760498047
12193,A,G,0,MT-TH,0,3,-0.0022568702697753906
12196,C,T,0,MT-TH,0,3,0.00047278404235839844
12201,T,C,1,MT-TH,0,3,-0.002433300018310547
12215,T,C,0,MT-TS2,0,3,0.0006350278854370117
12216,C,T,0,MT-TS2,0,3,0.002086639404296875
12223,A,G,0,MT-TS2,0,3,-0.0021899938583374023
12231,C,T,0,MT-TS2,0,3,0.002956867218017578
12234,A,G,0,MT-TS2,0,3,-0.004071474075317383
12235,T,C,0,MT-TS2,0,3,0.0007127523422241211
12237,C,T,0,MT-TS2,0,3,-0.002242565155029297
12239,C,T,0,MT-TS2,0,3,-0.0005996227264404297
12245,T,C,0,MT-TS2,0,3,-0.002070188522338867
12246,C,T,0,MT-TS2,0,3,-0.0031316280364990234
12248,A,G,0,MT-TS2,0,3,-0.0068340301513671875
12258,C,A,1,MT-TS2,0,3,-0.007355690002441406
12265,A,G,0,MT-TS2,0,3,0.00038909912109375
12273,A,G,0,MT-TL2,0,3,-0.001293182373046875
12276,G,A,1,MT-TL2,0,3,6.103515625e-05
12279,A,G,0,MT-TL2,0,3,-0.0038433074951171875
12279,A,T,0,MT-TL2,0,3,-0.0050811767578125
12280,A,G,0,MT-TL2,0,3,-0.00025177001953125
12281,C,T,0,MT-TL2,0,3,-0.0003609657287597656
12285,T,C,0,MT-TL2,0,3,-0.0011467933654785156
12295,T,C,0,MT-TL2,0,3,0.000743865966796875
12297,T,C,0,MT-TL2,0,3,-0.0054683685302734375
12308,A,G,0,MT-TL2,0,3,-0.0029501914978027344
12311,T,C,0,MT-TL2,0,3,0.003319382667541504
12315,G,A,1,MT-TL2,0,3,2.6702880859375e-05
14674,T,C,1,MT-TE,0,3,-0.00041484832763671875
14683,A,G,0,MT-TE,0,3,0.009172439575195312
14684,C,T,0,MT-TE,0,3,0.00035834312438964844
14687,A,G,0,MT-TE,0,3,-0.0006510019302368164
14690,A,G,0,MT-TE,0,3,-0.0016928911209106445
14691,C,T,0,MT-TE,0,3,0.00628209114074707
14693,A,G,0,MT-TE,0,3,-0.001906752586364746
14696,A,C,0,MT-TE,0,3,0.0018301010131835938
14696,A,G,0,MT-TE,0,3,0.00824594497680664
14706,A,G,0,MT-TE,0,3,-0.00026476383209228516
14709,T,C,1,MT-TE,0,3,8.654594421386719e-05
14716,C,T,0,MT-TE,0,3,-0.0008758306503295898
14727,T,C,0,MT-TE,0,3,-0.00039386749267578125
15889,T,C,0,MT-TT,0,3,-0.0014374256134033203
15891,C,T,0,MT-TT,0,3,-0.001315474510192871
15892,T,C,0,MT-TT,0,3,-0.005197048187255859
15893,T,C,0,MT-TT,0,3,-0.0008192062377929688
15894,G,A,0,MT-TT,0,3,-0.0009088516235351562
15895,T,C,0,MT-TT,0,3,-0.00624847412109375
15900,T,C,0,MT-TT,0,3,-0.00908041000366211
15902,A,G,0,MT-TT,0,3,0.0003504753112792969
15903,A,G,0,MT-TT,0,3,0.0027685165405273438
15904,C,T,0,MT-TT,0,3,-0.0032444000244140625
15905,T,C,0,MT-TT,0,3,-0.00177001953125
15907,A,G,0,MT-TT,0,3,-0.000725865364074707
15908,T,C,0,MT-TT,0,3,-0.002609729766845703
15909,A,G,0,MT-TT,0,3,-0.006890296936035156
15911,A,G,0,MT-TT,0,3,-0.0020003318786621094
15913,C,T,0,MT-TT,0,3,0.001716017723083496
15914,A,G,0,MT-TT,0,3,0.004753589630126953
15916,T,C,0,MT-TT,0,3,-0.001979827880859375
15923,A,G,1,MT-TT,0,3,-0.008769869804382324
15924,A,G,0,MT-TT,0,3,-0.0027028322219848633
15925,C,T,0,MT-TT,0,3,-0.0018897056579589844
15926,C,T,0,MT-TT,0,3,0.0029163360595703125
15927,G,A,0,MT-TT,0,3,-0.0013532638549804688
15928,G,A,0,MT-TT,0,3,-0.0016983747482299805
15929,A,G,0,MT-TT,0,3,-0.003242969512939453
15930,G,A,0,MT-TT,0,3,0.0009894371032714844
15932,T,C,0,MT-TT,0,3,-0.0016344785690307617
15935,A,G,0,MT-TT,0,3,-0.003991603851318359
15936,A,G,0,MT-TT,0,3,-0.0028868913650512695
15936,A,T,0,MT-TT,0,3,-0.002630472183227539
15937,A,G,0,MT-TT,0,3,-0.0036330223083496094
15937,A,T,0,MT-TT,0,3,-0.002359747886657715
15938,C,T,0,MT-TT,0,3,-0.0013151168823242188
15939,C,T,0,MT-TT,0,3,0.0004925727844238281
15940,T,C,0,MT-TT,0,3,-0.0006979703903198242
15941,T,C,0,MT-TT,0,3,-0.0004227161407470703
15942,T,C,0,MT-TT,0,3,-0.0013637542724609375
15943,T,C,0,MT-TT,0,3,-0.0026786327362060547
15944,T,C,0,MT-TT,0,3,-0.0011396408081054688
15946,C,T,0,MT-TT,0,3,-0.00038814544677734375
15947,A,G,0,MT-TT,0,3,-0.002711057662963867
15949,G,A,0,MT-TT,0,3,-0.0017011165618896484
15951,A,G,0,MT-TT,0,3,-0.001836538314819336
15952,C,T,0,MT-TT,0,3,-0.0013103485107421875
15965,A,G,0,MT-TP,0,3,-0.0009142160415649414
15968,T,C,0,MT-TP,0,3,-0.0001404285430908203
15970,T,C,0,MT-TP,0,3,0.0004609823226928711
15977,C,T,0,MT-TP,0,3,0.00031685829162597656
15978,C,T,0,MT-TP,0,3,-0.00030863285064697266
15990,C,T,1,MT-TP,0,3,-0.0035746097564697266
15992,A,T,0,MT-TP,0,3,-0.0021800994873046875
16011,A,G,0,MT-TP,0,3,-0.005653858184814453
16017,T,C,0,MT-TP,0,3,0.0004152059555053711
591,C,T,1,MT-TF,0,4,0.0028533935546875
592,C,T,0,MT-TF,0,4,0.004722952842712402
593,T,C,0,MT-TF,0,4,0.00110626220703125
595,C,A,0,MT-TF,0,4,0.004158139228820801
595,C,T,0,MT-TF,0,4,-0.0003609657287597656
596,T,C,0,MT-TF,0,4,-0.0036993026733398438
597,C,T,0,MT-TF,0,4,-0.000209808349609375
603,A,G,0,MT-TF,0,4,0.00038909912109375
606,A,G,0,MT-TF,0,4,-0.0072383880615234375
616,T,C,1,MT-TF,0,4,-0.0026426315307617188
619,T,C,0,MT-TF,0,4,0.00022518634796142578
621,A,G,0,MT-TF,0,4,-0.001583099365234375
629,T,A,0,MT-TF,0,4,-0.0035437345504760742
629,T,C,0,MT-TF,0,4,-0.0004267692565917969
630,C,T,0,MT-TF,0,4,-8.320808410644531e-05
633,A,G,0,MT-TF,0,4,-0.0005230903625488281
634,T,A,0,MT-TF,0,4,0.0013952255249023438
634,T,C,0,MT-TF,0,4,0.0019683837890625
635,C,T,0,MT-TF,0,4,-0.000885009765625
644,A,G,0,MT-TF,0,4,-0.0012454986572265625
647,A,G,0,MT-TF,0,4,-0.001590728759765625
1607,T,C,0,MT-TV,0,4,-0.001636505126953125
1617,C,T,0,MT-TV,0,4,0.001148223876953125
1618,A,G,0,MT-TV,0,4,0.003200531005859375
1624,C,T,1,MT-TV,0,4,-0.0002951622009277344
1628,C,T,0,MT-TV,0,4,0.002201080322265625
1640,A,G,0,MT-TV,0,4,4.9591064453125e-05
1644,G,A,1,MT-TV,0,4,-0.00188446044921875
1646,T,C,0,MT-TV,0,4,-0.00045013427734375
1657,C,T,0,MT-TV,0,4,-0.001102447509765625
1664,G,A,0,MT-TV,0,4,0.0010223388671875
1670,A,T,0,MT-TV,0,4,-0.000286102294921875
3236,A,G,0,MT-TL1,0,4,0.004602909088134766
3242,G,A,1,MT-TL1,0,4,-0.006314277648925781
3243,A,G,1,MT-TL1,0,4,-0.0027370452880859375
3243,A,T,1,MT-TL1,0,4,-0.022797822952270508
3251,A,G,1,MT-TL1,0,4,-0.00209963321685791
3252,A,G,1,MT-TL1,0,4,-0.003431081771850586
3254,C,A,0,MT-TL1,0,4,-0.0015177726745605469
3254,C,T,0,MT-TL1,0,4,0.005808234214782715
3255,G,A,1,MT-TL1,0,4,-0.005188703536987305
3256,C,T,1,MT-TL1,0,4,-0.00262451171875
3258,T,C,1,MT-TL1,0,4,-0.0005140304565429688
3260,A,G,1,MT-TL1,0,4,-0.005774140357971191
3261,A,G,0,MT-TL1,0,4,0.000186920166015625
3271,T,C,1,MT-TL1,0,4,-0.0029211044311523438
3275,C,A,0,MT-TL1,0,4,0.0023729801177978516
3275,C,G,0,MT-TL1,0,4,-0.0008318424224853516
3275,C,T,0,MT-TL1,0,4,0.0027666091918945312
3277,G,A,0,MT-TL1,0,4,-0.001009225845336914
3278,T,C,0,MT-TL1,0,4,0.00033342838287353516
3290,T,C,0,MT-TL1,0,4,-0.0009245872497558594
3291,T,C,1,MT-TL1,0,4,-0.002186298370361328
3302,A,G,1,MT-TL1,0,4,-0.0041582584381103516
3303,C,T,1,MT-TL1,0,4,-0.003204822540283203
4300,A,G,1,MT-TI,0,4,-0.0019363164901733398
4310,A,G,0,MT-TI,0,4,0.0016162395477294922
4312,C,T,0,MT-TI,0,4,0.002208709716796875
4313,T,C,0,MT-TI,0,4,-0.0026395320892333984
4314,T,A,0,MT-TI,0,4,-9.894371032714844e-05
4314,T,C,0,MT-TI,0,4,0.0005624294281005859
4317,A,G,0,MT-TI,0,4,0.0002357959747314453
4318,C,T,0,MT-TI,0,4,-0.0007050037384033203
4335,C,T,0,MT-TQ,0,4,1.3947486877441406e-05
4336,T,C,0,MT-TQ,0,4,-0.0010776519775390625
4340,A,G,0,MT-TQ,0,4,0.0022919178009033203
4343,A,G,0,MT-TQ,0,4,-0.0030630826950073242
4350,C,T,0,MT-TQ,0,4,0.0011181831359863281
4353,T,C,0,MT-TQ,0,4,-0.0018221139907836914
4370,T,C,0,MT-TQ,0,4,-0.000213623046875
4371,T,C,0,MT-TQ,0,4,0.0011764764785766602
4373,T,C,0,MT-TQ,0,4,-0.0018115043640136719
4375,C,T,0,MT-TQ,0,4,-0.002010941505432129
4381,A,G,0,MT-TQ,0,4,-0.0026684999465942383
4384,T,A,0,MT-TQ,0,4,0.003423929214477539
4384,T,C,0,MT-TQ,0,4,0.0001723766326904297
4385,A,G,0,MT-TQ,0,4,-0.004973411560058594
4385,A,T,0,MT-TQ,0,4,-0.003611326217651367
4386,T,C,0,MT-TQ,0,4,-0.0029207468032836914
4387,C,T,0,MT-TQ,0,4,0.0014674663543701172
4394,C,A,0,MT-TQ,0,4,0.0017523765563964844
4395,A,G,0,MT-TQ,0,4,-0.0008089542388916016
4417,A,G,0,MT-TM,0,4,0.0017256736755371094
4418,T,C,0,MT-TM,0,4,-0.0016585588455200195
4435,A,G,0,MT-TM,0,4,-0.0019088983535766602
4450,G,A,1,MT-TM,0,4,-0.004700422286987305
4452,T,C,0,MT-TM,0,4,-0.002805948257446289
4454,T,A,0,MT-TM,0,4,-0.0014562606811523438
4454,T,C,0,MT-TM,0,4,-0.0013011693954467773
4464,G,A,0,MT-TM,0,4,-0.0014797449111938477
5514,A,G,0,MT-TW,0,4,0.0023713111877441406
5515,A,G,0,MT-TW,0,4,-0.004039287567138672
5516,A,G,0,MT-TW,0,4,-0.003540515899658203
5521,G,A,1,MT-TW,0,4,0.007960319519042969
5527,A,G,0,MT-TW,0,4,-0.0031774044036865234
5528,T,C,0,MT-TW,0,4,0.0020775794982910156
5530,C,T,0,MT-TW,0,4,0.0037688016891479492
5539,A,G,0,MT-TW,0,4,-4.5418739318847656e-05
5539,A,T,0,MT-TW,0,4,-0.007406473159790039
5553,T,C,0,MT-TW,0,4,-0.0015339851379394531
5553,T,G,0,MT-TW,0,4,-0.0080413818359375
5554,C,A,0,MT-TW,0,4,0.0033528804779052734
5556,G,A,1,MT-TW,0,4,-0.002404451370239258
5557,T,C,0,MT-TW,0,4,0.0010290145874023438
5561,T,C,0,MT-TW,0,4,0.0014503002166748047
5563,G,A,0,MT-TW,0,4,0.0008280277252197266
5566,A,G,0,MT-TW,0,4,-0.0011882781982421875
5567,T,C,0,MT-TW,0,4,-0.0001914501190185547
5568,A,G,0,MT-TW,0,4,-0.001726984977722168
5592,A,G,0,MT-TA,0,4,0.0033347606658935547
5600,A,G,0,MT-TA,0,4,0.0007693767547607422
5601,C,T,0,MT-TA,0,4,-0.0035376548767089844
5603,C,T,0,MT-TA,0,4,0.0018856525421142578
5604,C,T,0,MT-TA,0,4,0.0022788047790527344
5605,A,G,0,MT-TA,0,4,-0.0018922090530395508
5608,C,T,0,MT-TA,0,4,0.002301454544067383
5618,T,C,0,MT-TA,0,4,-0.014842867851257324
5628,T,C,0,MT-TA,0,4,-0.007836461067199707
5633,C,T,0,MT-TA,0,4,0.0007274150848388672
5640,A,G,0,MT-TA,0,4,-0.004145622253417969
5650,G,A,1,MT-TA,0,4,-0.0022695064544677734
5655,T,C,0,MT-TA,0,4,-0.0009849071502685547
5662,C,T,0,MT-TN,0,4,0.0004436969757080078
5663,C,T,0,MT-TN,0,4,0.0023096799850463867
5664,A,G,0,MT-TN,0,4,0.0020329952239990234
5665,A,G,0,MT-TN,0,4,-0.003881216049194336
5673,T,C,0,MT-TN,0,4,-0.0039980411529541016
5686,A,T,0,MT-TN,0,4,-0.0012059211730957031
5690,A,G,1,MT-TN,0,4,-0.008992671966552734
5703,G,A,1,MT-TN,0,4,0.00010061264038085938
5705,A,G,0,MT-TN,0,4,-0.0021347999572753906
5711,A,G,0,MT-TN,0,4,-0.0016647577285766602
5715,A,G,0,MT-TN,0,4,-0.0014574527740478516
5728,T,C,1,MT-TN,0,4,-0.0009272098541259766
5772,G,A,0,MT-TC,0,4,-0.002874016761779785
5773,G,A,0,MT-TC,0,4,0.0025877952575683594
5774,T,C,0,MT-TC,0,4,0.003334641456604004
5774,T,G,0,MT-TC,0,4,-0.0012716054916381836
5775,T,C,0,MT-TC,0,4,-0.004561662673950195
5780,G,A,0,MT-TC,0,4,-0.0042266845703125
5783,G,A,0,MT-TC,0,4,-7.402896881103516e-05
5785,T,C,0,MT-TC,0,4,-5.602836608886719e-06
5786,T,C,0,MT-TC,0,4,-0.0017397403717041016
5788,T,C,0,MT-TC,0,4,-0.0034064054489135742
5794,T,C,0,MT-TC,0,4,-0.012956380844116211
5800,A,G,0,MT-TC,0,4,-0.000777125358581543
5806,T,C,0,MT-TC,0,4,-2.4557113647460938e-05
5807,A,G,0,MT-TC,0,4,-0.0006271600723266602
5811,A,G,0,MT-TC,0,4,-0.004201292991638184
5814,T,A,0,MT-TC,0,4,-0.004240274429321289
5814,T,C,0,MT-TC,0,4,-0.002531886100769043
5817,C,T,0,MT-TC,0,4,-0.008796930313110352
5821,G,A,0,MT-TC,0,4,-0.0005710124969482422
5822,G,A,0,MT-TC,0,4,-0.0033153295516967773
5823,A,G,0,MT-TC,0,4,-0.0012824535369873047
5824,G,A,0,MT-TC,0,4,-0.0013762712478637695
5836,A,G,0,MT-TY,0,4,0.001577138900756836
5839,C,T,0,MT-TY,0,4,1.7881393432617188e-06
5840,C,T,0,MT-TY,0,4,2.9802322387695312e-05
5843,A,G,0,MT-TY,0,4,-0.0018500089645385742
5846,C,T,0,MT-TY,0,4,0.0022547245025634766
5855,A,G,0,MT-TY,0,4,-0.002114534378051758
5867,C,T,0,MT-TY,0,4,0.006276845932006836
5875,C,T,0,MT-TY,0,4,0.001391291618347168
5876,A,G,0,MT-TY,0,4,-0.0007239580154418945
7453,G,A,1,MT-TS1,0,4,-0.0014674663543701172
7460,A,G,0,MT-TS1,0,4,-0.0004674196243286133
7469,C,T,0,MT-TS1,0,4,5.161762237548828e-05
7471,C,A,0,MT-TS1,0,4,-0.001492619514465332
7471,C,T,0,MT-TS1,0,4,0.0022815465927124023
7472,A,T,0,MT-TS1,0,4,0.0005178451538085938
7476,C,T,0,MT-TS1,0,4,0.0006475448608398438
7490,A,G,0,MT-TS1,0,4,0.0023386478424072266
7493,C,T,0,MT-TS1,0,4,-0.0014297962188720703
7497,G,A,1,MT-TS1,0,4,0.0007243156433105469
7498,G,A,0,MT-TS1,0,4,-0.00048172473907470703
7501,T,C,0,MT-TS1,0,4,0.0005791187286376953
7510,T,C,1,MT-TS1,0,4,-0.0014514923095703125
7511,T,C,1,MT-TS1,0,4,-0.0025680065155029297
7512,T,C,1,MT-TS1,0,4,-0.0007566213607788086
7521,G,A,0,MT-TD,0,4,0.004149198532104492
7533,C,T,0,MT-TD,0,4,0.003258228302001953
7534,C,T,0,MT-TD,0,4,-0.0013718605041503906
7543,A,G,0,MT-TD,0,4,-0.008108139038085938
7546,T,C,0,MT-TD,0,4,0.0016326904296875
7547,T,C,0,MT-TD,0,4,-0.002460479736328125
7552,A,G,0,MT-TD,0,4,-0.005995750427246094
7559,A,G,0,MT-TD,0,4,-0.0021104812622070312
7561,T,C,0,MT-TD,0,4,-0.0017528533935546875
7567,C,T,0,MT-TD,0,4,0.004096031188964844
7568,T,C,0,MT-TD,0,4,-1.811981201171875e-05
7569,A,G,0,MT-TD,0,4,-0.0006361007690429688
7570,A,G,0,MT-TD,0,4,-0.0008740425109863281
7572,T,C,0,MT-TD,0,4,-0.00035858154296875
7576,A,G,0,MT-TD,0,4,-0.0030527114868164062
7581,T,C,0,MT-TD,0,4,-0.00031280517578125
7585,A,G,0,MT-TD,0,4,-0.0001373291015625
8298,T,C,0,MT-TK,0,4,-0.0029206275939941406
8300,T,C,0,MT-TK,0,4,-0.00039005279541015625
8308,A,G,0,MT-TK,0,4,6.866455078125e-05
8311,T,C,0,MT-TK,0,4,0.0004744529724121094
8313,G,A,1,MT-TK,0,4,-0.00423431396484375
8315,A,G,0,MT-TK,0,4,-0.0016837120056152344
8331,A,G,0,MT-TK,0,4,-0.0018916130065917969
8337,T,C,0,MT-TK,0,4,-0.0017995834350585938
8338,A,G,0,MT-TK,0,4,-0.00152587890625
8340,G,A,1,MT-TK,0,4,-0.006455898284912109
8343,A,G,0,MT-TK,0,4,0.0002613067626953125
8344,A,G,1,MT-TK,0,4,-0.0005474090576171875
8345,C,T,0,MT-TK,0,4,0.0018396377563476562
8346,C,A,0,MT-TK,0,4,-0.002082347869873047
8347,A,G,0,MT-TK,0,4,-0.0028047561645507812
8348,A,G,0,MT-TK,0,4,-0.0035614967346191406
8349,C,T,0,MT-TK,0,4,-0.0014041662216186523
8350,A,G,0,MT-TK,0,4,-0.0018744468688964844
8356,T,C,1,MT-TK,0,4,-0.002000093460083008
8360,A,G,0,MT-TK,0,4,-0.003784656524658203
8363,G,A,1,MT-TK,0,4,-1.430511474609375e-05
9991,A,G,0,MT-TG,0,4,-0.0005817413330078125
9995,T,C,0,MT-TG,0,4,-0.001220703125
10003,T,C,0,MT-TG,0,4,0.0004024505615234375
10005,A,G,0,MT-TG,0,4,0.0008115768432617188
10006,A,G,0,MT-TG,0,4,-0.001239776611328125
10007,T,C,0,MT-TG,0,4,-0.0008392333984375
10013,C,T,0,MT-TG,0,4,0.0032749176025390625
10018,A,G,0,MT-TG,0,4,-0.014194488525390625
10029,A,G,0,MT-TG,0,4,-0.0028228759765625
10031,T,C,0,MT-TG,0,4,-0.0021820068359375
10034,T,C,0,MT-TG,0,4,-0.00023651123046875
10040,C,T,0,MT-TG,0,4,0.001903533935546875
10042,A,G,0,MT-TG,0,4,-0.000850677490234375
10044,A,G,0,MT-TG,0,4,-4.38690185546875e-05
10045,T,C,0,MT-TG,0,4,0.0008945465087890625
10410,T,A,0,MT-TR,0,4,0.0025157928466796875
10410,T,C,0,MT-TR,0,4,-0.001430511474609375
10411,A,G,0,MT-TR,0,4,-0.0021953582763671875
10420,A,G,0,MT-TR,0,4,-0.0007152557373046875
10427,G,A,0,MT-TR,0,4,0.0011987686157226562
10440,T,C,0,MT-TR,0,4,-0.000736236572265625
10446,A,G,0,MT-TR,0,4,0.0007390975952148438
10448,T,C,0,MT-TR,0,4,-0.0018301010131835938
10454,T,C,0,MT-TR,0,4,-0.000667572021484375
10456,A,G,0,MT-TR,0,4,-0.0023431777954101562
10463,T,C,0,MT-TR,0,4,-0.00028514862060546875
12141,A,G,0,MT-TH,0,4,-0.0033539533615112305
12142,A,G,0,MT-TH,0,4,-0.0039730072021484375
12147,G,A,1,MT-TH,0,4,-0.009136319160461426
12151,A,G,0,MT-TH,0,4,-0.012120723724365234
12160,A,G,0,MT-TH,0,4,-0.0056798458099365234
12161,T,C,0,MT-TH,0,4,-0.0010669231414794922
12164,G,A,0,MT-TH,0,4,-0.006476879119873047
12166,T,C,0,MT-TH,0,4,0.0019888877868652344
12171,A,G,0,MT-TH,0,4,-0.0031404495239257812
12172,A,G,0,MT-TH,0,4,-0.0032215118408203125
12173,T,C,0,MT-TH,0,4,-0.001760244369506836
12178,C,T,0,MT-TH,0,4,-0.0007314682006835938
12181,C,T,0,MT-TH,0,4,0.0018777847290039062
12188,T,C,0,MT-TH,0,4,-0.0014729499816894531
12189,T,C,0,MT-TH,0,4,0.0004620552062988281
12191,C,T,0,MT-TH,0,4,0.0018396377563476562
12192,G,A,0,MT-TH,0,4,0.0013422966003417969
12193,A,G,0,MT-TH,0,4,-0.001290440559387207
12196,C,T,0,MT-TH,0,4,-4.744529724121094e-05
12201,T,C,1,MT-TH,0,4,-0.0022094249725341797
12215,T,C,0,MT-TS2,0,4,-0.00034117698669433594
12216,C,T,0,MT-TS2,0,4,-0.0006492137908935547
12223,A,G,0,MT-TS2,0,4,-0.0018181800842285156
12231,C,T,0,MT-TS2,0,4,0.0017666816711425781
12234,A,G,0,MT-TS2,0,4,-0.006207466125488281
12235,T,C,0,MT-TS2,0,4,-0.003931403160095215
12237,C,T,0,MT-TS2,0,4,-0.0006086826324462891
12239,C,T,0,MT-TS2,0,4,-0.0027565956115722656
12245,T,C,0,MT-TS2,0,4,-0.00011599063873291016
12246,C,T,0,MT-TS2,0,4,-0.0016341209411621094
12248,A,G,0,MT-TS2,0,4,-0.005317211151123047
12258,C,A,1,MT-TS2,0,4,-0.004963040351867676
12265,A,G,0,MT-TS2,0,4,-0.0019712448120117188
12273,A,G,0,MT-TL2,0,4,-0.0034360885620117188
12276,G,A,1,MT-TL2,0,4,-0.000164031982421875
12279,A,G,0,MT-TL2,0,4,-0.000286102294921875
12279,A,T,0,MT-TL2,0,4,-0.0013170242309570312
12280,A,G,0,MT-TL2,0,4,0.0012235641479492188
12281,C,T,0,MT-TL2,0,4,-0.000499725341796875
12285,T,C,0,MT-TL2,0,4,-0.00049591064453125
12295,T,C,0,MT-TL2,0,4,-0.0005064010620117188
12297,T,C,0,MT-TL2,0,4,-0.001708984375
12308,A,G,0,MT-TL2,0,4,-0.000743865966796875
12311,T,C,0,MT-TL2,0,4,0.001300811767578125
12315,G,A,1,MT-TL2,0,4,-0.0006895065307617188
14674,T,C,1,MT-TE,0,4,6.270408630371094e-05
14683,A,G,0,MT-TE,0,4,0.009633064270019531
14684,C,T,0,MT-TE,0,4,0.009152412414550781
14687,A,G,0,MT-TE,0,4,-0.000882267951965332
14690,A,G,0,MT-TE,0,4,-0.0011403560638427734
14691,C,T,0,MT-TE,0,4,0.01583695411682129
14693,A,G,0,MT-TE,0,4,-0.0017542839050292969
14696,A,C,0,MT-TE,0,4,0.001347661018371582
14696,A,G,0,MT-TE,0,4,0.0038052797317504883
14706,A,G,0,MT-TE,0,4,-0.001641392707824707
14709,T,C,1,MT-TE,0,4,-0.0006525516510009766
14716,C,T,0,MT-TE,0,4,-0.00017559528350830078
14727,T,C,0,MT-TE,0,4,3.5762786865234375e-06
15889,T,C,0,MT-TT,0,4,-0.00018072128295898438
15891,C,T,0,MT-TT,0,4,-0.002150893211364746
15892,T,C,0,MT-TT,0,4,-0.003292560577392578
15893,T,C,0,MT-TT,0,4,-0.0015821456909179688
15894,G,A,0,MT-TT,0,4,-0.00030612945556640625
15895,T,C,0,MT-TT,0,4,-0.012551307678222656
15900,T,C,0,MT-TT,0,4,-0.006209850311279297
15902,A,G,0,MT-TT,0,4,-0.0008907318115234375
15903,A,G,0,MT-TT,0,4,-0.0014319419860839844
15904,C,T,0,MT-TT,0,4,-0.00019693374633789062
15905,T,C,0,MT-TT,0,4,-0.0029935836791992188
15907,A,G,0,MT-TT,0,4,-0.0012875795364379883
15908,T,C,0,MT-TT,0,4,-0.005195140838623047
15909,A,G,0,MT-TT,0,4,-0.004161834716796875
15911,A,G,0,MT-TT,0,4,-0.002228856086730957
15913,C,T,0,MT-TT,0,4,-0.0037598609924316406
15914,A,G,0,MT-TT,0,4,0.00427699089050293
15916,T,C,0,MT-TT,0,4,-0.0026979446411132812
15923,A,G,1,MT-TT,0,4,-0.0037686824798583984
15924,A,G,0,MT-TT,0,4,0.000446319580078125
15925,C,T,0,MT-TT,0,4,-0.006255149841308594
15926,C,T,0,MT-TT,0,4,0.0008921623229980469
15927,G,A,0,MT-TT,0,4,-0.0014116764068603516
15928,G,A,0,MT-TT,0,4,-0.0014581680297851562
15929,A,G,0,MT-TT,0,4,-0.002837657928466797
15930,G,A,0,MT-TT,0,4,0.00152587890625
15932,T,C,0,MT-TT,0,4,-0.0016117095947265625
15935,A,G,0,MT-TT,0,4,-0.003681182861328125
15936,A,G,0,MT-TT,0,4,-0.005705833435058594
15936,A,T,0,MT-TT,0,4,-0.0023012161254882812
15937,A,G,0,MT-TT,0,4,-0.003177642822265625
15937,A,T,0,MT-TT,0,4,-0.000591278076171875
15938,C,T,0,MT-TT,0,4,-0.0008835792541503906
15939,C,T,0,MT-TT,0,4,9.989738464355469e-05
15940,T,C,0,MT-TT,0,4,-0.0009226799011230469
15941,T,C,0,MT-TT,0,4,-0.00185394287109375
15942,T,C,0,MT-TT,0,4,-0.0011004209518432617
15943,T,C,0,MT-TT,0,4,-0.0009794235229492188
15944,T,C,0,MT-TT,0,4,-0.0005083084106445312
15946,C,T,0,MT-TT,0,4,-0.0011000633239746094
15947,A,G,0,MT-TT,0,4,-0.0021085739135742188
15949,G,A,0,MT-TT,0,4,-0.0017099380493164062
15951,A,G,0,MT-TT,0,4,-0.0036220550537109375
15952,C,T,0,MT-TT,0,4,-0.0018405914306640625
15965,A,G,0,MT-TP,0,4,-0.000947117805480957
15968,T,C,0,MT-TP,0,4,0.00015211105346679688
15970,T,C,0,MT-TP,0,4,0.0006666183471679688
15977,C,T,0,MT-TP,0,4,-0.00019872188568115234
15978,C,T,0,MT-TP,0,4,-0.00043845176696777344
15990,C,T,1,MT-TP,0,4,-0.004555344581604004
15992,A,T,0,MT-TP,0,4,-0.0013794898986816406
16011,A,G,0,MT-TP,0,4,-0.004172801971435547
16017,T,C,0,MT-TP,0,4,0.0005706548690795898
591,C,T,1,MT-TF,0,5,0.000438690185546875
592,C,T,0,MT-TF,0,5,0.000537872314453125
593,T,C,0,MT-TF,0,5,0.0027480125427246094
595,C,A,0,MT-TF,0,5,0.0037453174591064453
595,C,T,0,MT-TF,0,5,0.0005283355712890625
596,T,C,0,MT-TF,0,5,0.000598907470703125
597,C,T,0,MT-TF,0,5,0.001110076904296875
603,A,G,0,MT-TF,0,5,-0.0016798973083496094
606,A,G,0,MT-TF,0,5,-0.000720977783203125
616,T,C,1,MT-TF,0,5,-0.0051767826080322266
619,T,C,0,MT-TF,0,5,-0.00044727325439453125
621,A,G,0,MT-TF,0,5,-0.002017974853515625
629,T,A,0,MT-TF,0,5,-0.0008029937744140625
629,T,C,0,MT-TF,0,5,-0.0010242462158203125
630,C,T,0,MT-TF,0,5,0.00048065185546875
633,A,G,0,MT-TF,0,5,-0.0011730194091796875
634,T,A,0,MT-TF,0,5,0.0008504390716552734
634,T,C,0,MT-TF,0,5,7.2479248046875e-05
635,C,T,0,MT-TF,0,5,0.0001068115234375
644,A,G,0,MT-TF,0,5,-0.003086090087890625
647,A,G,0,MT-TF,0,5,-0.002704143524169922
1607,T,C,0,MT-TV,0,5,-0.0001373291015625
1617,C,T,0,MT-TV,0,5,0.00177001953125
1618,A,G,0,MT-TV,0,5,0.0011017322540283203
1624,C,T,1,MT-TV,0,5,-0.008800745010375977
1628,C,T,0,MT-TV,0,5,0.006665229797363281
1640,A,G,0,MT-TV,0,5,-0.0006656646728515625
1644,G,A,1,MT-TV,0,5,-0.001262664794921875
1646,T,C,0,MT-TV,0,5,-7.2479248046875e-05
1657,C,T,0,MT-TV,0,5,-5.91278076171875e-05
1664,G,A,0,MT-TV,0,5,0.00141143798828125
1670,A,T,0,MT-TV,0,5,-0.000484466552734375
3236,A,G,0,MT-TL1,0,5,-0.004032254219055176
3242,G,A,1,MT-TL1,0,5,-0.01468205451965332
3243,A,G,1,MT-TL1,0,5,-0.02662503719329834
3243,A,T,1,MT-TL1,0,5,-0.02984905242919922
3251,A,G,1,MT-TL1,0,5,-0.002686023712158203
3252,A,G,1,MT-TL1,0,5,-0.0018117427825927734
3254,C,A,0,MT-TL1,0,5,-0.0005526542663574219
3254,C,T,0,MT-TL1,0,5,0.007575511932373047
3255,G,A,1,MT-TL1,0,5,9.441375732421875e-05
3256,C,T,1,MT-TL1,0,5,-0.0021343231201171875
3258,T,C,1,MT-TL1,0,5,-0.0003275871276855469
3260,A,G,1,MT-TL1,0,5,-0.004281520843505859
3261,A,G,0,MT-TL1,0,5,0.0008490085601806641
3271,T,C,1,MT-TL1,0,5,-0.0004845857620239258
3275,C,A,0,MT-TL1,0,5,0.0019099712371826172
3275,C,G,0,MT-TL1,0,5,-0.0006425380706787109
3275,C,T,0,MT-TL1,0,5,0.0022351741790771484
3277,G,A,0,MT-TL1,0,5,0.002551555633544922
3278,T,C,0,MT-TL1,0,5,-0.002588987350463867
3290,T,C,0,MT-TL1,0,5,0.00021195411682128906
3291,T,C,1,MT-TL1,0,5,-0.0016765594482421875
3302,A,G,1,MT-TL1,0,5,-0.0007953643798828125
3303,C,T,1,MT-TL1,0,5,-0.0022068023681640625
4300,A,G,1,MT-TI,0,5,-0.0030236244201660156
4310,A,G,0,MT-TI,0,5,0.001176595687866211
4312,C,T,0,MT-TI,0,5,0.0028104782104492188
4313,T,C,0,MT-TI,0,5,-0.0007677078247070312
4314,T,A,0,MT-TI,0,5,0.0018140077590942383
4314,T,C,0,MT-TI,0,5,-0.0002334117889404297
4317,A,G,0,MT-TI,0,5,-0.000821232795715332
4318,C,T,0,MT-TI,0,5,7.30752944946289e-05
4335,C,T,0,MT-TQ,0,5,-0.0017349720001220703
4336,T,C,0,MT-TQ,0,5,0.0011394023895263672
4340,A,G,0,MT-TQ,0,5,0.0012420415878295898
4343,A,G,0,MT-TQ,0,5,-0.0038690567016601562
4350,C,T,0,MT-TQ,0,5,-0.0009082555770874023
4353,T,C,0,MT-TQ,0,5,-0.0015082359313964844
4370,T,C,0,MT-TQ,0,5,-0.0009961128234863281
4371,T,C,0,MT-TQ,0,5,0.0015578269958496094
4373,T,C,0,MT-TQ,0,5,-0.0013027191162109375
4375,C,T,0,MT-TQ,0,5,-0.0011212825775146484
4381,A,G,0,MT-TQ,0,5,-0.0015088319778442383
4384,T,A,0,MT-TQ,0,5,0.00136566162109375
4384,T,C,0,MT-TQ,0,5,0.0006690025329589844
4385,A,G,0,MT-TQ,0,5,-0.005411267280578613
4385,A,T,0,MT-TQ,0,5,-0.003267049789428711
4386,T,C,0,MT-TQ,0,5,-0.0029543638229370117
4387,C,T,0,MT-TQ,0,5,0.0020961761474609375
4394,C,A,0,MT-TQ,0,5,0.0028040409088134766
4395,A,G,0,MT-TQ,0,5,0.0008345842361450195
4417,A,G,0,MT-TM,0,5,0.0007323026657104492
4418,T,C,0,MT-TM,0,5,-0.006066441535949707
4435,A,G,0,MT-TM,0,5,-0.0010124444961547852
4450,G,A,1,MT-TM,0,5,-0.0045735836029052734
4452,T,C,0,MT-TM,0,5,-0.002176523208618164
4454,T,A,0,MT-TM,0,5,0.0022983551025390625
4454,T,C,0,MT-TM,0,5,-0.0009037256240844727
4464,G,A,0,MT-TM,0,5,-0.0018345117568969727
5514,A,G,0,MT-TW,0,5,-0.008578896522521973
5515,A,G,0,MT-TW,0,5,-0.005226612091064453
5516,A,G,0,MT-TW,0,5,-0.0037801265716552734
5521,G,A,1,MT-TW,0,5,0.0006372928619384766
5527,A,G,0,MT-TW,0,5,-6.794929504394531e-05
5528,T,C,0,MT-TW,0,5,-0.002107381820678711
5530,C,T,0,MT-TW,0,5,0.0011265277862548828
5539,A,G,0,MT-TW,0,5,-0.0004360675811767578
5539,A,T,0,MT-TW,0,5,-0.0096435546875
5553,T,C,0,MT-TW,0,5,-0.0010237693786621094
5553,T,G,0,MT-TW,0,5,-0.007166028022766113
5554,C,A,0,MT-TW,0,5,0.0017766952514648438
5556,G,A,1,MT-TW,0,5,-0.00407254695892334
5557,T,C,0,MT-TW,0,5,0.0004686117172241211
5561,T,C,0,MT-TW,0,5,0.0009865760803222656
5563,G,A,0,MT-TW,0,5,0.0016258955001831055
5566,A,G,0,MT-TW,0,5,-0.002899646759033203
5567,T,C,0,MT-TW,0,5,0.0007010698318481445
5568,A,G,0,MT-TW,0,5,-0.0011554956436157227
5592,A,G,0,MT-TA,0,5,-0.00018918514251708984
5600,A,G,0,MT-TA,0,5,0.0009778738021850586
5601,C,T,0,MT-TA,0,5,-0.003344297409057617
5603,C,T,0,MT-TA,0,5,0.0006614923477172852
5604,C,T,0,MT-TA,0,5,0.0013058185577392578
5605,A,G,0,MT-TA,0,5,-0.005372524261474609
5608,C,T,0,MT-TA,0,5,0.00023877620697021484
5618,T,C,0,MT-TA,0,5,-0.008777499198913574
5628,T,C,0,MT-TA,0,5,-0.015369653701782227
5633,C,T,0,MT-TA,0,5,0.004195451736450195
5640,A,G,0,MT-TA,0,5,-0.0036504268646240234
5650,G,A,1,MT-TA,0,5,-0.0015701055526733398
5655,T,C,0,MT-TA,0,5,-0.0008065700531005859
5662,C,T,0,MT-TN,0,5,0.0006489753723144531
5663,C,T,0,MT-TN,0,5,0.003175973892211914
5664,A,G,0,MT-TN,0,5,0.00021946430206298828
5665,A,G,0,MT-TN,0,5,-0.002778172492980957
5673,T,C,0,MT-TN,0,5,-0.0007566213607788086
5686,A,T,0,MT-TN,0,5,-0.0023949146270751953
5690,A,G,1,MT-TN,0,5,-0.008431196212768555
5703,G,A,1,MT-TN,0,5,-0.0010578632354736328
5705,A,G,0,MT-TN,0,5,-0.0011239051818847656
5711,A,G,0,MT-TN,0,5,-0.0021637678146362305
5715,A,G,0,MT-TN,0,5,-0.0027244091033935547
5728,T,C,1,MT-TN,0,5,-5.543231964111328e-05
5772,G,A,0,MT-TC,0,5,-0.0006196498870849609
5773,G,A,0,MT-TC,0,5,0.0046234130859375
5774,T,C,0,MT-TC,0,5,0.002107977867126465
5774,T,G,0,MT-TC,0,5,0.0015414953231811523
5775,T,C,0,MT-TC,0,5,-0.005503654479980469
5780,G,A,0,MT-TC,0,5,0.001300811767578125
5783,G,A,0,MT-TC,0,5,-0.006760716438293457
5785,T,C,0,MT-TC,0,5,0.0006514787673950195
5786,T,C,0,MT-TC,0,5,-0.0014598369598388672
5788,T,C,0,MT-TC,0,5,-0.0034055709838867188
5794,T,C,0,MT-TC,0,5,-0.0008573532104492188
5800,A,G,0,MT-TC,0,5,-0.0009790658950805664
5806,T,C,0,MT-TC,0,5,-0.00039768218994140625
5807,A,G,0,MT-TC,0,5,-0.0008435249328613281
5811,A,G,0,MT-TC,0,5,-0.004506468772888184
5814,T,A,0,MT-TC,0,5,-0.003533482551574707
5814,T,C,0,MT-TC,0,5,-0.00027883052825927734
5817,C,T,0,MT-TC,0,5,-0.0068492889404296875
5821,G,A,0,MT-TC,0,5,-6.794929504394531e-06
5822,G,A,0,MT-TC,0,5,-0.0016592741012573242
5823,A,G,0,MT-TC,0,5,-0.0009829998016357422
5824,G,A,0,MT-TC,0,5,-0.0033826828002929688
5836,A,G,0,MT-TY,0,5,0.0014525651931762695
5839,C,T,0,MT-TY,0,5,-0.0014679431915283203
5840,C,T,0,MT-TY,0,5,0.001207590103149414
5843,A,G,0,MT-TY,0,5,-0.0009642839431762695
5846,C,T,0,MT-TY,0,5,0.002646803855895996
5855,A,G,0,MT-TY,0,5,0.0016454458236694336
5867,C,T,0,MT-TY,0,5,0.007557272911071777
5875,C,T,0,MT-TY,0,5,0.0024199485778808594
5876,A,G,0,MT-TY,0,5,-0.0001888275146484375
7453,G,A,1,MT-TS1,0,5,-0.00019919872283935547
7460,A,G,0,MT-TS1,0,5,-0.003522038459777832
7469,C,T,0,MT-TS1,0,5,-0.0029751062393188477
7471,C,A,0,MT-TS1,0,5,0.0030564069747924805
7471,C,T,0,MT-TS1,0,5,0.0026639699935913086
7472,A,T,0,MT-TS1,0,5,0.0015369653701782227
7476,C,T,0,MT-TS1,0,5,0.00018417835235595703
7490,A,G,0,MT-TS1,0,5,0.0006973743438720703
7493,C,T,0,MT-TS1,0,5,0.0008819103240966797
7497,G,A,1,MT-TS1,0,5,-0.0004892349243164062
7498,G,A,0,MT-TS1,0,5,-0.0004177093505859375
7501,T,C,0,MT-TS1,0,5,-0.0011439323425292969
7510,T,C,1,MT-TS1,0,5,-0.00113677978515625
7511,T,C,1,MT-TS1,0,5,-0.0026665925979614258
7512,T,C,1,MT-TS1,0,5,0.0007942914962768555
7521,G,A,0,MT-TD,0,5,0.0013070106506347656
7533,C,T,0,MT-TD,0,5,0.00029754638671875
7534,C,T,0,MT-TD,0,5,0.001560211181640625
7543,A,G,0,MT-TD,0,5,-0.009778976440429688
7546,T,C,0,MT-TD,0,5,-0.0014324188232421875
7547,T,C,0,MT-TD,0,5,-0.0018062591552734375
7552,A,G,0,MT-TD,0,5,-0.0052776336669921875
7559,A,G,0,MT-TD,0,5,-0.001293182373046875
7561,T,C,0,MT-TD,0,5,-0.0026807785034179688
7567,C,T,0,MT-TD,0,5,0.002933502197265625
7568,T,C,0,MT-TD,0,5,-0.000820159912109375
7569,A,G,0,MT-TD,0,5,-0.001407623291015625
7570,A,G,0,MT-TD,0,5,-0.0032863616943359375
7572,T,C,0,MT-TD,0,5,0.0013036727905273438
7576,A,G,0,MT-TD,0,5,-0.0044078826904296875
7581,T,C,0,MT-TD,0,5,0.000858306884765625
7585,A,G,0,MT-TD,0,5,-2.09808349609375e-05
8298,T,C,0,MT-TK,0,5,-0.004341602325439453
8300,T,C,0,MT-TK,0,5,0.000797271728515625
8308,A,G,0,MT-TK,0,5,-0.0012927055358886719
8311,T,C,0,MT-TK,0,5,0.0003452301025390625
8313,G,A,1,MT-TK,0,5,-3.814697265625e-06
8315,A,G,0,MT-TK,0,5,-0.00043964385986328125
8331,A,G,0,MT-TK,0,5,-0.005188465118408203
8337,T,C,0,MT-TK,0,5,0.0010361671447753906
8338,A,G,0,MT-TK,0,5,-0.0023794174194335938
8340,G,A,1,MT-TK,0,5,-0.000644683837890625
8343,A,G,0,MT-TK,0,5,0.0002803802490234375
8344,A,G,1,MT-TK,0,5,0.00031375885009765625
8345,C,T,0,MT-TK,0,5,0.0019402503967285156
8346,C,A,0,MT-TK,0,5,-0.0017323493957519531
8347,A,G,0,MT-TK,0,5,-0.0045948028564453125
8348,A,G,0,MT-TK,0,5,-0.003074169158935547
8349,C,T,0,MT-TK,0,5,-0.0016274452209472656
8350,A,G,0,MT-TK,0,5,-0.0007276535034179688
8356,T,C,1,MT-TK,0,5,0.0003383159637451172
8360,A,G,0,MT-TK,0,5,-0.004261970520019531
8363,G,A,1,MT-TK,0,5,0.00037860870361328125
9991,A,G,0,MT-TG,0,5,-0.001148223876953125
9995,T,C,0,MT-TG,0,5,-0.0003948211669921875
10003,T,C,0,MT-TG,0,5,0.002902984619140625
10005,A,G,0,MT-TG,0,5,0.004990577697753906
10006,A,G,0,MT-TG,0,5,0.00092315673828125
10007,T,C,0,MT-TG,0,5,0.0013532638549804688
10013,C,T,0,MT-TG,0,5,0.0010232925415039062
10018,A,G,0,MT-TG,0,5,-0.00970458984375
10029,A,G,0,MT-TG,0,5,-0.0021228790283203125
10031,T,C,0,MT-TG,0,5,-0.0006561279296875
10034,T,C,0,MT-TG,0,5,-0.001071929931640625
10040,C,T,0,MT-TG,0,5,0.001262664794921875
10042,A,G,0,MT-TG,0,5,-0.0031490325927734375
10044,A,G,0,MT-TG,0,5,-0.0008487701416015625
10045,T,C,0,MT-TG,0,5,0.001918792724609375
10410,T,A,0,MT-TR,0,5,0.00081634521484375
10410,T,C,0,MT-TR,0,5,-0.002712249755859375
10411,A,G,0,MT-TR,0,5,-0.0010347366333007812
10420,A,G,0,MT-TR,0,5,-0.007888317108154297
10427,G,A,0,MT-TR,0,5,0.0031805038452148438
10440,T,C,0,MT-TR,0,5,0.0009593963623046875
10446,A,G,0,MT-TR,0,5,0.0005564689636230469
10448,T,C,0,MT-TR,0,5,-0.00087738037109375
10454,T,C,0,MT-TR,0,5,-0.00023365020751953125
10456,A,G,0,MT-TR,0,5,-0.002689361572265625
10463,T,C,0,MT-TR,0,5,-0.0010987520217895508
12141,A,G,0,MT-TH,0,5,0.0007461309432983398
12142,A,G,0,MT-TH,0,5,-0.002104520797729492
12147,G,A,1,MT-TH,0,5,-0.0055048465728759766
12151,A,G,0,MT-TH,0,5,-0.0035467147827148438
12160,A,G,0,MT-TH,0,5,-0.0057430267333984375
12161,T,C,0,MT-TH,0,5,-0.0018115043640136719
12164,G,A,0,MT-TH,0,5,-0.002994537353515625
12166,T,C,0,MT-TH,0,5,0.0008606910705566406
12171,A,G,0,MT-TH,0,5,-0.0025904178619384766
12172,A,G,0,MT-TH,0,5,-0.0042122602462768555
12173,T,C,0,MT-TH,0,5,-0.004622459411621094
12178,C,T,0,MT-TH,0,5,-0.0020117759704589844
12181,C,T,0,MT-TH,0,5,-0.0007789134979248047
12188,T,C,0,MT-TH,0,5,-0.0025528669357299805
12189,T,C,0,MT-TH,0,5,0.0005075931549072266
12191,C,T,0,MT-TH,0,5,-0.00036263465881347656
12192,G,A,0,MT-TH,0,5,0.0013260841369628906
12193,A,G,0,MT-TH,0,5,-0.0020751953125
12196,C,T,0,MT-TH,0,5,0.0006058216094970703
12201,T,C,1,MT-TH,0,5,-0.003796815872192383
12215,T,C,0,MT-TS2,0,5,-0.00018095970153808594
12216,C,T,0,MT-TS2,0,5,0.0004177093505859375
12223,A,G,0,MT-TS2,0,5,-0.0025069713592529297
12231,C,T,0,MT-TS2,0,5,0.0001633167266845703
12234,A,G,0,MT-TS2,0,5,-0.0031113624572753906
12235,T,C,0,MT-TS2,0,5,-0.0038404464721679688
12237,C,T,0,MT-TS2,0,5,-0.0019567012786865234
12239,C,T,0,MT-TS2,0,5,-0.0015897750854492188
12245,T,C,0,MT-TS2,0,5,-0.001156449317932129
12246,C,T,0,MT-TS2,0,5,-0.002782106399536133
12248,A,G,0,MT-TS2,0,5,-0.004702091217041016
12258,C,A,1,MT-TS2,0,5,-0.006925106048583984
12265,A,G,0,MT-TS2,0,5,-0.0027451515197753906
12273,A,G,0,MT-TL2,0,5,-0.0009746551513671875
12276,G,A,1,MT-TL2,0,5,-0.000522613525390625
12279,A,G,0,MT-TL2,0,5,-0.0005960464477539062
12279,A,T,0,MT-TL2,0,5,0.00048065185546875
12280,A,G,0,MT-TL2,0,5,-0.0008873939514160156
12281,C,T,0,MT-TL2,0,5,-0.0033288002014160156
12285,T,C,0,MT-TL2,0,5,-0.0018546581268310547
12295,T,C,0,MT-TL2,0,5,-0.0025839805603027344
12297,T,C,0,MT-TL2,0,5,-0.005167484283447266
12308,A,G,0,MT-TL2,0,5,-0.001087188720703125
12311,T,C,0,MT-TL2,0,5,0.001827239990234375
12315,G,A,1,MT-TL2,0,5,0.001033782958984375
14674,T,C,1,MT-TE,0,5,0.0004805326461791992
14683,A,G,0,MT-TE,0,5,0.009314775466918945
14684,C,T,0,MT-TE,0,5,0.010598540306091309
14687,A,G,0,MT-TE,0,5,-0.0013366937637329102
14690,A,G,0,MT-TE,0,5,0.0006498098373413086
14691,C,T,0,MT-TE,0,5,0.015767812728881836
14693,A,G,0,MT-TE,0,5,-0.0013138055801391602
14696,A,C,0,MT-TE,0,5,0.0001659393310546875
14696,A,G,0,MT-TE,0,5,0.002287745475769043
14706,A,G,0,MT-TE,0,5,-0.00036203861236572266
14709,T,C,1,MT-TE,0,5,0.000690460205078125
14716,C,T,0,MT-TE,0,5,-0.0010559558868408203
14727,T,C,0,MT-TE,0,5,-0.0008108615875244141
15889,T,C,0,MT-TT,0,5,0.0036826133728027344
15891,C,T,0,MT-TT,0,5,-0.0031709671020507812
15892,T,C,0,MT-TT,0,5,-0.0019289255142211914
15893,T,C,0,MT-TT,0,5,-0.0010845661163330078
15894,G,A,0,MT-TT,0,5,-0.0016150474548339844
15895,T,C,0,MT-TT,0,5,-0.006349086761474609
15900,T,C,0,MT-TT,0,5,-0.001537322998046875
15902,A,G,0,MT-TT,0,5,-0.00033473968505859375
15903,A,G,0,MT-TT,0,5,-0.0004711151123046875
15904,C,T,0,MT-TT,0,5,0.0007113218307495117
15905,T,C,0,MT-TT,0,5,-0.0024576187133789062
15907,A,G,0,MT-TT,0,5,-0.0006053447723388672
15908,T,C,0,MT-TT,0,5,-0.0008816719055175781
15909,A,G,0,MT-TT,0,5,-0.006010532379150391
15911,A,G,0,MT-TT,0,5,-0.0015401840209960938
15913,C,T,0,MT-TT,0,5,-0.0024890899658203125
15914,A,G,0,MT-TT,0,5,0.006314277648925781
15916,T,C,0,MT-TT,0,5,-0.0017728805541992188
15923,A,G,1,MT-TT,0,5,-0.0065670013427734375
15924,A,G,0,MT-TT,0,5,-0.0029222965240478516
15925,C,T,0,MT-TT,0,5,-0.005293369293212891
15926,C,T,0,MT-TT,0,5,0.0013053417205810547
15927,G,A,0,MT-TT,0,5,-0.0013443231582641602
15928,G,A,0,MT-TT,0,5,-0.0023157596588134766
15929,A,G,0,MT-TT,0,5,-0.0032367706298828125
15930,G,A,0,MT-TT,0,5,-0.0004100799560546875
15932,T,C,0,MT-TT,0,5,-0.0020952224731445312
15935,A,G,0,MT-TT,0,5,-0.0014047622680664062
15936,A,G,0,MT-TT,0,5,-0.004091024398803711
15936,A,T,0,MT-TT,0,5,-0.001797795295715332
15937,A,G,0,MT-TT,0,5,-0.0042650699615478516
15937,A,T,0,MT-TT,0,5,-0.0018796920776367188
15938,C,T,0,MT-TT,0,5,-0.0013766288757324219
15939,C,T,0,MT-TT,0,5,0.00038611888885498047
15940,T,C,0,MT-TT,0,5,-0.00022292137145996094
15941,T,C,0,MT-TT,0,5,-0.0012903213500976562
15942,T,C,0,MT-TT,0,5,-0.0019593238830566406
15943,T,C,0,MT-TT,0,5,-0.002618551254272461
15944,T,C,0,MT-TT,0,5,-0.0014543533325195312
15946,C,T,0,MT-TT,0,5,-0.001026153564453125
15947,A,G,0,MT-TT,0,5,-0.0024018287658691406
15949,G,A,0,MT-TT,0,5,-0.0005559921264648438
15951,A,G,0,MT-TT,0,5,-0.0013761520385742188
15952,C,T,0,MT-TT,0,5,-0.0015010833740234375
15965,A,G,0,MT-TP,0,5,-0.0017474889755249023
15968,T,C,0,MT-TP,0,5,0.00030994415283203125
15970,T,C,0,MT-TP,0,5,0.0012966394424438477
15977,C,T,0,MT-TP,0,5,0.0004551410675048828
15978,C,T,0,MT-TP,0,5,-0.00013959407806396484
15990,C,T,1,MT-TP,0,5,0.000836491584777832
15992,A,T,0,MT-TP,0,5,-0.0013706684112548828
16011,A,G,0,MT-TP,0,5,-0.006433963775634766
16017,T,C,0,MT-TP,0,5,-0.00027489662170410156
591,C,T,1,MT-TF,0,6,-0.000518798828125
592,C,T,0,MT-TF,0,6,0.0019266605377197266
593,T,C,0,MT-TF,0,6,0.00020599365234375
595,C,A,0,MT-TF,0,6,0.0026443004608154297
595,C,T,0,MT-TF,0,6,0.0012983083724975586
596,T,C,0,MT-TF,0,6,-0.010631322860717773
597,C,T,0,MT-TF,0,6,0.0008616447448730469
603,A,G,0,MT-TF,0,6,-0.002521514892578125
606,A,G,0,MT-TF,0,6,0.00044524669647216797
616,T,C,1,MT-TF,0,6,-0.0009918212890625
619,T,C,0,MT-TF,0,6,0.0017781257629394531
621,A,G,0,MT-TF,0,6,-0.001171112060546875
629,T,A,0,MT-TF,0,6,0.0010542869567871094
629,T,C,0,MT-TF,0,6,-0.000202178955078125
630,C,T,0,MT-TF,0,6,-7.2479248046875e-05
633,A,G,0,MT-TF,0,6,-0.0003910064697265625
634,T,A,0,MT-TF,0,6,0.001138925552368164
634,T,C,0,MT-TF,0,6,4.1961669921875e-05
635,C,T,0,MT-TF,0,6,6.103515625e-05
644,A,G,0,MT-TF,0,6,-0.0015087127685546875
647,A,G,0,MT-TF,0,6,-0.002809882164001465
1607,T,C,0,MT-TV,0,6,-0.0006561279296875
1617,C,T,0,MT-TV,0,6,0.000942230224609375
1618,A,G,0,MT-TV,0,6,-0.0013935565948486328
1624,C,T,1,MT-TV,0,6,-0.001590728759765625
1628,C,T,0,MT-TV,0,6,0.0012969970703125
1640,A,G,0,MT-TV,0,6,0.0020732879638671875
1644,G,A,1,MT-TV,0,6,-0.0004730224609375
1646,T,C,0,MT-TV,0,6,0.0010223388671875
1657,C,T,0,MT-TV,0,6,-0.001373291015625
1664,G,A,0,MT-TV,0,6,0.0015583038330078125
1670,A,T,0,MT-TV,0,6,-0.0024156570434570312
3236,A,G,0,MT-TL1,0,6,-0.00022113323211669922
3242,G,A,1,MT-TL1,0,6,-0.016684770584106445
3243,A,G,1,MT-TL1,0,6,-0.016135692596435547
3243,A,T,1,MT-TL1,0,6,-0.008278846740722656
3251,A,G,1,MT-TL1,0,6,-0.002848505973815918
3252,A,G,1,MT-TL1,0,6,-0.0007739067077636719
3254,C,A,0,MT-TL1,0,6,0.0009250640869140625
3254,C,T,0,MT-TL1,0,6,0.0019849538803100586
3255,G,A,1,MT-TL1,0,6,-0.0042629241943359375
3256,C,T,1,MT-TL1,0,6,-0.004669189453125
3258,T,C,1,MT-TL1,0,6,-0.002735614776611328
3260,A,G,1,MT-TL1,0,6,-0.0016245841979980469
3261,A,G,0,MT-TL1,0,6,-0.0016797780990600586
3271,T,C,1,MT-TL1,0,6,-0.002115607261657715
3275,C,A,0,MT-TL1,0,6,-0.00020802021026611328
3275,C,G,0,MT-TL1,0,6,-0.0005705356597900391
3275,C,T,0,MT-TL1,0,6,-0.00031495094299316406
3277,G,A,0,MT-TL1,0,6,0.0014455318450927734
3278,T,C,0,MT-TL1,0,6,8.320808410644531e-05
3290,T,C,0,MT-TL1,0,6,0.0012149810791015625
3291,T,C,1,MT-TL1,0,6,-0.002104640007019043
3302,A,G,1,MT-TL1,0,6,-0.002837657928466797
3303,C,T,1,MT-TL1,0,6,-0.003109455108642578
4300,A,G,1,MT-TI,0,6,-0.0036509037017822266
4310,A,G,0,MT-TI,0,6,0.003177642822265625
4312,C,T,0,MT-TI,0,6,0.003274679183959961
4313,T,C,0,MT-TI,0,6,-0.0008834600448608398
4314,T,A,0,MT-TI,0,6,0.00010716915130615234
4314,T,C,0,MT-TI,0,6,-0.0003287792205810547
4317,A,G,0,MT-TI,0,6,1.5616416931152344e-05
4318,C,T,0,MT-TI,0,6,-0.0009925365447998047
4335,C,T,0,MT-TQ,0,6,-0.0005438327789306641
4336,T,C,0,MT-TQ,0,6,-0.00044846534729003906
4340,A,G,0,MT-TQ,0,6,0.0008718967437744141
4343,A,G,0,MT-TQ,0,6,-0.002894163131713867
4350,C,T,0,MT-TQ,0,6,0.0004891157150268555
4353,T,C,0,MT-TQ,0,6,-0.0018372535705566406
4370,T,C,0,MT-TQ,0,6,-0.0007261037826538086
4371,T,C,0,MT-TQ,0,6,0.001046895980834961
4373,T,C,0,MT-TQ,0,6,-0.0008500814437866211
4375,C,T,0,MT-TQ,0,6,-0.0007127523422241211
4381,A,G,0,MT-TQ,0,6,-0.0027077198028564453
4384,T,A,0,MT-TQ,0,6,0.0017777681350708008
4384,T,C,0,MT-TQ,0,6,0.0002840757369995117
4385,A,G,0,MT-TQ,0,6,-0.002349853515625
4385,A,T,0,MT-TQ,0,6,-0.0026444196701049805
4386,T,C,0,MT-TQ,0,6,-0.002292156219482422
4387,C,T,0,MT-TQ,0,6,0.0020589828491210938
4394,C,A,0,MT-TQ,0,6,0.0030083656311035156
4395,A,G,0,MT-TQ,0,6,-0.0001747608184814453
4417,A,G,0,MT-TM,0,6,0.0008304119110107422
4418,T,C,0,MT-TM,0,6,-0.000578761100769043
4435,A,G,0,MT-TM,0,6,-0.0023331642150878906
4450,G,A,1,MT-TM,0,6,-0.0029572248458862305
4452,T,C,0,MT-TM,0,6,-0.004446506500244141
4454,T,A,0,MT-TM,0,6,0.0009930133819580078
4454,T,C,0,MT-TM,0,6,-0.0014224052429199219
4464,G,A,0,MT-TM,0,6,-0.0030499696731567383
5514,A,G,0,MT-TW,0,6,-0.0035053491592407227
5515,A,G,0,MT-TW,0,6,0.001299738883972168
5516,A,G,0,MT-TW,0,6,-0.0030175447463989258
5521,G,A,1,MT-TW,0,6,-0.00031495094299316406
5527,A,G,0,MT-TW,0,6,-0.0015108585357666016
5528,T,C,0,MT-TW,0,6,0.0002493858337402344
5530,C,T,0,MT-TW,0,6,0.002053976058959961
5539,A,G,0,MT-TW,0,6,-0.004895448684692383
5539,A,T,0,MT-TW,0,6,-0.00331270694732666
5553,T,C,0,MT-TW,0,6,-0.0018606185913085938
5553,T,G,0,MT-TW,0,6,-0.005175113677978516
5554,C,A,0,MT-TW,0,6,0.0033785104751586914
5556,G,A,1,MT-TW,0,6,-0.0038434267044067383
5557,T,C,0,MT-TW,0,6,0.0010447502136230469
5561,T,C,0,MT-TW,0,6,0.0015716552734375
5563,G,A,0,MT-TW,0,6,0.0007457733154296875
5566,A,G,0,MT-TW,0,6,-0.0017344951629638672
5567,T,C,0,MT-TW,0,6,-0.00022983551025390625
5568,A,G,0,MT-TW,0,6,-0.0022170543670654297
5592,A,G,0,MT-TA,0,6,0.0005258321762084961
5600,A,G,0,MT-TA,0,6,-0.0012726783752441406
5601,C,T,0,MT-TA,0,6,-0.0009795427322387695
5603,C,T,0,MT-TA,0,6,0.0033483505249023438
5604,C,T,0,MT-TA,0,6,0.0027341842651367188
5605,A,G,0,MT-TA,0,6,-0.003779292106628418
5608,C,T,0,MT-TA,0,6,-0.0007070302963256836
5618,T,C,0,MT-TA,0,6,-0.013077020645141602
5628,T,C,0,MT-TA,0,6,-0.008787870407104492
5633,C,T,0,MT-TA,0,6,0.0006978511810302734
5640,A,G,0,MT-TA,0,6,-0.003287672996520996
5650,G,A,1,MT-TA,0,6,-0.003545999526977539
5655,T,C,0,MT-TA,0,6,-0.00018155574798583984
5662,C,T,0,MT-TN,0,6,0.0011364221572875977
5663,C,T,0,MT-TN,0,6,0.001373291015625
5664,A,G,0,MT-TN,0,6,0.0017287731170654297
5665,A,G,0,MT-TN,0,6,-0.0011720657348632812
5673,T,C,0,MT-TN,0,6,-0.0039577484130859375
5686,A,T,0,MT-TN,0,6,-5.7578086853027344e-05
5690,A,G,1,MT-TN,0,6,-0.006558418273925781
5703,G,A,1,MT-TN,0,6,-0.0003331899642944336
5705,A,G,0,MT-TN,0,6,-0.0020335912704467773
5711,A,G,0,MT-TN,0,6,-0.0018688440322875977
5715,A,G,0,MT-TN,0,6,-0.0032799243927001953
5728,T,C,1,MT-TN,0,6,-0.0004965066909790039
5772,G,A,0,MT-TC,0,6,0.0012325048446655273
5773,G,A,0,MT-TC,0,6,0.0008729696273803711
5774,T,C,0,MT-TC,0,6,0.002858400344848633
5774,T,G,0,MT-TC,0,6,-0.0007612705230712891
5775,T,C,0,MT-TC,0,6,-0.006529569625854492
5780,G,A,0,MT-TC,0,6,0.0003485679626464844
5783,G,A,0,MT-TC,0,6,-0.0015473365783691406
5785,T,C,0,MT-TC,0,6,0.0026199817657470703
5786,T,C,0,MT-TC,0,6,-0.0005605220794677734
5788,T,C,0,MT-TC,0,6,-0.0025789737701416016
5794,T,C,0,MT-TC,0,6,-0.00018978118896484375
5800,A,G,0,MT-TC,0,6,-0.0015691518783569336
5806,T,C,0,MT-TC,0,6,-0.0005220174789428711
5807,A,G,0,MT-TC,0,6,0.001331925392150879
5811,A,G,0,MT-TC,0,6,-0.0035364627838134766
5814,T,A,0,MT-TC,0,6,-0.004015803337097168
5814,T,C,0,MT-TC,0,6,-0.0029311180114746094
5817,C,T,0,MT-TC,0,6,-0.008371591567993164
5821,G,A,0,MT-TC,0,6,-0.0001914501190185547
5822,G,A,0,MT-TC,0,6,-0.0037511587142944336
5823,A,G,0,MT-TC,0,6,-0.0016711950302124023
5824,G,A,0,MT-TC,0,6,4.673004150390625e-05
5836,A,G,0,MT-TY,0,6,0.0015990734100341797
5839,C,T,0,MT-TY,0,6,-0.0007338523864746094
5840,C,T,0,MT-TY,0,6,0.0002570152282714844
5843,A,G,0,MT-TY,0,6,-0.000988602638244629
5846,C,T,0,MT-TY,0,6,0.0022145509719848633
5855,A,G,0,MT-TY,0,6,-0.0034623146057128906
5867,C,T,0,MT-TY,0,6,0.006505131721496582
5875,C,T,0,MT-TY,0,6,0.00170135498046875
5876,A,G,0,MT-TY,0,6,-0.0008516311645507812
7453,G,A,1,MT-TS1,0,6,-0.0004614591598510742
7460,A,G,0,MT-TS1,0,6,-0.0012183189392089844
7469,C,T,0,MT-TS1,0,6,-0.004006862640380859
7471,C,A,0,MT-TS1,0,6,-0.0005666017532348633
7471,C,T,0,MT-TS1,0,6,0.00312042236328125
7472,A,T,0,MT-TS1,0,6,0.0022933483123779297
7476,C,T,0,MT-TS1,0,6,-0.0007940530776977539
7490,A,G,0,MT-TS1,0,6,0.0008261203765869141
7493,C,T,0,MT-TS1,0,6,0.0003489255905151367
7497,G,A,1,MT-TS1,0,6,-0.0006262063980102539
7498,G,A,0,MT-TS1,0,6,-0.0003097057342529297
7501,T,C,0,MT-TS1,0,6,0.00046002864837646484
7510,T,C,1,MT-TS1,0,6,-0.0012651681900024414
7511,T,C,1,MT-TS1,0,6,-0.0018173456192016602
7512,T,C,1,MT-TS1,0,6,-0.0012503862380981445
7521,G,A,0,MT-TD,0,6,0.0005865097045898438
7533,C,T,0,MT-TD,0,6,0.0010194778442382812
7534,C,T,0,MT-TD,0,6,-0.0015954971313476562
7543,A,G,0,MT-TD,0,6,-0.0023441314697265625
7546,T,C,0,MT-TD,0,6,-0.0015535354614257812
7547,T,C,0,MT-TD,0,6,-0.0036296844482421875
7552,A,G,0,MT-TD,0,6,-0.010757923126220703
7559,A,G,0,MT-TD,0,6,0.0012054443359375
7561,T,C,0,MT-TD,0,6,-0.0023746490478515625
7567,C,T,0,MT-TD,0,6,0.002028942108154297
7568,T,C,0,MT-TD,0,6,-0.00031280517578125
7569,A,G,0,MT-TD,0,6,-0.0002727508544921875
7570,A,G,0,MT-TD,0,6,-0.0030498504638671875
7572,T,C,0,MT-TD,0,6,0.000560760498046875
7576,A,G,0,MT-TD,0,6,-0.0015811920166015625
7581,T,C,0,MT-TD,0,6,0.0025510787963867188
7585,A,G,0,MT-TD,0,6,-5.626678466796875e-05
8298,T,C,0,MT-TK,0,6,-0.0027313232421875
8300,T,C,0,MT-TK,0,6,0.00046634674072265625
8308,A,G,0,MT-TK,0,6,0.0002770423889160156
8311,T,C,0,MT-TK,0,6,0.0006768703460693359
8313,G,A,1,MT-TK,0,6,-0.004860877990722656
8315,A,G,0,MT-TK,0,6,-0.00164794921875
8331,A,G,0,MT-TK,0,6,-0.006491184234619141
8337,T,C,0,MT-TK,0,6,-0.0013208389282226562
8338,A,G,0,MT-TK,0,6,-0.004548549652099609
8340,G,A,1,MT-TK,0,6,-0.0030100345611572266
8343,A,G,0,MT-TK,0,6,-0.0012273788452148438
8344,A,G,1,MT-TK,0,6,0.0008230209350585938
8345,C,T,0,MT-TK,0,6,0.0009379386901855469
8346,C,A,0,MT-TK,0,6,-0.0018720626831054688
8347,A,G,0,MT-TK,0,6,-0.002758026123046875
8348,A,G,0,MT-TK,0,6,-0.00389862060546875
8349,C,T,0,MT-TK,0,6,-0.002407550811767578
8350,A,G,0,MT-TK,0,6,-0.0020155906677246094
8356,T,C,1,MT-TK,0,6,-0.0018682479858398438
8360,A,G,0,MT-TK,0,6,-0.0035691261291503906
8363,G,A,1,MT-TK,0,6,0.0006165504455566406
9991,A,G,0,MT-TG,0,6,0.00167083740234375
9995,T,C,0,MT-TG,0,6,-0.000942230224609375
10003,T,C,0,MT-TG,0,6,4.1961669921875e-05
10005,A,G,0,MT-TG,0,6,0.001552581787109375
10006,A,G,0,MT-TG,0,6,-0.00128173828125
10007,T,C,0,MT-TG,0,6,-0.0020465850830078125
10013,C,T,0,MT-TG,0,6,0.0010528564453125
10018,A,G,0,MT-TG,0,6,-0.009584426879882812
10029,A,G,0,MT-TG,0,6,-0.0033721923828125
10031,T,C,0,MT-TG,0,6,-0.0015172958374023438
10034,T,C,0,MT-TG,0,6,-0.0025005340576171875
10040,C,T,0,MT-TG,0,6,0.0030269622802734375
10042,A,G,0,MT-TG,0,6,-0.0034151077270507812
10044,A,G,0,MT-TG,0,6,-0.0012178421020507812
10045,T,C,0,MT-TG,0,6,0.0006265640258789062
10410,T,A,0,MT-TR,0,6,0.0023899078369140625
10410,T,C,0,MT-TR,0,6,6.818771362304688e-05
10411,A,G,0,MT-TR,0,6,0.007950544357299805
10420,A,G,0,MT-TR,0,6,-0.0002346038818359375
10427,G,A,0,MT-TR,0,6,0.0032176971435546875
10440,T,C,0,MT-TR,0,6,-0.0013260841369628906
10446,A,G,0,MT-TR,0,6,0.0012259483337402344
10448,T,C,0,MT-TR,0,6,-0.0022716522216796875
10454,T,C,0,MT-TR,0,6,0.0002918243408203125
10456,A,G,0,MT-TR,0,6,-0.002261638641357422
10463,T,C,0,MT-TR,0,6,0.0002536773681640625
12141,A,G,0,MT-TH,0,6,-0.004257798194885254
12142,A,G,0,MT-TH,0,6,-0.00296783447265625
12147,G,A,1,MT-TH,0,6,-0.0007472038269042969
12151,A,G,0,MT-TH,0,6,-0.018195390701293945
12160,A,G,0,MT-TH,0,6,-0.00252377986907959
12161,T,C,0,MT-TH,0,6,-0.00041484832763671875
12164,G,A,0,MT-TH,0,6,-0.007845640182495117
12166,T,C,0,MT-TH,0,6,-0.0005644559860229492
12171,A,G,0,MT-TH,0,6,0.001110076904296875
12172,A,G,0,MT-TH,0,6,-0.0024051666259765625
12173,T,C,0,MT-TH,0,6,-0.005864620208740234
12178,C,T,0,MT-TH,0,6,-0.0016883611679077148
12181,C,T,0,MT-TH,0,6,0.0020797252655029297
12188,T,C,0,MT-TH,0,6,-0.0023331642150878906
12189,T,C,0,MT-TH,0,6,0.00014412403106689453
12191,C,T,0,MT-TH,0,6,1.52587890625e-05
12192,G,A,0,MT-TH,0,6,0.0024995803833007812
12193,A,G,0,MT-TH,0,6,-4.649162292480469e-05
12196,C,T,0,MT-TH,0,6,0.0006875991821289062
12201,T,C,1,MT-TH,0,6,-0.004152894020080566
12215,T,C,0,MT-TS2,0,6,-0.0017304420471191406
12216,C,T,0,MT-TS2,0,6,0.001185774803161621
12223,A,G,0,MT-TS2,0,6,-0.0030918121337890625
12231,C,T,0,MT-TS2,0,6,-0.0002970695495605469
12234,A,G,0,MT-TS2,0,6,-0.0008641481399536133
12235,T,C,0,MT-TS2,0,6,-0.003799915313720703
12237,C,T,0,MT-TS2,0,6,-0.0019176006317138672
12239,C,T,0,MT-TS2,0,6,-0.0005331039428710938
12245,T,C,0,MT-TS2,0,6,-0.001163482666015625
12246,C,T,0,MT-TS2,0,6,-0.005430459976196289
12248,A,G,0,MT-TS2,0,6,-0.0033273696899414062
12258,C,A,1,MT-TS2,0,6,-0.005975961685180664
12265,A,G,0,MT-TS2,0,6,-0.003760814666748047
12273,A,G,0,MT-TL2,0,6,0.00034618377685546875
12276,G,A,1,MT-TL2,0,6,-0.0024709701538085938
12279,A,G,0,MT-TL2,0,6,-0.005537986755371094
12279,A,T,0,MT-TL2,0,6,-0.0005388259887695312
12280,A,G,0,MT-TL2,0,6,-0.0008835792541503906
12281,C,T,0,MT-TL2,0,6,0.0002899169921875
12285,T,C,0,MT-TL2,0,6,0.0024232864379882812
12295,T,C,0,MT-TL2,0,6,-0.0045969486236572266
12297,T,C,0,MT-TL2,0,6,-0.004405021667480469
12308,A,G,0,MT-TL2,0,6,-0.000820159912109375
12311,T,C,0,MT-TL2,0,6,0.0007476806640625
12315,G,A,1,MT-TL2,0,6,-0.002758026123046875
14674,T,C,1,MT-TE,0,6,0.0018002986907958984
14683,A,G,0,MT-TE,0,6,0.001264810562133789
14684,C,T,0,MT-TE,0,6,0.0019161701202392578
14687,A,G,0,MT-TE,0,6,-0.0019106864929199219
14690,A,G,0,MT-TE,0,6,-0.0010461807250976562
14691,C,T,0,MT-TE,0,6,0.007445812225341797
14693,A,G,0,MT-TE,0,6,-0.0015668869018554688
14696,A,C,0,MT-TE,0,6,-0.0004018545150756836
14696,A,G,0,MT-TE,0,6,0.0005178451538085938
14706,A,G,0,MT-TE,0,6,0.0006361007690429688
14709,T,C,1,MT-TE,0,6,0.0005751848220825195
14716,C,T,0,MT-TE,0,6,-0.001078963279724121
14727,T,C,0,MT-TE,0,6,0.00033593177795410156
15889,T,C,0,MT-TT,0,6,-0.000774383544921875
15891,C,T,0,MT-TT,0,6,-0.0038852691650390625
15892,T,C,0,MT-TT,0,6,-0.003827214241027832
15893,T,C,0,MT-TT,0,6,-0.003142118453979492
15894,G,A,0,MT-TT,0,6,0.00046885013580322266
15895,T,C,0,MT-TT,0,6,-0.013731122016906738
15900,T,C,0,MT-TT,0,6,-0.0016766786575317383
15902,A,G,0,MT-TT,0,6,0.0057256221771240234
15903,A,G,0,MT-TT,0,6,-0.0005640983581542969
15904,C,T,0,MT-TT,0,6,0.002903461456298828
15905,T,C,0,MT-TT,0,6,-0.0014004707336425781
15907,A,G,0,MT-TT,0,6,0.0004706382751464844
15908,T,C,0,MT-TT,0,6,-0.004336237907409668
15909,A,G,0,MT-TT,0,6,-0.006917476654052734
15911,A,G,0,MT-TT,0,6,-0.0009288787841796875
15913,C,T,0,MT-TT,0,6,-0.0006935596466064453
15914,A,G,0,MT-TT,0,6,0.004938721656799316
15916,T,C,0,MT-TT,0,6,-0.008209705352783203
15923,A,G,1,MT-TT,0,6,-0.004485011100769043
15924,A,G,0,MT-TT,0,6,-0.002286195755004883
15925,C,T,0,MT-TT,0,6,0.0002474784851074219
15926,C,T,0,MT-TT,0,6,0.0001697540283203125
15927,G,A,0,MT-TT,0,6,-0.0016646385192871094
15928,G,A,0,MT-TT,0,6,-0.001286625862121582
15929,A,G,0,MT-TT,0,6,-0.0033701658248901367
15930,G,A,0,MT-TT,0,6,0.0003126859664916992
15932,T,C,0,MT-TT,0,6,-0.0010266304016113281
15935,A,G,0,MT-TT,0,6,-0.0025582313537597656
15936,A,G,0,MT-TT,0,6,-0.0035228729248046875
15936,A,T,0,MT-TT,0,6,-0.0018085241317749023
15937,A,G,0,MT-TT,0,6,-0.00393521785736084
15937,A,T,0,MT-TT,0,6,-0.002110123634338379
15938,C,T,0,MT-TT,0,6,-0.0011293888092041016
15939,C,T,0,MT-TT,0,6,0.00048160552978515625
15940,T,C,0,MT-TT,0,6,0.0020961761474609375
15941,T,C,0,MT-TT,0,6,0.0016713142395019531
15942,T,C,0,MT-TT,0,6,-0.0014734268188476562
15943,T,C,0,MT-TT,0,6,-0.0011129379272460938
15944,T,C,0,MT-TT,0,6,-0.0009708404541015625
15946,C,T,0,MT-TT,0,6,-0.0017855167388916016
15947,A,G,0,MT-TT,0,6,-0.003217458724975586
15949,G,A,0,MT-TT,0,6,-0.003173351287841797
15951,A,G,0,MT-TT,0,6,-0.0023528337478637695
15952,C,T,0,MT-TT,0,6,-0.0015468597412109375
15965,A,G,0,MT-TP,0,6,-0.001352071762084961
15968,T,C,0,MT-TP,0,6,0.0019870996475219727
15970,T,C,0,MT-TP,0,6,0.000681757926940918
15977,C,T,0,MT-TP,0,6,-0.00141143798828125
15978,C,T,0,MT-TP,0,6,-0.0003705024719238281
15990,C,T,1,MT-TP,0,6,-0.0009354352951049805
15992,A,T,0,MT-TP,0,6,-0.0018333196640014648
16011,A,G,0,MT-TP,0,6,-0.005009651184082031
16017,T,C,0,MT-TP,0,6,-0.0008100271224975586
591,C,T,1,MT-TF,0,7,0.0016374588012695312
592,C,T,0,MT-TF,0,7,0.001759171485900879
593,T,C,0,MT-TF,0,7,0.0007724761962890625
595,C,A,0,MT-TF,0,7,0.0030689239501953125
595,C,T,0,MT-TF,0,7,0.0003681182861328125
596,T,C,0,MT-TF,0,7,0.00037860870361328125
597,C,T,0,MT-TF,0,7,0.0016937255859375
603,A,G,0,MT-TF,0,7,-0.0021195411682128906
606,A,G,0,MT-TF,0,7,0.00038051605224609375
616,T,C,1,MT-TF,0,7,-0.0023288726806640625
619,T,C,0,MT-TF,0,7,0.0004940032958984375
621,A,G,0,MT-TF,0,7,-0.0012143850326538086
629,T,A,0,MT-TF,0,7,0.0010690689086914062
629,T,C,0,MT-TF,0,7,0.00128173828125
630,C,T,0,MT-TF,0,7,0.0003814697265625
633,A,G,0,MT-TF,0,7,-0.000888824462890625
634,T,A,0,MT-TF,0,7,0.0009151697158813477
634,T,C,0,MT-TF,0,7,0.001129150390625
635,C,T,0,MT-TF,0,7,-0.000400543212890625
644,A,G,0,MT-TF,0,7,-0.0025963783264160156
647,A,G,0,MT-TF,0,7,-0.002246856689453125
1607,T,C,0,MT-TV,0,7,-3.0517578125e-05
1617,C,T,0,MT-TV,0,7,-0.0004940032958984375
1618,A,G,0,MT-TV,0,7,-0.000240325927734375
1624,C,T,1,MT-TV,0,7,-0.0061740875244140625
1628,C,T,0,MT-TV,0,7,0.0074634552001953125
1640,A,G,0,MT-TV,0,7,0.002033233642578125
1644,G,A,1,MT-TV,0,7,0.000514984130859375
1646,T,C,0,MT-TV,0,7,0.000591278076171875
1657,C,T,0,MT-TV,0,7,-0.000476837158203125
1664,G,A,0,MT-TV,0,7,0.001186370849609375
1670,A,T,0,MT-TV,0,7,-0.000423431396484375
3236,A,G,0,MT-TL1,0,7,0.00021886825561523438
3242,G,A,1,MT-TL1,0,7,-0.006133556365966797
3243,A,G,1,MT-TL1,0,7,-0.027108192443847656
3243,A,T,1,MT-TL1,0,7,-0.003448963165283203
3251,A,G,1,MT-TL1,0,7,-0.0008916854858398438
3252,A,G,1,MT-TL1,0,7,-0.006022930145263672
3254,C,A,0,MT-TL1,0,7,-0.0013053417205810547
3254,C,T,0,MT-TL1,0,7,0.004683017730712891
3255,G,A,1,MT-TL1,0,7,0.00021982192993164062
3256,C,T,1,MT-TL1,0,7,-0.010606050491333008
3258,T,C,1,MT-TL1,0,7,-0.0007719993591308594
3260,A,G,1,MT-TL1,0,7,-0.004302620887756348
3261,A,G,0,MT-TL1,0,7,0.0030791759490966797
3271,T,C,1,MT-TL1,0,7,-0.00040435791015625
3275,C,A,0,MT-TL1,0,7,-0.0015758275985717773
3275,C,G,0,MT-TL1,0,7,0.00030112266540527344
3275,C,T,0,MT-TL1,0,7,0.0054215192794799805
3277,G,A,0,MT-TL1,0,7,0.001461029052734375
3278,T,C,0,MT-TL1,0,7,-0.0030956268310546875
3290,T,C,0,MT-TL1,0,7,-0.0010592937469482422
3291,T,C,1,MT-TL1,0,7,-0.001981496810913086
3302,A,G,1,MT-TL1,0,7,-0.0026426315307617188
3303,C,T,1,MT-TL1,0,7,-0.0025445222854614258
4300,A,G,1,MT-TI,0,7,-0.0029022693634033203
4310,A,G,0,MT-TI,0,7,0.0025240182876586914
4312,C,T,0,MT-TI,0,7,0.002632617950439453
4313,T,C,0,MT-TI,0,7,-0.000396728515625
4314,T,A,0,MT-TI,0,7,0.0005507469177246094
4314,T,C,0,MT-TI,0,7,-0.0006816387176513672
4317,A,G,0,MT-TI,0,7,0.0005446672439575195
4318,C,T,0,MT-TI,0,7,-0.0010510683059692383
4335,C,T,0,MT-TQ,0,7,-5.424022674560547e-05
4336,T,C,0,MT-TQ,0,7,-0.0005881786346435547
4340,A,G,0,MT-TQ,0,7,0.0033953189849853516
4343,A,G,0,MT-TQ,0,7,-0.0031545162200927734
4350,C,T,0,MT-TQ,0,7,0.0016772747039794922
4353,T,C,0,MT-TQ,0,7,-0.0016521215438842773
4370,T,C,0,MT-TQ,0,7,-0.0002804994583129883
4371,T,C,0,MT-TQ,0,7,0.0014365911483764648
4373,T,C,0,MT-TQ,0,7,-0.001589059829711914
4375,C,T,0,MT-TQ,0,7,-0.0012955665588378906
4381,A,G,0,MT-TQ,0,7,-0.002489805221557617
4384,T,A,0,MT-TQ,0,7,0.00010657310485839844
4384,T,C,0,MT-TQ,0,7,2.5987625122070312e-05
4385,A,G,0,MT-TQ,0,7,-0.0023353099822998047
4385,A,T,0,MT-TQ,0,7,-0.0031305551528930664
4386,T,C,0,MT-TQ,0,7,-0.0026476383209228516
4387,C,T,0,MT-TQ,0,7,0.002118349075317383
4394,C,A,0,MT-TQ,0,7,0.0044095516204833984
4395,A,G,0,MT-TQ,0,7,0.0010483264923095703
4417,A,G,0,MT-TM,0,7,-0.005377531051635742
4418,T,C,0,MT-TM,0,7,-0.015801429748535156
4435,A,G,0,MT-TM,0,7,-0.0013337135314941406
4450,G,A,1,MT-TM,0,7,-0.0035789012908935547
4452,T,C,0,MT-TM,0,7,-0.000527501106262207
4454,T,A,0,MT-TM,0,7,-0.0010650157928466797
4454,T,C,0,MT-TM,0,7,-0.0004183053970336914
4464,G,A,0,MT-TM,0,7,-0.0026923418045043945
5514,A,G,0,MT-TW,0,7,-0.0067310333251953125
5515,A,G,0,MT-TW,0,7,-0.0057299137115478516
5516,A,G,0,MT-TW,0,7,-0.006480574607849121
5521,G,A,1,MT-TW,0,7,0.021107196807861328
5527,A,G,0,MT-TW,0,7,-0.002557039260864258
5528,T,C,0,MT-TW,0,7,-0.001299142837524414
5530,C,T,0,MT-TW,0,7,0.005767107009887695
5539,A,G,0,MT-TW,0,7,-0.0018343925476074219
5539,A,T,0,MT-TW,0,7,-0.008359074592590332
5553,T,C,0,MT-TW,0,7,-0.003023982048034668
5553,T,G,0,MT-TW,0,7,-0.0044727325439453125
5554,C,A,0,MT-TW,0,7,0.0021458864212036133
5556,G,A,1,MT-TW,0,7,0.0002677440643310547
5557,T,C,0,MT-TW,0,7,-0.0005764961242675781
5561,T,C,0,MT-TW,0,7,0.0008243322372436523
5563,G,A,0,MT-TW,0,7,0.0016361474990844727
5566,A,G,0,MT-TW,0,7,-0.0016113519668579102
5567,T,C,0,MT-TW,0,7,-0.0010192394256591797
5568,A,G,0,MT-TW,0,7,7.49826431274414e-05
5592,A,G,0,MT-TA,0,7,-0.0018010139465332031
5600,A,G,0,MT-TA,0,7,-0.0005152225494384766
5601,C,T,0,MT-TA,0,7,0.002410292625427246
5603,C,T,0,MT-TA,0,7,-0.0007599592208862305
5604,C,T,0,MT-TA,0,7,0.0013641119003295898
5605,A,G,0,MT-TA,0,7,-0.0020099878311157227
5608,C,T,0,MT-TA,0,7,-8.594989776611328e-05
5618,T,C,0,MT-TA,0,7,-0.004289507865905762
5628,T,C,0,MT-TA,0,7,-0.0022962093353271484
5633,C,T,0,MT-TA,0,7,0.0009562969207763672
5640,A,G,0,MT-TA,0,7,-0.003936767578125
5650,G,A,1,MT-TA,0,7,0.0007572174072265625
5655,T,C,0,MT-TA,0,7,0.0007935762405395508
5662,C,T,0,MT-TN,0,7,0.00017571449279785156
5663,C,T,0,MT-TN,0,7,0.0006681680679321289
5664,A,G,0,MT-TN,0,7,-0.003041505813598633
5665,A,G,0,MT-TN,0,7,-0.00033736228942871094
5673,T,C,0,MT-TN,0,7,-0.007071018218994141
5686,A,T,0,MT-TN,0,7,-0.0011246204376220703
5690,A,G,1,MT-TN,0,7,-0.00830984115600586
5703,G,A,1,MT-TN,0,7,-0.00016868114471435547
5705,A,G,0,MT-TN,0,7,-0.001250147819519043
5711,A,G,0,MT-TN,0,7,-0.0003908872604370117
5715,A,G,0,MT-TN,0,7,-0.002804279327392578
5728,T,C,1,MT-TN,0,7,-0.001466989517211914
5772,G,A,0,MT-TC,0,7,0.0026330947875976562
5773,G,A,0,MT-TC,0,7,-0.001544952392578125
5774,T,C,0,MT-TC,0,7,3.4332275390625e-05
5774,T,G,0,MT-TC,0,7,-0.002587437629699707
5775,T,C,0,MT-TC,0,7,-0.0017714500427246094
5780,G,A,0,MT-TC,0,7,0.0017415285110473633
5783,G,A,0,MT-TC,0,7,-0.0030825138092041016
5785,T,C,0,MT-TC,0,7,0.002423405647277832
5786,T,C,0,MT-TC,0,7,0.004399418830871582
5788,T,C,0,MT-TC,0,7,-0.0009765625
5794,T,C,0,MT-TC,0,7,-0.0014530420303344727
5800,A,G,0,MT-TC,0,7,-0.004937291145324707
5806,T,C,0,MT-TC,0,7,-0.0028786659240722656
5807,A,G,0,MT-TC,0,7,0.0014040470123291016
5811,A,G,0,MT-TC,0,7,-0.0020123720169067383
5814,T,A,0,MT-TC,0,7,-0.0033342838287353516
5814,T,C,0,MT-TC,0,7,-0.0014917850494384766
5817,C,T,0,MT-TC,0,7,-0.012119770050048828
5821,G,A,0,MT-TC,0,7,0.0024210214614868164
5822,G,A,0,MT-TC,0,7,-0.003163576126098633
5823,A,G,0,MT-TC,0,7,5.161762237548828e-05
5824,G,A,0,MT-TC,0,7,-0.0019952058792114258
5836,A,G,0,MT-TY,0,7,0.0018475055694580078
5839,C,T,0,MT-TY,0,7,-0.0010373592376708984
5840,C,T,0,MT-TY,0,7,-0.0007028579711914062
5843,A,G,0,MT-TY,0,7,-0.0011169910430908203
5846,C,T,0,MT-TY,0,7,0.0018564462661743164
5855,A,G,0,MT-TY,0,7,-0.0002353191375732422
5867,C,T,0,MT-TY,0,7,0.0061969757080078125
5875,C,T,0,MT-TY,0,7,0.002817869186401367
5876,A,G,0,MT-TY,0,7,-0.0012860298156738281
7453,G,A,1,MT-TS1,0,7,-0.0004369020462036133
7460,A,G,0,MT-TS1,0,7,-0.003285527229309082
7469,C,T,0,MT-TS1,0,7,-0.0017524957656860352
7471,C,A,0,MT-TS1,0,7,-0.0014744997024536133
7471,C,T,0,MT-TS1,0,7,0.0008562803268432617
7472,A,T,0,MT-TS1,0,7,0.003197312355041504
7476,C,T,0,MT-TS1,0,7,0.0012290477752685547
7490,A,G,0,MT-TS1,0,7,-0.0011307001113891602
7493,C,T,0,MT-TS1,0,7,-0.0006951093673706055
7497,G,A,1,MT-TS1,0,7,0.0014153718948364258
7498,G,A,0,MT-TS1,0,7,0.0021065473556518555
7501,T,C,0,MT-TS1,0,7,-0.00049591064453125
7510,T,C,1,MT-TS1,0,7,-0.0013048648834228516
7511,T,C,1,MT-TS1,0,7,-0.0014885663986206055
7512,T,C,1,MT-TS1,0,7,0.0003699064254760742
7521,G,A,0,MT-TD,0,7,0.0027658939361572266
7533,C,T,0,MT-TD,0,7,0.0005869865417480469
7534,C,T,0,MT-TD,0,7,-0.0002830028533935547
7543,A,G,0,MT-TD,0,7,-0.009966373443603516
7546,T,C,0,MT-TD,0,7,-0.0026984214782714844
7547,T,C,0,MT-TD,0,7,-0.0006103515625
7552,A,G,0,MT-TD,0,7,-0.008104324340820312
7559,A,G,0,MT-TD,0,7,0.0008172988891601562
7561,T,C,0,MT-TD,0,7,-0.00042724609375
7567,C,T,0,MT-TD,0,7,0.0022430419921875
7568,T,C,0,MT-TD,0,7,-0.000720977783203125
7569,A,G,0,MT-TD,0,7,-0.000946044921875
7570,A,G,0,MT-TD,0,7,-0.003147125244140625
7572,T,C,0,MT-TD,0,7,-0.000507354736328125
7576,A,G,0,MT-TD,0,7,-0.0038213729858398438
7581,T,C,0,MT-TD,0,7,-0.00064849853515625
7585,A,G,0,MT-TD,0,7,-0.0004754066467285156
8298,T,C,0,MT-TK,0,7,-0.0016093254089355469
8300,T,C,0,MT-TK,0,7,0.00016498565673828125
8308,A,G,0,MT-TK,0,7,0.0017590522766113281
8311,T,C,0,MT-TK,0,7,0.00013113021850585938
8313,G,A,1,MT-TK,0,7,-0.00012159347534179688
8315,A,G,0,MT-TK,0,7,-0.0005125999450683594
8331,A,G,0,MT-TK,0,7,0.00039768218994140625
8337,T,C,0,MT-TK,0,7,-0.0005664825439453125
8338,A,G,0,MT-TK,0,7,-0.0011949539184570312
8340,G,A,1,MT-TK,0,7,-0.003520488739013672
8343,A,G,0,MT-TK,0,7,0.0011110305786132812
8344,A,G,1,MT-TK,0,7,-0.0004696846008300781
8345,C,T,0,MT-TK,0,7,0.002561807632446289
8346,C,A,0,MT-TK,0,7,-0.0022678375244140625
8347,A,G,0,MT-TK,0,7,-0.0022826194763183594
8348,A,G,0,MT-TK,0,7,-0.0013033151626586914
8349,C,T,0,MT-TK,0,7,-4.57763671875e-05
8350,A,G,0,MT-TK,0,7,-0.00017261505126953125
8356,T,C,1,MT-TK,0,7,-0.0014538764953613281
8360,A,G,0,MT-TK,0,7,-0.0023331642150878906
8363,G,A,1,MT-TK,0,7,-0.0014362335205078125
9991,A,G,0,MT-TG,0,7,-0.002140045166015625
9995,T,C,0,MT-TG,0,7,-0.0025224685668945312
10003,T,C,0,MT-TG,0,7,0.0002899169921875
10005,A,G,0,MT-TG,0,7,-0.00072479248046875
10006,A,G,0,MT-TG,0,7,-0.00023794174194335938
10007,T,C,0,MT-TG,0,7,-7.2479248046875e-05
10013,C,T,0,MT-TG,0,7,0.0010662078857421875
10018,A,G,0,MT-TG,0,7,-0.002513885498046875
10029,A,G,0,MT-TG,0,7,-0.0016736984252929688
10031,T,C,0,MT-TG,0,7,-0.0012683868408203125
10034,T,C,0,MT-TG,0,7,-0.0011749267578125
10040,C,T,0,MT-TG,0,7,0.004481315612792969
10042,A,G,0,MT-TG,0,7,-0.001781463623046875
10044,A,G,0,MT-TG,0,7,-0.0006847381591796875
10045,T,C,0,MT-TG,0,7,-0.000492095947265625
10410,T,A,0,MT-TR,0,7,0.0006771087646484375
10410,T,C,0,MT-TR,0,7,-0.00054168701171875
10411,A,G,0,MT-TR,0,7,-0.0019826889038085938
10420,A,G,0,MT-TR,0,7,-0.0008554458618164062
10427,G,A,0,MT-TR,0,7,0.00057220458984375
10440,T,C,0,MT-TR,0,7,-0.0012674331665039062
10446,A,G,0,MT-TR,0,7,0.0015625953674316406
10448,T,C,0,MT-TR,0,7,-0.002399444580078125
10454,T,C,0,MT-TR,0,7,-0.00018310546875
10456,A,G,0,MT-TR,0,7,-0.0013866424560546875
10463,T,C,0,MT-TR,0,7,0.0004825592041015625
12141,A,G,0,MT-TH,0,7,-0.003284931182861328
12142,A,G,0,MT-TH,0,7,-0.002753019332885742
12147,G,A,1,MT-TH,0,7,-0.020403623580932617
12151,A,G,0,MT-TH,0,7,-0.02556896209716797
12160,A,G,0,MT-TH,0,7,-0.006591320037841797
12161,T,C,0,MT-TH,0,7,-0.00029206275939941406
12164,G,A,0,MT-TH,0,7,-0.009454727172851562
12166,T,C,0,MT-TH,0,7,0.0007381439208984375
12171,A,G,0,MT-TH,0,7,-0.0017619132995605469
12172,A,G,0,MT-TH,0,7,-0.001608133316040039
12173,T,C,0,MT-TH,0,7,-0.003485441207885742
12178,C,T,0,MT-TH,0,7,-0.0004837512969970703
12181,C,T,0,MT-TH,0,7,6.079673767089844e-06
12188,T,C,0,MT-TH,0,7,-0.002537250518798828
12189,T,C,0,MT-TH,0,7,0.0019817352294921875
12191,C,T,0,MT-TH,0,7,0.0009752511978149414
12192,G,A,0,MT-TH,0,7,0.0010349750518798828
12193,A,G,0,MT-TH,0,7,-0.001383066177368164
12196,C,T,0,MT-TH,0,7,8.58306884765625e-06
12201,T,C,1,MT-TH,0,7,-0.0031366348266601562
12215,T,C,0,MT-TS2,0,7,0.0004761219024658203
12216,C,T,0,MT-TS2,0,7,0.0005090236663818359
12223,A,G,0,MT-TS2,0,7,-0.003958582878112793
12231,C,T,0,MT-TS2,0,7,0.0012881755828857422
12234,A,G,0,MT-TS2,0,7,-0.007618904113769531
12235,T,C,0,MT-TS2,0,7,-0.005563259124755859
12237,C,T,0,MT-TS2,0,7,-0.0024580955505371094
12239,C,T,0,MT-TS2,0,7,-0.0010383129119873047
12245,T,C,0,MT-TS2,0,7,-0.003888845443725586
12246,C,T,0,MT-TS2,0,7,-0.003363370895385742
12248,A,G,0,MT-TS2,0,7,-0.0029935836791992188
12258,C,A,1,MT-TS2,0,7,-0.006373167037963867
12265,A,G,0,MT-TS2,0,7,-0.0004706382751464844
12273,A,G,0,MT-TL2,0,7,-0.000591278076171875
12276,G,A,1,MT-TL2,0,7,-0.00014209747314453125
12279,A,G,0,MT-TL2,0,7,-0.000743865966796875
12279,A,T,0,MT-TL2,0,7,-0.002826690673828125
12280,A,G,0,MT-TL2,0,7,-0.0012760162353515625
12281,C,T,0,MT-TL2,0,7,0.00049591064453125
12285,T,C,0,MT-TL2,0,7,-0.0018596649169921875
12295,T,C,0,MT-TL2,0,7,-0.0016574859619140625
12297,T,C,0,MT-TL2,0,7,-0.0035800933837890625
12308,A,G,0,MT-TL2,0,7,-0.00196075439453125
12311,T,C,0,MT-TL2,0,7,0.00011157989501953125
12315,G,A,1,MT-TL2,0,7,-0.006623268127441406
14674,T,C,1,MT-TE,0,7,-0.0013992786407470703
14683,A,G,0,MT-TE,0,7,0.002797722816467285
14684,C,T,0,MT-TE,0,7,0.004120826721191406
14687,A,G,0,MT-TE,0,7,-0.0010126829147338867
14690,A,G,0,MT-TE,0,7,0.0012382268905639648
14691,C,T,0,MT-TE,0,7,0.004140138626098633
14693,A,G,0,MT-TE,0,7,-0.00013744831085205078
14696,A,C,0,MT-TE,0,7,0.00012123584747314453
14696,A,G,0,MT-TE,0,7,0.00912463665008545
14706,A,G,0,MT-TE,0,7,0.0009093284606933594
14709,T,C,1,MT-TE,0,7,0.001109480857849121
14716,C,T,0,MT-TE,0,7,0.0007481575012207031
14727,T,C,0,MT-TE,0,7,0.00012135505676269531
15889,T,C,0,MT-TT,0,7,-3.898143768310547e-05
15891,C,T,0,MT-TT,0,7,-0.010467529296875
15892,T,C,0,MT-TT,0,7,0.00048160552978515625
15893,T,C,0,MT-TT,0,7,-0.002821683883666992
15894,G,A,0,MT-TT,0,7,1.1920928955078125e-05
15895,T,C,0,MT-TT,0,7,-0.0070972442626953125
15900,T,C,0,MT-TT,0,7,-0.0023021697998046875
15902,A,G,0,MT-TT,0,7,-0.002301931381225586
15903,A,G,0,MT-TT,0,7,-0.0021212100982666016
15904,C,T,0,MT-TT,0,7,-1.5497207641601562e-06
15905,T,C,0,MT-TT,0,7,-0.004389762878417969
15907,A,G,0,MT-TT,0,7,5.1140785217285156e-05
15908,T,C,0,MT-TT,0,7,-0.000301361083984375
15909,A,G,0,MT-TT,0,7,-0.005767822265625
15911,A,G,0,MT-TT,0,7,-0.0023654699325561523
15913,C,T,0,MT-TT,0,7,-0.0008411407470703125
15914,A,G,0,MT-TT,0,7,0.0056836605072021484
15916,T,C,0,MT-TT,0,7,-0.004607677459716797
15923,A,G,1,MT-TT,0,7,-0.0025404691696166992
15924,A,G,0,MT-TT,0,7,0.0003161430358886719
15925,C,T,0,MT-TT,0,7,-0.0031685829162597656
15926,C,T,0,MT-TT,0,7,0.0008521080017089844
15927,G,A,0,MT-TT,0,7,-0.004121541976928711
15928,G,A,0,MT-TT,0,7,-0.0019292831420898438
15929,A,G,0,MT-TT,0,7,-0.0017108917236328125
15930,G,A,0,MT-TT,0,7,0.0014133453369140625
15932,T,C,0,MT-TT,0,7,-0.0005892515182495117
15935,A,G,0,MT-TT,0,7,-0.004417896270751953
15936,A,G,0,MT-TT,0,7,-0.0028057098388671875
15936,A,T,0,MT-TT,0,7,-0.0034513473510742188
15937,A,G,0,MT-TT,0,7,-0.003570079803466797
15937,A,T,0,MT-TT,0,7,-0.00196075439453125
15938,C,T,0,MT-TT,0,7,-0.0012197494506835938
15939,C,T,0,MT-TT,0,7,0.0005743503570556641
15940,T,C,0,MT-TT,0,7,0.0007004737854003906
15941,T,C,0,MT-TT,0,7,-0.002378225326538086
15942,T,C,0,MT-TT,0,7,-0.0005712509155273438
15943,T,C,0,MT-TT,0,7,-0.0009560585021972656
15944,T,C,0,MT-TT,0,7,-0.0018930435180664062
15946,C,T,0,MT-TT,0,7,-0.00018072128295898438
15947,A,G,0,MT-TT,0,7,-0.002834796905517578
15949,G,A,0,MT-TT,0,7,-0.002610445022583008
15951,A,G,0,MT-TT,0,7,-0.0018849372863769531
15952,C,T,0,MT-TT,0,7,-0.0020904541015625
15965,A,G,0,MT-TP,0,7,-0.0010390281677246094
15968,T,C,0,MT-TP,0,7,0.001466512680053711
15970,T,C,0,MT-TP,0,7,0.0002378225326538086
15977,C,T,0,MT-TP,0,7,-0.00014138221740722656
15978,C,T,0,MT-TP,0,7,-0.0006633996963500977
15990,C,T,1,MT-TP,0,7,-0.0026668310165405273
15992,A,T,0,MT-TP,0,7,-0.0020753145217895508
16011,A,G,0,MT-TP,0,7,-0.005282402038574219
16017,T,C,0,MT-TP,0,7,-0.00023734569549560547
591,C,T,1,MT-TF,0,8,0.0016307830810546875
592,C,T,0,MT-TF,0,8,0.003361344337463379
593,T,C,0,MT-TF,0,8,0.0005409717559814453
595,C,A,0,MT-TF,0,8,0.0010488033294677734
595,C,T,0,MT-TF,0,8,-2.6702880859375e-05
596,T,C,0,MT-TF,0,8,0.0007476806640625
597,C,T,0,MT-TF,0,8,0.000682830810546875
603,A,G,0,MT-TF,0,8,-0.0023696422576904297
606,A,G,0,MT-TF,0,8,-0.0007951259613037109
616,T,C,1,MT-TF,0,8,-0.001033782958984375
619,T,C,0,MT-TF,0,8,-0.00083160400390625
621,A,G,0,MT-TF,0,8,-0.004990339279174805
629,T,A,0,MT-TF,0,8,-0.0001068115234375
629,T,C,0,MT-TF,0,8,-0.0008056163787841797
630,C,T,0,MT-TF,0,8,-0.0013074874877929688
633,A,G,0,MT-TF,0,8,-0.000762939453125
634,T,A,0,MT-TF,0,8,0.0025844573974609375
634,T,C,0,MT-TF,0,8,0.0023665428161621094
635,C,T,0,MT-TF,0,8,-6.866455078125e-05
644,A,G,0,MT-TF,0,8,-0.0020313262939453125
647,A,G,0,MT-TF,0,8,-0.002025604248046875
1607,T,C,0,MT-TV,0,8,0.00031375885009765625
1617,C,T,0,MT-TV,0,8,0.0012874603271484375
1618,A,G,0,MT-TV,0,8,0.00066375732421875
1624,C,T,1,MT-TV,0,8,-0.00150299072265625
1628,C,T,0,MT-TV,0,8,0.007395744323730469
1640,A,G,0,MT-TV,0,8,0.0025920867919921875
1644,G,A,1,MT-TV,0,8,-0.0020580291748046875
1646,T,C,0,MT-TV,0,8,0.0010528564453125
1657,C,T,0,MT-TV,0,8,-0.000499725341796875
1664,G,A,0,MT-TV,0,8,0.0004787445068359375
1670,A,T,0,MT-TV,0,8,-0.002696990966796875
3236,A,G,0,MT-TL1,0,8,0.0068476200103759766
3242,G,A,1,MT-TL1,0,8,-0.01793074607849121
3243,A,G,1,MT-TL1,0,8,-0.014811515808105469
3243,A,T,1,MT-TL1,0,8,-0.02825629711151123
3251,A,G,1,MT-TL1,0,8,-0.0031468868255615234
3252,A,G,1,MT-TL1,0,8,-0.0025925636291503906
3254,C,A,0,MT-TL1,0,8,0.0007507801055908203
3254,C,T,0,MT-TL1,0,8,0.0021468400955200195
3255,G,A,1,MT-TL1,0,8,0.0005025863647460938
3256,C,T,1,MT-TL1,0,8,-0.000988006591796875
3258,T,C,1,MT-TL1,0,8,-0.005037665367126465
3260,A,G,1,MT-TL1,0,8,-0.0018682479858398438
3261,A,G,0,MT-TL1,0,8,0.004342079162597656
3271,T,C,1,MT-TL1,0,8,-0.0005911588668823242
3275,C,A,0,MT-TL1,0,8,0.001930832862854004
3275,C,G,0,MT-TL1,0,8,-0.0002378225326538086
3275,C,T,0,MT-TL1,0,8,-0.0008105039596557617
3277,G,A,0,MT-TL1,0,8,-6.318092346191406e-05
3278,T,C,0,MT-TL1,0,8,-0.0008225440979003906
3290,T,C,0,MT-TL1,0,8,0.0001087188720703125
3291,T,C,1,MT-TL1,0,8,-0.0019185543060302734
3302,A,G,1,MT-TL1,0,8,-0.0031599998474121094
3303,C,T,1,MT-TL1,0,8,-0.0030388832092285156
4300,A,G,1,MT-TI,0,8,0.00048482418060302734
4310,A,G,0,MT-TI,0,8,0.002044677734375
4312,C,T,0,MT-TI,0,8,0.0020210742950439453
4313,T,C,0,MT-TI,0,8,-0.00029981136322021484
4314,T,A,0,MT-TI,0,8,0.0006843805313110352
4314,T,C,0,MT-TI,0,8,-0.0018532276153564453
4317,A,G,0,MT-TI,0,8,0.0005536079406738281
4318,C,T,0,MT-TI,0,8,-0.0009361505508422852
4335,C,T,0,MT-TQ,0,8,-0.0023931264877319336
4336,T,C,0,MT-TQ,0,8,-0.0018548965454101562
4340,A,G,0,MT-TQ,0,8,0.002873659133911133
4343,A,G,0,MT-TQ,0,8,-0.0015794038772583008
4350,C,T,0,MT-TQ,0,8,-0.0018416643142700195
4353,T,C,0,MT-TQ,0,8,-0.001206517219543457
4370,T,C,0,MT-TQ,0,8,-0.00043523311614990234
4371,T,C,0,MT-TQ,0,8,0.0005795955657958984
4373,T,C,0,MT-TQ,0,8,-0.0025860071182250977
4375,C,T,0,MT-TQ,0,8,-0.0020503997802734375
4381,A,G,0,MT-TQ,0,8,-0.0010809898376464844
4384,T,A,0,MT-TQ,0,8,0.0016171932220458984
4384,T,C,0,MT-TQ,0,8,-0.001405477523803711
4385,A,G,0,MT-TQ,0,8,-0.001306772232055664
4385,A,T,0,MT-TQ,0,8,-0.002878904342651367
4386,T,C,0,MT-TQ,0,8,-0.001905202865600586
4387,C,T,0,MT-TQ,0,8,0.0024161338806152344
4394,C,A,0,MT-TQ,0,8,0.004170894622802734
4395,A,G,0,MT-TQ,0,8,0.00020360946655273438
4417,A,G,0,MT-TM,0,8,0.0003426074981689453
4418,T,C,0,MT-TM,0,8,-0.007979750633239746
4435,A,G,0,MT-TM,0,8,-0.004574298858642578
4450,G,A,1,MT-TM,0,8,-0.002324342727661133
4452,T,C,0,MT-TM,0,8,-0.0042934417724609375
4454,T,A,0,MT-TM,0,8,0.0035271644592285156
4454,T,C,0,MT-TM,0,8,-0.0013401508331298828
4464,G,A,0,MT-TM,0,8,-0.0018717050552368164
5514,A,G,0,MT-TW,0,8,-0.0049631595611572266
5515,A,G,0,MT-TW,0,8,0.005644321441650391
5516,A,G,0,MT-TW,0,8,-0.0008285045623779297
5521,G,A,1,MT-TW,0,8,0.010382533073425293
5527,A,G,0,MT-TW,0,8,-0.0026023387908935547
5528,T,C,0,MT-TW,0,8,-0.004359602928161621
5530,C,T,0,MT-TW,0,8,0.001700282096862793
5539,A,G,0,MT-TW,0,8,-0.0046727657318115234
5539,A,T,0,MT-TW,0,8,-0.013936758041381836
5553,T,C,0,MT-TW,0,8,-0.002254962921142578
5553,T,G,0,MT-TW,0,8,-0.006955742835998535
5554,C,A,0,MT-TW,0,8,0.0020241737365722656
5556,G,A,1,MT-TW,0,8,-0.0026416778564453125
5557,T,C,0,MT-TW,0,8,-0.0004940032958984375
5561,T,C,0,MT-TW,0,8,0.0007170438766479492
5563,G,A,0,MT-TW,0,8,0.0010564327239990234
5566,A,G,0,MT-TW,0,8,-0.0021020174026489258
5567,T,C,0,MT-TW,0,8,-0.0005407333374023438
5568,A,G,0,MT-TW,0,8,0.0003262758255004883
5592,A,G,0,MT-TA,0,8,0.0003452301025390625
5600,A,G,0,MT-TA,0,8,0.0013310909271240234
5601,C,T,0,MT-TA,0,8,-0.0023126602172851562
5603,C,T,0,MT-TA,0,8,-0.0006341934204101562
5604,C,T,0,MT-TA,0,8,0.0013287067413330078
5605,A,G,0,MT-TA,0,8,-0.0031987428665161133
5608,C,T,0,MT-TA,0,8,-0.0009034872055053711
5618,T,C,0,MT-TA,0,8,-0.010784149169921875
5628,T,C,0,MT-TA,0,8,-0.017076492309570312
5633,C,T,0,MT-TA,0,8,0.0004924535751342773
5640,A,G,0,MT-TA,0,8,-0.003906369209289551
5650,G,A,1,MT-TA,0,8,-0.0013562440872192383
5655,T,C,0,MT-TA,0,8,-0.0012178421020507812
5662,C,T,0,MT-TN,0,8,0.001759171485900879
5663,C,T,0,MT-TN,0,8,0.0025049448013305664
5664,A,G,0,MT-TN,0,8,-0.0012927055358886719
5665,A,G,0,MT-TN,0,8,-0.0011152029037475586
5673,T,C,0,MT-TN,0,8,-0.006687164306640625
5686,A,T,0,MT-TN,0,8,-0.0012115240097045898
5690,A,G,1,MT-TN,0,8,-0.008747458457946777
5703,G,A,1,MT-TN,0,8,-0.0005340576171875
5705,A,G,0,MT-TN,0,8,-0.0008625984191894531
5711,A,G,0,MT-TN,0,8,-0.001855611801147461
5715,A,G,0,MT-TN,0,8,-0.0023974180221557617
5728,T,C,1,MT-TN,0,8,-0.0012108087539672852
5772,G,A,0,MT-TC,0,8,-0.0018315315246582031
5773,G,A,0,MT-TC,0,8,-0.00013530254364013672
5774,T,C,0,MT-TC,0,8,0.004169464111328125
5774,T,G,0,MT-TC,0,8,-0.0003218650817871094
5775,T,C,0,MT-TC,0,8,-0.0024863481521606445
5780,G,A,0,MT-TC,0,8,0.0005418062210083008
5783,G,A,0,MT-TC,0,8,0.0022906064987182617
5785,T,C,0,MT-TC,0,8,-0.0003815889358520508
5786,T,C,0,MT-TC,0,8,0.0002900362014770508
5788,T,C,0,MT-TC,0,8,-0.0020061731338500977
5794,T,C,0,MT-TC,0,8,-0.0030019283294677734
5800,A,G,0,MT-TC,0,8,-0.005219817161560059
5806,T,C,0,MT-TC,0,8,-0.0006347894668579102
5807,A,G,0,MT-TC,0,8,-4.220008850097656e-05
5811,A,G,0,MT-TC,0,8,-0.005701184272766113
5814,T,A,0,MT-TC,0,8,-0.0028467178344726562
5814,T,C,0,MT-TC,0,8,-0.003963947296142578
5817,C,T,0,MT-TC,0,8,-0.004639029502868652
5821,G,A,0,MT-TC,0,8,0.0008462667465209961
5822,G,A,0,MT-TC,0,8,-0.0029082298278808594
5823,A,G,0,MT-TC,0,8,-0.000864863395690918
5824,G,A,0,MT-TC,0,8,-0.0027500391006469727
5836,A,G,0,MT-TY,0,8,0.0007168054580688477
5839,C,T,0,MT-TY,0,8,-0.0009062290191650391
5840,C,T,0,MT-TY,0,8,0.0002505779266357422
5843,A,G,0,MT-TY,0,8,-0.0002307891845703125
5846,C,T,0,MT-TY,0,8,0.0024461746215820312
5855,A,G,0,MT-TY,0,8,-0.0038591623306274414
5867,C,T,0,MT-TY,0,8,0.004955291748046875
5875,C,T,0,MT-TY,0,8,0.001932382583618164
5876,A,G,0,MT-TY,0,8,-0.0009595155715942383
7453,G,A,1,MT-TS1,0,8,-0.005397796630859375
7460,A,G,0,MT-TS1,0,8,-0.005763053894042969
7469,C,T,0,MT-TS1,0,8,0.001369476318359375
7471,C,A,0,MT-TS1,0,8,0.0024085044860839844
7471,C,T,0,MT-TS1,0,8,0.003041982650756836
7472,A,T,0,MT-TS1,0,8,0.0026189088821411133
7476,C,T,0,MT-TS1,0,8,0.0004546642303466797
7490,A,G,0,MT-TS1,0,8,0.0006388425827026367
7493,C,T,0,MT-TS1,0,8,-0.001384139060974121
7497,G,A,1,MT-TS1,0,8,0.0007456541061401367
7498,G,A,0,MT-TS1,0,8,0.0004467964172363281
7501,T,C,0,MT-TS1,0,8,0.001493215560913086
7510,T,C,1,MT-TS1,0,8,-0.0028765201568603516
7511,T,C,1,MT-TS1,0,8,-0.0009261369705200195
7512,T,C,1,MT-TS1,0,8,0.0002257823944091797
7521,G,A,0,MT-TD,0,8,0.003481626510620117
7533,C,T,0,MT-TD,0,8,0.002833843231201172
7534,C,T,0,MT-TD,0,8,-0.003422260284423828
7543,A,G,0,MT-TD,0,8,-0.00336456298828125
7546,T,C,0,MT-TD,0,8,-0.002548694610595703
7547,T,C,0,MT-TD,0,8,-0.006566524505615234
7552,A,G,0,MT-TD,0,8,-0.007413387298583984
7559,A,G,0,MT-TD,0,8,-0.0012941360473632812
7561,T,C,0,MT-TD,0,8,-0.00203704833984375
7567,C,T,0,MT-TD,0,8,0.002979755401611328
7568,T,C,0,MT-TD,0,8,0.0007257461547851562
7569,A,G,0,MT-TD,0,8,-0.0007877349853515625
7570,A,G,0,MT-TD,0,8,-0.0034699440002441406
7572,T,C,0,MT-TD,0,8,0.0005540847778320312
7576,A,G,0,MT-TD,0,8,-0.004010677337646484
7581,T,C,0,MT-TD,0,8,0.006184101104736328
7585,A,G,0,MT-TD,0,8,0.00036144256591796875
8298,T,C,0,MT-TK,0,8,-0.0023746490478515625
8300,T,C,0,MT-TK,0,8,2.0742416381835938e-05
8308,A,G,0,MT-TK,0,8,0.0006856918334960938
8311,T,C,0,MT-TK,0,8,0.0005612373352050781
8313,G,A,1,MT-TK,0,8,-0.0016326904296875
8315,A,G,0,MT-TK,0,8,-0.0009136199951171875
8331,A,G,0,MT-TK,0,8,-0.004739284515380859
8337,T,C,0,MT-TK,0,8,-0.0012021064758300781
8338,A,G,0,MT-TK,0,8,-0.0024518966674804688
8340,G,A,1,MT-TK,0,8,-0.002246856689453125
8343,A,G,0,MT-TK,0,8,-0.0017910003662109375
8344,A,G,1,MT-TK,0,8,8.96453857421875e-05
8345,C,T,0,MT-TK,0,8,0.0025773048400878906
8346,C,A,0,MT-TK,0,8,-0.0008368492126464844
8347,A,G,0,MT-TK,0,8,-0.003262042999267578
8348,A,G,0,MT-TK,0,8,-0.0036668777465820312
8349,C,T,0,MT-TK,0,8,-0.0012049674987792969
8350,A,G,0,MT-TK,0,8,-0.0018115043640136719
8356,T,C,1,MT-TK,0,8,-0.0013012886047363281
8360,A,G,0,MT-TK,0,8,-0.0027494430541992188
8363,G,A,1,MT-TK,0,8,-0.0007433891296386719
9991,A,G,0,MT-TG,0,8,-0.0012836456298828125
9995,T,C,0,MT-TG,0,8,0.002983570098876953
10003,T,C,0,MT-TG,0,8,-0.00263214111328125
10005,A,G,0,MT-TG,0,8,0.005295753479003906
10006,A,G,0,MT-TG,0,8,-0.0016632080078125
10007,T,C,0,MT-TG,0,8,0.0010433197021484375
10013,C,T,0,MT-TG,0,8,0.0016632080078125
10018,A,G,0,MT-TG,0,8,-0.010492324829101562
10029,A,G,0,MT-TG,0,8,-0.004389762878417969
10031,T,C,0,MT-TG,0,8,-0.000820159912109375
10034,T,C,0,MT-TG,0,8,0.0006103515625
10040,C,T,0,MT-TG,0,8,0.004788398742675781
10042,A,G,0,MT-TG,0,8,-0.000762939453125
10044,A,G,0,MT-TG,0,8,-0.0007305145263671875
10045,T,C,0,MT-TG,0,8,0.0003719329833984375
10410,T,A,0,MT-TR,0,8,-0.00011539459228515625
10410,T,C,0,MT-TR,0,8,-0.000827789306640625
10411,A,G,0,MT-TR,0,8,-0.0019598007202148438
10420,A,G,0,MT-TR,0,8,-0.0014390945434570312
10427,G,A,0,MT-TR,0,8,0.0021800994873046875
10440,T,C,0,MT-TR,0,8,-0.003673076629638672
10446,A,G,0,MT-TR,0,8,-0.00043487548828125
10448,T,C,0,MT-TR,0,8,-0.0011272430419921875
10454,T,C,0,MT-TR,0,8,-0.0015811920166015625
10456,A,G,0,MT-TR,0,8,-0.00220489501953125
10463,T,C,0,MT-TR,0,8,0.0010528564453125
12141,A,G,0,MT-TH,0,8,-0.0025866031646728516
12142,A,G,0,MT-TH,0,8,-0.002672433853149414
12147,G,A,1,MT-TH,0,8,8.869171142578125e-05
12151,A,G,0,MT-TH,0,8,-0.01012873649597168
12160,A,G,0,MT-TH,0,8,-0.0037539005279541016
12161,T,C,0,MT-TH,0,8,-0.0025420188903808594
12164,G,A,0,MT-TH,0,8,-0.005503535270690918
12166,T,C,0,MT-TH,0,8,-0.0001590251922607422
12171,A,G,0,MT-TH,0,8,-0.002517104148864746
12172,A,G,0,MT-TH,0,8,-0.0024259090423583984
12173,T,C,0,MT-TH,0,8,-0.004512786865234375
12178,C,T,0,MT-TH,0,8,-0.0008689165115356445
12181,C,T,0,MT-TH,0,8,0.0011676549911499023
12188,T,C,0,MT-TH,0,8,-0.0014945268630981445
12189,T,C,0,MT-TH,0,8,0.0017476081848144531
12191,C,T,0,MT-TH,0,8,-5.507469177246094e-05
12192,G,A,0,MT-TH,0,8,0.0041964054107666016
12193,A,G,0,MT-TH,0,8,-0.0019321441650390625
12196,C,T,0,MT-TH,0,8,0.0002689361572265625
12201,T,C,1,MT-TH,0,8,-0.003383040428161621
12215,T,C,0,MT-TS2,0,8,0.0009784698486328125
12216,C,T,0,MT-TS2,0,8,-0.0003123283386230469
12223,A,G,0,MT-TS2,0,8,-0.002268075942993164
12231,C,T,0,MT-TS2,0,8,0.0015213489532470703
12234,A,G,0,MT-TS2,0,8,-0.0010986328125
12235,T,C,0,MT-TS2,0,8,-0.0028276443481445312
12237,C,T,0,MT-TS2,0,8,-0.0007402896881103516
12239,C,T,0,MT-TS2,0,8,-0.0004954338073730469
12245,T,C,0,MT-TS2,0,8,-0.0014003515243530273
12246,C,T,0,MT-TS2,0,8,-0.0027136802673339844
12248,A,G,0,MT-TS2,0,8,-0.005663156509399414
12258,C,A,1,MT-TS2,0,8,-0.007862567901611328
12265,A,G,0,MT-TS2,0,8,-0.0018928050994873047
12273,A,G,0,MT-TL2,0,8,-0.0030393600463867188
12276,G,A,1,MT-TL2,0,8,0.0036020278930664062
12279,A,G,0,MT-TL2,0,8,0.0002193450927734375
12279,A,T,0,MT-TL2,0,8,-0.00013828277587890625
12280,A,G,0,MT-TL2,0,8,-0.000988006591796875
12281,C,T,0,MT-TL2,0,8,-0.0015878677368164062
12285,T,C,0,MT-TL2,0,8,0.0014843940734863281
12295,T,C,0,MT-TL2,0,8,-0.0007195472717285156
12297,T,C,0,MT-TL2,0,8,-0.002227783203125
12308,A,G,0,MT-TL2,0,8,-0.000732421875
12311,T,C,0,MT-TL2,0,8,0.0016837120056152344
12315,G,A,1,MT-TL2,0,8,0.000522613525390625
14674,T,C,1,MT-TE,0,8,-0.0022525787353515625
14683,A,G,0,MT-TE,0,8,0.00865483283996582
14684,C,T,0,MT-TE,0,8,0.0012074708938598633
14687,A,G,0,MT-TE,0,8,-0.0006264448165893555
14690,A,G,0,MT-TE,0,8,0.0015971660614013672
14691,C,T,0,MT-TE,0,8,0.010726094245910645
14693,A,G,0,MT-TE,0,8,-0.0001819133758544922
14696,A,C,0,MT-TE,0,8,0.0001647472381591797
14696,A,G,0,MT-TE,0,8,0.005468249320983887
14706,A,G,0,MT-TE,0,8,0.0010533332824707031
14709,T,C,1,MT-TE,0,8,-3.814697265625e-06
14716,C,T,0,MT-TE,0,8,0.0006710290908813477
14727,T,C,0,MT-TE,0,8,-0.0002460479736328125
15889,T,C,0,MT-TT,0,8,0.0016298294067382812
15891,C,T,0,MT-TT,0,8,-0.0028371810913085938
15892,T,C,0,MT-TT,0,8,-0.0018056631088256836
15893,T,C,0,MT-TT,0,8,-0.001677870750427246
15894,G,A,0,MT-TT,0,8,-0.004370212554931641
15895,T,C,0,MT-TT,0,8,-0.014123678207397461
15900,T,C,0,MT-TT,0,8,-0.0022063255310058594
15902,A,G,0,MT-TT,0,8,-0.0006442070007324219
15903,A,G,0,MT-TT,0,8,-0.00040531158447265625
15904,C,T,0,MT-TT,0,8,0.0011510848999023438
15905,T,C,0,MT-TT,0,8,-0.0016984939575195312
15907,A,G,0,MT-TT,0,8,-0.0012046098709106445
15908,T,C,0,MT-TT,0,8,-0.0021941661834716797
15909,A,G,0,MT-TT,0,8,-0.0019040107727050781
15911,A,G,0,MT-TT,0,8,-0.0009317398071289062
15913,C,T,0,MT-TT,0,8,0.0005197525024414062
15914,A,G,0,MT-TT,0,8,0.0031397342681884766
15916,T,C,0,MT-TT,0,8,-0.003738880157470703
15923,A,G,1,MT-TT,0,8,-0.0038089752197265625
15924,A,G,0,MT-TT,0,8,-0.0027660131454467773
15925,C,T,0,MT-TT,0,8,-0.0020891427993774414
15926,C,T,0,MT-TT,0,8,0.0032520294189453125
15927,G,A,0,MT-TT,0,8,-0.0035897493362426758
15928,G,A,0,MT-TT,0,8,-0.002167940139770508
15929,A,G,0,MT-TT,0,8,-0.0028858184814453125
15930,G,A,0,MT-TT,0,8,0.00045108795166015625
15932,T,C,0,MT-TT,0,8,-0.0001074075698852539
15935,A,G,0,MT-TT,0,8,-0.002701282501220703
15936,A,G,0,MT-TT,0,8,-0.002131938934326172
15936,A,T,0,MT-TT,0,8,-0.002628326416015625
15937,A,G,0,MT-TT,0,8,-0.004090785980224609
15937,A,T,0,MT-TT,0,8,-0.0009732246398925781
15938,C,T,0,MT-TT,0,8,-0.0011458396911621094
15939,C,T,0,MT-TT,0,8,0.00011491775512695312
15940,T,C,0,MT-TT,0,8,0.0009799003601074219
15941,T,C,0,MT-TT,0,8,-0.0005712509155273438
15942,T,C,0,MT-TT,0,8,0.0016827583312988281
15943,T,C,0,MT-TT,0,8,-0.0007996559143066406
15944,T,C,0,MT-TT,0,8,-0.000537872314453125
15946,C,T,0,MT-TT,0,8,-8.392333984375e-05
15947,A,G,0,MT-TT,0,8,-0.002387404441833496
15949,G,A,0,MT-TT,0,8,-0.0011162757873535156
15951,A,G,0,MT-TT,0,8,-0.0014476776123046875
15952,C,T,0,MT-TT,0,8,-0.001952052116394043
15965,A,G,0,MT-TP,0,8,0.0003845691680908203
15968,T,C,0,MT-TP,0,8,0.00016832351684570312
15970,T,C,0,MT-TP,0,8,0.0007190704345703125
15977,C,T,0,MT-TP,0,8,-8.594989776611328e-05
15978,C,T,0,MT-TP,0,8,0.0008276700973510742
15990,C,T,1,MT-TP,0,8,-0.0013724565505981445
15992,A,T,0,MT-TP,0,8,-0.0011105537414550781
16011,A,G,0,MT-TP,0,8,-0.005966782569885254
16017,T,C,0,MT-TP,0,8,0.001950383186340332
591,C,T,1,MT-TF,0,9,0.0017107725143432617
592,C,T,0,MT-TF,0,9,0.0016641616821289062
593,T,C,0,MT-TF,0,9,0.0011670589447021484
595,C,A,0,MT-TF,0,9,-0.0004093647003173828
595,C,T,0,MT-TF,0,9,-0.001216888427734375
596,T,C,0,MT-TF,0,9,-0.0009121894836425781
597,C,T,0,MT-TF,0,9,0.0007734298706054688
603,A,G,0,MT-TF,0,9,-0.0014801025390625
606,A,G,0,MT-TF,0,9,-0.004225373268127441
616,T,C,1,MT-TF,0,9,-0.00017547607421875
619,T,C,0,MT-TF,0,9,-0.000270843505859375
621,A,G,0,MT-TF,0,9,-0.00131988525390625
629,T,A,0,MT-TF,0,9,-9.441375732421875e-05
629,T,C,0,MT-TF,0,9,0.0009613037109375
630,C,T,0,MT-TF,0,9,-0.00027370452880859375
633,A,G,0,MT-TF,0,9,-8.58306884765625e-05
634,T,A,0,MT-TF,0,9,0.0019450187683105469
634,T,C,0,MT-TF,0,9,0.0015411376953125
635,C,T,0,MT-TF,0,9,0.00017547607421875
644,A,G,0,MT-TF,0,9,-0.0030046701431274414
647,A,G,0,MT-TF,0,9,-0.002177715301513672
1607,T,C,0,MT-TV,0,9,-0.0006389617919921875
1617,C,T,0,MT-TV,0,9,0.000240325927734375
1618,A,G,0,MT-TV,0,9,0.0030031204223632812
1624,C,T,1,MT-TV,0,9,-0.001926422119140625
1628,C,T,0,MT-TV,0,9,0.005176544189453125
1640,A,G,0,MT-TV,0,9,0.003116607666015625
1644,G,A,1,MT-TV,0,9,-0.000232696533203125
1646,T,C,0,MT-TV,0,9,0.000133514404296875
1657,C,T,0,MT-TV,0,9,-0.00060272216796875
1664,G,A,0,MT-TV,0,9,0.00089263916015625
1670,A,T,0,MT-TV,0,9,-0.000652313232421875
3236,A,G,0,MT-TL1,0,9,0.012244462966918945
3242,G,A,1,MT-TL1,0,9,-0.0012493133544921875
3243,A,G,1,MT-TL1,0,9,-0.02220463752746582
3243,A,T,1,MT-TL1,0,9,-0.007421970367431641
3251,A,G,1,MT-TL1,0,9,-0.0026328563690185547
3252,A,G,1,MT-TL1,0,9,-0.0051727294921875
3254,C,A,0,MT-TL1,0,9,0.0005788803100585938
3254,C,T,0,MT-TL1,0,9,0.006005406379699707
3255,G,A,1,MT-TL1,0,9,-0.000324249267578125
3256,C,T,1,MT-TL1,0,9,-0.014067411422729492
3258,T,C,1,MT-TL1,0,9,-0.006635904312133789
3260,A,G,1,MT-TL1,0,9,-0.002892017364501953
3261,A,G,0,MT-TL1,0,9,0.0012303590774536133
3271,T,C,1,MT-TL1,0,9,-0.0013216733932495117
3275,C,A,0,MT-TL1,0,9,0.002826213836669922
3275,C,G,0,MT-TL1,0,9,-0.001152634620666504
3275,C,T,0,MT-TL1,0,9,-7.593631744384766e-05
3277,G,A,0,MT-TL1,0,9,0.0033168792724609375
3278,T,C,0,MT-TL1,0,9,-0.0021581649780273438
3290,T,C,0,MT-TL1,0,9,0.001990795135498047
3291,T,C,1,MT-TL1,0,9,-0.00023889541625976562
3302,A,G,1,MT-TL1,0,9,-0.0029404163360595703
3303,C,T,1,MT-TL1,0,9,-0.0020868778228759766
4300,A,G,1,MT-TI,0,9,-0.0016404390335083008
4310,A,G,0,MT-TI,0,9,0.0019063949584960938
4312,C,T,0,MT-TI,0,9,0.0014064311981201172
4313,T,C,0,MT-TI,0,9,0.00045931339263916016
4314,T,A,0,MT-TI,0,9,0.0005159378051757812
4314,T,C,0,MT-TI,0,9,-0.0017049312591552734
4317,A,G,0,MT-TI,0,9,0.0011278390884399414
4318,C,T,0,MT-TI,0,9,-0.0008929967880249023
4335,C,T,0,MT-TQ,0,9,6.890296936035156e-05
4336,T,C,0,MT-TQ,0,9,-0.0002415180206298828
4340,A,G,0,MT-TQ,0,9,-0.00039136409759521484
4343,A,G,0,MT-TQ,0,9,-0.0019986629486083984
4350,C,T,0,MT-TQ,0,9,-0.0021524429321289062
4353,T,C,0,MT-TQ,0,9,-0.0009596347808837891
4370,T,C,0,MT-TQ,0,9,-0.0006927251815795898
4371,T,C,0,MT-TQ,0,9,0.0017199516296386719
4373,T,C,0,MT-TQ,0,9,-0.0013308525085449219
4375,C,T,0,MT-TQ,0,9,-0.002011895179748535
4381,A,G,0,MT-TQ,0,9,-0.0022242069244384766
4384,T,A,0,MT-TQ,0,9,0.0019010305404663086
4384,T,C,0,MT-TQ,0,9,0.0008584260940551758
4385,A,G,0,MT-TQ,0,9,-0.001390695571899414
4385,A,T,0,MT-TQ,0,9,-0.004662752151489258
4386,T,C,0,MT-TQ,0,9,-0.0028929710388183594
4387,C,T,0,MT-TQ,0,9,0.001775979995727539
4394,C,A,0,MT-TQ,0,9,0.002109527587890625
4395,A,G,0,MT-TQ,0,9,0.0002765655517578125
4417,A,G,0,MT-TM,0,9,0.0019617080688476562
4418,T,C,0,MT-TM,0,9,-0.0023697614669799805
4435,A,G,0,MT-TM,0,9,-0.0056307315826416016
4450,G,A,1,MT-TM,0,9,-0.004375100135803223
4452,T,C,0,MT-TM,0,9,-0.0008393526077270508
4454,T,A,0,MT-TM,0,9,0.002277970314025879
4454,T,C,0,MT-TM,0,9,-0.0013933181762695312
4464,G,A,0,MT-TM,0,9,-0.0034399032592773438
5514,A,G,0,MT-TW,0,9,-0.004210114479064941
5515,A,G,0,MT-TW,0,9,-0.001127481460571289
5516,A,G,0,MT-TW,0,9,-0.006036639213562012
5521,G,A,1,MT-TW,0,9,-0.0008792877197265625
5527,A,G,0,MT-TW,0,9,0.0017690658569335938
5528,T,C,0,MT-TW,0,9,-0.0010313987731933594
5530,C,T,0,MT-TW,0,9,0.0018317699432373047
5539,A,G,0,MT-TW,0,9,-0.0060558319091796875
5539,A,T,0,MT-TW,0,9,-0.006730914115905762
5553,T,C,0,MT-TW,0,9,-0.001680135726928711
5553,T,G,0,MT-TW,0,9,-0.0068206787109375
5554,C,A,0,MT-TW,0,9,0.0032346248626708984
5556,G,A,1,MT-TW,0,9,-0.004023075103759766
5557,T,C,0,MT-TW,0,9,0.0002859830856323242
5561,T,C,0,MT-TW,0,9,0.0009406805038452148
5563,G,A,0,MT-TW,0,9,0.0015254020690917969
5566,A,G,0,MT-TW,0,9,-0.0018668174743652344
5567,T,C,0,MT-TW,0,9,0.0015614032745361328
5568,A,G,0,MT-TW,0,9,-0.0011239051818847656
5592,A,G,0,MT-TA,0,9,0.000998854637145996
5600,A,G,0,MT-TA,0,9,-9.822845458984375e-05
5601,C,T,0,MT-TA,0,9,-0.006717681884765625
5603,C,T,0,MT-TA,0,9,0.0175551176071167
5604,C,T,0,MT-TA,0,9,0.0034732818603515625
5605,A,G,0,MT-TA,0,9,-0.0038671493530273438
5608,C,T,0,MT-TA,0,9,0.00036025047302246094
5618,T,C,0,MT-TA,0,9,-0.00893247127532959
5628,T,C,0,MT-TA,0,9,-0.0021796226501464844
5633,C,T,0,MT-TA,0,9,0.00020623207092285156
5640,A,G,0,MT-TA,0,9,-0.0033440589904785156
5650,G,A,1,MT-TA,0,9,-0.001192331314086914
5655,T,C,0,MT-TA,0,9,-0.0009644031524658203
5662,C,T,0,MT-TN,0,9,0.001329183578491211
5663,C,T,0,MT-TN,0,9,0.0020350217819213867
5664,A,G,0,MT-TN,0,9,0.002756953239440918
5665,A,G,0,MT-TN,0,9,-0.004924654960632324
5673,T,C,0,MT-TN,0,9,-0.005759239196777344
5686,A,T,0,MT-TN,0,9,0.0015500783920288086
5690,A,G,1,MT-TN,0,9,-0.009276151657104492
5703,G,A,1,MT-TN,0,9,-0.0006731748580932617
5705,A,G,0,MT-TN,0,9,-0.002105712890625
5711,A,G,0,MT-TN,0,9,-0.002283930778503418
5715,A,G,0,MT-TN,0,9,-0.0028028488159179688
5728,T,C,1,MT-TN,0,9,-0.0029757022857666016
5772,G,A,0,MT-TC,0,9,0.0009287595748901367
5773,G,A,0,MT-TC,0,9,-0.0008859634399414062
5774,T,C,0,MT-TC,0,9,0.0007510185241699219
5774,T,G,0,MT-TC,0,9,-0.0017474889755249023
5775,T,C,0,MT-TC,0,9,-0.003746509552001953
5780,G,A,0,MT-TC,0,9,-0.0019725561141967773
5783,G,A,0,MT-TC,0,9,-0.004263520240783691
5785,T,C,0,MT-TC,0,9,0.004314541816711426
5786,T,C,0,MT-TC,0,9,0.00526881217956543
5788,T,C,0,MT-TC,0,9,-0.003313779830932617
5794,T,C,0,MT-TC,0,9,0.0001195669174194336
5800,A,G,0,MT-TC,0,9,-0.004241347312927246
5806,T,C,0,MT-TC,0,9,0.0002586841583251953
5807,A,G,0,MT-TC,0,9,-0.0010985136032104492
5811,A,G,0,MT-TC,0,9,-0.00392758846282959
5814,T,A,0,MT-TC,0,9,-0.003785371780395508
5814,T,C,0,MT-TC,0,9,-0.0020470619201660156
5817,C,T,0,MT-TC,0,9,-0.007280588150024414
5821,G,A,0,MT-TC,0,9,0.002331852912902832
5822,G,A,0,MT-TC,0,9,-0.003892064094543457
5823,A,G,0,MT-TC,0,9,-0.0004113912582397461
5824,G,A,0,MT-TC,0,9,-0.0008792877197265625
5836,A,G,0,MT-TY,0,9,0.0022420883178710938
5839,C,T,0,MT-TY,0,9,-0.00017023086547851562
5840,C,T,0,MT-TY,0,9,-0.0005310773849487305
5843,A,G,0,MT-TY,0,9,-0.0008774995803833008
5846,C,T,0,MT-TY,0,9,0.0024591684341430664
5855,A,G,0,MT-TY,0,9,-0.0006856918334960938
5867,C,T,0,MT-TY,0,9,0.006850123405456543
5875,C,T,0,MT-TY,0,9,0.0018650293350219727
5876,A,G,0,MT-TY,0,9,-0.00042891502380371094
7453,G,A,1,MT-TS1,0,9,-0.0013365745544433594
7460,A,G,0,MT-TS1,0,9,-0.0021109580993652344
7469,C,T,0,MT-TS1,0,9,-0.0032051801681518555
7471,C,A,0,MT-TS1,0,9,-0.0021970272064208984
7471,C,T,0,MT-TS1,0,9,0.001740097999572754
7472,A,T,0,MT-TS1,0,9,0.002106308937072754
7476,C,T,0,MT-TS1,0,9,0.00027680397033691406
7490,A,G,0,MT-TS1,0,9,0.0009794235229492188
7493,C,T,0,MT-TS1,0,9,0.00038051605224609375
7497,G,A,1,MT-TS1,0,9,0.0007176399230957031
7498,G,A,0,MT-TS1,0,9,0.0016739368438720703
7501,T,C,0,MT-TS1,0,9,-0.0006418228149414062
7510,T,C,1,MT-TS1,0,9,-0.0018992424011230469
7511,T,C,1,MT-TS1,0,9,-0.003238201141357422
7512,T,C,1,MT-TS1,0,9,-0.0011096000671386719
7521,G,A,0,MT-TD,0,9,0.0017933845520019531
7533,C,T,0,MT-TD,0,9,0.0013427734375
7534,C,T,0,MT-TD,0,9,8.20159912109375e-05
7543,A,G,0,MT-TD,0,9,-0.0069408416748046875
7546,T,C,0,MT-TD,0,9,-0.0014963150024414062
7547,T,C,0,MT-TD,0,9,-0.00177001953125
7552,A,G,0,MT-TD,0,9,-0.008243560791015625
7559,A,G,0,MT-TD,0,9,-0.0005941390991210938
7561,T,C,0,MT-TD,0,9,-0.0014057159423828125
7567,C,T,0,MT-TD,0,9,0.0024285316467285156
7568,T,C,0,MT-TD,0,9,-0.00040340423583984375
7569,A,G,0,MT-TD,0,9,-0.00038242340087890625
7570,A,G,0,MT-TD,0,9,-0.00168609619140625
7572,T,C,0,MT-TD,0,9,-0.000392913818359375
7576,A,G,0,MT-TD,0,9,-0.0031681060791015625
7581,T,C,0,MT-TD,0,9,0.003940105438232422
7585,A,G,0,MT-TD,0,9,-0.0011243820190429688
8298,T,C,0,MT-TK,0,9,-0.0024671554565429688
8300,T,C,0,MT-TK,0,9,0.0
8308,A,G,0,MT-TK,0,9,-0.0009131431579589844
8311,T,C,0,MT-TK,0,9,0.0029497146606445312
8313,G,A,1,MT-TK,0,9,-0.0024871826171875
8315,A,G,0,MT-TK,0,9,-0.0018491744995117188
8331,A,G,0,MT-TK,0,9,-0.003833293914794922
8337,T,C,0,MT-TK,0,9,0.0015206336975097656
8338,A,G,0,MT-TK,0,9,-0.002422332763671875
8340,G,A,1,MT-TK,0,9,-0.00384521484375
8343,A,G,0,MT-TK,0,9,-0.0008087158203125
8344,A,G,1,MT-TK,0,9,-0.0009684562683105469
8345,C,T,0,MT-TK,0,9,0.0018661022186279297
8346,C,A,0,MT-TK,0,9,-0.0011167526245117188
8347,A,G,0,MT-TK,0,9,-0.0017910003662109375
8348,A,G,0,MT-TK,0,9,-0.0033326148986816406
8349,C,T,0,MT-TK,0,9,-0.00011301040649414062
8350,A,G,0,MT-TK,0,9,0.0002613067626953125
8356,T,C,1,MT-TK,0,9,-0.003446340560913086
8360,A,G,0,MT-TK,0,9,-0.0030612945556640625
8363,G,A,1,MT-TK,0,9,0.0015621185302734375
9991,A,G,0,MT-TG,0,9,0.001491546630859375
9995,T,C,0,MT-TG,0,9,-0.0005006790161132812
10003,T,C,0,MT-TG,0,9,-0.002040863037109375
10005,A,G,0,MT-TG,0,9,0.015644073486328125
10006,A,G,0,MT-TG,0,9,-0.0010852813720703125
10007,T,C,0,MT-TG,0,9,0.002240896224975586
10013,C,T,0,MT-TG,0,9,0.00165557861328125
10018,A,G,0,MT-TG,0,9,-0.0041046142578125
10029,A,G,0,MT-TG,0,9,-0.00267791748046875
10031,T,C,0,MT-TG,0,9,0.0015087127685546875
10034,T,C,0,MT-TG,0,9,-0.0004062652587890625
10040,C,T,0,MT-TG,0,9,0.0033674240112304688
10042,A,G,0,MT-TG,0,9,-0.001735687255859375
10044,A,G,0,MT-TG,0,9,-0.000606536865234375
10045,T,C,0,MT-TG,0,9,-0.0002384185791015625
10410,T,A,0,MT-TR,0,9,0.0007772445678710938
10410,T,C,0,MT-TR,0,9,-0.00150299072265625
10411,A,G,0,MT-TR,0,9,-0.0018062591552734375
10420,A,G,0,MT-TR,0,9,-0.00115966796875
10427,G,A,0,MT-TR,0,9,0.002910137176513672
10440,T,C,0,MT-TR,0,9,-0.0046596527099609375
10446,A,G,0,MT-TR,0,9,0.00099945068359375
10448,T,C,0,MT-TR,0,9,-0.0014247894287109375
10454,T,C,0,MT-TR,0,9,-0.0021915435791015625
10456,A,G,0,MT-TR,0,9,-0.0036382675170898438
10463,T,C,0,MT-TR,0,9,-0.0008988380432128906
12141,A,G,0,MT-TH,0,9,-0.003466010093688965
12142,A,G,0,MT-TH,0,9,0.0043784379959106445
12147,G,A,1,MT-TH,0,9,-0.013020634651184082
12151,A,G,0,MT-TH,0,9,-0.002131938934326172
12160,A,G,0,MT-TH,0,9,-0.0032045841217041016
12161,T,C,0,MT-TH,0,9,0.0009012222290039062
12164,G,A,0,MT-TH,0,9,-0.004876136779785156
12166,T,C,0,MT-TH,0,9,0.0036351680755615234
12171,A,G,0,MT-TH,0,9,-0.001675248146057129
12172,A,G,0,MT-TH,0,9,-0.0004775524139404297
12173,T,C,0,MT-TH,0,9,-0.00506591796875
12178,C,T,0,MT-TH,0,9,-0.0017495155334472656
12181,C,T,0,MT-TH,0,9,0.0020165443420410156
12188,T,C,0,MT-TH,0,9,-0.0015797615051269531
12189,T,C,0,MT-TH,0,9,0.00023162364959716797
12191,C,T,0,MT-TH,0,9,-0.0002560615539550781
12192,G,A,0,MT-TH,0,9,0.002373933792114258
12193,A,G,0,MT-TH,0,9,-0.0018494129180908203
12196,C,T,0,MT-TH,0,9,0.0023331642150878906
12201,T,C,1,MT-TH,0,9,-0.0034542083740234375
12215,T,C,0,MT-TS2,0,9,-0.000499725341796875
12216,C,T,0,MT-TS2,0,9,-0.00035190582275390625
12223,A,G,0,MT-TS2,0,9,-0.0037059783935546875
12231,C,T,0,MT-TS2,0,9,0.00017392635345458984
12234,A,G,0,MT-TS2,0,9,-0.002615690231323242
12235,T,C,0,MT-TS2,0,9,-0.0003718137741088867
12237,C,T,0,MT-TS2,0,9,-0.0015124082565307617
12239,C,T,0,MT-TS2,0,9,-0.00018215179443359375
12245,T,C,0,MT-TS2,0,9,-0.00021278858184814453
12246,C,T,0,MT-TS2,0,9,-0.0035479068756103516
12248,A,G,0,MT-TS2,0,9,-0.004128932952880859
12258,C,A,1,MT-TS2,0,9,-0.0046482086181640625
12265,A,G,0,MT-TS2,0,9,-0.00144195556640625
12273,A,G,0,MT-TL2,0,9,-0.005064964294433594
12276,G,A,1,MT-TL2,0,9,-0.0007781982421875
12279,A,G,0,MT-TL2,0,9,-0.00402069091796875
12279,A,T,0,MT-TL2,0,9,-0.005194664001464844
12280,A,G,0,MT-TL2,0,9,-0.0004596710205078125
12281,C,T,0,MT-TL2,0,9,-0.0003910064697265625
12285,T,C,0,MT-TL2,0,9,-0.00133514404296875
12295,T,C,0,MT-TL2,0,9,-0.002384185791015625
12297,T,C,0,MT-TL2,0,9,-0.000484466552734375
12308,A,G,0,MT-TL2,0,9,-0.0012989044189453125
12311,T,C,0,MT-TL2,0,9,0.0032297372817993164
12315,G,A,1,MT-TL2,0,9,-0.0074481964111328125
14674,T,C,1,MT-TE,0,9,-0.0011147260665893555
14683,A,G,0,MT-TE,0,9,0.0062978267669677734
14684,C,T,0,MT-TE,0,9,0.012932777404785156
14687,A,G,0,MT-TE,0,9,-0.0005892515182495117
14690,A,G,0,MT-TE,0,9,-0.0003801584243774414
14691,C,T,0,MT-TE,0,9,0.006270289421081543
14693,A,G,0,MT-TE,0,9,-0.0033921003341674805
14696,A,C,0,MT-TE,0,9,0.0006999969482421875
14696,A,G,0,MT-TE,0,9,0.0006362199783325195
14706,A,G,0,MT-TE,0,9,-0.0013006925582885742
14709,T,C,1,MT-TE,0,9,0.0013374090194702148
14716,C,T,0,MT-TE,0,9,-0.00047791004180908203
14727,T,C,0,MT-TE,0,9,-0.0007944107055664062
15889,T,C,0,MT-TT,0,9,0.003130674362182617
15891,C,T,0,MT-TT,0,9,-0.004694819450378418
15892,T,C,0,MT-TT,0,9,-0.0015349388122558594
15893,T,C,0,MT-TT,0,9,-0.00205230712890625
15894,G,A,0,MT-TT,0,9,0.0012090206146240234
15895,T,C,0,MT-TT,0,9,-0.011441707611083984
15900,T,C,0,MT-TT,0,9,-0.0037593841552734375
15902,A,G,0,MT-TT,0,9,-0.0008667707443237305
15903,A,G,0,MT-TT,0,9,-0.0019931793212890625
15904,C,T,0,MT-TT,0,9,-0.0004162788391113281
15905,T,C,0,MT-TT,0,9,7.295608520507812e-05
15907,A,G,0,MT-TT,0,9,0.0006765127182006836
15908,T,C,0,MT-TT,0,9,-0.004602193832397461
15909,A,G,0,MT-TT,0,9,-0.0066378116607666016
15911,A,G,0,MT-TT,0,9,-0.002297520637512207
15913,C,T,0,MT-TT,0,9,0.00047588348388671875
15914,A,G,0,MT-TT,0,9,0.002864837646484375
15916,T,C,0,MT-TT,0,9,-0.003681182861328125
15923,A,G,1,MT-TT,0,9,-0.008370399475097656
15924,A,G,0,MT-TT,0,9,-0.0015783309936523438
15925,C,T,0,MT-TT,0,9,-0.0030221939086914062
15926,C,T,0,MT-TT,0,9,0.0022187232971191406
15927,G,A,0,MT-TT,0,9,-0.002455472946166992
15928,G,A,0,MT-TT,0,9,-0.001312255859375
15929,A,G,0,MT-TT,0,9,-0.0027751922607421875
15930,G,A,0,MT-TT,0,9,0.0016384124755859375
15932,T,C,0,MT-TT,0,9,-0.0009516477584838867
15935,A,G,0,MT-TT,0,9,-0.00414276123046875
15936,A,G,0,MT-TT,0,9,-0.0028771162033081055
15936,A,T,0,MT-TT,0,9,-0.0021238327026367188
15937,A,G,0,MT-TT,0,9,-0.003309965133666992
15937,A,T,0,MT-TT,0,9,-0.0007257461547851562
15938,C,T,0,MT-TT,0,9,0.00020742416381835938
15939,C,T,0,MT-TT,0,9,7.200241088867188e-05
15940,T,C,0,MT-TT,0,9,-0.001483917236328125
15941,T,C,0,MT-TT,0,9,-0.0005006790161132812
15942,T,C,0,MT-TT,0,9,-0.0033707618713378906
15943,T,C,0,MT-TT,0,9,0.0003161430358886719
15944,T,C,0,MT-TT,0,9,-9.393692016601562e-05
15946,C,T,0,MT-TT,0,9,-0.0010457038879394531
15947,A,G,0,MT-TT,0,9,-0.0014748573303222656
15949,G,A,0,MT-TT,0,9,-0.0015511512756347656
15951,A,G,0,MT-TT,0,9,-0.002192974090576172
15952,C,T,0,MT-TT,0,9,-0.0011698007583618164
15965,A,G,0,MT-TP,0,9,-0.0003663301467895508
15968,T,C,0,MT-TP,0,9,6.318092346191406e-06
15970,T,C,0,MT-TP,0,9,0.0008902549743652344
15977,C,T,0,MT-TP,0,9,-0.0002758502960205078
15978,C,T,0,MT-TP,0,9,0.00020766258239746094
15990,C,T,1,MT-TP,0,9,0.00016021728515625
15992,A,T,0,MT-TP,0,9,2.384185791015625e-07
16011,A,G,0,MT-TP,0,9,-0.005402684211730957
16017,T,C,0,MT-TP,0,9,-0.00019216537475585938
591,C,T,1,MT-TF,100,0,0.012146234512329102
592,C,T,0,MT-TF,100,0,0.004994630813598633
593,T,C,0,MT-TF,100,0,-0.0007779598236083984
595,C,A,0,MT-TF,100,0,0.005018472671508789
595,C,T,0,MT-TF,100,0,0.0011136531829833984
596,T,C,0,MT-TF,100,0,-0.0013048648834228516
597,C,T,0,MT-TF,100,0,0.008806824684143066
603,A,G,0,MT-TF,100,0,-0.005623817443847656
606,A,G,0,MT-TF,100,0,-0.0030820369720458984
616,T,C,1,MT-TF,100,0,-0.015615344047546387
619,T,C,0,MT-TF,100,0,0.0011298656463623047
621,A,G,0,MT-TF,100,0,-0.003950238227844238
629,T,A,0,MT-TF,100,0,-0.0015126466751098633
629,T,C,0,MT-TF,100,0,0.002230525016784668
630,C,T,0,MT-TF,100,0,-0.0006256103515625
633,A,G,0,MT-TF,100,0,-0.0011016130447387695
634,T,A,0,MT-TF,100,0,0.0023353099822998047
634,T,C,0,MT-TF,100,0,-0.0005463361740112305
635,C,T,0,MT-TF,100,0,-0.0005993843078613281
644,A,G,0,MT-TF,100,0,-0.0013805627822875977
647,A,G,0,MT-TF,100,0,-0.005566120147705078
1607,T,C,0,MT-TV,100,0,-0.005139827728271484
1617,C,T,0,MT-TV,100,0,0.0014219284057617188
1618,A,G,0,MT-TV,100,0,-4.9948692321777344e-05
1624,C,T,1,MT-TV,100,0,0.0031099319458007812
1628,C,T,0,MT-TV,100,0,0.0013816356658935547
1640,A,G,0,MT-TV,100,0,-0.00489497184753418
1644,G,A,1,MT-TV,100,0,0.0013704299926757812
1646,T,C,0,MT-TV,100,0,-0.0021898746490478516
1657,C,T,0,MT-TV,100,0,0.004028201103210449
1664,G,A,0,MT-TV,100,0,-5.2809715270996094e-05
1670,A,T,0,MT-TV,100,0,-0.013763070106506348
3236,A,G,0,MT-TL1,100,0,-0.0021979808807373047
3242,G,A,1,MT-TL1,100,0,-0.015840649604797363
3243,A,G,1,MT-TL1,100,0,-0.029064416885375977
3243,A,T,1,MT-TL1,100,0,-0.036336541175842285
3251,A,G,1,MT-TL1,100,0,-0.005743145942687988
3252,A,G,1,MT-TL1,100,0,-0.010220050811767578
3254,C,A,0,MT-TL1,100,0,-0.006369113922119141
3254,C,T,0,MT-TL1,100,0,0.005674958229064941
3255,G,A,1,MT-TL1,100,0,-0.00505518913269043
3256,C,T,1,MT-TL1,100,0,-0.005371570587158203
3258,T,C,1,MT-TL1,100,0,-0.001711130142211914
3260,A,G,1,MT-TL1,100,0,-0.004980325698852539
3261,A,G,0,MT-TL1,100,0,-0.001207113265991211
3271,T,C,1,MT-TL1,100,0,-0.004167675971984863
3275,C,A,0,MT-TL1,100,0,0.0007547140121459961
3275,C,G,0,MT-TL1,100,0,-0.0006687641143798828
3275,C,T,0,MT-TL1,100,0,-0.0004296302795410156
3277,G,A,0,MT-TL1,100,0,0.0028775930404663086
3278,T,C,0,MT-TL1,100,0,-0.0002570152282714844
3290,T,C,0,MT-TL1,100,0,-0.0012112855911254883
3291,T,C,1,MT-TL1,100,0,-0.002704024314880371
3302,A,G,1,MT-TL1,100,0,-0.0030208826065063477
3303,C,T,1,MT-TL1,100,0,-0.002840280532836914
4300,A,G,1,MT-TI,100,0,-0.0038498640060424805
4310,A,G,0,MT-TI,100,0,0.0014216899871826172
4312,C,T,0,MT-TI,100,0,0.0018775463104248047
4313,T,C,0,MT-TI,100,0,-0.0022286176681518555
4314,T,A,0,MT-TI,100,0,0.0012553930282592773
4314,T,C,0,MT-TI,100,0,-0.00033533573150634766
4317,A,G,0,MT-TI,100,0,-0.0018094778060913086
4318,C,T,0,MT-TI,100,0,-0.00036525726318359375
4335,C,T,0,MT-TQ,100,0,0.0003542900085449219
4336,T,C,0,MT-TQ,100,0,0.00020706653594970703
4340,A,G,0,MT-TQ,100,0,0.0005114078521728516
4343,A,G,0,MT-TQ,100,0,-0.003053426742553711
4350,C,T,0,MT-TQ,100,0,0.0014505386352539062
4353,T,C,0,MT-TQ,100,0,-0.0017175674438476562
4370,T,C,0,MT-TQ,100,0,-0.0007224082946777344
4371,T,C,0,MT-TQ,100,0,0.0022431612014770508
4373,T,C,0,MT-TQ,100,0,-0.0017943382263183594
4375,C,T,0,MT-TQ,100,0,-0.0015108585357666016
4381,A,G,0,MT-TQ,100,0,-0.003983497619628906
4384,T,A,0,MT-TQ,100,0,0.002168416976928711
4384,T,C,0,MT-TQ,100,0,0.0004515647888183594
4385,A,G,0,MT-TQ,100,0,-0.015905141830444336
4385,A,T,0,MT-TQ,100,0,-0.002855539321899414
4386,T,C,0,MT-TQ,100,0,-0.0014827251434326172
4387,C,T,0,MT-TQ,100,0,0.0014764070510864258
4394,C,A,0,MT-TQ,100,0,0.004730224609375
4395,A,G,0,MT-TQ,100,0,-0.002376556396484375
4417,A,G,0,MT-TM,100,0,-0.0038399696350097656
4418,T,C,0,MT-TM,100,0,-0.005778789520263672
4435,A,G,0,MT-TM,100,0,-0.006325840950012207
4450,G,A,1,MT-TM,100,0,-0.006258249282836914
4452,T,C,0,MT-TM,100,0,0.00011730194091796875
4454,T,A,0,MT-TM,100,0,-0.0007150173187255859
4454,T,C,0,MT-TM,100,0,-0.0006566047668457031
4464,G,A,0,MT-TM,100,0,0.001373887062072754
5514,A,G,0,MT-TW,100,0,-0.007268786430358887
5515,A,G,0,MT-TW,100,0,-0.006737470626831055
5516,A,G,0,MT-TW,100,0,-0.0045053958892822266
5521,G,A,1,MT-TW,100,0,-0.0021181106567382812
5527,A,G,0,MT-TW,100,0,-0.0021075010299682617
5528,T,C,0,MT-TW,100,0,0.0018683671951293945
5530,C,T,0,MT-TW,100,0,0.0006761550903320312
5539,A,G,0,MT-TW,100,0,-0.002019524574279785
5539,A,T,0,MT-TW,100,0,-0.011377692222595215
5553,T,C,0,MT-TW,100,0,-0.0014197826385498047
5553,T,G,0,MT-TW,100,0,-0.005434393882751465
5554,C,A,0,MT-TW,100,0,0.0040743350982666016
5556,G,A,1,MT-TW,100,0,-0.006268739700317383
5557,T,C,0,MT-TW,100,0,0.0012946128845214844
5561,T,C,0,MT-TW,100,0,0.0017608404159545898
5563,G,A,0,MT-TW,100,0,0.0022368431091308594
5566,A,G,0,MT-TW,100,0,-0.002299785614013672
5567,T,C,0,MT-TW,100,0,0.0008661746978759766
5568,A,G,0,MT-TW,100,0,-0.0014613866806030273
5592,A,G,0,MT-TA,100,0,-0.00446474552154541
5600,A,G,0,MT-TA,100,0,0.0014859437942504883
5601,C,T,0,MT-TA,100,0,0.0015259981155395508
5603,C,T,0,MT-TA,100,0,-0.0024710893630981445
5604,C,T,0,MT-TA,100,0,-0.0008294582366943359
5605,A,G,0,MT-TA,100,0,-0.004413604736328125
5608,C,T,0,MT-TA,100,0,-0.0020923614501953125
5618,T,C,0,MT-TA,100,0,-0.006180524826049805
5628,T,C,0,MT-TA,100,0,-0.002967357635498047
5633,C,T,0,MT-TA,100,0,-0.00018608570098876953
5640,A,G,0,MT-TA,100,0,-0.004751920700073242
5650,G,A,1,MT-TA,100,0,-0.004384040832519531
5655,T,C,0,MT-TA,100,0,-0.00200653076171875
5662,C,T,0,MT-TN,100,0,-0.0006053447723388672
5663,C,T,0,MT-TN,100,0,0.00326693058013916
5664,A,G,0,MT-TN,100,0,0.0007318258285522461
5665,A,G,0,MT-TN,100,0,-0.0035479068756103516
5673,T,C,0,MT-TN,100,0,-0.005125284194946289
5686,A,T,0,MT-TN,100,0,-0.003997683525085449
5690,A,G,1,MT-TN,100,0,-0.013192415237426758
5703,G,A,1,MT-TN,100,0,0.0004353523254394531
5705,A,G,0,MT-TN,100,0,-0.001638174057006836
5711,A,G,0,MT-TN,100,0,-0.0016022920608520508
5715,A,G,0,MT-TN,100,0,-0.002650737762451172
5728,T,C,1,MT-TN,100,0,-2.86102294921875e-06
5772,G,A,0,MT-TC,100,0,-0.007560849189758301
5773,G,A,0,MT-TC,100,0,0.0013184547424316406
5774,T,C,0,MT-TC,100,0,0.0015873908996582031
5774,T,G,0,MT-TC,100,0,0.0024896860122680664
5775,T,C,0,MT-TC,100,0,-0.0012242794036865234
5780,G,A,0,MT-TC,100,0,-0.0029810667037963867
5783,G,A,0,MT-TC,100,0,-0.003942966461181641
5785,T,C,0,MT-TC,100,0,-0.005621671676635742
5786,T,C,0,MT-TC,100,0,-0.0006854534149169922
5788,T,C,0,MT-TC,100,0,-0.005036711692810059
5794,T,C,0,MT-TC,100,0,-0.0015009641647338867
5800,A,G,0,MT-TC,100,0,-0.008974313735961914
5806,T,C,0,MT-TC,100,0,-0.0005332231521606445
5807,A,G,0,MT-TC,100,0,-0.001904606819152832
5811,A,G,0,MT-TC,100,0,-0.0031249523162841797
5814,T,A,0,MT-TC,100,0,-0.003098607063293457
5814,T,C,0,MT-TC,100,0,-0.001461029052734375
5817,C,T,0,MT-TC,100,0,-0.010670900344848633
5821,G,A,0,MT-TC,100,0,-0.00047528743743896484
5822,G,A,0,MT-TC,100,0,-0.004407167434692383
5823,A,G,0,MT-TC,100,0,0.0006961822509765625
5824,G,A,0,MT-TC,100,0,-0.002840757369995117
5836,A,G,0,MT-TY,100,0,-0.0005611181259155273
5839,C,T,0,MT-TY,100,0,0.0004749298095703125
5840,C,T,0,MT-TY,100,0,-6.985664367675781e-05
5843,A,G,0,MT-TY,100,0,-0.0020238161087036133
5846,C,T,0,MT-TY,100,0,0.0022341012954711914
5855,A,G,0,MT-TY,100,0,-0.0006026029586791992
5867,C,T,0,MT-TY,100,0,0.00747525691986084
5875,C,T,0,MT-TY,100,0,0.002386331558227539
5876,A,G,0,MT-TY,100,0,-0.000748753547668457
7453,G,A,1,MT-TS1,100,0,-0.0014243125915527344
7460,A,G,0,MT-TS1,100,0,-0.002022266387939453
7469,C,T,0,MT-TS1,100,0,0.002146482467651367
7471,C,A,0,MT-TS1,100,0,0.0055789947509765625
7471,C,T,0,MT-TS1,100,0,0.003649115562438965
7472,A,T,0,MT-TS1,100,0,-0.0009301900863647461
7476,C,T,0,MT-TS1,100,0,0.00017452239990234375
7490,A,G,0,MT-TS1,100,0,0.001589655876159668
7493,C,T,0,MT-TS1,100,0,-0.0003007650375366211
7497,G,A,1,MT-TS1,100,0,0.0010833740234375
7498,G,A,0,MT-TS1,100,0,0.0017743110656738281
7501,T,C,0,MT-TS1,100,0,-0.001833796501159668
7510,T,C,1,MT-TS1,100,0,-0.0022144317626953125
7511,T,C,1,MT-TS1,100,0,-0.002222776412963867
7512,T,C,1,MT-TS1,100,0,-0.0031299591064453125
7521,G,A,0,MT-TD,100,0,0.00622713565826416
7533,C,T,0,MT-TD,100,0,-0.0008294582366943359
7534,C,T,0,MT-TD,100,0,-0.0004622936248779297
7543,A,G,0,MT-TD,100,0,-0.006162166595458984
7546,T,C,0,MT-TD,100,0,-0.004567623138427734
7547,T,C,0,MT-TD,100,0,-0.020252704620361328
7552,A,G,0,MT-TD,100,0,-0.004136085510253906
7559,A,G,0,MT-TD,100,0,-0.001170039176940918
7561,T,C,0,MT-TD,100,0,-0.0010584592819213867
7567,C,T,0,MT-TD,100,0,0.0007615089416503906
7568,T,C,0,MT-TD,100,0,0.0012843608856201172
7569,A,G,0,MT-TD,100,0,-0.0008237361907958984
7570,A,G,0,MT-TD,100,0,-0.002454400062561035
7572,T,C,0,MT-TD,100,0,0.002736687660217285
7576,A,G,0,MT-TD,100,0,-0.0050241947174072266
7581,T,C,0,MT-TD,100,0,0.0007488727569580078
7585,A,G,0,MT-TD,100,0,-0.010214924812316895
8298,T,C,0,MT-TK,100,0,-0.003211379051208496
8300,T,C,0,MT-TK,100,0,-0.0005249977111816406
8308,A,G,0,MT-TK,100,0,-0.0019170045852661133
8311,T,C,0,MT-TK,100,0,-0.00027489662170410156
8313,G,A,1,MT-TK,100,0,-0.0040988922119140625
8315,A,G,0,MT-TK,100,0,-0.0012938976287841797
8331,A,G,0,MT-TK,100,0,-0.008895039558410645
8337,T,C,0,MT-TK,100,0,-0.0009210109710693359
8338,A,G,0,MT-TK,100,0,-0.002155900001525879
8340,G,A,1,MT-TK,100,0,-0.003814101219177246
8343,A,G,0,MT-TK,100,0,-0.0046356916427612305
8344,A,G,1,MT-TK,100,0,2.7179718017578125e-05
8345,C,T,0,MT-TK,100,0,0.0023175477981567383
8346,C,A,0,MT-TK,100,0,-0.0024313926696777344
8347,A,G,0,MT-TK,100,0,-0.0032999515533447266
8348,A,G,0,MT-TK,100,0,-0.0035173892974853516
8349,C,T,0,MT-TK,100,0,-0.002760648727416992
8350,A,G,0,MT-TK,100,0,-0.0013382434844970703
8356,T,C,1,MT-TK,100,0,-0.0024008750915527344
8360,A,G,0,MT-TK,100,0,-0.005354404449462891
8363,G,A,1,MT-TK,100,0,-0.0032384395599365234
9991,A,G,0,MT-TG,100,0,0.004873871803283691
9995,T,C,0,MT-TG,100,0,-0.007517457008361816
10003,T,C,0,MT-TG,100,0,0.0011214017868041992
10005,A,G,0,MT-TG,100,0,-0.003236532211303711
10006,A,G,0,MT-TG,100,0,-0.003602147102355957
10007,T,C,0,MT-TG,100,0,-0.0014235973358154297
10013,C,T,0,MT-TG,100,0,0.0018900632858276367
10018,A,G,0,MT-TG,100,0,-0.008364677429199219
10029,A,G,0,MT-TG,100,0,-0.0006923675537109375
10031,T,C,0,MT-TG,100,0,-0.0010606050491333008
10034,T,C,0,MT-TG,100,0,-0.0015925168991088867
10040,C,T,0,MT-TG,100,0,0.008522629737854004
10042,A,G,0,MT-TG,100,0,-0.0024330615997314453
10044,A,G,0,MT-TG,100,0,-0.004054546356201172
10045,T,C,0,MT-TG,100,0,-0.0006861686706542969
10410,T,A,0,MT-TR,100,0,-0.009108185768127441
10410,T,C,0,MT-TR,100,0,-0.0019527673721313477
10411,A,G,0,MT-TR,100,0,-0.0015108585357666016
10420,A,G,0,MT-TR,100,0,-0.0008509159088134766
10427,G,A,0,MT-TR,100,0,0.009453535079956055
10440,T,C,0,MT-TR,100,0,-0.005898952484130859
10446,A,G,0,MT-TR,100,0,0.0020742416381835938
10448,T,C,0,MT-TR,100,0,-0.004677414894104004
10454,T,C,0,MT-TR,100,0,-8.046627044677734e-05
10456,A,G,0,MT-TR,100,0,-0.003403902053833008
10463,T,C,0,MT-TR,100,0,-0.002306222915649414
12141,A,G,0,MT-TH,100,0,-0.007050275802612305
12142,A,G,0,MT-TH,100,0,-0.005422830581665039
12147,G,A,1,MT-TH,100,0,-0.01689910888671875
12151,A,G,0,MT-TH,100,0,-0.021474480628967285
12160,A,G,0,MT-TH,100,0,-0.004624009132385254
12161,T,C,0,MT-TH,100,0,-0.0008462667465209961
12164,G,A,0,MT-TH,100,0,-0.012310028076171875
12166,T,C,0,MT-TH,100,0,0.001868128776550293
12171,A,G,0,MT-TH,100,0,-0.004080772399902344
12172,A,G,0,MT-TH,100,0,-0.007114410400390625
12173,T,C,0,MT-TH,100,0,-0.007751822471618652
12178,C,T,0,MT-TH,100,0,-0.00036263465881347656
12181,C,T,0,MT-TH,100,0,-0.0024013519287109375
12188,T,C,0,MT-TH,100,0,-0.002422332763671875
12189,T,C,0,MT-TH,100,0,0.0017296075820922852
12191,C,T,0,MT-TH,100,0,-0.0007724761962890625
12192,G,A,0,MT-TH,100,0,0.005430459976196289
12193,A,G,0,MT-TH,100,0,0.0006357431411743164
12196,C,T,0,MT-TH,100,0,0.0028971433639526367
12201,T,C,1,MT-TH,100,0,0.0008563995361328125
12215,T,C,0,MT-TS2,100,0,-0.002572774887084961
12216,C,T,0,MT-TS2,100,0,-0.0017223358154296875
12223,A,G,0,MT-TS2,100,0,-0.002580881118774414
12231,C,T,0,MT-TS2,100,0,0.0008485317230224609
12234,A,G,0,MT-TS2,100,0,-0.003963947296142578
12235,T,C,0,MT-TS2,100,0,-0.0023277997970581055
12237,C,T,0,MT-TS2,100,0,-0.002749323844909668
12239,C,T,0,MT-TS2,100,0,-0.002542734146118164
12245,T,C,0,MT-TS2,100,0,-1.9073486328125e-06
12246,C,T,0,MT-TS2,100,0,-0.0023789405822753906
12248,A,G,0,MT-TS2,100,0,-0.003450632095336914
12258,C,A,1,MT-TS2,100,0,-0.008053064346313477
12265,A,G,0,MT-TS2,100,0,-0.008467793464660645
12273,A,G,0,MT-TL2,100,0,-0.010210394859313965
12276,G,A,1,MT-TL2,100,0,-0.012279272079467773
12279,A,G,0,MT-TL2,100,0,-0.015676498413085938
12279,A,T,0,MT-TL2,100,0,-0.023485898971557617
12280,A,G,0,MT-TL2,100,0,-0.0017386674880981445
12281,C,T,0,MT-TL2,100,0,-0.0028679370880126953
12285,T,C,0,MT-TL2,100,0,-0.006328701972961426
12295,T,C,0,MT-TL2,100,0,-0.005115032196044922
12297,T,C,0,MT-TL2,100,0,-0.010705828666687012
12308,A,G,0,MT-TL2,100,0,-0.00519561767578125
12311,T,C,0,MT-TL2,100,0,0.0003037452697753906
12315,G,A,1,MT-TL2,100,0,-0.0016427040100097656
14674,T,C,1,MT-TE,100,0,0.00034034252166748047
14683,A,G,0,MT-TE,100,0,0.0009099245071411133
14684,C,T,0,MT-TE,100,0,0.0014495849609375
14687,A,G,0,MT-TE,100,0,-0.008768677711486816
14690,A,G,0,MT-TE,100,0,-0.004284977912902832
14691,C,T,0,MT-TE,100,0,0.006412029266357422
14693,A,G,0,MT-TE,100,0,-0.003481626510620117
14696,A,C,0,MT-TE,100,0,-0.00844573974609375
14696,A,G,0,MT-TE,100,0,0.0023756027221679688
14706,A,G,0,MT-TE,100,0,0.0030670166015625
14709,T,C,1,MT-TE,100,0,-0.005206942558288574
14716,C,T,0,MT-TE,100,0,-0.00036787986755371094
14727,T,C,0,MT-TE,100,0,-0.0009770393371582031
15889,T,C,0,MT-TT,100,0,0.0013017654418945312
15891,C,T,0,MT-TT,100,0,0.000732421875
15892,T,C,0,MT-TT,100,0,-0.0033341646194458008
15893,T,C,0,MT-TT,100,0,-0.004160046577453613
15894,G,A,0,MT-TT,100,0,-0.00024569034576416016
15895,T,C,0,MT-TT,100,0,-0.015305638313293457
15900,T,C,0,MT-TT,100,0,-0.001087188720703125
15902,A,G,0,MT-TT,100,0,7.462501525878906e-05
15903,A,G,0,MT-TT,100,0,-0.0022149085998535156
15904,C,T,0,MT-TT,100,0,0.0014592409133911133
15905,T,C,0,MT-TT,100,0,-0.004184365272521973
15907,A,G,0,MT-TT,100,0,-0.0019731521606445312
15908,T,C,0,MT-TT,100,0,-0.003950834274291992
15909,A,G,0,MT-TT,100,0,-0.008576750755310059
15911,A,G,0,MT-TT,100,0,-0.001269221305847168
15913,C,T,0,MT-TT,100,0,6.985664367675781e-05
15914,A,G,0,MT-TT,100,0,0.007803678512573242
15916,T,C,0,MT-TT,100,0,-0.007282257080078125
15923,A,G,1,MT-TT,100,0,-0.00567626953125
15924,A,G,0,MT-TT,100,0,-0.0023592710494995117
15925,C,T,0,MT-TT,100,0,-0.004761099815368652
15926,C,T,0,MT-TT,100,0,0.0023682117462158203
15927,G,A,0,MT-TT,100,0,-0.004306674003601074
15928,G,A,0,MT-TT,100,0,-0.0018160343170166016
15929,A,G,0,MT-TT,100,0,-0.003823518753051758
15930,G,A,0,MT-TT,100,0,-2.002716064453125e-05
15932,T,C,0,MT-TT,100,0,-0.001941084861755371
15935,A,G,0,MT-TT,100,0,-0.0020334720611572266
15936,A,G,0,MT-TT,100,0,-0.002728104591369629
15936,A,T,0,MT-TT,100,0,-0.002637028694152832
15937,A,G,0,MT-TT,100,0,-0.00549471378326416
15937,A,T,0,MT-TT,100,0,-0.004009604454040527
15938,C,T,0,MT-TT,100,0,-0.0017665624618530273
15939,C,T,0,MT-TT,100,0,-0.0008511543273925781
15940,T,C,0,MT-TT,100,0,0.0003019571304321289
15941,T,C,0,MT-TT,100,0,-0.0009626150131225586
15942,T,C,0,MT-TT,100,0,-0.0016808509826660156
15943,T,C,0,MT-TT,100,0,0.00029206275939941406
15944,T,C,0,MT-TT,100,0,-0.0007685422897338867
15946,C,T,0,MT-TT,100,0,-0.0021712779998779297
15947,A,G,0,MT-TT,100,0,-0.002554774284362793
15949,G,A,0,MT-TT,100,0,-0.0026552677154541016
15951,A,G,0,MT-TT,100,0,-0.0025506019592285156
15952,C,T,0,MT-TT,100,0,-0.001459360122680664
15965,A,G,0,MT-TP,100,0,0.0010569095611572266
15968,T,C,0,MT-TP,100,0,-0.00033223628997802734
15970,T,C,0,MT-TP,100,0,-0.0029306411743164062
15977,C,T,0,MT-TP,100,0,-0.0018116235733032227
15978,C,T,0,MT-TP,100,0,-0.0007660388946533203
15990,C,T,1,MT-TP,100,0,-0.00727236270904541
15992,A,T,0,MT-TP,100,0,-0.008255243301391602
16011,A,G,0,MT-TP,100,0,-0.007511258125305176
16017,T,C,0,MT-TP,100,0,0.0002554655075073242
591,C,T,1,MT-TF,100,1,0.008090734481811523
592,C,T,0,MT-TF,100,1,0.00838327407836914
593,T,C,0,MT-TF,100,1,0.0003638267517089844
595,C,A,0,MT-TF,100,1,0.004550457000732422
595,C,T,0,MT-TF,100,1,0.00011360645294189453
596,T,C,0,MT-TF,100,1,-0.0036700963973999023
597,C,T,0,MT-TF,100,1,0.0032939910888671875
603,A,G,0,MT-TF,100,1,-0.008225560188293457
606,A,G,0,MT-TF,100,1,-0.003304004669189453
616,T,C,1,MT-TF,100,1,-0.018300890922546387
619,T,C,0,MT-TF,100,1,-0.0008630752563476562
621,A,G,0,MT-TF,100,1,-0.00267946720123291
629,T,A,0,MT-TF,100,1,-0.0051724910736083984
629,T,C,0,MT-TF,100,1,0.0012489557266235352
630,C,T,0,MT-TF,100,1,-0.0033304691314697266
633,A,G,0,MT-TF,100,1,0.0016050338745117188
634,T,A,0,MT-TF,100,1,-0.0019246339797973633
634,T,C,0,MT-TF,100,1,-0.003214120864868164
635,C,T,0,MT-TF,100,1,-0.0008078813552856445
644,A,G,0,MT-TF,100,1,-0.002079010009765625
647,A,G,0,MT-TF,100,1,-0.005088329315185547
1607,T,C,0,MT-TV,100,1,-0.0059500932693481445
1617,C,T,0,MT-TV,100,1,0.0017077922821044922
1618,A,G,0,MT-TV,100,1,-0.00016617774963378906
1624,C,T,1,MT-TV,100,1,0.003152012825012207
1628,C,T,0,MT-TV,100,1,0.000783085823059082
1640,A,G,0,MT-TV,100,1,-0.002511262893676758
1644,G,A,1,MT-TV,100,1,0.0004521608352661133
1646,T,C,0,MT-TV,100,1,-0.003999233245849609
1657,C,T,0,MT-TV,100,1,0.0032618045806884766
1664,G,A,0,MT-TV,100,1,0.0018463134765625
1670,A,T,0,MT-TV,100,1,-0.017658233642578125
3236,A,G,0,MT-TL1,100,1,-0.0028228759765625
3242,G,A,1,MT-TL1,100,1,-0.013057708740234375
3243,A,G,1,MT-TL1,100,1,-0.0349963903427124
3243,A,T,1,MT-TL1,100,1,-0.03458428382873535
3251,A,G,1,MT-TL1,100,1,-0.0037927627563476562
3252,A,G,1,MT-TL1,100,1,-0.010711193084716797
3254,C,A,0,MT-TL1,100,1,-0.003408193588256836
3254,C,T,0,MT-TL1,100,1,0.005853772163391113
3255,G,A,1,MT-TL1,100,1,-0.009246468544006348
3256,C,T,1,MT-TL1,100,1,-0.0073882341384887695
3258,T,C,1,MT-TL1,100,1,-0.004844784736633301
3260,A,G,1,MT-TL1,100,1,-0.004399418830871582
3261,A,G,0,MT-TL1,100,1,-0.0016921758651733398
3271,T,C,1,MT-TL1,100,1,-0.0032557249069213867
3275,C,A,0,MT-TL1,100,1,0.0022619962692260742
3275,C,G,0,MT-TL1,100,1,0.0004591941833496094
3275,C,T,0,MT-TL1,100,1,-0.0020407438278198242
3277,G,A,0,MT-TL1,100,1,0.007192373275756836
3278,T,C,0,MT-TL1,100,1,0.0015593767166137695
3290,T,C,0,MT-TL1,100,1,-0.001226663589477539
3291,T,C,1,MT-TL1,100,1,-0.0018284320831298828
3302,A,G,1,MT-TL1,100,1,-0.0010025501251220703
3303,C,T,1,MT-TL1,100,1,-0.003373384475708008
4300,A,G,1,MT-TI,100,1,-0.004565238952636719
4310,A,G,0,MT-TI,100,1,0.0018211603164672852
4312,C,T,0,MT-TI,100,1,0.0018925666809082031
4313,T,C,0,MT-TI,100,1,-0.00254976749420166
4314,T,A,0,MT-TI,100,1,-0.001295924186706543
4314,T,C,0,MT-TI,100,1,0.0003402233123779297
4317,A,G,0,MT-TI,100,1,-0.0003638267517089844
4318,C,T,0,MT-TI,100,1,-0.0016222000122070312
4335,C,T,0,MT-TQ,100,1,0.0007021427154541016
4336,T,C,0,MT-TQ,100,1,-0.0018044710159301758
4340,A,G,0,MT-TQ,100,1,0.0008358955383300781
4343,A,G,0,MT-TQ,100,1,-0.00292205810546875
4350,C,T,0,MT-TQ,100,1,0.00081634521484375
4353,T,C,0,MT-TQ,100,1,-0.0024029016494750977
4370,T,C,0,MT-TQ,100,1,-0.0005099773406982422
4371,T,C,0,MT-TQ,100,1,-0.0003173351287841797
4373,T,C,0,MT-TQ,100,1,-0.0014647245407104492
4375,C,T,0,MT-TQ,100,1,-0.0029877424240112305
4381,A,G,0,MT-TQ,100,1,-0.001695871353149414
4384,T,A,0,MT-TQ,100,1,0.002713918685913086
4384,T,C,0,MT-TQ,100,1,7.271766662597656e-05
4385,A,G,0,MT-TQ,100,1,-0.012647151947021484
4385,A,T,0,MT-TQ,100,1,-0.002765059471130371
4386,T,C,0,MT-TQ,100,1,-0.0012881755828857422
4387,C,T,0,MT-TQ,100,1,0.0035223960876464844
4394,C,A,0,MT-TQ,100,1,0.0026407241821289062
4395,A,G,0,MT-TQ,100,1,-0.0005896091461181641
4417,A,G,0,MT-TM,100,1,-0.003024458885192871
4418,T,C,0,MT-TM,100,1,-0.0037467479705810547
4435,A,G,0,MT-TM,100,1,-0.006406545639038086
4450,G,A,1,MT-TM,100,1,-0.005688905715942383
4452,T,C,0,MT-TM,100,1,0.00020384788513183594
4454,T,A,0,MT-TM,100,1,-0.0009133815765380859
4454,T,C,0,MT-TM,100,1,-0.0015959739685058594
4464,G,A,0,MT-TM,100,1,0.00153350830078125
5514,A,G,0,MT-TW,100,1,-0.0024548768997192383
5515,A,G,0,MT-TW,100,1,-0.006548762321472168
5516,A,G,0,MT-TW,100,1,-0.005057811737060547
5521,G,A,1,MT-TW,100,1,-0.0021320581436157227
5527,A,G,0,MT-TW,100,1,-0.002726316452026367
5528,T,C,0,MT-TW,100,1,1.2874603271484375e-05
5530,C,T,0,MT-TW,100,1,0.0019228458404541016
5539,A,G,0,MT-TW,100,1,-0.0008131265640258789
5539,A,T,0,MT-TW,100,1,-0.012451529502868652
5553,T,C,0,MT-TW,100,1,-0.001511693000793457
5553,T,G,0,MT-TW,100,1,-0.005397439002990723
5554,C,A,0,MT-TW,100,1,0.005065798759460449
5556,G,A,1,MT-TW,100,1,-0.002222776412963867
5557,T,C,0,MT-TW,100,1,0.0007715225219726562
5561,T,C,0,MT-TW,100,1,0.002029895782470703
5563,G,A,0,MT-TW,100,1,0.002066373825073242
5566,A,G,0,MT-TW,100,1,-0.00259554386138916
5567,T,C,0,MT-TW,100,1,0.001664280891418457
5568,A,G,0,MT-TW,100,1,-0.002108931541442871
5592,A,G,0,MT-TA,100,1,-0.0029840469360351562
5600,A,G,0,MT-TA,100,1,0.0009262561798095703
5601,C,T,0,MT-TA,100,1,0.001311659812927246
5603,C,T,0,MT-TA,100,1,-0.003077864646911621
5604,C,T,0,MT-TA,100,1,-0.0002446174621582031
5605,A,G,0,MT-TA,100,1,-0.002981424331665039
5608,C,T,0,MT-TA,100,1,-0.0025707483291625977
5618,T,C,0,MT-TA,100,1,-0.005639314651489258
5628,T,C,0,MT-TA,100,1,-0.0029631853103637695
5633,C,T,0,MT-TA,100,1,2.5033950805664062e-05
5640,A,G,0,MT-TA,100,1,-0.003929853439331055
5650,G,A,1,MT-TA,100,1,-0.004391312599182129
5655,T,C,0,MT-TA,100,1,0.00015115737915039062
5662,C,T,0,MT-TN,100,1,0.0023480653762817383
5663,C,T,0,MT-TN,100,1,0.0017499923706054688
5664,A,G,0,MT-TN,100,1,-0.000914454460144043
5665,A,G,0,MT-TN,100,1,-0.002979278564453125
5673,T,C,0,MT-TN,100,1,-0.009263873100280762
5686,A,T,0,MT-TN,100,1,-0.0024415254592895508
5690,A,G,1,MT-TN,100,1,-0.011342167854309082
5703,G,A,1,MT-TN,100,1,0.0003170967102050781
5705,A,G,0,MT-TN,100,1,0.00021767616271972656
5711,A,G,0,MT-TN,100,1,-0.0010221004486083984
5715,A,G,0,MT-TN,100,1,-0.003160715103149414
5728,T,C,1,MT-TN,100,1,0.0001246929168701172
5772,G,A,0,MT-TC,100,1,-0.006114006042480469
5773,G,A,0,MT-TC,100,1,0.0001666545867919922
5774,T,C,0,MT-TC,100,1,0.002278447151184082
5774,T,G,0,MT-TC,100,1,0.00439763069152832
5775,T,C,0,MT-TC,100,1,-0.001958131790161133
5780,G,A,0,MT-TC,100,1,-0.003039717674255371
5783,G,A,0,MT-TC,100,1,-0.002779841423034668
5785,T,C,0,MT-TC,100,1,-0.0060269832611083984
5786,T,C,0,MT-TC,100,1,0.0010650157928466797
5788,T,C,0,MT-TC,100,1,-0.005628466606140137
5794,T,C,0,MT-TC,100,1,-0.0050547122955322266
5800,A,G,0,MT-TC,100,1,-0.007511258125305176
5806,T,C,0,MT-TC,100,1,-0.0016257762908935547
5807,A,G,0,MT-TC,100,1,-0.0025080442428588867
5811,A,G,0,MT-TC,100,1,-0.0035094022750854492
5814,T,A,0,MT-TC,100,1,-0.002732515335083008
5814,T,C,0,MT-TC,100,1,4.410743713378906e-06
5817,C,T,0,MT-TC,100,1,-0.00861215591430664
5821,G,A,0,MT-TC,100,1,4.0650367736816406e-05
5822,G,A,0,MT-TC,100,1,-0.0031397342681884766
5823,A,G,0,MT-TC,100,1,0.0012240409851074219
5824,G,A,0,MT-TC,100,1,-0.0015674829483032227
5836,A,G,0,MT-TY,100,1,-0.0007712841033935547
5839,C,T,0,MT-TY,100,1,0.0002410411834716797
5840,C,T,0,MT-TY,100,1,0.0009657144546508789
5843,A,G,0,MT-TY,100,1,-0.0009286403656005859
5846,C,T,0,MT-TY,100,1,0.002650022506713867
5855,A,G,0,MT-TY,100,1,-0.0001844167709350586
5867,C,T,0,MT-TY,100,1,0.00762176513671875
5875,C,T,0,MT-TY,100,1,0.0014096498489379883
5876,A,G,0,MT-TY,100,1,4.76837158203125e-06
7453,G,A,1,MT-TS1,100,1,-0.0003314018249511719
7460,A,G,0,MT-TS1,100,1,-3.4570693969726562e-06
7469,C,T,0,MT-TS1,100,1,0.0005053281784057617
7471,C,A,0,MT-TS1,100,1,0.003942251205444336
7471,C,T,0,MT-TS1,100,1,0.0038552284240722656
7472,A,T,0,MT-TS1,100,1,-0.0003203153610229492
7476,C,T,0,MT-TS1,100,1,-0.0006188154220581055
7490,A,G,0,MT-TS1,100,1,0.0009279251098632812
7493,C,T,0,MT-TS1,100,1,-0.0009300708770751953
7497,G,A,1,MT-TS1,100,1,-0.0008896589279174805
7498,G,A,0,MT-TS1,100,1,0.0012922286987304688
7501,T,C,0,MT-TS1,100,1,-0.002096891403198242
7510,T,C,1,MT-TS1,100,1,-0.00118255615234375
7511,T,C,1,MT-TS1,100,1,-0.0006120204925537109
7512,T,C,1,MT-TS1,100,1,-0.0009067058563232422
7521,G,A,0,MT-TD,100,1,0.0050508975982666016
7533,C,T,0,MT-TD,100,1,-0.0014193058013916016
7534,C,T,0,MT-TD,100,1,-0.003224492073059082
7543,A,G,0,MT-TD,100,1,-0.006682038307189941
7546,T,C,0,MT-TD,100,1,-0.00471949577331543
7547,T,C,0,MT-TD,100,1,-0.008295297622680664
7552,A,G,0,MT-TD,100,1,-0.0033044815063476562
7559,A,G,0,MT-TD,100,1,-0.0018506050109863281
7561,T,C,0,MT-TD,100,1,0.0023412704467773438
7567,C,T,0,MT-TD,100,1,0.0009214878082275391
7568,T,C,0,MT-TD,100,1,-0.001113295555114746
7569,A,G,0,MT-TD,100,1,-0.0025177001953125
7570,A,G,0,MT-TD,100,1,-0.002414226531982422
7572,T,C,0,MT-TD,100,1,0.0031006336212158203
7576,A,G,0,MT-TD,100,1,-0.013334870338439941
7581,T,C,0,MT-TD,100,1,0.0015221834182739258
7585,A,G,0,MT-TD,100,1,-0.008025288581848145
8298,T,C,0,MT-TK,100,1,-0.0022072792053222656
8300,T,C,0,MT-TK,100,1,-0.0001398324966430664
8308,A,G,0,MT-TK,100,1,-0.0010807514190673828
8311,T,C,0,MT-TK,100,1,-0.001493692398071289
8313,G,A,1,MT-TK,100,1,-0.004864215850830078
8315,A,G,0,MT-TK,100,1,-0.00022268295288085938
8331,A,G,0,MT-TK,100,1,-0.0060498714447021484
8337,T,C,0,MT-TK,100,1,-0.0003478527069091797
8338,A,G,0,MT-TK,100,1,-0.0037908554077148438
8340,G,A,1,MT-TK,100,1,-0.003221750259399414
8343,A,G,0,MT-TK,100,1,-0.003397226333618164
8344,A,G,1,MT-TK,100,1,0.00012195110321044922
8345,C,T,0,MT-TK,100,1,0.0027742385864257812
8346,C,A,0,MT-TK,100,1,-0.0031691789627075195
8347,A,G,0,MT-TK,100,1,-0.003458738327026367
8348,A,G,0,MT-TK,100,1,-0.0030317306518554688
8349,C,T,0,MT-TK,100,1,-0.0033550262451171875
8350,A,G,0,MT-TK,100,1,-0.003052949905395508
8356,T,C,1,MT-TK,100,1,-0.0013079643249511719
8360,A,G,0,MT-TK,100,1,-0.005116105079650879
8363,G,A,1,MT-TK,100,1,-0.00451505184173584
9991,A,G,0,MT-TG,100,1,0.0011243820190429688
9995,T,C,0,MT-TG,100,1,-0.006321310997009277
10003,T,C,0,MT-TG,100,1,0.00807046890258789
10005,A,G,0,MT-TG,100,1,0.001306295394897461
10006,A,G,0,MT-TG,100,1,-0.002955317497253418
10007,T,C,0,MT-TG,100,1,-0.0017429590225219727
10013,C,T,0,MT-TG,100,1,0.0005697011947631836
10018,A,G,0,MT-TG,100,1,-0.011806964874267578
10029,A,G,0,MT-TG,100,1,-0.0029839277267456055
10031,T,C,0,MT-TG,100,1,-0.002228856086730957
10034,T,C,0,MT-TG,100,1,-0.0024733543395996094
10040,C,T,0,MT-TG,100,1,0.0030078887939453125
10042,A,G,0,MT-TG,100,1,-0.003982901573181152
10044,A,G,0,MT-TG,100,1,-0.004743456840515137
10045,T,C,0,MT-TG,100,1,-0.0013180971145629883
10410,T,A,0,MT-TR,100,1,0.0013870000839233398
10410,T,C,0,MT-TR,100,1,-0.0029257535934448242
10411,A,G,0,MT-TR,100,1,0.0006009340286254883
10420,A,G,0,MT-TR,100,1,-0.0004398822784423828
10427,G,A,0,MT-TR,100,1,0.007464170455932617
10440,T,C,0,MT-TR,100,1,-0.0039556026458740234
10446,A,G,0,MT-TR,100,1,0.0003502368927001953
10448,T,C,0,MT-TR,100,1,-0.003494739532470703
10454,T,C,0,MT-TR,100,1,0.00015175342559814453
10456,A,G,0,MT-TR,100,1,-0.003257274627685547
10463,T,C,0,MT-TR,100,1,-0.0022115707397460938
12141,A,G,0,MT-TH,100,1,-0.014047384262084961
12142,A,G,0,MT-TH,100,1,-0.0014159679412841797
12147,G,A,1,MT-TH,100,1,-0.020073413848876953
12151,A,G,0,MT-TH,100,1,-0.027077317237854004
12160,A,G,0,MT-TH,100,1,-0.007237911224365234
12161,T,C,0,MT-TH,100,1,0.0018860101699829102
12164,G,A,0,MT-TH,100,1,-0.013109683990478516
12166,T,C,0,MT-TH,100,1,0.00034737586975097656
12171,A,G,0,MT-TH,100,1,0.001086592674255371
12172,A,G,0,MT-TH,100,1,-0.005079746246337891
12173,T,C,0,MT-TH,100,1,-0.004846930503845215
12178,C,T,0,MT-TH,100,1,-0.0015529394149780273
12181,C,T,0,MT-TH,100,1,-0.0026503801345825195
12188,T,C,0,MT-TH,100,1,-0.0013277530670166016
12189,T,C,0,MT-TH,100,1,0.0030176639556884766
12191,C,T,0,MT-TH,100,1,-0.002378702163696289
12192,G,A,0,MT-TH,100,1,0.00409698486328125
12193,A,G,0,MT-TH,100,1,0.0002155303955078125
12196,C,T,0,MT-TH,100,1,0.002841949462890625
12201,T,C,1,MT-TH,100,1,-0.0001367330551147461
12215,T,C,0,MT-TS2,100,1,-0.001553177833557129
12216,C,T,0,MT-TS2,100,1,-0.0006899833679199219
12223,A,G,0,MT-TS2,100,1,-0.0010914802551269531
12231,C,T,0,MT-TS2,100,1,0.0015349388122558594
12234,A,G,0,MT-TS2,100,1,-0.005384206771850586
12235,T,C,0,MT-TS2,100,1,-0.001658320426940918
12237,C,T,0,MT-TS2,100,1,-0.0011315345764160156
12239,C,T,0,MT-TS2,100,1,-0.0006194114685058594
12245,T,C,0,MT-TS2,100,1,0.0006177425384521484
12246,C,T,0,MT-TS2,100,1,-0.0012934207916259766
12248,A,G,0,MT-TS2,100,1,-0.00346219539642334
12258,C,A,1,MT-TS2,100,1,-0.009320974349975586
12265,A,G,0,MT-TS2,100,1,-0.005785703659057617
12273,A,G,0,MT-TL2,100,1,-0.01021111011505127
12276,G,A,1,MT-TL2,100,1,-0.014631152153015137
12279,A,G,0,MT-TL2,100,1,-0.012501358985900879
12279,A,T,0,MT-TL2,100,1,-0.02136969566345215
12280,A,G,0,MT-TL2,100,1,-0.001188516616821289
12281,C,T,0,MT-TL2,100,1,-0.005234479904174805
12285,T,C,0,MT-TL2,100,1,-0.004255533218383789
12295,T,C,0,MT-TL2,100,1,-0.005385875701904297
12297,T,C,0,MT-TL2,100,1,-0.013221502304077148
12308,A,G,0,MT-TL2,100,1,-0.005677461624145508
12311,T,C,0,MT-TL2,100,1,-0.0001678466796875
12315,G,A,1,MT-TL2,100,1,-0.004965066909790039
14674,T,C,1,MT-TE,100,1,-0.0066280364990234375
14683,A,G,0,MT-TE,100,1,0.00511324405670166
14684,C,T,0,MT-TE,100,1,0.0006271600723266602
14687,A,G,0,MT-TE,100,1,-0.0014914274215698242
14690,A,G,0,MT-TE,100,1,-0.004834294319152832
14691,C,T,0,MT-TE,100,1,0.0069692134857177734
14693,A,G,0,MT-TE,100,1,-0.003446340560913086
14696,A,C,0,MT-TE,100,1,-0.00413966178894043
14696,A,G,0,MT-TE,100,1,0.0022014379501342773
14706,A,G,0,MT-TE,100,1,0.0010439157485961914
14709,T,C,1,MT-TE,100,1,-0.0019314289093017578
14716,C,T,0,MT-TE,100,1,-0.0003287792205810547
14727,T,C,0,MT-TE,100,1,-0.0014197826385498047
15889,T,C,0,MT-TT,100,1,0.0010528564453125
15891,C,T,0,MT-TT,100,1,-0.0025151968002319336
15892,T,C,0,MT-TT,100,1,-0.004213571548461914
15893,T,C,0,MT-TT,100,1,-0.004148244857788086
15894,G,A,0,MT-TT,100,1,0.0004780292510986328
15895,T,C,0,MT-TT,100,1,-0.002871394157409668
15900,T,C,0,MT-TT,100,1,-0.0007579326629638672
15902,A,G,0,MT-TT,100,1,0.0006847381591796875
15903,A,G,0,MT-TT,100,1,-0.0017523765563964844
15904,C,T,0,MT-TT,100,1,0.0002669095993041992
15905,T,C,0,MT-TT,100,1,-0.0030503273010253906
15907,A,G,0,MT-TT,100,1,-0.0030072927474975586
15908,T,C,0,MT-TT,100,1,-0.004236102104187012
15909,A,G,0,MT-TT,100,1,-0.008610010147094727
15911,A,G,0,MT-TT,100,1,-0.0006943941116333008
15913,C,T,0,MT-TT,100,1,-0.0006943941116333008
15914,A,G,0,MT-TT,100,1,0.0065250396728515625
15916,T,C,0,MT-TT,100,1,-0.006868243217468262
15923,A,G,1,MT-TT,100,1,-0.013580322265625
15924,A,G,0,MT-TT,100,1,-0.005334734916687012
15925,C,T,0,MT-TT,100,1,-0.0029143095016479492
15926,C,T,0,MT-TT,100,1,0.002320408821105957
15927,G,A,0,MT-TT,100,1,-0.0028148889541625977
15928,G,A,0,MT-TT,100,1,-0.0017338991165161133
15929,A,G,0,MT-TT,100,1,-0.0037680864334106445
15930,G,A,0,MT-TT,100,1,0.0008515119552612305
15932,T,C,0,MT-TT,100,1,-0.002307415008544922
15935,A,G,0,MT-TT,100,1,-0.002027750015258789
15936,A,G,0,MT-TT,100,1,-0.003256678581237793
15936,A,T,0,MT-TT,100,1,-0.0032769441604614258
15937,A,G,0,MT-TT,100,1,-0.0048830509185791016
15937,A,T,0,MT-TT,100,1,-0.0038154125213623047
15938,C,T,0,MT-TT,100,1,-0.0032716989517211914
15939,C,T,0,MT-TT,100,1,0.00025260448455810547
15940,T,C,0,MT-TT,100,1,0.0006561279296875
15941,T,C,0,MT-TT,100,1,-0.0012364387512207031
15942,T,C,0,MT-TT,100,1,-0.003371715545654297
15943,T,C,0,MT-TT,100,1,-0.0001862049102783203
15944,T,C,0,MT-TT,100,1,-0.00032460689544677734
15946,C,T,0,MT-TT,100,1,-0.0009381771087646484
15947,A,G,0,MT-TT,100,1,-0.0031218528747558594
15949,G,A,0,MT-TT,100,1,-0.004011392593383789
15951,A,G,0,MT-TT,100,1,-0.0024938583374023438
15952,C,T,0,MT-TT,100,1,-0.0028171539306640625
15965,A,G,0,MT-TP,100,1,0.0005347728729248047
15968,T,C,0,MT-TP,100,1,-0.0010190010070800781
15970,T,C,0,MT-TP,100,1,-0.0023039579391479492
15977,C,T,0,MT-TP,100,1,-0.001232147216796875
15978,C,T,0,MT-TP,100,1,-0.0024164915084838867
15990,C,T,1,MT-TP,100,1,-0.005423545837402344
15992,A,T,0,MT-TP,100,1,-0.010035872459411621
16011,A,G,0,MT-TP,100,1,-0.007569074630737305
16017,T,C,0,MT-TP,100,1,-0.0004603862762451172
591,C,T,1,MT-TF,100,2,0.004456281661987305
592,C,T,0,MT-TF,100,2,0.011359691619873047
593,T,C,0,MT-TF,100,2,0.001573324203491211
595,C,A,0,MT-TF,100,2,0.0029026269912719727
595,C,T,0,MT-TF,100,2,-0.00024962425231933594
596,T,C,0,MT-TF,100,2,-0.0009720325469970703
597,C,T,0,MT-TF,100,2,0.001865983009338379
603,A,G,0,MT-TF,100,2,-0.005387663841247559
606,A,G,0,MT-TF,100,2,0.0008697509765625
616,T,C,1,MT-TF,100,2,-0.014153480529785156
619,T,C,0,MT-TF,100,2,-0.0017294883728027344
621,A,G,0,MT-TF,100,2,-0.003147602081298828
629,T,A,0,MT-TF,100,2,-0.002922534942626953
629,T,C,0,MT-TF,100,2,0.001711726188659668
630,C,T,0,MT-TF,100,2,-0.0004235506057739258
633,A,G,0,MT-TF,100,2,-0.002522706985473633
634,T,A,0,MT-TF,100,2,-0.0006303787231445312
634,T,C,0,MT-TF,100,2,-0.0037660598754882812
635,C,T,0,MT-TF,100,2,-0.0017726421356201172
644,A,G,0,MT-TF,100,2,-0.0043991804122924805
647,A,G,0,MT-TF,100,2,-0.004343628883361816
1607,T,C,0,MT-TV,100,2,-0.004545092582702637
1617,C,T,0,MT-TV,100,2,0.0005307197570800781
1618,A,G,0,MT-TV,100,2,0.0018426179885864258
1624,C,T,1,MT-TV,100,2,0.0008289813995361328
1628,C,T,0,MT-TV,100,2,0.0003973245620727539
1640,A,G,0,MT-TV,100,2,-0.004319429397583008
1644,G,A,1,MT-TV,100,2,-0.0006102323532104492
1646,T,C,0,MT-TV,100,2,-0.00472712516784668
1657,C,T,0,MT-TV,100,2,0.0017209053039550781
1664,G,A,0,MT-TV,100,2,0.001020669937133789
1670,A,T,0,MT-TV,100,2,-0.016849756240844727
3236,A,G,0,MT-TL1,100,2,-0.004689216613769531
3242,G,A,1,MT-TL1,100,2,-0.02466297149658203
3243,A,G,1,MT-TL1,100,2,-0.030009984970092773
3243,A,T,1,MT-TL1,100,2,-0.03378438949584961
3251,A,G,1,MT-TL1,100,2,-0.004921436309814453
3252,A,G,1,MT-TL1,100,2,-0.01039135456085205
3254,C,A,0,MT-TL1,100,2,-0.003557562828063965
3254,C,T,0,MT-TL1,100,2,0.005265951156616211
3255,G,A,1,MT-TL1,100,2,-0.009281039237976074
3256,C,T,1,MT-TL1,100,2,-0.008538246154785156
3258,T,C,1,MT-TL1,100,2,-0.005333423614501953
3260,A,G,1,MT-TL1,100,2,-0.006055355072021484
3261,A,G,0,MT-TL1,100,2,-0.0026360750198364258
3271,T,C,1,MT-TL1,100,2,-0.0024785995483398438
3275,C,A,0,MT-TL1,100,2,0.0009784698486328125
3275,C,G,0,MT-TL1,100,2,0.0006979703903198242
3275,C,T,0,MT-TL1,100,2,-4.3511390686035156e-05
3277,G,A,0,MT-TL1,100,2,0.0034525394439697266
3278,T,C,0,MT-TL1,100,2,-0.0005025863647460938
3290,T,C,0,MT-TL1,100,2,-0.0005191564559936523
3291,T,C,1,MT-TL1,100,2,-0.004042863845825195
3302,A,G,1,MT-TL1,100,2,-0.0040509700775146484
3303,C,T,1,MT-TL1,100,2,-0.002534031867980957
4300,A,G,1,MT-TI,100,2,-0.005917549133300781
4310,A,G,0,MT-TI,100,2,0.0014472007751464844
4312,C,T,0,MT-TI,100,2,0.0012761354446411133
4313,T,C,0,MT-TI,100,2,-0.0014467239379882812
4314,T,A,0,MT-TI,100,2,-0.0001971721649169922
4314,T,C,0,MT-TI,100,2,0.001780867576599121
4317,A,G,0,MT-TI,100,2,2.384185791015625e-07
4318,C,T,0,MT-TI,100,2,-0.0018210411071777344
4335,C,T,0,MT-TQ,100,2,-0.0021584033966064453
4336,T,C,0,MT-TQ,100,2,-0.0010552406311035156
4340,A,G,0,MT-TQ,100,2,0.001211404800415039
4343,A,G,0,MT-TQ,100,2,-0.0031777620315551758
4350,C,T,0,MT-TQ,100,2,0.0024344921112060547
4353,T,C,0,MT-TQ,100,2,0.0005328655242919922
4370,T,C,0,MT-TQ,100,2,-0.0011812448501586914
4371,T,C,0,MT-TQ,100,2,0.0007772445678710938
4373,T,C,0,MT-TQ,100,2,-0.0019998550415039062
4375,C,T,0,MT-TQ,100,2,-0.002098560333251953
4381,A,G,0,MT-TQ,100,2,-0.00198972225189209
4384,T,A,0,MT-TQ,100,2,0.003418445587158203
4384,T,C,0,MT-TQ,100,2,0.0010638236999511719
4385,A,G,0,MT-TQ,100,2,-0.006933093070983887
4385,A,T,0,MT-TQ,100,2,-0.0023272037506103516
4386,T,C,0,MT-TQ,100,2,-0.00281524658203125
4387,C,T,0,MT-TQ,100,2,0.0017801523208618164
4394,C,A,0,MT-TQ,100,2,0.0034537315368652344
4395,A,G,0,MT-TQ,100,2,-0.0015034675598144531
4417,A,G,0,MT-TM,100,2,-0.0024453401565551758
4418,T,C,0,MT-TM,100,2,-0.0010962486267089844
4435,A,G,0,MT-TM,100,2,-0.0062007904052734375
4450,G,A,1,MT-TM,100,2,-0.005850076675415039
4452,T,C,0,MT-TM,100,2,-0.0008674860000610352
4454,T,A,0,MT-TM,100,2,0.0007759332656860352
4454,T,C,0,MT-TM,100,2,-0.0019195079803466797
4464,G,A,0,MT-TM,100,2,0.0009845495223999023
5514,A,G,0,MT-TW,100,2,-0.005862236022949219
5515,A,G,0,MT-TW,100,2,-0.00613558292388916
5516,A,G,0,MT-TW,100,2,-0.005036115646362305
5521,G,A,1,MT-TW,100,2,-0.0021213293075561523
5527,A,G,0,MT-TW,100,2,-0.002337813377380371
5528,T,C,0,MT-TW,100,2,0.0009036064147949219
5530,C,T,0,MT-TW,100,2,0.0010852813720703125
5539,A,G,0,MT-TW,100,2,-0.0004703998565673828
5539,A,T,0,MT-TW,100,2,-0.011463046073913574
5553,T,C,0,MT-TW,100,2,-0.002326488494873047
5553,T,G,0,MT-TW,100,2,-0.006475567817687988
5554,C,A,0,MT-TW,100,2,0.0035969018936157227
5556,G,A,1,MT-TW,100,2,-0.0038771629333496094
5557,T,C,0,MT-TW,100,2,0.001822829246520996
5561,T,C,0,MT-TW,100,2,0.0005553960800170898
5563,G,A,0,MT-TW,100,2,0.0027968883514404297
5566,A,G,0,MT-TW,100,2,-0.0023518800735473633
5567,T,C,0,MT-TW,100,2,0.0003491640090942383
5568,A,G,0,MT-TW,100,2,-0.0021396875381469727
5592,A,G,0,MT-TA,100,2,-0.0019365549087524414
5600,A,G,0,MT-TA,100,2,0.0006109476089477539
5601,C,T,0,MT-TA,100,2,0.0019207000732421875
5603,C,T,0,MT-TA,100,2,-0.0032368898391723633
5604,C,T,0,MT-TA,100,2,0.0008437633514404297
5605,A,G,0,MT-TA,100,2,-0.004255771636962891
5608,C,T,0,MT-TA,100,2,-0.003801584243774414
5618,T,C,0,MT-TA,100,2,-0.005568742752075195
5628,T,C,0,MT-TA,100,2,-0.0031015872955322266
5633,C,T,0,MT-TA,100,2,-0.00026416778564453125
5640,A,G,0,MT-TA,100,2,-0.0029703378677368164
5650,G,A,1,MT-TA,100,2,-0.004645228385925293
5655,T,C,0,MT-TA,100,2,-0.0013124942779541016
5662,C,T,0,MT-TN,100,2,-0.0012050867080688477
5663,C,T,0,MT-TN,100,2,0.007584929466247559
5664,A,G,0,MT-TN,100,2,-0.0012360811233520508
5665,A,G,0,MT-TN,100,2,-0.0026540756225585938
5673,T,C,0,MT-TN,100,2,-0.005970120429992676
5686,A,T,0,MT-TN,100,2,-0.001979827880859375
5690,A,G,1,MT-TN,100,2,-0.010824084281921387
5703,G,A,1,MT-TN,100,2,0.0008848905563354492
5705,A,G,0,MT-TN,100,2,-0.00013375282287597656
5711,A,G,0,MT-TN,100,2,-0.0018856525421142578
5715,A,G,0,MT-TN,100,2,-0.001918792724609375
5728,T,C,1,MT-TN,100,2,-0.0011199712753295898
5772,G,A,0,MT-TC,100,2,-0.005639791488647461
5773,G,A,0,MT-TC,100,2,0.0018732547760009766
5774,T,C,0,MT-TC,100,2,0.0021774768829345703
5774,T,G,0,MT-TC,100,2,0.0022679567337036133
5775,T,C,0,MT-TC,100,2,-0.0007584095001220703
5780,G,A,0,MT-TC,100,2,-0.003936171531677246
5783,G,A,0,MT-TC,100,2,-0.003832101821899414
5785,T,C,0,MT-TC,100,2,-0.005913257598876953
5786,T,C,0,MT-TC,100,2,0.0006246566772460938
5788,T,C,0,MT-TC,100,2,-0.0038808584213256836
5794,T,C,0,MT-TC,100,2,-0.002770543098449707
5800,A,G,0,MT-TC,100,2,-0.00876617431640625
5806,T,C,0,MT-TC,100,2,-0.0013561248779296875
5807,A,G,0,MT-TC,100,2,-0.0005301237106323242
5811,A,G,0,MT-TC,100,2,-0.0027306079864501953
5814,T,A,0,MT-TC,100,2,-0.0024538040161132812
5814,T,C,0,MT-TC,100,2,-0.0012358427047729492
5817,C,T,0,MT-TC,100,2,-0.008925080299377441
5821,G,A,0,MT-TC,100,2,0.0009098052978515625
5822,G,A,0,MT-TC,100,2,-0.004383206367492676
5823,A,G,0,MT-TC,100,2,0.0015921592712402344
5824,G,A,0,MT-TC,100,2,-0.0033892393112182617
5836,A,G,0,MT-TY,100,2,-0.0002722740173339844
5839,C,T,0,MT-TY,100,2,-0.000118255615234375
5840,C,T,0,MT-TY,100,2,-2.777576446533203e-05
5843,A,G,0,MT-TY,100,2,-0.0010491609573364258
5846,C,T,0,MT-TY,100,2,0.001453995704650879
5855,A,G,0,MT-TY,100,2,-0.0020885467529296875
5867,C,T,0,MT-TY,100,2,0.00798046588897705
5875,C,T,0,MT-TY,100,2,0.0015677213668823242
5876,A,G,0,MT-TY,100,2,0.00019919872283935547
7453,G,A,1,MT-TS1,100,2,-0.003166675567626953
7460,A,G,0,MT-TS1,100,2,-0.0018417835235595703
7469,C,T,0,MT-TS1,100,2,-0.0007035732269287109
7471,C,A,0,MT-TS1,100,2,0.0028580427169799805
7471,C,T,0,MT-TS1,100,2,0.003505706787109375
7472,A,T,0,MT-TS1,100,2,0.0005040168762207031
7476,C,T,0,MT-TS1,100,2,-0.0003986358642578125
7490,A,G,0,MT-TS1,100,2,0.001515030860900879
7493,C,T,0,MT-TS1,100,2,-0.00026547908782958984
7497,G,A,1,MT-TS1,100,2,0.0005803108215332031
7498,G,A,0,MT-TS1,100,2,0.0017453432083129883
7501,T,C,0,MT-TS1,100,2,-0.0019190311431884766
7510,T,C,1,MT-TS1,100,2,-0.0018343925476074219
7511,T,C,1,MT-TS1,100,2,-0.0019026994705200195
7512,T,C,1,MT-TS1,100,2,-0.002724766731262207
7521,G,A,0,MT-TD,100,2,0.005123138427734375
7533,C,T,0,MT-TD,100,2,0.0007369518280029297
7534,C,T,0,MT-TD,100,2,-0.002881169319152832
7543,A,G,0,MT-TD,100,2,-0.011557340621948242
7546,T,C,0,MT-TD,100,2,-0.0033861398696899414
7547,T,C,0,MT-TD,100,2,-0.00703883171081543
7552,A,G,0,MT-TD,100,2,-0.004400491714477539
7559,A,G,0,MT-TD,100,2,-0.0041391849517822266
7561,T,C,0,MT-TD,100,2,0.00020623207092285156
7567,C,T,0,MT-TD,100,2,0.0003598928451538086
7568,T,C,0,MT-TD,100,2,0.0002549886703491211
7569,A,G,0,MT-TD,100,2,-0.0012362003326416016
7570,A,G,0,MT-TD,100,2,-0.002453923225402832
7572,T,C,0,MT-TD,100,2,0.002665281295776367
7576,A,G,0,MT-TD,100,2,-0.005856752395629883
7581,T,C,0,MT-TD,100,2,-0.0011937618255615234
7585,A,G,0,MT-TD,100,2,-0.022113323211669922
8298,T,C,0,MT-TK,100,2,-0.0007932186126708984
8300,T,C,0,MT-TK,100,2,-0.0008113384246826172
8308,A,G,0,MT-TK,100,2,-0.0017572641372680664
8311,T,C,0,MT-TK,100,2,-0.0007219314575195312
8313,G,A,1,MT-TK,100,2,-0.0025038719177246094
8315,A,G,0,MT-TK,100,2,-0.0007894039154052734
8331,A,G,0,MT-TK,100,2,-0.008165240287780762
8337,T,C,0,MT-TK,100,2,-0.00311887264251709
8338,A,G,0,MT-TK,100,2,-0.0034371614456176758
8340,G,A,1,MT-TK,100,2,-0.003585219383239746
8343,A,G,0,MT-TK,100,2,-0.0014426708221435547
8344,A,G,1,MT-TK,100,2,-0.000910639762878418
8345,C,T,0,MT-TK,100,2,0.0009903907775878906
8346,C,A,0,MT-TK,100,2,-0.0020219087600708008
8347,A,G,0,MT-TK,100,2,-0.003672957420349121
8348,A,G,0,MT-TK,100,2,-0.00462949275970459
8349,C,T,0,MT-TK,100,2,-0.004344820976257324
8350,A,G,0,MT-TK,100,2,-0.0021992921829223633
8356,T,C,1,MT-TK,100,2,-0.002612590789794922
8360,A,G,0,MT-TK,100,2,-0.005630970001220703
8363,G,A,1,MT-TK,100,2,-0.0028676986694335938
9991,A,G,0,MT-TG,100,2,0.0026994943618774414
9995,T,C,0,MT-TG,100,2,-0.006361842155456543
10003,T,C,0,MT-TG,100,2,0.0010448694229125977
10005,A,G,0,MT-TG,100,2,0.0015772581100463867
10006,A,G,0,MT-TG,100,2,-0.0034219026565551758
10007,T,C,0,MT-TG,100,2,0.00858151912689209
10013,C,T,0,MT-TG,100,2,6.330013275146484e-05
10018,A,G,0,MT-TG,100,2,-0.008388042449951172
10029,A,G,0,MT-TG,100,2,-0.0024542808532714844
10031,T,C,0,MT-TG,100,2,-0.0018854141235351562
10034,T,C,0,MT-TG,100,2,-0.002294778823852539
10040,C,T,0,MT-TG,100,2,0.00544893741607666
10042,A,G,0,MT-TG,100,2,-0.0015873908996582031
10044,A,G,0,MT-TG,100,2,-0.004197955131530762
10045,T,C,0,MT-TG,100,2,0.0016732215881347656
10410,T,A,0,MT-TR,100,2,-0.0019229650497436523
10410,T,C,0,MT-TR,100,2,-0.00930166244506836
10411,A,G,0,MT-TR,100,2,-0.0003178119659423828
10420,A,G,0,MT-TR,100,2,-0.0028744935989379883
10427,G,A,0,MT-TR,100,2,0.008439898490905762
10440,T,C,0,MT-TR,100,2,-0.00603795051574707
10446,A,G,0,MT-TR,100,2,0.001206517219543457
10448,T,C,0,MT-TR,100,2,-0.0037430524826049805
10454,T,C,0,MT-TR,100,2,0.0005019903182983398
10456,A,G,0,MT-TR,100,2,-0.004055023193359375
10463,T,C,0,MT-TR,100,2,-0.0034682750701904297
12141,A,G,0,MT-TH,100,2,-0.008377313613891602
12142,A,G,0,MT-TH,100,2,-0.005926012992858887
12147,G,A,1,MT-TH,100,2,-0.010190963745117188
12151,A,G,0,MT-TH,100,2,-0.025603771209716797
12160,A,G,0,MT-TH,100,2,-0.004896879196166992
12161,T,C,0,MT-TH,100,2,0.0011500120162963867
12164,G,A,0,MT-TH,100,2,-0.013135910034179688
12166,T,C,0,MT-TH,100,2,0.0005640983581542969
12171,A,G,0,MT-TH,100,2,-0.0014841556549072266
12172,A,G,0,MT-TH,100,2,-0.005210280418395996
12173,T,C,0,MT-TH,100,2,-0.00638425350189209
12178,C,T,0,MT-TH,100,2,-0.0020775794982910156
12181,C,T,0,MT-TH,100,2,-0.0026112794876098633
12188,T,C,0,MT-TH,100,2,-0.0008779764175415039
12189,T,C,0,MT-TH,100,2,0.0011957883834838867
12191,C,T,0,MT-TH,100,2,-0.000662684440612793
12192,G,A,0,MT-TH,100,2,0.003575563430786133
12193,A,G,0,MT-TH,100,2,0.0008099079132080078
12196,C,T,0,MT-TH,100,2,0.0036134719848632812
12201,T,C,1,MT-TH,100,2,0.0011072158813476562
12215,T,C,0,MT-TS2,100,2,-0.0011061429977416992
12216,C,T,0,MT-TS2,100,2,-0.00016307830810546875
12223,A,G,0,MT-TS2,100,2,-0.0025620460510253906
12231,C,T,0,MT-TS2,100,2,0.0003801584243774414
12234,A,G,0,MT-TS2,100,2,-0.004911184310913086
12235,T,C,0,MT-TS2,100,2,-0.0012826919555664062
12237,C,T,0,MT-TS2,100,2,-0.0017542839050292969
12239,C,T,0,MT-TS2,100,2,0.0001800060272216797
12245,T,C,0,MT-TS2,100,2,-0.0010617971420288086
12246,C,T,0,MT-TS2,100,2,-0.0013399124145507812
12248,A,G,0,MT-TS2,100,2,-0.0032110214233398438
12258,C,A,1,MT-TS2,100,2,-0.009365558624267578
12265,A,G,0,MT-TS2,100,2,-0.0075838565826416016
12273,A,G,0,MT-TL2,100,2,-0.006555080413818359
12276,G,A,1,MT-TL2,100,2,-0.012267708778381348
12279,A,G,0,MT-TL2,100,2,-0.018465399742126465
12279,A,T,0,MT-TL2,100,2,-0.02605593204498291
12280,A,G,0,MT-TL2,100,2,-0.00031936168670654297
12281,C,T,0,MT-TL2,100,2,-0.01622939109802246
12285,T,C,0,MT-TL2,100,2,-0.003761768341064453
12295,T,C,0,MT-TL2,100,2,-0.004325747489929199
12297,T,C,0,MT-TL2,100,2,-0.012859821319580078
12308,A,G,0,MT-TL2,100,2,-0.005869269371032715
12311,T,C,0,MT-TL2,100,2,-0.0007477998733520508
12315,G,A,1,MT-TL2,100,2,-0.006181120872497559
14674,T,C,1,MT-TE,100,2,0.0007413625717163086
14683,A,G,0,MT-TE,100,2,0.0019854307174682617
14684,C,T,0,MT-TE,100,2,0.0014954805374145508
14687,A,G,0,MT-TE,100,2,-0.002042412757873535
14690,A,G,0,MT-TE,100,2,-0.003373861312866211
14691,C,T,0,MT-TE,100,2,0.004567861557006836
14693,A,G,0,MT-TE,100,2,-0.007430672645568848
14696,A,C,0,MT-TE,100,2,-0.004360556602478027
14696,A,G,0,MT-TE,100,2,0.0013276338577270508
14706,A,G,0,MT-TE,100,2,-0.0007756948471069336
14709,T,C,1,MT-TE,100,2,-0.004960417747497559
14716,C,T,0,MT-TE,100,2,-0.0008158683776855469
14727,T,C,0,MT-TE,100,2,-0.0008673667907714844
15889,T,C,0,MT-TT,100,2,0.002390623092651367
15891,C,T,0,MT-TT,100,2,-0.0014679431915283203
15892,T,C,0,MT-TT,100,2,-0.003832578659057617
15893,T,C,0,MT-TT,100,2,-0.0012214183807373047
15894,G,A,0,MT-TT,100,2,-0.0008285045623779297
15895,T,C,0,MT-TT,100,2,-0.00924837589263916
15900,T,C,0,MT-TT,100,2,-2.5153160095214844e-05
15902,A,G,0,MT-TT,100,2,-9.822845458984375e-05
15903,A,G,0,MT-TT,100,2,-0.002131938934326172
15904,C,T,0,MT-TT,100,2,-0.0001838207244873047
15905,T,C,0,MT-TT,100,2,-0.0033184289932250977
15907,A,G,0,MT-TT,100,2,-0.0037223100662231445
15908,T,C,0,MT-TT,100,2,-0.002522110939025879
15909,A,G,0,MT-TT,100,2,-0.008673548698425293
15911,A,G,0,MT-TT,100,2,-0.0011159181594848633
15913,C,T,0,MT-TT,100,2,0.00038933753967285156
15914,A,G,0,MT-TT,100,2,0.006341099739074707
15916,T,C,0,MT-TT,100,2,-0.00883948802947998
15923,A,G,1,MT-TT,100,2,-0.009711742401123047
15924,A,G,0,MT-TT,100,2,-0.0026558637619018555
15925,C,T,0,MT-TT,100,2,-0.0031050443649291992
15926,C,T,0,MT-TT,100,2,0.0017631053924560547
15927,G,A,0,MT-TT,100,2,-0.0028896331787109375
15928,G,A,0,MT-TT,100,2,-0.0015178918838500977
15929,A,G,0,MT-TT,100,2,-0.003968358039855957
15930,G,A,0,MT-TT,100,2,0.00019478797912597656
15932,T,C,0,MT-TT,100,2,-0.001651167869567871
15935,A,G,0,MT-TT,100,2,-0.0026504993438720703
15936,A,G,0,MT-TT,100,2,-0.0038172006607055664
15936,A,T,0,MT-TT,100,2,-0.0028537511825561523
15937,A,G,0,MT-TT,100,2,-0.005446076393127441
15937,A,T,0,MT-TT,100,2,-0.003155827522277832
15938,C,T,0,MT-TT,100,2,-0.0027114152908325195
15939,C,T,0,MT-TT,100,2,-0.00030624866485595703
15940,T,C,0,MT-TT,100,2,0.00030934810638427734
15941,T,C,0,MT-TT,100,2,-0.0015320777893066406
15942,T,C,0,MT-TT,100,2,-0.0035653114318847656
15943,T,C,0,MT-TT,100,2,-0.002272963523864746
15944,T,C,0,MT-TT,100,2,-4.410743713378906e-05
15946,C,T,0,MT-TT,100,2,-0.00013649463653564453
15947,A,G,0,MT-TT,100,2,-0.002790689468383789
15949,G,A,0,MT-TT,100,2,-0.0030878782272338867
15951,A,G,0,MT-TT,100,2,-0.001616358757019043
15952,C,T,0,MT-TT,100,2,-0.0013610124588012695
15965,A,G,0,MT-TP,100,2,-0.0001608133316040039
15968,T,C,0,MT-TP,100,2,-0.00047457218170166016
15970,T,C,0,MT-TP,100,2,-0.004275083541870117
15977,C,T,0,MT-TP,100,2,-0.0026023387908935547
15978,C,T,0,MT-TP,100,2,-0.0012726783752441406
15990,C,T,1,MT-TP,100,2,-0.0009016990661621094
15992,A,T,0,MT-TP,100,2,-0.01229560375213623
16011,A,G,0,MT-TP,100,2,-0.006878018379211426
16017,T,C,0,MT-TP,100,2,-0.0001951456069946289
591,C,T,1,MT-TF,100,3,0.008176207542419434
592,C,T,0,MT-TF,100,3,0.0029064416885375977
593,T,C,0,MT-TF,100,3,0.0027060508728027344
595,C,A,0,MT-TF,100,3,0.003986954689025879
595,C,T,0,MT-TF,100,3,-0.0006914138793945312
596,T,C,0,MT-TF,100,3,0.0010257959365844727
597,C,T,0,MT-TF,100,3,0.0038791894912719727
603,A,G,0,MT-TF,100,3,0.0005909204483032227
606,A,G,0,MT-TF,100,3,-0.005668282508850098
616,T,C,1,MT-TF,100,3,-0.016813039779663086
619,T,C,0,MT-TF,100,3,0.0008882284164428711
621,A,G,0,MT-TF,100,3,-0.0031735897064208984
629,T,A,0,MT-TF,100,3,-0.0035096406936645508
629,T,C,0,MT-TF,100,3,-0.0016113519668579102
630,C,T,0,MT-TF,100,3,-0.0024307966232299805
633,A,G,0,MT-TF,100,3,-0.0010325908660888672
634,T,A,0,MT-TF,100,3,0.00016438961029052734
634,T,C,0,MT-TF,100,3,-0.00491786003112793
635,C,T,0,MT-TF,100,3,0.0002932548522949219
644,A,G,0,MT-TF,100,3,-0.0021687746047973633
647,A,G,0,MT-TF,100,3,-0.0018573999404907227
1607,T,C,0,MT-TV,100,3,-0.0019905567169189453
1617,C,T,0,MT-TV,100,3,0.002279996871948242
1618,A,G,0,MT-TV,100,3,-0.0005755424499511719
1624,C,T,1,MT-TV,100,3,0.00031626224517822266
1628,C,T,0,MT-TV,100,3,0.000782012939453125
1640,A,G,0,MT-TV,100,3,0.00022220611572265625
1644,G,A,1,MT-TV,100,3,-0.003190279006958008
1646,T,C,0,MT-TV,100,3,-0.003731250762939453
1657,C,T,0,MT-TV,100,3,-0.0009046792984008789
1664,G,A,0,MT-TV,100,3,0.0009930133819580078
1670,A,T,0,MT-TV,100,3,-0.013387441635131836
3236,A,G,0,MT-TL1,100,3,-0.0034524202346801758
3242,G,A,1,MT-TL1,100,3,-0.022245168685913086
3243,A,G,1,MT-TL1,100,3,-0.030060648918151855
3243,A,T,1,MT-TL1,100,3,-0.029335379600524902
3251,A,G,1,MT-TL1,100,3,-0.0038520097732543945
3252,A,G,1,MT-TL1,100,3,-0.009479284286499023
3254,C,A,0,MT-TL1,100,3,-0.005186200141906738
3254,C,T,0,MT-TL1,100,3,0.005875587463378906
3255,G,A,1,MT-TL1,100,3,-0.005752921104431152
3256,C,T,1,MT-TL1,100,3,-0.005475401878356934
3258,T,C,1,MT-TL1,100,3,-0.004486083984375
3260,A,G,1,MT-TL1,100,3,-0.0061103105545043945
3261,A,G,0,MT-TL1,100,3,-0.0013430118560791016
3271,T,C,1,MT-TL1,100,3,-0.004030466079711914
3275,C,A,0,MT-TL1,100,3,0.000942230224609375
3275,C,G,0,MT-TL1,100,3,-0.001577138900756836
3275,C,T,0,MT-TL1,100,3,-0.0014307498931884766
3277,G,A,0,MT-TL1,100,3,0.0024684667587280273
3278,T,C,0,MT-TL1,100,3,0.0009374618530273438
3290,T,C,0,MT-TL1,100,3,-0.0007636547088623047
3291,T,C,1,MT-TL1,100,3,-0.002480626106262207
3302,A,G,1,MT-TL1,100,3,-0.0026377439498901367
3303,C,T,1,MT-TL1,100,3,-0.0035244226455688477
4300,A,G,1,MT-TI,100,3,-0.0059844255447387695
4310,A,G,0,MT-TI,100,3,0.0018478631973266602
4312,C,T,0,MT-TI,100,3,0.0019459724426269531
4313,T,C,0,MT-TI,100,3,-0.0017951726913452148
4314,T,A,0,MT-TI,100,3,-0.0003255605697631836
4314,T,C,0,MT-TI,100,3,-0.0018407106399536133
4317,A,G,0,MT-TI,100,3,-0.0009179115295410156
4318,C,T,0,MT-TI,100,3,0.0004875659942626953
4335,C,T,0,MT-TQ,100,3,-0.0018646717071533203
4336,T,C,0,MT-TQ,100,3,0.0011851787567138672
4340,A,G,0,MT-TQ,100,3,0.0016531944274902344
4343,A,G,0,MT-TQ,100,3,-0.0008329153060913086
4350,C,T,0,MT-TQ,100,3,-0.00040650367736816406
4353,T,C,0,MT-TQ,100,3,-0.0010666847229003906
4370,T,C,0,MT-TQ,100,3,-0.00019168853759765625
4371,T,C,0,MT-TQ,100,3,-0.001161336898803711
4373,T,C,0,MT-TQ,100,3,-0.002418041229248047
4375,C,T,0,MT-TQ,100,3,-0.0024770498275756836
4381,A,G,0,MT-TQ,100,3,-0.0020952224731445312
4384,T,A,0,MT-TQ,100,3,0.00362551212310791
4384,T,C,0,MT-TQ,100,3,0.001459956169128418
4385,A,G,0,MT-TQ,100,3,-0.011368989944458008
4385,A,T,0,MT-TQ,100,3,-0.0025430917739868164
4386,T,C,0,MT-TQ,100,3,-0.0002415180206298828
4387,C,T,0,MT-TQ,100,3,0.002301454544067383
4394,C,A,0,MT-TQ,100,3,0.0037026405334472656
4395,A,G,0,MT-TQ,100,3,-0.0009205341339111328
4417,A,G,0,MT-TM,100,3,-0.00395655632019043
4418,T,C,0,MT-TM,100,3,-0.0008406639099121094
4435,A,G,0,MT-TM,100,3,-0.005705475807189941
4450,G,A,1,MT-TM,100,3,-0.005030035972595215
4452,T,C,0,MT-TM,100,3,-0.0012270212173461914
4454,T,A,0,MT-TM,100,3,2.956390380859375e-05
4454,T,C,0,MT-TM,100,3,0.0003508329391479492
4464,G,A,0,MT-TM,100,3,-0.00040149688720703125
5514,A,G,0,MT-TW,100,3,-0.0037957429885864258
5515,A,G,0,MT-TW,100,3,-0.005860567092895508
5516,A,G,0,MT-TW,100,3,-0.0074378252029418945
5521,G,A,1,MT-TW,100,3,-0.001219034194946289
5527,A,G,0,MT-TW,100,3,-0.0015898942947387695
5528,T,C,0,MT-TW,100,3,-0.0013890266418457031
5530,C,T,0,MT-TW,100,3,0.0014386177062988281
5539,A,G,0,MT-TW,100,3,0.00037992000579833984
5539,A,T,0,MT-TW,100,3,-0.010425448417663574
5553,T,C,0,MT-TW,100,3,-0.002586841583251953
5553,T,G,0,MT-TW,100,3,-0.006060361862182617
5554,C,A,0,MT-TW,100,3,0.00316619873046875
5556,G,A,1,MT-TW,100,3,-0.00409245491027832
5557,T,C,0,MT-TW,100,3,0.0008490085601806641
5561,T,C,0,MT-TW,100,3,0.0018448829650878906
5563,G,A,0,MT-TW,100,3,0.0023099184036254883
5566,A,G,0,MT-TW,100,3,-0.0021021366119384766
5567,T,C,0,MT-TW,100,3,0.0005540847778320312
5568,A,G,0,MT-TW,100,3,-0.002069830894470215
5592,A,G,0,MT-TA,100,3,-0.0032504796981811523
5600,A,G,0,MT-TA,100,3,0.0017441511154174805
5601,C,T,0,MT-TA,100,3,0.0015330314636230469
5603,C,T,0,MT-TA,100,3,-0.002010822296142578
5604,C,T,0,MT-TA,100,3,-0.0010898113250732422
5605,A,G,0,MT-TA,100,3,-0.005546092987060547
5608,C,T,0,MT-TA,100,3,-0.0022215843200683594
5618,T,C,0,MT-TA,100,3,-0.006134986877441406
5628,T,C,0,MT-TA,100,3,-0.003851175308227539
5633,C,T,0,MT-TA,100,3,0.00013577938079833984
5640,A,G,0,MT-TA,100,3,-0.004015088081359863
5650,G,A,1,MT-TA,100,3,-0.004233717918395996
5655,T,C,0,MT-TA,100,3,-0.0001169443130493164
5662,C,T,0,MT-TN,100,3,-0.0008263587951660156
5663,C,T,0,MT-TN,100,3,0.004904627799987793
5664,A,G,0,MT-TN,100,3,-0.0016663074493408203
5665,A,G,0,MT-TN,100,3,-0.0032213926315307617
5673,T,C,0,MT-TN,100,3,-0.0027626752853393555
5686,A,T,0,MT-TN,100,3,-0.005419135093688965
5690,A,G,1,MT-TN,100,3,-0.010996341705322266
5703,G,A,1,MT-TN,100,3,0.00039076805114746094
5705,A,G,0,MT-TN,100,3,-0.0016613006591796875
5711,A,G,0,MT-TN,100,3,-0.0025725364685058594
5715,A,G,0,MT-TN,100,3,-0.0018221139907836914
5728,T,C,1,MT-TN,100,3,-0.0002720355987548828
5772,G,A,0,MT-TC,100,3,-0.007040619850158691
5773,G,A,0,MT-TC,100,3,-0.00011920928955078125
5774,T,C,0,MT-TC,100,3,0.0007719993591308594
5774,T,G,0,MT-TC,100,3,0.004473090171813965
5775,T,C,0,MT-TC,100,3,-0.00122833251953125
5780,G,A,0,MT-TC,100,3,-0.003631114959716797
5783,G,A,0,MT-TC,100,3,-0.004131793975830078
5785,T,C,0,MT-TC,100,3,-0.006351947784423828
5786,T,C,0,MT-TC,100,3,3.3974647521972656e-05
5788,T,C,0,MT-TC,100,3,-0.005201458930969238
5794,T,C,0,MT-TC,100,3,-0.0033605098724365234
5800,A,G,0,MT-TC,100,3,-0.008925199508666992
5806,T,C,0,MT-TC,100,3,-0.00039505958557128906
5807,A,G,0,MT-TC,100,3,-0.001044154167175293
5811,A,G,0,MT-TC,100,3,-0.003680586814880371
5814,T,A,0,MT-TC,100,3,-0.004604697227478027
5814,T,C,0,MT-TC,100,3,0.0002465248107910156
5817,C,T,0,MT-TC,100,3,-0.008921623229980469
5821,G,A,0,MT-TC,100,3,-0.0009188652038574219
5822,G,A,0,MT-TC,100,3,-0.002436041831970215
5823,A,G,0,MT-TC,100,3,0.000807642936706543
5824,G,A,0,MT-TC,100,3,-0.0019284486770629883
5836,A,G,0,MT-TY,100,3,-0.00046563148498535156
5839,C,T,0,MT-TY,100,3,-0.00016236305236816406
5840,C,T,0,MT-TY,100,3,0.0005860328674316406
5843,A,G,0,MT-TY,100,3,-0.002228856086730957
5846,C,T,0,MT-TY,100,3,0.0015673637390136719
5855,A,G,0,MT-TY,100,3,-0.0008703470230102539
5867,C,T,0,MT-TY,100,3,0.007816791534423828
5875,C,T,0,MT-TY,100,3,0.0019004344940185547
5876,A,G,0,MT-TY,100,3,-0.0012260675430297852
7453,G,A,1,MT-TS1,100,3,-0.003129243850708008
7460,A,G,0,MT-TS1,100,3,-0.0008469820022583008
7469,C,T,0,MT-TS1,100,3,-0.0004303455352783203
7471,C,A,0,MT-TS1,100,3,0.004899501800537109
7471,C,T,0,MT-TS1,100,3,0.0019404888153076172
7472,A,T,0,MT-TS1,100,3,0.001565694808959961
7476,C,T,0,MT-TS1,100,3,0.0025216341018676758
7490,A,G,0,MT-TS1,100,3,-0.001020669937133789
7493,C,T,0,MT-TS1,100,3,0.0010284185409545898
7497,G,A,1,MT-TS1,100,3,0.0016280412673950195
7498,G,A,0,MT-TS1,100,3,0.0017102956771850586
7501,T,C,0,MT-TS1,100,3,-0.0015056133270263672
7510,T,C,1,MT-TS1,100,3,-0.00023651123046875
7511,T,C,1,MT-TS1,100,3,-0.0018287897109985352
7512,T,C,1,MT-TS1,100,3,-0.0002518892288208008
7521,G,A,0,MT-TD,100,3,0.004747867584228516
7533,C,T,0,MT-TD,100,3,-0.0023447275161743164
7534,C,T,0,MT-TD,100,3,-0.0022748708724975586
7543,A,G,0,MT-TD,100,3,-0.006136655807495117
7546,T,C,0,MT-TD,100,3,-0.005651950836181641
7547,T,C,0,MT-TD,100,3,-0.005574464797973633
7552,A,G,0,MT-TD,100,3,-0.0035642385482788086
7559,A,G,0,MT-TD,100,3,-0.0038510560989379883
7561,T,C,0,MT-TD,100,3,0.0005159378051757812
7567,C,T,0,MT-TD,100,3,0.0006254911422729492
7568,T,C,0,MT-TD,100,3,-0.0009719133377075195
7569,A,G,0,MT-TD,100,3,0.0003647804260253906
7570,A,G,0,MT-TD,100,3,-0.0015721321105957031
7572,T,C,0,MT-TD,100,3,0.0021741390228271484
7576,A,G,0,MT-TD,100,3,-0.0117950439453125
7581,T,C,0,MT-TD,100,3,-0.0008597373962402344
7585,A,G,0,MT-TD,100,3,-0.00850820541381836
8298,T,C,0,MT-TK,100,3,-0.001535177230834961
8300,T,C,0,MT-TK,100,3,-0.00013577938079833984
8308,A,G,0,MT-TK,100,3,-0.0002498626708984375
8311,T,C,0,MT-TK,100,3,-0.0021698474884033203
8313,G,A,1,MT-TK,100,3,-0.00458836555480957
8315,A,G,0,MT-TK,100,3,-0.003201723098754883
8331,A,G,0,MT-TK,100,3,-0.008262395858764648
8337,T,C,0,MT-TK,100,3,-0.00029909610748291016
8338,A,G,0,MT-TK,100,3,-0.0035555362701416016
8340,G,A,1,MT-TK,100,3,-0.003887176513671875
8343,A,G,0,MT-TK,100,3,-0.0021185874938964844
8344,A,G,1,MT-TK,100,3,9.369850158691406e-05
8345,C,T,0,MT-TK,100,3,0.0030535459518432617
8346,C,A,0,MT-TK,100,3,-0.0039021968841552734
8347,A,G,0,MT-TK,100,3,-0.003674030303955078
8348,A,G,0,MT-TK,100,3,-0.004464268684387207
8349,C,T,0,MT-TK,100,3,-0.003335237503051758
8350,A,G,0,MT-TK,100,3,-0.0010476112365722656
8356,T,C,1,MT-TK,100,3,-0.002895355224609375
8360,A,G,0,MT-TK,100,3,-0.005673408508300781
8363,G,A,1,MT-TK,100,3,-0.0034999847412109375
9991,A,G,0,MT-TG,100,3,-0.0003927946090698242
9995,T,C,0,MT-TG,100,3,-0.006416201591491699
10003,T,C,0,MT-TG,100,3,0.008204340934753418
10005,A,G,0,MT-TG,100,3,-0.0030815601348876953
10006,A,G,0,MT-TG,100,3,0.006551265716552734
10007,T,C,0,MT-TG,100,3,-0.0001264810562133789
10013,C,T,0,MT-TG,100,3,0.0057468414306640625
10018,A,G,0,MT-TG,100,3,-0.0060193538665771484
10029,A,G,0,MT-TG,100,3,-0.0018235445022583008
10031,T,C,0,MT-TG,100,3,-0.002849578857421875
10034,T,C,0,MT-TG,100,3,-0.002535223960876465
10040,C,T,0,MT-TG,100,3,0.0031011104583740234
10042,A,G,0,MT-TG,100,3,-0.0033888816833496094
10044,A,G,0,MT-TG,100,3,-0.002866029739379883
10045,T,C,0,MT-TG,100,3,-0.0020477771759033203
10410,T,A,0,MT-TR,100,3,0.002898693084716797
10410,T,C,0,MT-TR,100,3,-0.0031815767288208008
10411,A,G,0,MT-TR,100,3,0.0003230571746826172
10420,A,G,0,MT-TR,100,3,-0.0003840923309326172
10427,G,A,0,MT-TR,100,3,0.008594751358032227
10440,T,C,0,MT-TR,100,3,-0.007431983947753906
10446,A,G,0,MT-TR,100,3,0.0019571781158447266
10448,T,C,0,MT-TR,100,3,-0.003354787826538086
10454,T,C,0,MT-TR,100,3,0.00247347354888916
10456,A,G,0,MT-TR,100,3,-0.004402041435241699
10463,T,C,0,MT-TR,100,3,-0.0018044710159301758
12141,A,G,0,MT-TH,100,3,-0.00577545166015625
12142,A,G,0,MT-TH,100,3,-0.005377411842346191
12147,G,A,1,MT-TH,100,3,-0.017641305923461914
12151,A,G,0,MT-TH,100,3,-0.02637481689453125
12160,A,G,0,MT-TH,100,3,-0.009319663047790527
12161,T,C,0,MT-TH,100,3,0.0021331310272216797
12164,G,A,0,MT-TH,100,3,-0.019436359405517578
12166,T,C,0,MT-TH,100,3,0.003628253936767578
12171,A,G,0,MT-TH,100,3,-0.001132369041442871
12172,A,G,0,MT-TH,100,3,-0.005315899848937988
12173,T,C,0,MT-TH,100,3,-0.0048370361328125
12178,C,T,0,MT-TH,100,3,-0.002523660659790039
12181,C,T,0,MT-TH,100,3,-0.0014493465423583984
12188,T,C,0,MT-TH,100,3,-0.0009965896606445312
12189,T,C,0,MT-TH,100,3,0.0010672807693481445
12191,C,T,0,MT-TH,100,3,-9.97781753540039e-05
12192,G,A,0,MT-TH,100,3,0.005463838577270508
12193,A,G,0,MT-TH,100,3,-0.0007791519165039062
12196,C,T,0,MT-TH,100,3,0.003342151641845703
12201,T,C,1,MT-TH,100,3,-0.00030982494354248047
12215,T,C,0,MT-TS2,100,3,-0.0026679039001464844
12216,C,T,0,MT-TS2,100,3,-0.00020384788513183594
12223,A,G,0,MT-TS2,100,3,-0.0045740604400634766
12231,C,T,0,MT-TS2,100,3,-0.00012934207916259766
12234,A,G,0,MT-TS2,100,3,-0.0037882328033447266
12235,T,C,0,MT-TS2,100,3,-0.001139521598815918
12237,C,T,0,MT-TS2,100,3,-0.001555800437927246
12239,C,T,0,MT-TS2,100,3,-9.942054748535156e-05
12245,T,C,0,MT-TS2,100,3,0.0009891986846923828
12246,C,T,0,MT-TS2,100,3,-0.002223968505859375
12248,A,G,0,MT-TS2,100,3,-0.002978682518005371
12258,C,A,1,MT-TS2,100,3,-0.009130001068115234
12265,A,G,0,MT-TS2,100,3,-0.005846500396728516
12273,A,G,0,MT-TL2,100,3,-0.012158751487731934
12276,G,A,1,MT-TL2,100,3,-0.013013601303100586
12279,A,G,0,MT-TL2,100,3,-0.016891837120056152
12279,A,T,0,MT-TL2,100,3,-0.030069947242736816
12280,A,G,0,MT-TL2,100,3,0.0027147531509399414
12281,C,T,0,MT-TL2,100,3,-0.003461122512817383
12285,T,C,0,MT-TL2,100,3,-0.0031528472900390625
12295,T,C,0,MT-TL2,100,3,-0.0062950849533081055
12297,T,C,0,MT-TL2,100,3,-0.012017011642456055
12308,A,G,0,MT-TL2,100,3,-0.005634188652038574
12311,T,C,0,MT-TL2,100,3,-0.00024688243865966797
12315,G,A,1,MT-TL2,100,3,-0.0026445388793945312
14674,T,C,1,MT-TE,100,3,0.0004315376281738281
14683,A,G,0,MT-TE,100,3,0.0008256435394287109
14684,C,T,0,MT-TE,100,3,0.0038170814514160156
14687,A,G,0,MT-TE,100,3,-0.0005663633346557617
14690,A,G,0,MT-TE,100,3,-0.004564642906188965
14691,C,T,0,MT-TE,100,3,0.0028690099716186523
14693,A,G,0,MT-TE,100,3,-0.010696649551391602
14696,A,C,0,MT-TE,100,3,-0.007484912872314453
14696,A,G,0,MT-TE,100,3,0.0010315179824829102
14706,A,G,0,MT-TE,100,3,-0.0006843805313110352
14709,T,C,1,MT-TE,100,3,-0.004142045974731445
14716,C,T,0,MT-TE,100,3,-0.0011860132217407227
14727,T,C,0,MT-TE,100,3,-0.00028836727142333984
15889,T,C,0,MT-TT,100,3,0.0021729469299316406
15891,C,T,0,MT-TT,100,3,-0.0015560388565063477
15892,T,C,0,MT-TT,100,3,-0.0019345283508300781
15893,T,C,0,MT-TT,100,3,-0.0023518800735473633
15894,G,A,0,MT-TT,100,3,-0.000591278076171875
15895,T,C,0,MT-TT,100,3,-0.004286050796508789
15900,T,C,0,MT-TT,100,3,-0.0012444257736206055
15902,A,G,0,MT-TT,100,3,0.0007195472717285156
15903,A,G,0,MT-TT,100,3,-0.004114508628845215
15904,C,T,0,MT-TT,100,3,0.00032842159271240234
15905,T,C,0,MT-TT,100,3,-0.002177000045776367
15907,A,G,0,MT-TT,100,3,-0.0019643306732177734
15908,T,C,0,MT-TT,100,3,-0.0028121471405029297
15909,A,G,0,MT-TT,100,3,-0.008321642875671387
15911,A,G,0,MT-TT,100,3,-0.0019990205764770508
15913,C,T,0,MT-TT,100,3,-0.001016855239868164
15914,A,G,0,MT-TT,100,3,0.008697509765625
15916,T,C,0,MT-TT,100,3,-0.008031010627746582
15923,A,G,1,MT-TT,100,3,-0.01333761215209961
15924,A,G,0,MT-TT,100,3,-0.002537965774536133
15925,C,T,0,MT-TT,100,3,-0.004940986633300781
15926,C,T,0,MT-TT,100,3,0.00044929981231689453
15927,G,A,0,MT-TT,100,3,-0.0024297237396240234
15928,G,A,0,MT-TT,100,3,-0.002165675163269043
15929,A,G,0,MT-TT,100,3,-0.004442453384399414
15930,G,A,0,MT-TT,100,3,-5.4955482482910156e-05
15932,T,C,0,MT-TT,100,3,-0.0027065277099609375
15935,A,G,0,MT-TT,100,3,-0.0025354623794555664
15936,A,G,0,MT-TT,100,3,-0.003190279006958008
15936,A,T,0,MT-TT,100,3,-0.004556894302368164
15937,A,G,0,MT-TT,100,3,-0.004499912261962891
15937,A,T,0,MT-TT,100,3,-0.002613544464111328
15938,C,T,0,MT-TT,100,3,-0.0018813610076904297
15939,C,T,0,MT-TT,100,3,-0.0010846853256225586
15940,T,C,0,MT-TT,100,3,6.389617919921875e-05
15941,T,C,0,MT-TT,100,3,-0.0007193088531494141
15942,T,C,0,MT-TT,100,3,-0.002895355224609375
15943,T,C,0,MT-TT,100,3,-0.0010155439376831055
15944,T,C,0,MT-TT,100,3,-6.198883056640625e-05
15946,C,T,0,MT-TT,100,3,-0.002258777618408203
15947,A,G,0,MT-TT,100,3,-0.0024698972702026367
15949,G,A,0,MT-TT,100,3,-0.0044345855712890625
15951,A,G,0,MT-TT,100,3,-0.0022896528244018555
15952,C,T,0,MT-TT,100,3,-0.0015054941177368164
15965,A,G,0,MT-TP,100,3,-0.0003339052200317383
15968,T,C,0,MT-TP,100,3,0.00015854835510253906
15970,T,C,0,MT-TP,100,3,-0.0027894973754882812
15977,C,T,0,MT-TP,100,3,-0.0027463436126708984
15978,C,T,0,MT-TP,100,3,-0.0015153884887695312
15990,C,T,1,MT-TP,100,3,-0.005386233329772949
15992,A,T,0,MT-TP,100,3,-0.01025545597076416
16011,A,G,0,MT-TP,100,3,-0.00710904598236084
16017,T,C,0,MT-TP,100,3,0.00011801719665527344
591,C,T,1,MT-TF,100,4,0.00959789752960205
592,C,T,0,MT-TF,100,4,0.005468845367431641
593,T,C,0,MT-TF,100,4,0.0011963844299316406
595,C,A,0,MT-TF,100,4,0.006137251853942871
595,C,T,0,MT-TF,100,4,0.0008146762847900391
596,T,C,0,MT-TF,100,4,4.303455352783203e-05
597,C,T,0,MT-TF,100,4,0.0006582736968994141
603,A,G,0,MT-TF,100,4,-0.006770133972167969
606,A,G,0,MT-TF,100,4,-0.006038308143615723
616,T,C,1,MT-TF,100,4,-0.007755875587463379
619,T,C,0,MT-TF,100,4,-0.0016973018646240234
621,A,G,0,MT-TF,100,4,-0.005859375
629,T,A,0,MT-TF,100,4,-0.006921529769897461
629,T,C,0,MT-TF,100,4,-0.0008409023284912109
630,C,T,0,MT-TF,100,4,-0.0024726390838623047
633,A,G,0,MT-TF,100,4,0.0005996227264404297
634,T,A,0,MT-TF,100,4,-0.0009683370590209961
634,T,C,0,MT-TF,100,4,-0.001474142074584961
635,C,T,0,MT-TF,100,4,-0.0006504058837890625
644,A,G,0,MT-TF,100,4,-0.003626227378845215
647,A,G,0,MT-TF,100,4,-0.004164576530456543
1607,T,C,0,MT-TV,100,4,-0.002164125442504883
1617,C,T,0,MT-TV,100,4,0.002846956253051758
1618,A,G,0,MT-TV,100,4,-0.001504063606262207
1624,C,T,1,MT-TV,100,4,0.0027375221252441406
1628,C,T,0,MT-TV,100,4,-0.0008535385131835938
1640,A,G,0,MT-TV,100,4,-0.0035229921340942383
1644,G,A,1,MT-TV,100,4,-0.0008774995803833008
1646,T,C,0,MT-TV,100,4,-0.0033676624298095703
1657,C,T,0,MT-TV,100,4,0.0024738311767578125
1664,G,A,0,MT-TV,100,4,0.0017336606979370117
1670,A,T,0,MT-TV,100,4,-0.02026987075805664
3236,A,G,0,MT-TL1,100,4,-0.004084229469299316
3242,G,A,1,MT-TL1,100,4,-0.020904898643493652
3243,A,G,1,MT-TL1,100,4,-0.028057575225830078
3243,A,T,1,MT-TL1,100,4,-0.03551018238067627
3251,A,G,1,MT-TL1,100,4,-0.0019589662551879883
3252,A,G,1,MT-TL1,100,4,-0.011424541473388672
3254,C,A,0,MT-TL1,100,4,-0.004426479339599609
3254,C,T,0,MT-TL1,100,4,0.004558086395263672
3255,G,A,1,MT-TL1,100,4,-0.005471944808959961
3256,C,T,1,MT-TL1,100,4,-0.004797697067260742
3258,T,C,1,MT-TL1,100,4,-0.006290316581726074
3260,A,G,1,MT-TL1,100,4,-0.006972670555114746
3261,A,G,0,MT-TL1,100,4,-0.0019800662994384766
3271,T,C,1,MT-TL1,100,4,-0.000989079475402832
3275,C,A,0,MT-TL1,100,4,-0.0010124444961547852
3275,C,G,0,MT-TL1,100,4,-0.0003610849380493164
3275,C,T,0,MT-TL1,100,4,-0.002245187759399414
3277,G,A,0,MT-TL1,100,4,0.0028949975967407227
3278,T,C,0,MT-TL1,100,4,0.0032776594161987305
3290,T,C,0,MT-TL1,100,4,9.500980377197266e-05
3291,T,C,1,MT-TL1,100,4,-0.0038629770278930664
3302,A,G,1,MT-TL1,100,4,-0.0011737346649169922
3303,C,T,1,MT-TL1,100,4,-0.0021718740463256836
4300,A,G,1,MT-TI,100,4,-0.006595611572265625
4310,A,G,0,MT-TI,100,4,0.0021392107009887695
4312,C,T,0,MT-TI,100,4,0.0011011362075805664
4313,T,C,0,MT-TI,100,4,-0.001881241798400879
4314,T,A,0,MT-TI,100,4,0.0016512870788574219
4314,T,C,0,MT-TI,100,4,0.0006827116012573242
4317,A,G,0,MT-TI,100,4,-0.0013390779495239258
4318,C,T,0,MT-TI,100,4,-0.001074671745300293
4335,C,T,0,MT-TQ,100,4,-0.0015921592712402344
4336,T,C,0,MT-TQ,100,4,-0.0017408132553100586
4340,A,G,0,MT-TQ,100,4,0.0015267133712768555
4343,A,G,0,MT-TQ,100,4,-0.0034273862838745117
4350,C,T,0,MT-TQ,100,4,0.0012291669845581055
4353,T,C,0,MT-TQ,100,4,-0.0012216567993164062
4370,T,C,0,MT-TQ,100,4,0.00036323070526123047
4371,T,C,0,MT-TQ,100,4,0.0001245737075805664
4373,T,C,0,MT-TQ,100,4,-0.0024063587188720703
4375,C,T,0,MT-TQ,100,4,-0.002676725387573242
4381,A,G,0,MT-TQ,100,4,-0.002432107925415039
4384,T,A,0,MT-TQ,100,4,0.0022505521774291992
4384,T,C,0,MT-TQ,100,4,0.00011622905731201172
4385,A,G,0,MT-TQ,100,4,-0.015067338943481445
4385,A,T,0,MT-TQ,100,4,-0.0047724246978759766
4386,T,C,0,MT-TQ,100,4,-0.0019234418869018555
4387,C,T,0,MT-TQ,100,4,0.001447439193725586
4394,C,A,0,MT-TQ,100,4,0.001711726188659668
4395,A,G,0,MT-TQ,100,4,-0.002072930335998535
4417,A,G,0,MT-TM,100,4,-0.0045623779296875
4418,T,C,0,MT-TM,100,4,-0.002585291862487793
4435,A,G,0,MT-TM,100,4,-0.004861354827880859
4450,G,A,1,MT-TM,100,4,-0.004044055938720703
4452,T,C,0,MT-TM,100,4,-0.0012273788452148438
4454,T,A,0,MT-TM,100,4,-0.00038909912109375
4454,T,C,0,MT-TM,100,4,-0.00043261051177978516
4464,G,A,0,MT-TM,100,4,0.0006211996078491211
5514,A,G,0,MT-TW,100,4,-0.006983280181884766
5515,A,G,0,MT-TW,100,4,-0.0061054229736328125
5516,A,G,0,MT-TW,100,4,-0.006507754325866699
5521,G,A,1,MT-TW,100,4,-0.001186370849609375
5527,A,G,0,MT-TW,100,4,-0.0007816553115844727
5528,T,C,0,MT-TW,100,4,-0.0008409023284912109
5530,C,T,0,MT-TW,100,4,0.0007250308990478516
5539,A,G,0,MT-TW,100,4,-0.0002593994140625
5539,A,T,0,MT-TW,100,4,-0.013149857521057129
5553,T,C,0,MT-TW,100,4,-0.0014476776123046875
5553,T,G,0,MT-TW,100,4,-0.006587505340576172
5554,C,A,0,MT-TW,100,4,0.003823995590209961
5556,G,A,1,MT-TW,100,4,-0.003935813903808594
5557,T,C,0,MT-TW,100,4,0.0004856586456298828
5561,T,C,0,MT-TW,100,4,0.0017778873443603516
5563,G,A,0,MT-TW,100,4,0.0025072097778320312
5566,A,G,0,MT-TW,100,4,-0.0038919448852539062
5567,T,C,0,MT-TW,100,4,-2.4318695068359375e-05
5568,A,G,0,MT-TW,100,4,-0.0028984546661376953
5592,A,G,0,MT-TA,100,4,-0.0015723705291748047
5600,A,G,0,MT-TA,100,4,0.0015424489974975586
5601,C,T,0,MT-TA,100,4,0.00196075439453125
5603,C,T,0,MT-TA,100,4,-0.0015459060668945312
5604,C,T,0,MT-TA,100,4,-0.001953601837158203
5605,A,G,0,MT-TA,100,4,-0.0035619735717773438
5608,C,T,0,MT-TA,100,4,-0.0015755891799926758
5618,T,C,0,MT-TA,100,4,-0.007298111915588379
5628,T,C,0,MT-TA,100,4,-0.004105925559997559
5633,C,T,0,MT-TA,100,4,-0.0003298521041870117
5640,A,G,0,MT-TA,100,4,-0.003442525863647461
5650,G,A,1,MT-TA,100,4,-0.004221558570861816
5655,T,C,0,MT-TA,100,4,-0.002057313919067383
5662,C,T,0,MT-TN,100,4,-0.0017017126083374023
5663,C,T,0,MT-TN,100,4,0.0048618316650390625
5664,A,G,0,MT-TN,100,4,-0.0024870634078979492
5665,A,G,0,MT-TN,100,4,-0.0027742385864257812
5673,T,C,0,MT-TN,100,4,-0.004744291305541992
5686,A,T,0,MT-TN,100,4,-0.0028514862060546875
5690,A,G,1,MT-TN,100,4,-0.009070038795471191
5703,G,A,1,MT-TN,100,4,-0.00023627281188964844
5705,A,G,0,MT-TN,100,4,-0.00042939186096191406
5711,A,G,0,MT-TN,100,4,-0.0007838010787963867
5715,A,G,0,MT-TN,100,4,-0.0030930042266845703
5728,T,C,1,MT-TN,100,4,-0.0006979703903198242
5772,G,A,0,MT-TC,100,4,-0.008129358291625977
5773,G,A,0,MT-TC,100,4,7.545948028564453e-05
5774,T,C,0,MT-TC,100,4,0.0010600090026855469
5774,T,G,0,MT-TC,100,4,0.002048015594482422
5775,T,C,0,MT-TC,100,4,-0.0017004013061523438
5780,G,A,0,MT-TC,100,4,-0.00395655632019043
5783,G,A,0,MT-TC,100,4,-0.003643035888671875
5785,T,C,0,MT-TC,100,4,-0.00468599796295166
5786,T,C,0,MT-TC,100,4,0.0006780624389648438
5788,T,C,0,MT-TC,100,4,-0.00591278076171875
5794,T,C,0,MT-TC,100,4,-0.0022270679473876953
5800,A,G,0,MT-TC,100,4,-0.007547616958618164
5806,T,C,0,MT-TC,100,4,-0.0015392303466796875
5807,A,G,0,MT-TC,100,4,-0.0008041858673095703
5811,A,G,0,MT-TC,100,4,-0.004181385040283203
5814,T,A,0,MT-TC,100,4,-0.0040264129638671875
5814,T,C,0,MT-TC,100,4,-0.0015407800674438477
5817,C,T,0,MT-TC,100,4,-0.008772850036621094
5821,G,A,0,MT-TC,100,4,0.0006340742111206055
5822,G,A,0,MT-TC,100,4,-0.0037686824798583984
5823,A,G,0,MT-TC,100,4,0.001245737075805664
5824,G,A,0,MT-TC,100,4,-0.002449631690979004
5836,A,G,0,MT-TY,100,4,-0.00016236305236816406
5839,C,T,0,MT-TY,100,4,-6.413459777832031e-05
5840,C,T,0,MT-TY,100,4,0.0008448362350463867
5843,A,G,0,MT-TY,100,4,-0.002354264259338379
5846,C,T,0,MT-TY,100,4,0.0016624927520751953
5855,A,G,0,MT-TY,100,4,-0.002213716506958008
5867,C,T,0,MT-TY,100,4,0.007373809814453125
5875,C,T,0,MT-TY,100,4,0.0019692182540893555
5876,A,G,0,MT-TY,100,4,-0.0003629922866821289
7453,G,A,1,MT-TS1,100,4,-0.002327442169189453
7460,A,G,0,MT-TS1,100,4,-0.0001552104949951172
7469,C,T,0,MT-TS1,100,4,-0.000826716423034668
7471,C,A,0,MT-TS1,100,4,0.0043354034423828125
7471,C,T,0,MT-TS1,100,4,0.0029081106185913086
7472,A,T,0,MT-TS1,100,4,-0.00016939640045166016
7476,C,T,0,MT-TS1,100,4,0.0022804737091064453
7490,A,G,0,MT-TS1,100,4,0.0023065805435180664
7493,C,T,0,MT-TS1,100,4,-0.0003364086151123047
7497,G,A,1,MT-TS1,100,4,0.0007022619247436523
7498,G,A,0,MT-TS1,100,4,0.00021708011627197266
7501,T,C,0,MT-TS1,100,4,0.00023818016052246094
7510,T,C,1,MT-TS1,100,4,-0.0013532638549804688
7511,T,C,1,MT-TS1,100,4,-0.0012148618698120117
7512,T,C,1,MT-TS1,100,4,-0.0029735565185546875
7521,G,A,0,MT-TD,100,4,0.006934642791748047
7533,C,T,0,MT-TD,100,4,-0.0018013715744018555
7534,C,T,0,MT-TD,100,4,-0.0017671585083007812
7543,A,G,0,MT-TD,100,4,-0.005243062973022461
7546,T,C,0,MT-TD,100,4,-0.004974842071533203
7547,T,C,0,MT-TD,100,4,-0.006450653076171875
7552,A,G,0,MT-TD,100,4,-0.0037804841995239258
7559,A,G,0,MT-TD,100,4,-0.001549363136291504
7561,T,C,0,MT-TD,100,4,-0.0005757808685302734
7567,C,T,0,MT-TD,100,4,-0.0009895563125610352
7568,T,C,0,MT-TD,100,4,-0.0023810863494873047
7569,A,G,0,MT-TD,100,4,-0.0012559890747070312
7570,A,G,0,MT-TD,100,4,-0.004013538360595703
7572,T,C,0,MT-TD,100,4,0.0024987459182739258
7576,A,G,0,MT-TD,100,4,-0.007318377494812012
7581,T,C,0,MT-TD,100,4,-0.005254387855529785
7585,A,G,0,MT-TD,100,4,-0.00693964958190918
8298,T,C,0,MT-TK,100,4,-0.002366304397583008
8300,T,C,0,MT-TK,100,4,0.0010856389999389648
8308,A,G,0,MT-TK,100,4,-0.0011355876922607422
8311,T,C,0,MT-TK,100,4,-0.002123594284057617
8313,G,A,1,MT-TK,100,4,-0.003732442855834961
8315,A,G,0,MT-TK,100,4,-0.0019589662551879883
8331,A,G,0,MT-TK,100,4,-0.01007986068725586
8337,T,C,0,MT-TK,100,4,-0.002329587936401367
8338,A,G,0,MT-TK,100,4,-0.0027693510055541992
8340,G,A,1,MT-TK,100,4,-0.003938794136047363
8343,A,G,0,MT-TK,100,4,-0.0028380155563354492
8344,A,G,1,MT-TK,100,4,-0.0010889768600463867
8345,C,T,0,MT-TK,100,4,0.002045869827270508
8346,C,A,0,MT-TK,100,4,-0.0019087791442871094
8347,A,G,0,MT-TK,100,4,-0.004374265670776367
8348,A,G,0,MT-TK,100,4,-0.0041196346282958984
8349,C,T,0,MT-TK,100,4,-0.0025321245193481445
8350,A,G,0,MT-TK,100,4,-0.0026358366012573242
8356,T,C,1,MT-TK,100,4,-0.0019998550415039062
8360,A,G,0,MT-TK,100,4,-0.005517363548278809
8363,G,A,1,MT-TK,100,4,-0.0034829378128051758
9991,A,G,0,MT-TG,100,4,-0.00313568115234375
9995,T,C,0,MT-TG,100,4,-0.005060315132141113
10003,T,C,0,MT-TG,100,4,0.0017194747924804688
10005,A,G,0,MT-TG,100,4,0.01329493522644043
10006,A,G,0,MT-TG,100,4,-0.0026595592498779297
10007,T,C,0,MT-TG,100,4,-0.0016531944274902344
10013,C,T,0,MT-TG,100,4,-1.1324882507324219e-05
10018,A,G,0,MT-TG,100,4,-0.00535738468170166
10029,A,G,0,MT-TG,100,4,-0.0018042325973510742
10031,T,C,0,MT-TG,100,4,-0.003378629684448242
10034,T,C,0,MT-TG,100,4,-0.0027871131896972656
10040,C,T,0,MT-TG,100,4,0.00869131088256836
10042,A,G,0,MT-TG,100,4,-0.0024881362915039062
10044,A,G,0,MT-TG,100,4,-0.003605961799621582
10045,T,C,0,MT-TG,100,4,0.002621173858642578
10410,T,A,0,MT-TR,100,4,0.0006598234176635742
10410,T,C,0,MT-TR,100,4,-0.00440669059753418
10411,A,G,0,MT-TR,100,4,0.001276254653930664
10420,A,G,0,MT-TR,100,4,-0.0015507936477661133
10427,G,A,0,MT-TR,100,4,0.008839964866638184
10440,T,C,0,MT-TR,100,4,-0.0054931640625
10446,A,G,0,MT-TR,100,4,0.002769947052001953
10448,T,C,0,MT-TR,100,4,-0.005326271057128906
10454,T,C,0,MT-TR,100,4,0.0014282464981079102
10456,A,G,0,MT-TR,100,4,-0.00413060188293457
10463,T,C,0,MT-TR,100,4,-0.0020804405212402344
12141,A,G,0,MT-TH,100,4,-0.006479501724243164
12142,A,G,0,MT-TH,100,4,-0.003246903419494629
12147,G,A,1,MT-TH,100,4,-0.021778464317321777
12151,A,G,0,MT-TH,100,4,-0.02950286865234375
12160,A,G,0,MT-TH,100,4,-0.006573081016540527
12161,T,C,0,MT-TH,100,4,-0.00028884410858154297
12164,G,A,0,MT-TH,100,4,-0.015486955642700195
12166,T,C,0,MT-TH,100,4,-0.0017393827438354492
12171,A,G,0,MT-TH,100,4,-0.0018391609191894531
12172,A,G,0,MT-TH,100,4,-0.006140589714050293
12173,T,C,0,MT-TH,100,4,-0.00718998908996582
12178,C,T,0,MT-TH,100,4,-0.0022094249725341797
12181,C,T,0,MT-TH,100,4,-0.0007537603378295898
12188,T,C,0,MT-TH,100,4,-0.000977158546447754
12189,T,C,0,MT-TH,100,4,0.001311182975769043
12191,C,T,0,MT-TH,100,4,-0.0022319555282592773
12192,G,A,0,MT-TH,100,4,0.0035477876663208008
12193,A,G,0,MT-TH,100,4,-0.0005034208297729492
12196,C,T,0,MT-TH,100,4,0.003634214401245117
12201,T,C,1,MT-TH,100,4,5.0067901611328125e-06
12215,T,C,0,MT-TS2,100,4,-0.002213001251220703
12216,C,T,0,MT-TS2,100,4,-0.0007848739624023438
12223,A,G,0,MT-TS2,100,4,-0.001143336296081543
12231,C,T,0,MT-TS2,100,4,0.0006372928619384766
12234,A,G,0,MT-TS2,100,4,-0.005208611488342285
12235,T,C,0,MT-TS2,100,4,-0.0011370182037353516
12237,C,T,0,MT-TS2,100,4,-9.357929229736328e-05
12239,C,T,0,MT-TS2,100,4,0.00036394596099853516
12245,T,C,0,MT-TS2,100,4,0.0004955530166625977
12246,C,T,0,MT-TS2,100,4,-0.0006071329116821289
12248,A,G,0,MT-TS2,100,4,-0.0026581287384033203
12258,C,A,1,MT-TS2,100,4,-0.010093927383422852
12265,A,G,0,MT-TS2,100,4,-0.007728695869445801
12273,A,G,0,MT-TL2,100,4,-0.0073299407958984375
12276,G,A,1,MT-TL2,100,4,-0.013374686241149902
12279,A,G,0,MT-TL2,100,4,-0.019997835159301758
12279,A,T,0,MT-TL2,100,4,-0.02107703685760498
12280,A,G,0,MT-TL2,100,4,0.00018084049224853516
12281,C,T,0,MT-TL2,100,4,-0.003857731819152832
12285,T,C,0,MT-TL2,100,4,-0.005215764045715332
12295,T,C,0,MT-TL2,100,4,-0.0065871477127075195
12297,T,C,0,MT-TL2,100,4,-0.010786175727844238
12308,A,G,0,MT-TL2,100,4,-0.005175113677978516
12311,T,C,0,MT-TL2,100,4,0.001383662223815918
12315,G,A,1,MT-TL2,100,4,-0.004220008850097656
14674,T,C,1,MT-TE,100,4,-0.00043904781341552734
14683,A,G,0,MT-TE,100,4,0.00261080265045166
14684,C,T,0,MT-TE,100,4,-0.0008553266525268555
14687,A,G,0,MT-TE,100,4,-0.0003941059112548828
14690,A,G,0,MT-TE,100,4,-0.003951430320739746
14691,C,T,0,MT-TE,100,4,0.0031213760375976562
14693,A,G,0,MT-TE,100,4,-0.009768486022949219
14696,A,C,0,MT-TE,100,4,-0.004949450492858887
14696,A,G,0,MT-TE,100,4,0.00066375732421875
14706,A,G,0,MT-TE,100,4,0.001046895980834961
14709,T,C,1,MT-TE,100,4,-0.005330443382263184
14716,C,T,0,MT-TE,100,4,-0.00016224384307861328
14727,T,C,0,MT-TE,100,4,-0.0008833408355712891
15889,T,C,0,MT-TT,100,4,0.0016918182373046875
15891,C,T,0,MT-TT,100,4,-0.001487135887145996
15892,T,C,0,MT-TT,100,4,-0.003051280975341797
15893,T,C,0,MT-TT,100,4,-0.0025130510330200195
15894,G,A,0,MT-TT,100,4,-0.0012165307998657227
15895,T,C,0,MT-TT,100,4,-0.010016918182373047
15900,T,C,0,MT-TT,100,4,0.0001430511474609375
15902,A,G,0,MT-TT,100,4,-0.0011941194534301758
15903,A,G,0,MT-TT,100,4,-0.0009706020355224609
15904,C,T,0,MT-TT,100,4,0.0006805658340454102
15905,T,C,0,MT-TT,100,4,-0.00128173828125
15907,A,G,0,MT-TT,100,4,-0.0015381574630737305
15908,T,C,0,MT-TT,100,4,-0.0040967464447021484
15909,A,G,0,MT-TT,100,4,-0.007831573486328125
15911,A,G,0,MT-TT,100,4,-0.001860499382019043
15913,C,T,0,MT-TT,100,4,0.00011408329010009766
15914,A,G,0,MT-TT,100,4,0.007772922515869141
15916,T,C,0,MT-TT,100,4,-0.009893059730529785
15923,A,G,1,MT-TT,100,4,-0.013839244842529297
15924,A,G,0,MT-TT,100,4,-0.002123236656188965
15925,C,T,0,MT-TT,100,4,-0.00429844856262207
15926,C,T,0,MT-TT,100,4,0.0013794898986816406
15927,G,A,0,MT-TT,100,4,-0.0029865503311157227
15928,G,A,0,MT-TT,100,4,-0.00019407272338867188
15929,A,G,0,MT-TT,100,4,-0.0027790069580078125
15930,G,A,0,MT-TT,100,4,0.00044345855712890625
15932,T,C,0,MT-TT,100,4,-0.00213623046875
15935,A,G,0,MT-TT,100,4,-0.003215312957763672
15936,A,G,0,MT-TT,100,4,-0.0017383098602294922
15936,A,T,0,MT-TT,100,4,-0.003558039665222168
15937,A,G,0,MT-TT,100,4,-0.005392789840698242
15937,A,T,0,MT-TT,100,4,-0.0038747787475585938
15938,C,T,0,MT-TT,100,4,-0.001958489418029785
15939,C,T,0,MT-TT,100,4,-0.0010249614715576172
15940,T,C,0,MT-TT,100,4,-4.184246063232422e-05
15941,T,C,0,MT-TT,100,4,-0.0011343955993652344
15942,T,C,0,MT-TT,100,4,-0.0019276142120361328
15943,T,C,0,MT-TT,100,4,-0.0006784200668334961
15944,T,C,0,MT-TT,100,4,2.8371810913085938e-05
15946,C,T,0,MT-TT,100,4,-0.0010372400283813477
15947,A,G,0,MT-TT,100,4,-0.0024704933166503906
15949,G,A,0,MT-TT,100,4,-0.0028128623962402344
15951,A,G,0,MT-TT,100,4,-0.003068685531616211
15952,C,T,0,MT-TT,100,4,-0.002436995506286621
15965,A,G,0,MT-TP,100,4,0.000561833381652832
15968,T,C,0,MT-TP,100,4,-0.0015963315963745117
15970,T,C,0,MT-TP,100,4,-0.003606081008911133
15977,C,T,0,MT-TP,100,4,-0.002505660057067871
15978,C,T,0,MT-TP,100,4,-0.002346038818359375
15990,C,T,1,MT-TP,100,4,-0.0037664175033569336
15992,A,T,0,MT-TP,100,4,-0.00868237018585205
16011,A,G,0,MT-TP,100,4,-0.006854414939880371
16017,T,C,0,MT-TP,100,4,0.00016760826110839844
591,C,T,1,MT-TF,100,5,0.005302309989929199
592,C,T,0,MT-TF,100,5,0.011713147163391113
593,T,C,0,MT-TF,100,5,0.0006614923477172852
595,C,A,0,MT-TF,100,5,0.004114389419555664
595,C,T,0,MT-TF,100,5,-0.0003871917724609375
596,T,C,0,MT-TF,100,5,-0.0029696226119995117
597,C,T,0,MT-TF,100,5,0.0012271404266357422
603,A,G,0,MT-TF,100,5,-0.007422327995300293
606,A,G,0,MT-TF,100,5,-0.0034509897232055664
616,T,C,1,MT-TF,100,5,-0.011330246925354004
619,T,C,0,MT-TF,100,5,0.0010505914688110352
621,A,G,0,MT-TF,100,5,-0.0016396045684814453
629,T,A,0,MT-TF,100,5,-0.003580331802368164
629,T,C,0,MT-TF,100,5,0.0005166530609130859
630,C,T,0,MT-TF,100,5,-0.0011775493621826172
633,A,G,0,MT-TF,100,5,-0.0004436969757080078
634,T,A,0,MT-TF,100,5,-0.000423431396484375
634,T,C,0,MT-TF,100,5,-0.0019388198852539062
635,C,T,0,MT-TF,100,5,-0.0008217096328735352
644,A,G,0,MT-TF,100,5,-0.0042781829833984375
647,A,G,0,MT-TF,100,5,-0.0019021034240722656
1607,T,C,0,MT-TV,100,5,-0.0038586854934692383
1617,C,T,0,MT-TV,100,5,0.00033402442932128906
1618,A,G,0,MT-TV,100,5,-0.0032933950424194336
1624,C,T,1,MT-TV,100,5,0.0014650821685791016
1628,C,T,0,MT-TV,100,5,0.0022754669189453125
1640,A,G,0,MT-TV,100,5,-0.002861618995666504
1644,G,A,1,MT-TV,100,5,-0.0009512901306152344
1646,T,C,0,MT-TV,100,5,-0.005784034729003906
1657,C,T,0,MT-TV,100,5,0.006823897361755371
1664,G,A,0,MT-TV,100,5,-0.0010608434677124023
1670,A,T,0,MT-TV,100,5,-0.01611161231994629
3236,A,G,0,MT-TL1,100,5,-0.004266977310180664
3242,G,A,1,MT-TL1,100,5,-0.01687777042388916
3243,A,G,1,MT-TL1,100,5,-0.028966188430786133
3243,A,T,1,MT-TL1,100,5,-0.035639047622680664
3251,A,G,1,MT-TL1,100,5,-0.004131436347961426
3252,A,G,1,MT-TL1,100,5,-0.009415149688720703
3254,C,A,0,MT-TL1,100,5,-0.006074428558349609
3254,C,T,0,MT-TL1,100,5,0.0067108869552612305
3255,G,A,1,MT-TL1,100,5,-0.005384087562561035
3256,C,T,1,MT-TL1,100,5,-0.010849952697753906
3258,T,C,1,MT-TL1,100,5,-0.0047261714935302734
3260,A,G,1,MT-TL1,100,5,-0.007699012756347656
3261,A,G,0,MT-TL1,100,5,-0.001556992530822754
3271,T,C,1,MT-TL1,100,5,-0.004226326942443848
3275,C,A,0,MT-TL1,100,5,0.0020111799240112305
3275,C,G,0,MT-TL1,100,5,1.633167266845703e-05
3275,C,T,0,MT-TL1,100,5,0.00034928321838378906
3277,G,A,0,MT-TL1,100,5,0.001844167709350586
3278,T,C,0,MT-TL1,100,5,-0.0007011890411376953
3290,T,C,0,MT-TL1,100,5,0.0007688999176025391
3291,T,C,1,MT-TL1,100,5,-0.0010139942169189453
3302,A,G,1,MT-TL1,100,5,-0.00027191638946533203
3303,C,T,1,MT-TL1,100,5,-0.0025330781936645508
4300,A,G,1,MT-TI,100,5,-0.0030145645141601562
4310,A,G,0,MT-TI,100,5,0.0007859468460083008
4312,C,T,0,MT-TI,100,5,0.0018589496612548828
4313,T,C,0,MT-TI,100,5,-0.002527952194213867
4314,T,A,0,MT-TI,100,5,-0.0002758502960205078
4314,T,C,0,MT-TI,100,5,0.0004935264587402344
4317,A,G,0,MT-TI,100,5,-0.0006018877029418945
4318,C,T,0,MT-TI,100,5,0.0003606081008911133
4335,C,T,0,MT-TQ,100,5,-0.0020273923873901367
4336,T,C,0,MT-TQ,100,5,0.0003490447998046875
4340,A,G,0,MT-TQ,100,5,0.002276301383972168
4343,A,G,0,MT-TQ,100,5,-0.002801656723022461
4350,C,T,0,MT-TQ,100,5,0.0018236637115478516
4353,T,C,0,MT-TQ,100,5,0.0009264945983886719
4370,T,C,0,MT-TQ,100,5,-0.000901341438293457
4371,T,C,0,MT-TQ,100,5,0.00012612342834472656
4373,T,C,0,MT-TQ,100,5,-0.002589106559753418
4375,C,T,0,MT-TQ,100,5,-0.0032836198806762695
4381,A,G,0,MT-TQ,100,5,-0.0022749900817871094
4384,T,A,0,MT-TQ,100,5,0.0031211376190185547
4384,T,C,0,MT-TQ,100,5,0.0004265308380126953
4385,A,G,0,MT-TQ,100,5,-0.011401176452636719
4385,A,T,0,MT-TQ,100,5,-0.0012202262878417969
4386,T,C,0,MT-TQ,100,5,-0.0025551319122314453
4387,C,T,0,MT-TQ,100,5,0.0020291805267333984
4394,C,A,0,MT-TQ,100,5,0.0026476383209228516
4395,A,G,0,MT-TQ,100,5,0.00037491321563720703
4417,A,G,0,MT-TM,100,5,-0.002608180046081543
4418,T,C,0,MT-TM,100,5,-0.0021762847900390625
4435,A,G,0,MT-TM,100,5,-0.0038819313049316406
4450,G,A,1,MT-TM,100,5,-0.008878827095031738
4452,T,C,0,MT-TM,100,5,-0.0005134344100952148
4454,T,A,0,MT-TM,100,5,-0.000457763671875
4454,T,C,0,MT-TM,100,5,-0.001188039779663086
4464,G,A,0,MT-TM,100,5,0.00035560131072998047
5514,A,G,0,MT-TW,100,5,-0.004483938217163086
5515,A,G,0,MT-TW,100,5,-0.005425691604614258
5516,A,G,0,MT-TW,100,5,-0.005175352096557617
5521,G,A,1,MT-TW,100,5,-0.001887679100036621
5527,A,G,0,MT-TW,100,5,-0.0017096996307373047
5528,T,C,0,MT-TW,100,5,-0.002570629119873047
5530,C,T,0,MT-TW,100,5,0.0004990100860595703
5539,A,G,0,MT-TW,100,5,-0.00032591819763183594
5539,A,T,0,MT-TW,100,5,-0.011648058891296387
5553,T,C,0,MT-TW,100,5,-0.0020111799240112305
5553,T,G,0,MT-TW,100,5,-0.0047876834869384766
5554,C,A,0,MT-TW,100,5,0.003313779830932617
5556,G,A,1,MT-TW,100,5,-0.004837989807128906
5557,T,C,0,MT-TW,100,5,0.0018672943115234375
5561,T,C,0,MT-TW,100,5,0.00040733814239501953
5563,G,A,0,MT-TW,100,5,0.002023458480834961
5566,A,G,0,MT-TW,100,5,-0.002195596694946289
5567,T,C,0,MT-TW,100,5,0.0010635852813720703
5568,A,G,0,MT-TW,100,5,-0.002293825149536133
5592,A,G,0,MT-TA,100,5,-0.003351926803588867
5600,A,G,0,MT-TA,100,5,0.0008970499038696289
5601,C,T,0,MT-TA,100,5,0.0030362606048583984
5603,C,T,0,MT-TA,100,5,-0.0025022029876708984
5604,C,T,0,MT-TA,100,5,-0.0020995140075683594
5605,A,G,0,MT-TA,100,5,-0.005163788795471191
5608,C,T,0,MT-TA,100,5,-0.0023293495178222656
5618,T,C,0,MT-TA,100,5,-0.006225466728210449
5628,T,C,0,MT-TA,100,5,-0.004084110260009766
5633,C,T,0,MT-TA,100,5,-6.890296936035156e-05
5640,A,G,0,MT-TA,100,5,-0.0047512054443359375
5650,G,A,1,MT-TA,100,5,-0.004270434379577637
5655,T,C,0,MT-TA,100,5,-0.00011026859283447266
5662,C,T,0,MT-TN,100,5,3.814697265625e-05
5663,C,T,0,MT-TN,100,5,0.0036667585372924805
5664,A,G,0,MT-TN,100,5,-0.0009927749633789062
5665,A,G,0,MT-TN,100,5,-0.0028908252716064453
5673,T,C,0,MT-TN,100,5,-0.004838705062866211
5686,A,T,0,MT-TN,100,5,-0.002640962600708008
5690,A,G,1,MT-TN,100,5,-0.012576103210449219
5703,G,A,1,MT-TN,100,5,0.0012699365615844727
5705,A,G,0,MT-TN,100,5,-0.0009922981262207031
5711,A,G,0,MT-TN,100,5,-0.0009728670120239258
5715,A,G,0,MT-TN,100,5,-0.0013870000839233398
5728,T,C,1,MT-TN,100,5,-0.0015674829483032227
5772,G,A,0,MT-TC,100,5,-0.006008148193359375
5773,G,A,0,MT-TC,100,5,0.0013371706008911133
5774,T,C,0,MT-TC,100,5,0.0004773139953613281
5774,T,G,0,MT-TC,100,5,0.0027387142181396484
5775,T,C,0,MT-TC,100,5,-0.0015408992767333984
5780,G,A,0,MT-TC,100,5,-0.004381418228149414
5783,G,A,0,MT-TC,100,5,-0.00397491455078125
5785,T,C,0,MT-TC,100,5,-0.005774259567260742
5786,T,C,0,MT-TC,100,5,-5.7697296142578125e-05
5788,T,C,0,MT-TC,100,5,-0.004895329475402832
5794,T,C,0,MT-TC,100,5,-0.002175569534301758
5800,A,G,0,MT-TC,100,5,-0.008358240127563477
5806,T,C,0,MT-TC,100,5,-0.0010576248168945312
5807,A,G,0,MT-TC,100,5,-0.0008264780044555664
5811,A,G,0,MT-TC,100,5,-0.0027370452880859375
5814,T,A,0,MT-TC,100,5,-0.0043947696685791016
5814,T,C,0,MT-TC,100,5,-0.0013190507888793945
5817,C,T,0,MT-TC,100,5,-0.009291291236877441
5821,G,A,0,MT-TC,100,5,0.0004425048828125
5822,G,A,0,MT-TC,100,5,-0.0032510757446289062
5823,A,G,0,MT-TC,100,5,0.002915620803833008
5824,G,A,0,MT-TC,100,5,-0.0019397735595703125
5836,A,G,0,MT-TY,100,5,-0.0007981061935424805
5839,C,T,0,MT-TY,100,5,-0.0013911724090576172
5840,C,T,0,MT-TY,100,5,0.0004832744598388672
5843,A,G,0,MT-TY,100,5,-0.001784205436706543
5846,C,T,0,MT-TY,100,5,0.0014380216598510742
5855,A,G,0,MT-TY,100,5,-0.001783132553100586
5867,C,T,0,MT-TY,100,5,0.006330966949462891
5875,C,T,0,MT-TY,100,5,0.003540515899658203
5876,A,G,0,MT-TY,100,5,-0.0018578767776489258
7453,G,A,1,MT-TS1,100,5,-0.0032982826232910156
7460,A,G,0,MT-TS1,100,5,-0.0034154653549194336
7469,C,T,0,MT-TS1,100,5,-0.0009285211563110352
7471,C,A,0,MT-TS1,100,5,0.001399993896484375
7471,C,T,0,MT-TS1,100,5,0.00241243839263916
7472,A,T,0,MT-TS1,100,5,0.002019166946411133
7476,C,T,0,MT-TS1,100,5,0.000872492790222168
7490,A,G,0,MT-TS1,100,5,0.0010333061218261719
7493,C,T,0,MT-TS1,100,5,-0.00023674964904785156
7497,G,A,1,MT-TS1,100,5,0.0017162561416625977
7498,G,A,0,MT-TS1,100,5,0.0023336410522460938
7501,T,C,0,MT-TS1,100,5,-0.0008710622787475586
7510,T,C,1,MT-TS1,100,5,-0.0002551078796386719
7511,T,C,1,MT-TS1,100,5,-0.0007394552230834961
7512,T,C,1,MT-TS1,100,5,-0.0022836923599243164
7521,G,A,0,MT-TD,100,5,0.0069446563720703125
7533,C,T,0,MT-TD,100,5,-0.0007588863372802734
7534,C,T,0,MT-TD,100,5,-0.003464937210083008
7543,A,G,0,MT-TD,100,5,-0.00526273250579834
7546,T,C,0,MT-TD,100,5,-0.004468441009521484
7547,T,C,0,MT-TD,100,5,-0.009855508804321289
7552,A,G,0,MT-TD,100,5,-0.0016127824783325195
7559,A,G,0,MT-TD,100,5,0.0004019737243652344
7561,T,C,0,MT-TD,100,5,0.0019267797470092773
7567,C,T,0,MT-TD,100,5,1.6689300537109375e-05
7568,T,C,0,MT-TD,100,5,-0.0024623870849609375
7569,A,G,0,MT-TD,100,5,-0.0026204586029052734
7570,A,G,0,MT-TD,100,5,-0.0003960132598876953
7572,T,C,0,MT-TD,100,5,0.003518342971801758
7576,A,G,0,MT-TD,100,5,-0.015723586082458496
7581,T,C,0,MT-TD,100,5,-0.002919316291809082
7585,A,G,0,MT-TD,100,5,-0.009256720542907715
8298,T,C,0,MT-TK,100,5,-0.002980351448059082
8300,T,C,0,MT-TK,100,5,0.0004372596740722656
8308,A,G,0,MT-TK,100,5,-0.0027399063110351562
8311,T,C,0,MT-TK,100,5,-0.0018231868743896484
8313,G,A,1,MT-TK,100,5,-0.0037190914154052734
8315,A,G,0,MT-TK,100,5,-0.0019512176513671875
8331,A,G,0,MT-TK,100,5,-0.00746309757232666
8337,T,C,0,MT-TK,100,5,-0.003445267677307129
8338,A,G,0,MT-TK,100,5,-0.0038728713989257812
8340,G,A,1,MT-TK,100,5,-0.004306197166442871
8343,A,G,0,MT-TK,100,5,-0.0014389753341674805
8344,A,G,1,MT-TK,100,5,-0.0011303424835205078
8345,C,T,0,MT-TK,100,5,0.001581430435180664
8346,C,A,0,MT-TK,100,5,-0.0017493963241577148
8347,A,G,0,MT-TK,100,5,-0.0026471614837646484
8348,A,G,0,MT-TK,100,5,-0.004534721374511719
8349,C,T,0,MT-TK,100,5,-0.0028383731842041016
8350,A,G,0,MT-TK,100,5,-0.002414226531982422
8356,T,C,1,MT-TK,100,5,-0.002068042755126953
8360,A,G,0,MT-TK,100,5,-0.004885673522949219
8363,G,A,1,MT-TK,100,5,-0.0037686824798583984
9991,A,G,0,MT-TG,100,5,-0.0047686100006103516
9995,T,C,0,MT-TG,100,5,-0.00693666934967041
10003,T,C,0,MT-TG,100,5,-0.0029370784759521484
10005,A,G,0,MT-TG,100,5,0.0039038658142089844
10006,A,G,0,MT-TG,100,5,0.0001837015151977539
10007,T,C,0,MT-TG,100,5,-0.001031041145324707
10013,C,T,0,MT-TG,100,5,8.0108642578125e-05
10018,A,G,0,MT-TG,100,5,-0.006497740745544434
10029,A,G,0,MT-TG,100,5,-0.0044661760330200195
10031,T,C,0,MT-TG,100,5,-0.0005843639373779297
10034,T,C,0,MT-TG,100,5,-0.0037190914154052734
10040,C,T,0,MT-TG,100,5,0.006687641143798828
10042,A,G,0,MT-TG,100,5,-0.0016109943389892578
10044,A,G,0,MT-TG,100,5,-0.002964496612548828
10045,T,C,0,MT-TG,100,5,0.0016736984252929688
10410,T,A,0,MT-TR,100,5,-0.006220102310180664
10410,T,C,0,MT-TR,100,5,-0.0062940120697021484
10411,A,G,0,MT-TR,100,5,0.00047206878662109375
10420,A,G,0,MT-TR,100,5,-0.0015796422958374023
10427,G,A,0,MT-TR,100,5,0.007843375205993652
10440,T,C,0,MT-TR,100,5,-0.006258726119995117
10446,A,G,0,MT-TR,100,5,0.0033605098724365234
10448,T,C,0,MT-TR,100,5,-0.004151821136474609
10454,T,C,0,MT-TR,100,5,-0.00012421607971191406
10456,A,G,0,MT-TR,100,5,-0.0036745071411132812
10463,T,C,0,MT-TR,100,5,-0.0017801523208618164
12141,A,G,0,MT-TH,100,5,-0.0045735836029052734
12142,A,G,0,MT-TH,100,5,-0.003779172897338867
12147,G,A,1,MT-TH,100,5,-0.02326047420501709
12151,A,G,0,MT-TH,100,5,-0.03155255317687988
12160,A,G,0,MT-TH,100,5,-0.007318735122680664
12161,T,C,0,MT-TH,100,5,-0.0031641721725463867
12164,G,A,0,MT-TH,100,5,-0.009385824203491211
12166,T,C,0,MT-TH,100,5,0.000584721565246582
12171,A,G,0,MT-TH,100,5,-0.0005449056625366211
12172,A,G,0,MT-TH,100,5,-0.005825519561767578
12173,T,C,0,MT-TH,100,5,-0.008059978485107422
12178,C,T,0,MT-TH,100,5,-0.0020971298217773438
12181,C,T,0,MT-TH,100,5,-0.002287626266479492
12188,T,C,0,MT-TH,100,5,0.0005532503128051758
12189,T,C,0,MT-TH,100,5,0.0006875991821289062
12191,C,T,0,MT-TH,100,5,-4.315376281738281e-05
12192,G,A,0,MT-TH,100,5,0.004492759704589844
12193,A,G,0,MT-TH,100,5,0.0010123252868652344
12196,C,T,0,MT-TH,100,5,0.003991365432739258
12201,T,C,1,MT-TH,100,5,0.0011116266250610352
12215,T,C,0,MT-TS2,100,5,-0.00287473201751709
12216,C,T,0,MT-TS2,100,5,-0.0015009641647338867
12223,A,G,0,MT-TS2,100,5,-0.002017498016357422
12231,C,T,0,MT-TS2,100,5,0.0010862350463867188
12234,A,G,0,MT-TS2,100,5,-0.00439143180847168
12235,T,C,0,MT-TS2,100,5,-0.0007901191711425781
12237,C,T,0,MT-TS2,100,5,-0.0023049116134643555
12239,C,T,0,MT-TS2,100,5,-0.0005924701690673828
12245,T,C,0,MT-TS2,100,5,0.0009423494338989258
12246,C,T,0,MT-TS2,100,5,-0.002483844757080078
12248,A,G,0,MT-TS2,100,5,-0.00467991828918457
12258,C,A,1,MT-TS2,100,5,-0.01104736328125
12265,A,G,0,MT-TS2,100,5,-0.00626373291015625
12273,A,G,0,MT-TL2,100,5,-0.011520862579345703
12276,G,A,1,MT-TL2,100,5,-0.014460444450378418
12279,A,G,0,MT-TL2,100,5,-0.02292633056640625
12279,A,T,0,MT-TL2,100,5,-0.02734518051147461
12280,A,G,0,MT-TL2,100,5,-0.0015177726745605469
12281,C,T,0,MT-TL2,100,5,-0.012418031692504883
12285,T,C,0,MT-TL2,100,5,-0.006276607513427734
12295,T,C,0,MT-TL2,100,5,-0.003828287124633789
12297,T,C,0,MT-TL2,100,5,-0.009511709213256836
12308,A,G,0,MT-TL2,100,5,-0.0061719417572021484
12311,T,C,0,MT-TL2,100,5,-0.0013256072998046875
12315,G,A,1,MT-TL2,100,5,-0.005376696586608887
14674,T,C,1,MT-TE,100,5,-0.0020946264266967773
14683,A,G,0,MT-TE,100,5,0.0012216567993164062
14684,C,T,0,MT-TE,100,5,0.0015628337860107422
14687,A,G,0,MT-TE,100,5,-0.0027350187301635742
14690,A,G,0,MT-TE,100,5,-0.0036928653717041016
14691,C,T,0,MT-TE,100,5,0.003835320472717285
14693,A,G,0,MT-TE,100,5,-0.007980823516845703
14696,A,C,0,MT-TE,100,5,-0.004595041275024414
14696,A,G,0,MT-TE,100,5,0.0016454458236694336
14706,A,G,0,MT-TE,100,5,0.00010716915130615234
14709,T,C,1,MT-TE,100,5,-0.0034165382385253906
14716,C,T,0,MT-TE,100,5,-0.0023137331008911133
14727,T,C,0,MT-TE,100,5,-0.000863194465637207
15889,T,C,0,MT-TT,100,5,0.0013904571533203125
15891,C,T,0,MT-TT,100,5,-0.0006101131439208984
15892,T,C,0,MT-TT,100,5,-0.002879023551940918
15893,T,C,0,MT-TT,100,5,-0.00504612922668457
15894,G,A,0,MT-TT,100,5,-0.0023304224014282227
15895,T,C,0,MT-TT,100,5,-0.0021829605102539062
15900,T,C,0,MT-TT,100,5,0.00026917457580566406
15902,A,G,0,MT-TT,100,5,-0.0001634359359741211
15903,A,G,0,MT-TT,100,5,-0.002025604248046875
15904,C,T,0,MT-TT,100,5,0.0015300512313842773
15905,T,C,0,MT-TT,100,5,-0.004131317138671875
15907,A,G,0,MT-TT,100,5,-0.0028551816940307617
15908,T,C,0,MT-TT,100,5,-0.0029070377349853516
15909,A,G,0,MT-TT,100,5,-0.008514761924743652
15911,A,G,0,MT-TT,100,5,-0.0015861988067626953
15913,C,T,0,MT-TT,100,5,-0.0009979009628295898
15914,A,G,0,MT-TT,100,5,0.006798744201660156
15916,T,C,0,MT-TT,100,5,-0.008375167846679688
15923,A,G,1,MT-TT,100,5,-0.01493537425994873
15924,A,G,0,MT-TT,100,5,-0.003168344497680664
15925,C,T,0,MT-TT,100,5,-0.0038604736328125
15926,C,T,0,MT-TT,100,5,0.0002758502960205078
15927,G,A,0,MT-TT,100,5,-0.0018668174743652344
15928,G,A,0,MT-TT,100,5,-0.0009664297103881836
15929,A,G,0,MT-TT,100,5,-0.004523634910583496
15930,G,A,0,MT-TT,100,5,-0.00024330615997314453
15932,T,C,0,MT-TT,100,5,-0.002394437789916992
15935,A,G,0,MT-TT,100,5,-0.0019708871841430664
15936,A,G,0,MT-TT,100,5,-0.001918792724609375
15936,A,T,0,MT-TT,100,5,-0.002898693084716797
15937,A,G,0,MT-TT,100,5,-0.005456447601318359
15937,A,T,0,MT-TT,100,5,-0.00295102596282959
15938,C,T,0,MT-TT,100,5,-0.002113938331604004
15939,C,T,0,MT-TT,100,5,-0.0008690357208251953
15940,T,C,0,MT-TT,100,5,0.0007610321044921875
15941,T,C,0,MT-TT,100,5,-0.002902984619140625
15942,T,C,0,MT-TT,100,5,-0.003228306770324707
15943,T,C,0,MT-TT,100,5,-0.0008429288864135742
15944,T,C,0,MT-TT,100,5,0.0005789995193481445
15946,C,T,0,MT-TT,100,5,-0.002711653709411621
15947,A,G,0,MT-TT,100,5,-0.0025022029876708984
15949,G,A,0,MT-TT,100,5,-0.002772808074951172
15951,A,G,0,MT-TT,100,5,-0.003580451011657715
15952,C,T,0,MT-TT,100,5,-0.0021562576293945312
15965,A,G,0,MT-TP,100,5,-0.0004937648773193359
15968,T,C,0,MT-TP,100,5,-0.0013767480850219727
15970,T,C,0,MT-TP,100,5,-0.0028363466262817383
15977,C,T,0,MT-TP,100,5,-0.0036238431930541992
15978,C,T,0,MT-TP,100,5,-0.002022862434387207
15990,C,T,1,MT-TP,100,5,-0.006575584411621094
15992,A,T,0,MT-TP,100,5,-0.010252237319946289
16011,A,G,0,MT-TP,100,5,-0.0070209503173828125
16017,T,C,0,MT-TP,100,5,3.3736228942871094e-05
591,C,T,1,MT-TF,100,6,0.0035756826400756836
592,C,T,0,MT-TF,100,6,0.006327033042907715
593,T,C,0,MT-TF,100,6,0.001995563507080078
595,C,A,0,MT-TF,100,6,0.006820321083068848
595,C,T,0,MT-TF,100,6,0.0001131296157836914
596,T,C,0,MT-TF,100,6,-0.0028791427612304688
597,C,T,0,MT-TF,100,6,0.0006594657897949219
603,A,G,0,MT-TF,100,6,-0.009378194808959961
606,A,G,0,MT-TF,100,6,-0.004628539085388184
616,T,C,1,MT-TF,100,6,-0.01010429859161377
619,T,C,0,MT-TF,100,6,-0.0008442401885986328
621,A,G,0,MT-TF,100,6,-0.003886699676513672
629,T,A,0,MT-TF,100,6,-0.0037125349044799805
629,T,C,0,MT-TF,100,6,0.001479029655456543
630,C,T,0,MT-TF,100,6,-0.002492070198059082
633,A,G,0,MT-TF,100,6,-0.0015119314193725586
634,T,A,0,MT-TF,100,6,-0.0011713504791259766
634,T,C,0,MT-TF,100,6,-0.0006901025772094727
635,C,T,0,MT-TF,100,6,-0.0008420944213867188
644,A,G,0,MT-TF,100,6,-0.003267526626586914
647,A,G,0,MT-TF,100,6,-0.005293011665344238
1607,T,C,0,MT-TV,100,6,-0.00552821159362793
1617,C,T,0,MT-TV,100,6,-0.0012123584747314453
1618,A,G,0,MT-TV,100,6,-8.726119995117188e-05
1624,C,T,1,MT-TV,100,6,-0.000498652458190918
1628,C,T,0,MT-TV,100,6,0.0033597946166992188
1640,A,G,0,MT-TV,100,6,-0.0033568143844604492
1644,G,A,1,MT-TV,100,6,0.00013685226440429688
1646,T,C,0,MT-TV,100,6,-0.0022159814834594727
1657,C,T,0,MT-TV,100,6,0.00625002384185791
1664,G,A,0,MT-TV,100,6,0.0004401206970214844
1670,A,T,0,MT-TV,100,6,-0.01772904396057129
3236,A,G,0,MT-TL1,100,6,-0.0026972293853759766
3242,G,A,1,MT-TL1,100,6,-0.02512383460998535
3243,A,G,1,MT-TL1,100,6,-0.031656861305236816
3243,A,T,1,MT-TL1,100,6,-0.030170679092407227
3251,A,G,1,MT-TL1,100,6,-0.007029414176940918
3252,A,G,1,MT-TL1,100,6,-0.010534524917602539
3254,C,A,0,MT-TL1,100,6,-0.006097316741943359
3254,C,T,0,MT-TL1,100,6,0.009301185607910156
3255,G,A,1,MT-TL1,100,6,-0.006876468658447266
3256,C,T,1,MT-TL1,100,6,-0.007953047752380371
3258,T,C,1,MT-TL1,100,6,-0.004343628883361816
3260,A,G,1,MT-TL1,100,6,-0.0032919645309448242
3261,A,G,0,MT-TL1,100,6,-0.004403591156005859
3271,T,C,1,MT-TL1,100,6,-0.002103090286254883
3275,C,A,0,MT-TL1,100,6,0.002350330352783203
3275,C,G,0,MT-TL1,100,6,1.9550323486328125e-05
3275,C,T,0,MT-TL1,100,6,-0.0002995729446411133
3277,G,A,0,MT-TL1,100,6,0.003245115280151367
3278,T,C,0,MT-TL1,100,6,-0.000693202018737793
3290,T,C,0,MT-TL1,100,6,-0.0008418560028076172
3291,T,C,1,MT-TL1,100,6,-0.004041910171508789
3302,A,G,1,MT-TL1,100,6,-0.003636479377746582
3303,C,T,1,MT-TL1,100,6,-0.0015540122985839844
4300,A,G,1,MT-TI,100,6,-0.0053321123123168945
4310,A,G,0,MT-TI,100,6,0.0017578601837158203
4312,C,T,0,MT-TI,100,6,0.0017163753509521484
4313,T,C,0,MT-TI,100,6,-0.0004665851593017578
4314,T,A,0,MT-TI,100,6,-0.0005881786346435547
4314,T,C,0,MT-TI,100,6,0.0006928443908691406
4317,A,G,0,MT-TI,100,6,0.00019359588623046875
4318,C,T,0,MT-TI,100,6,-0.0009093284606933594
4335,C,T,0,MT-TQ,100,6,-0.001273036003112793
4336,T,C,0,MT-TQ,100,6,-0.0018229484558105469
4340,A,G,0,MT-TQ,100,6,4.935264587402344e-05
4343,A,G,0,MT-TQ,100,6,-0.0035773515701293945
4350,C,T,0,MT-TQ,100,6,0.0021210908889770508
4353,T,C,0,MT-TQ,100,6,-0.000949859619140625
4370,T,C,0,MT-TQ,100,6,-0.0005857944488525391
4371,T,C,0,MT-TQ,100,6,0.0001360177993774414
4373,T,C,0,MT-TQ,100,6,-0.00194549560546875
4375,C,T,0,MT-TQ,100,6,-0.003704071044921875
4381,A,G,0,MT-TQ,100,6,-0.0011124610900878906
4384,T,A,0,MT-TQ,100,6,0.004033684730529785
4384,T,C,0,MT-TQ,100,6,0.0010939836502075195
4385,A,G,0,MT-TQ,100,6,-0.009317159652709961
4385,A,T,0,MT-TQ,100,6,-0.0019268989562988281
4386,T,C,0,MT-TQ,100,6,-0.0010852813720703125
4387,C,T,0,MT-TQ,100,6,0.0009154081344604492
4394,C,A,0,MT-TQ,100,6,0.00027251243591308594
4395,A,G,0,MT-TQ,100,6,-0.0017421245574951172
4417,A,G,0,MT-TM,100,6,-0.004426002502441406
4418,T,C,0,MT-TM,100,6,-0.002009272575378418
4435,A,G,0,MT-TM,100,6,-0.003943204879760742
4450,G,A,1,MT-TM,100,6,-0.005482912063598633
4452,T,C,0,MT-TM,100,6,-0.001979231834411621
4454,T,A,0,MT-TM,100,6,-0.0003464221954345703
4454,T,C,0,MT-TM,100,6,-0.0012094974517822266
4464,G,A,0,MT-TM,100,6,0.0010765790939331055
5514,A,G,0,MT-TW,100,6,-0.0045282840728759766
5515,A,G,0,MT-TW,100,6,-0.00625765323638916
5516,A,G,0,MT-TW,100,6,-0.00487971305847168
5521,G,A,1,MT-TW,100,6,-0.0016551017761230469
5527,A,G,0,MT-TW,100,6,-0.0016758441925048828
5528,T,C,0,MT-TW,100,6,2.6702880859375e-05
5530,C,T,0,MT-TW,100,6,0.0001323223114013672
5539,A,G,0,MT-TW,100,6,-0.0008744001388549805
5539,A,T,0,MT-TW,100,6,-0.01193392276763916
5553,T,C,0,MT-TW,100,6,-0.003268003463745117
5553,T,G,0,MT-TW,100,6,-0.005834341049194336
5554,C,A,0,MT-TW,100,6,0.0034781694412231445
5556,G,A,1,MT-TW,100,6,-0.004839181900024414
5557,T,C,0,MT-TW,100,6,0.0013898611068725586
5561,T,C,0,MT-TW,100,6,0.0009799003601074219
5563,G,A,0,MT-TW,100,6,0.0023620128631591797
5566,A,G,0,MT-TW,100,6,-0.001667618751525879
5567,T,C,0,MT-TW,100,6,5.352497100830078e-05
5568,A,G,0,MT-TW,100,6,-0.003163933753967285
5592,A,G,0,MT-TA,100,6,-0.00196683406829834
5600,A,G,0,MT-TA,100,6,0.0006119012832641602
5601,C,T,0,MT-TA,100,6,0.003187417984008789
5603,C,T,0,MT-TA,100,6,-0.004479408264160156
5604,C,T,0,MT-TA,100,6,-0.003111600875854492
5605,A,G,0,MT-TA,100,6,-0.004094481468200684
5608,C,T,0,MT-TA,100,6,0.0001481771469116211
5618,T,C,0,MT-TA,100,6,-0.00747370719909668
5628,T,C,0,MT-TA,100,6,-0.0036089420318603516
5633,C,T,0,MT-TA,100,6,0.0006793737411499023
5640,A,G,0,MT-TA,100,6,-0.004756569862365723
5650,G,A,1,MT-TA,100,6,-0.003942012786865234
5655,T,C,0,MT-TA,100,6,-0.0014195442199707031
5662,C,T,0,MT-TN,100,6,-0.0008560419082641602
5663,C,T,0,MT-TN,100,6,0.003153204917907715
5664,A,G,0,MT-TN,100,6,0.00025153160095214844
5665,A,G,0,MT-TN,100,6,-0.0033767223358154297
5673,T,C,0,MT-TN,100,6,-0.0019562244415283203
5686,A,T,0,MT-TN,100,6,-0.0020449161529541016
5690,A,G,1,MT-TN,100,6,-0.009326934814453125
5703,G,A,1,MT-TN,100,6,9.512901306152344e-05
5705,A,G,0,MT-TN,100,6,-0.0013707876205444336
5711,A,G,0,MT-TN,100,6,-0.0015728473663330078
5715,A,G,0,MT-TN,100,6,-0.0029410123825073242
5728,T,C,1,MT-TN,100,6,-0.0006952285766601562
5772,G,A,0,MT-TC,100,6,-0.007576346397399902
5773,G,A,0,MT-TC,100,6,0.000867009162902832
5774,T,C,0,MT-TC,100,6,0.0020656585693359375
5774,T,G,0,MT-TC,100,6,0.0024281740188598633
5775,T,C,0,MT-TC,100,6,-0.0012118816375732422
5780,G,A,0,MT-TC,100,6,-0.003767728805541992
5783,G,A,0,MT-TC,100,6,-0.004329323768615723
5785,T,C,0,MT-TC,100,6,-0.005364894866943359
5786,T,C,0,MT-TC,100,6,-0.00024116039276123047
5788,T,C,0,MT-TC,100,6,-0.004507303237915039
5794,T,C,0,MT-TC,100,6,-0.002586841583251953
5800,A,G,0,MT-TC,100,6,-0.007492423057556152
5806,T,C,0,MT-TC,100,6,-0.0003960132598876953
5807,A,G,0,MT-TC,100,6,-0.0010527372360229492
5811,A,G,0,MT-TC,100,6,-0.004202365875244141
5814,T,A,0,MT-TC,100,6,-0.0027587413787841797
5814,T,C,0,MT-TC,100,6,-0.0014482736587524414
5817,C,T,0,MT-TC,100,6,-0.010091781616210938
5821,G,A,0,MT-TC,100,6,0.0014383792877197266
5822,G,A,0,MT-TC,100,6,-0.003351449966430664
5823,A,G,0,MT-TC,100,6,-0.00019681453704833984
5824,G,A,0,MT-TC,100,6,-0.0031538009643554688
5836,A,G,0,MT-TY,100,6,-0.00121307373046875
5839,C,T,0,MT-TY,100,6,-0.00011289119720458984
5840,C,T,0,MT-TY,100,6,-0.0008342266082763672
5843,A,G,0,MT-TY,100,6,-0.0010128021240234375
5846,C,T,0,MT-TY,100,6,0.0020273923873901367
5855,A,G,0,MT-TY,100,6,-0.0014417171478271484
5867,C,T,0,MT-TY,100,6,0.006632447242736816
5875,C,T,0,MT-TY,100,6,0.002711176872253418
5876,A,G,0,MT-TY,100,6,-0.0011266469955444336
7453,G,A,1,MT-TS1,100,6,-0.0024993419647216797
7460,A,G,0,MT-TS1,100,6,-0.001930832862854004
7469,C,T,0,MT-TS1,100,6,0.0007175207138061523
7471,C,A,0,MT-TS1,100,6,0.004914283752441406
7471,C,T,0,MT-TS1,100,6,0.0039751529693603516
7472,A,T,0,MT-TS1,100,6,-0.00045931339263916016
7476,C,T,0,MT-TS1,100,6,0.00045299530029296875
7490,A,G,0,MT-TS1,100,6,0.0010257959365844727
7493,C,T,0,MT-TS1,100,6,-0.000194549560546875
7497,G,A,1,MT-TS1,100,6,-1.6927719116210938e-05
7498,G,A,0,MT-TS1,100,6,0.0019298791885375977
7501,T,C,0,MT-TS1,100,6,0.0009720325469970703
7510,T,C,1,MT-TS1,100,6,-0.0010273456573486328
7511,T,C,1,MT-TS1,100,6,-0.001026153564453125
7512,T,C,1,MT-TS1,100,6,-0.0014346837997436523
7521,G,A,0,MT-TD,100,6,0.00476682186126709
7533,C,T,0,MT-TD,100,6,-0.001550912857055664
7534,C,T,0,MT-TD,100,6,-0.0026094913482666016
7543,A,G,0,MT-TD,100,6,-0.0061272382736206055
7546,T,C,0,MT-TD,100,6,-0.005601406097412109
7547,T,C,0,MT-TD,100,6,-0.005548596382141113
7552,A,G,0,MT-TD,100,6,-0.004219770431518555
7559,A,G,0,MT-TD,100,6,-0.0004210472106933594
7561,T,C,0,MT-TD,100,6,-0.0006517171859741211
7567,C,T,0,MT-TD,100,6,0.00011157989501953125
7568,T,C,0,MT-TD,100,6,-0.0031991004943847656
7569,A,G,0,MT-TD,100,6,-0.001268148422241211
7570,A,G,0,MT-TD,100,6,-0.0032864809036254883
7572,T,C,0,MT-TD,100,6,0.003375530242919922
7576,A,G,0,MT-TD,100,6,-0.005826473236083984
7581,T,C,0,MT-TD,100,6,0.0031480789184570312
7585,A,G,0,MT-TD,100,6,-0.009604454040527344
8298,T,C,0,MT-TK,100,6,-0.0031205415725708008
8300,T,C,0,MT-TK,100,6,-0.002220630645751953
8308,A,G,0,MT-TK,100,6,-0.0015548467636108398
8311,T,C,0,MT-TK,100,6,-0.0037473440170288086
8313,G,A,1,MT-TK,100,6,-0.004405379295349121
8315,A,G,0,MT-TK,100,6,-0.002410292625427246
8331,A,G,0,MT-TK,100,6,-0.006645560264587402
8337,T,C,0,MT-TK,100,6,-0.0002435445785522461
8338,A,G,0,MT-TK,100,6,-0.0014563798904418945
8340,G,A,1,MT-TK,100,6,-0.005316495895385742
8343,A,G,0,MT-TK,100,6,-0.001112222671508789
8344,A,G,1,MT-TK,100,6,-0.0017957687377929688
8345,C,T,0,MT-TK,100,6,0.002280116081237793
8346,C,A,0,MT-TK,100,6,-0.0017091035842895508
8347,A,G,0,MT-TK,100,6,-0.004277706146240234
8348,A,G,0,MT-TK,100,6,-0.0031480789184570312
8349,C,T,0,MT-TK,100,6,-0.002744317054748535
8350,A,G,0,MT-TK,100,6,-0.0016165971755981445
8356,T,C,1,MT-TK,100,6,-0.0027202367782592773
8360,A,G,0,MT-TK,100,6,-0.006778240203857422
8363,G,A,1,MT-TK,100,6,-0.0029954910278320312
9991,A,G,0,MT-TG,100,6,-0.0030481815338134766
9995,T,C,0,MT-TG,100,6,-0.006212830543518066
10003,T,C,0,MT-TG,100,6,0.00012874603271484375
10005,A,G,0,MT-TG,100,6,0.007729768753051758
10006,A,G,0,MT-TG,100,6,-0.004244804382324219
10007,T,C,0,MT-TG,100,6,-0.0010312795639038086
10013,C,T,0,MT-TG,100,6,-0.0005135536193847656
10018,A,G,0,MT-TG,100,6,-0.006873607635498047
10029,A,G,0,MT-TG,100,6,-0.0031762123107910156
10031,T,C,0,MT-TG,100,6,-0.0008389949798583984
10034,T,C,0,MT-TG,100,6,0.0014088153839111328
10040,C,T,0,MT-TG,100,6,0.002997875213623047
10042,A,G,0,MT-TG,100,6,-0.0020667314529418945
10044,A,G,0,MT-TG,100,6,-0.0039490461349487305
10045,T,C,0,MT-TG,100,6,0.00013744831085205078
10410,T,A,0,MT-TR,100,6,-0.0054084062576293945
10410,T,C,0,MT-TR,100,6,-0.008702874183654785
10411,A,G,0,MT-TR,100,6,0.0008817911148071289
10420,A,G,0,MT-TR,100,6,-0.0009791851043701172
10427,G,A,0,MT-TR,100,6,0.007628440856933594
10440,T,C,0,MT-TR,100,6,-0.0056504011154174805
10446,A,G,0,MT-TR,100,6,0.0018584728240966797
10448,T,C,0,MT-TR,100,6,-0.005298256874084473
10454,T,C,0,MT-TR,100,6,0.0010770559310913086
10456,A,G,0,MT-TR,100,6,-0.0030121803283691406
10463,T,C,0,MT-TR,100,6,-0.0018006563186645508
12141,A,G,0,MT-TH,100,6,-0.014072060585021973
12142,A,G,0,MT-TH,100,6,-0.004159688949584961
12147,G,A,1,MT-TH,100,6,-0.021083474159240723
12151,A,G,0,MT-TH,100,6,-0.0296630859375
12160,A,G,0,MT-TH,100,6,-0.008040308952331543
12161,T,C,0,MT-TH,100,6,-0.0002912282943725586
12164,G,A,0,MT-TH,100,6,-0.014444589614868164
12166,T,C,0,MT-TH,100,6,-0.0020352602005004883
12171,A,G,0,MT-TH,100,6,-5.53131103515625e-05
12172,A,G,0,MT-TH,100,6,-0.006350040435791016
12173,T,C,0,MT-TH,100,6,-0.007415890693664551
12178,C,T,0,MT-TH,100,6,-0.001900792121887207
12181,C,T,0,MT-TH,100,6,-0.0024275779724121094
12188,T,C,0,MT-TH,100,6,0.0002906322479248047
12189,T,C,0,MT-TH,100,6,0.0017080307006835938
12191,C,T,0,MT-TH,100,6,-0.0011053085327148438
12192,G,A,0,MT-TH,100,6,0.005759716033935547
12193,A,G,0,MT-TH,100,6,-0.0006241798400878906
12196,C,T,0,MT-TH,100,6,0.0043184757232666016
12201,T,C,1,MT-TH,100,6,-0.00016009807586669922
12215,T,C,0,MT-TS2,100,6,-0.004334568977355957
12216,C,T,0,MT-TS2,100,6,-0.001980900764465332
12223,A,G,0,MT-TS2,100,6,-0.0030530691146850586
12231,C,T,0,MT-TS2,100,6,0.002079606056213379
12234,A,G,0,MT-TS2,100,6,-0.004764199256896973
12235,T,C,0,MT-TS2,100,6,-0.001244187355041504
12237,C,T,0,MT-TS2,100,6,-0.0012121200561523438
12239,C,T,0,MT-TS2,100,6,0.001393437385559082
12245,T,C,0,MT-TS2,100,6,-0.0007042884826660156
12246,C,T,0,MT-TS2,100,6,-0.0020749568939208984
12248,A,G,0,MT-TS2,100,6,-0.004746794700622559
12258,C,A,1,MT-TS2,100,6,-0.009413480758666992
12265,A,G,0,MT-TS2,100,6,-0.008646011352539062
12273,A,G,0,MT-TL2,100,6,-0.010291695594787598
12276,G,A,1,MT-TL2,100,6,-0.014673709869384766
12279,A,G,0,MT-TL2,100,6,-0.01817762851715088
12279,A,T,0,MT-TL2,100,6,-0.02138066291809082
12280,A,G,0,MT-TL2,100,6,0.001133561134338379
12281,C,T,0,MT-TL2,100,6,-0.002126932144165039
12285,T,C,0,MT-TL2,100,6,-0.0024652481079101562
12295,T,C,0,MT-TL2,100,6,-0.005680084228515625
12297,T,C,0,MT-TL2,100,6,-0.012675285339355469
12308,A,G,0,MT-TL2,100,6,-0.005833148956298828
12311,T,C,0,MT-TL2,100,6,0.0006281137466430664
12315,G,A,1,MT-TL2,100,6,-0.0033429861068725586
14674,T,C,1,MT-TE,100,6,-0.0001823902130126953
14683,A,G,0,MT-TE,100,6,0.002596139907836914
14684,C,T,0,MT-TE,100,6,0.004291653633117676
14687,A,G,0,MT-TE,100,6,-0.004696011543273926
14690,A,G,0,MT-TE,100,6,-0.00407254695892334
14691,C,T,0,MT-TE,100,6,0.0044612884521484375
14693,A,G,0,MT-TE,100,6,-0.0021744966506958008
14696,A,C,0,MT-TE,100,6,-0.005797982215881348
14696,A,G,0,MT-TE,100,6,0.007025003433227539
14706,A,G,0,MT-TE,100,6,0.0004583597183227539
14709,T,C,1,MT-TE,100,6,-0.005048513412475586
14716,C,T,0,MT-TE,100,6,-0.0006178617477416992
14727,T,C,0,MT-TE,100,6,-0.0013091564178466797
15889,T,C,0,MT-TT,100,6,0.0012428760528564453
15891,C,T,0,MT-TT,100,6,-0.00020563602447509766
15892,T,C,0,MT-TT,100,6,-0.0016194581985473633
15893,T,C,0,MT-TT,100,6,-0.0038564205169677734
15894,G,A,0,MT-TT,100,6,-0.00033020973205566406
15895,T,C,0,MT-TT,100,6,-0.0180131196975708
15900,T,C,0,MT-TT,100,6,-0.0005857944488525391
15902,A,G,0,MT-TT,100,6,-0.0006921291351318359
15903,A,G,0,MT-TT,100,6,-0.0017430782318115234
15904,C,T,0,MT-TT,100,6,0.0005352497100830078
15905,T,C,0,MT-TT,100,6,-0.0023908615112304688
15907,A,G,0,MT-TT,100,6,-0.0016062259674072266
15908,T,C,0,MT-TT,100,6,-0.003851771354675293
15909,A,G,0,MT-TT,100,6,-0.007169127464294434
15911,A,G,0,MT-TT,100,6,-0.0008374452590942383
15913,C,T,0,MT-TT,100,6,-0.0012885332107543945
15914,A,G,0,MT-TT,100,6,0.005003094673156738
15916,T,C,0,MT-TT,100,6,-0.006053566932678223
15923,A,G,1,MT-TT,100,6,-0.014506697654724121
15924,A,G,0,MT-TT,100,6,-0.002782464027404785
15925,C,T,0,MT-TT,100,6,-0.0029277801513671875
15926,C,T,0,MT-TT,100,6,0.0010911226272583008
15927,G,A,0,MT-TT,100,6,-0.002221345901489258
15928,G,A,0,MT-TT,100,6,-0.0009199380874633789
15929,A,G,0,MT-TT,100,6,-0.003749370574951172
15930,G,A,0,MT-TT,100,6,0.0008803606033325195
15932,T,C,0,MT-TT,100,6,-0.0021109580993652344
15935,A,G,0,MT-TT,100,6,-0.002132415771484375
15936,A,G,0,MT-TT,100,6,-0.003039121627807617
15936,A,T,0,MT-TT,100,6,-0.0029745101928710938
15937,A,G,0,MT-TT,100,6,-0.0049103498458862305
15937,A,T,0,MT-TT,100,6,-0.004577279090881348
15938,C,T,0,MT-TT,100,6,-0.002819061279296875
15939,C,T,0,MT-TT,100,6,-0.0005905628204345703
15940,T,C,0,MT-TT,100,6,-4.506111145019531e-05
15941,T,C,0,MT-TT,100,6,-0.002263665199279785
15942,T,C,0,MT-TT,100,6,-0.0023955106735229492
15943,T,C,0,MT-TT,100,6,-0.0008296966552734375
15944,T,C,0,MT-TT,100,6,0.0006977319717407227
15946,C,T,0,MT-TT,100,6,-0.0007636547088623047
15947,A,G,0,MT-TT,100,6,-0.002777099609375
15949,G,A,0,MT-TT,100,6,-0.0027071237564086914
15951,A,G,0,MT-TT,100,6,-0.0027502775192260742
15952,C,T,0,MT-TT,100,6,-0.0015316009521484375
15965,A,G,0,MT-TP,100,6,0.0005574226379394531
15968,T,C,0,MT-TP,100,6,0.0010334253311157227
15970,T,C,0,MT-TP,100,6,-0.00311887264251709
15977,C,T,0,MT-TP,100,6,-0.004403471946716309
15978,C,T,0,MT-TP,100,6,-0.0026465654373168945
15990,C,T,1,MT-TP,100,6,-0.008269906044006348
15992,A,T,0,MT-TP,100,6,-0.011783480644226074
16011,A,G,0,MT-TP,100,6,-0.00640559196472168
16017,T,C,0,MT-TP,100,6,0.0006803274154663086
591,C,T,1,MT-TF,100,7,0.0055158138275146484
592,C,T,0,MT-TF,100,7,0.009048223495483398
593,T,C,0,MT-TF,100,7,0.0006098747253417969
595,C,A,0,MT-TF,100,7,0.002860546112060547
595,C,T,0,MT-TF,100,7,0.0011211633682250977
596,T,C,0,MT-TF,100,7,-0.0016531944274902344
597,C,T,0,MT-TF,100,7,0.0019031763076782227
603,A,G,0,MT-TF,100,7,-0.007201671600341797
606,A,G,0,MT-TF,100,7,-0.006079435348510742
616,T,C,1,MT-TF,100,7,-0.004846692085266113
619,T,C,0,MT-TF,100,7,-7.092952728271484e-05
621,A,G,0,MT-TF,100,7,-0.005896806716918945
629,T,A,0,MT-TF,100,7,-0.001422882080078125
629,T,C,0,MT-TF,100,7,0.0006420612335205078
630,C,T,0,MT-TF,100,7,-0.00250244140625
633,A,G,0,MT-TF,100,7,7.212162017822266e-05
634,T,A,0,MT-TF,100,7,-0.0021399259567260742
634,T,C,0,MT-TF,100,7,-0.0012110471725463867
635,C,T,0,MT-TF,100,7,-0.000423431396484375
644,A,G,0,MT-TF,100,7,-0.002866506576538086
647,A,G,0,MT-TF,100,7,-0.004257678985595703
1607,T,C,0,MT-TV,100,7,-0.00879514217376709
1617,C,T,0,MT-TV,100,7,0.0020940303802490234
1618,A,G,0,MT-TV,100,7,0.0006624460220336914
1624,C,T,1,MT-TV,100,7,-0.001193404197692871
1628,C,T,0,MT-TV,100,7,0.0007212162017822266
1640,A,G,0,MT-TV,100,7,-0.0030056238174438477
1644,G,A,1,MT-TV,100,7,-0.0005743503570556641
1646,T,C,0,MT-TV,100,7,-0.0032814741134643555
1657,C,T,0,MT-TV,100,7,0.0035521984100341797
1664,G,A,0,MT-TV,100,7,0.0013185739517211914
1670,A,T,0,MT-TV,100,7,-0.020027518272399902
3236,A,G,0,MT-TL1,100,7,-0.0006335973739624023
3242,G,A,1,MT-TL1,100,7,-0.021765708923339844
3243,A,G,1,MT-TL1,100,7,-0.030867934226989746
3243,A,T,1,MT-TL1,100,7,-0.03423810005187988
3251,A,G,1,MT-TL1,100,7,-0.0039288997650146484
3252,A,G,1,MT-TL1,100,7,-0.010581731796264648
3254,C,A,0,MT-TL1,100,7,-0.003892064094543457
3254,C,T,0,MT-TL1,100,7,0.007577776908874512
3255,G,A,1,MT-TL1,100,7,-0.005976200103759766
3256,C,T,1,MT-TL1,100,7,-0.006399393081665039
3258,T,C,1,MT-TL1,100,7,-0.0026497840881347656
3260,A,G,1,MT-TL1,100,7,-0.005666971206665039
3261,A,G,0,MT-TL1,100,7,-0.004267096519470215
3271,T,C,1,MT-TL1,100,7,-0.0023065805435180664
3275,C,A,0,MT-TL1,100,7,0.0013585090637207031
3275,C,G,0,MT-TL1,100,7,-0.0021494626998901367
3275,C,T,0,MT-TL1,100,7,-0.0010957717895507812
3277,G,A,0,MT-TL1,100,7,0.003629446029663086
3278,T,C,0,MT-TL1,100,7,0.0002028942108154297
3290,T,C,0,MT-TL1,100,7,0.0007231235504150391
3291,T,C,1,MT-TL1,100,7,-0.0034235715866088867
3302,A,G,1,MT-TL1,100,7,-0.0029839277267456055
3303,C,T,1,MT-TL1,100,7,-0.0033807754516601562
4300,A,G,1,MT-TI,100,7,-0.004794955253601074
4310,A,G,0,MT-TI,100,7,0.0019005537033081055
4312,C,T,0,MT-TI,100,7,0.0016565322875976562
4313,T,C,0,MT-TI,100,7,-0.0024900436401367188
4314,T,A,0,MT-TI,100,7,0.0010175704956054688
4314,T,C,0,MT-TI,100,7,-0.00048232078552246094
4317,A,G,0,MT-TI,100,7,-0.00035703182220458984
4318,C,T,0,MT-TI,100,7,-0.0012012720108032227
4335,C,T,0,MT-TQ,100,7,-0.002485990524291992
4336,T,C,0,MT-TQ,100,7,-0.0010039806365966797
4340,A,G,0,MT-TQ,100,7,0.0009649991989135742
4343,A,G,0,MT-TQ,100,7,-0.0021761655807495117
4350,C,T,0,MT-TQ,100,7,0.0012555122375488281
4353,T,C,0,MT-TQ,100,7,-0.0009833574295043945
4370,T,C,0,MT-TQ,100,7,-0.0005637407302856445
4371,T,C,0,MT-TQ,100,7,-0.0001081228256225586
4373,T,C,0,MT-TQ,100,7,-0.0008758306503295898
4375,C,T,0,MT-TQ,100,7,-0.001435995101928711
4381,A,G,0,MT-TQ,100,7,-0.0011527538299560547
4384,T,A,0,MT-TQ,100,7,0.0039060115814208984
4384,T,C,0,MT-TQ,100,7,0.00010180473327636719
4385,A,G,0,MT-TQ,100,7,-0.005168437957763672
4385,A,T,0,MT-TQ,100,7,-0.0014835596084594727
4386,T,C,0,MT-TQ,100,7,-0.0012581348419189453
4387,C,T,0,MT-TQ,100,7,0.0008864402770996094
4394,C,A,0,MT-TQ,100,7,0.001086592674255371
4395,A,G,0,MT-TQ,100,7,-0.0011181831359863281
4417,A,G,0,MT-TM,100,7,-0.0014653205871582031
4418,T,C,0,MT-TM,100,7,-0.0017712116241455078
4435,A,G,0,MT-TM,100,7,-0.005613446235656738
4450,G,A,1,MT-TM,100,7,-0.0063304901123046875
4452,T,C,0,MT-TM,100,7,-0.0007221698760986328
4454,T,A,0,MT-TM,100,7,-0.0012284517288208008
4454,T,C,0,MT-TM,100,7,-0.0013488531112670898
4464,G,A,0,MT-TM,100,7,0.0003495216369628906
5514,A,G,0,MT-TW,100,7,-0.003972291946411133
5515,A,G,0,MT-TW,100,7,-0.00671076774597168
5516,A,G,0,MT-TW,100,7,-0.00519561767578125
5521,G,A,1,MT-TW,100,7,-0.0009326934814453125
5527,A,G,0,MT-TW,100,7,-0.0031409263610839844
5528,T,C,0,MT-TW,100,7,0.0017862319946289062
5530,C,T,0,MT-TW,100,7,0.0014199018478393555
5539,A,G,0,MT-TW,100,7,-0.0020717382431030273
5539,A,T,0,MT-TW,100,7,-0.012140750885009766
5553,T,C,0,MT-TW,100,7,-0.0010144710540771484
5553,T,G,0,MT-TW,100,7,-0.005504250526428223
5554,C,A,0,MT-TW,100,7,0.0036301612854003906
5556,G,A,1,MT-TW,100,7,-0.005776643753051758
5557,T,C,0,MT-TW,100,7,0.0023134946823120117
5561,T,C,0,MT-TW,100,7,0.0037026405334472656
5563,G,A,0,MT-TW,100,7,0.0012869834899902344
5566,A,G,0,MT-TW,100,7,-0.002413630485534668
5567,T,C,0,MT-TW,100,7,0.0004639625549316406
5568,A,G,0,MT-TW,100,7,-0.0026237964630126953
5592,A,G,0,MT-TA,100,7,-0.0020362138748168945
5600,A,G,0,MT-TA,100,7,0.002106785774230957
5601,C,T,0,MT-TA,100,7,0.0024247169494628906
5603,C,T,0,MT-TA,100,7,-0.0016924142837524414
5604,C,T,0,MT-TA,100,7,-0.0009095668792724609
5605,A,G,0,MT-TA,100,7,-0.0044629573822021484
5608,C,T,0,MT-TA,100,7,-0.0039675235748291016
5618,T,C,0,MT-TA,100,7,-0.008032083511352539
5628,T,C,0,MT-TA,100,7,-0.003410816192626953
5633,C,T,0,MT-TA,100,7,0.0002243518829345703
5640,A,G,0,MT-TA,100,7,-0.003102540969848633
5650,G,A,1,MT-TA,100,7,-0.0034770965576171875
5655,T,C,0,MT-TA,100,7,-0.0014750957489013672
5662,C,T,0,MT-TN,100,7,-0.0007674694061279297
5663,C,T,0,MT-TN,100,7,0.006052970886230469
5664,A,G,0,MT-TN,100,7,-0.00014853477478027344
5665,A,G,0,MT-TN,100,7,-0.0035796165466308594
5673,T,C,0,MT-TN,100,7,-0.00830996036529541
5686,A,T,0,MT-TN,100,7,-0.0008317232131958008
5690,A,G,1,MT-TN,100,7,-0.010067939758300781
5703,G,A,1,MT-TN,100,7,0.00020384788513183594
5705,A,G,0,MT-TN,100,7,-0.000701904296875
5711,A,G,0,MT-TN,100,7,-0.0019598007202148438
5715,A,G,0,MT-TN,100,7,-0.0013893842697143555
5728,T,C,1,MT-TN,100,7,-6.35385513305664e-05
5772,G,A,0,MT-TC,100,7,-0.005962848663330078
5773,G,A,0,MT-TC,100,7,0.0006563663482666016
5774,T,C,0,MT-TC,100,7,0.0014140605926513672
5774,T,G,0,MT-TC,100,7,0.003131866455078125
5775,T,C,0,MT-TC,100,7,-0.0015306472778320312
5780,G,A,0,MT-TC,100,7,-0.0017818212509155273
5783,G,A,0,MT-TC,100,7,-0.002642035484313965
5785,T,C,0,MT-TC,100,7,-0.006843090057373047
5786,T,C,0,MT-TC,100,7,0.0007359981536865234
5788,T,C,0,MT-TC,100,7,-0.006020665168762207
5794,T,C,0,MT-TC,100,7,-0.0008064508438110352
5800,A,G,0,MT-TC,100,7,-0.00784444808959961
5806,T,C,0,MT-TC,100,7,0.0008847713470458984
5807,A,G,0,MT-TC,100,7,-0.00043904781341552734
5811,A,G,0,MT-TC,100,7,-0.0027822256088256836
5814,T,A,0,MT-TC,100,7,-0.0016777515411376953
5814,T,C,0,MT-TC,100,7,-0.0012063980102539062
5817,C,T,0,MT-TC,100,7,-0.010534048080444336
5821,G,A,0,MT-TC,100,7,-0.0010067224502563477
5822,G,A,0,MT-TC,100,7,-0.0038797855377197266
5823,A,G,0,MT-TC,100,7,0.0008465051651000977
5824,G,A,0,MT-TC,100,7,-0.002909064292907715
5836,A,G,0,MT-TY,100,7,-0.00031280517578125
5839,C,T,0,MT-TY,100,7,-0.0009864568710327148
5840,C,T,0,MT-TY,100,7,0.0006192922592163086
5843,A,G,0,MT-TY,100,7,-0.0016300678253173828
5846,C,T,0,MT-TY,100,7,0.003203153610229492
5855,A,G,0,MT-TY,100,7,-0.0010988712310791016
5867,C,T,0,MT-TY,100,7,0.00834345817565918
5875,C,T,0,MT-TY,100,7,0.00041425228118896484
5876,A,G,0,MT-TY,100,7,-0.0018684864044189453
7453,G,A,1,MT-TS1,100,7,-0.0015184879302978516
7460,A,G,0,MT-TS1,100,7,-1.8835067749023438e-05
7469,C,T,0,MT-TS1,100,7,0.0029331445693969727
7471,C,A,0,MT-TS1,100,7,0.0037854909896850586
7471,C,T,0,MT-TS1,100,7,0.0037047863006591797
7472,A,T,0,MT-TS1,100,7,0.0036826133728027344
7476,C,T,0,MT-TS1,100,7,-0.00015938282012939453
7490,A,G,0,MT-TS1,100,7,0.0014157295227050781
7493,C,T,0,MT-TS1,100,7,-0.0010638236999511719
7497,G,A,1,MT-TS1,100,7,-0.00013184547424316406
7498,G,A,0,MT-TS1,100,7,0.00018596649169921875
7501,T,C,0,MT-TS1,100,7,-0.001263737678527832
7510,T,C,1,MT-TS1,100,7,-0.0018510818481445312
7511,T,C,1,MT-TS1,100,7,-0.002030491828918457
7512,T,C,1,MT-TS1,100,7,-0.0014793872833251953
7521,G,A,0,MT-TD,100,7,0.005914926528930664
7533,C,T,0,MT-TD,100,7,-0.001611471176147461
7534,C,T,0,MT-TD,100,7,-0.0024372339248657227
7543,A,G,0,MT-TD,100,7,-0.00464475154876709
7546,T,C,0,MT-TD,100,7,-0.005610227584838867
7547,T,C,0,MT-TD,100,7,-0.015016794204711914
7552,A,G,0,MT-TD,100,7,-0.003825664520263672
7559,A,G,0,MT-TD,100,7,-0.0008168220520019531
7561,T,C,0,MT-TD,100,7,-0.0004658699035644531
7567,C,T,0,MT-TD,100,7,-0.0006935596466064453
7568,T,C,0,MT-TD,100,7,-0.001367330551147461
7569,A,G,0,MT-TD,100,7,-0.001216888427734375
7570,A,G,0,MT-TD,100,7,-0.002319812774658203
7572,T,C,0,MT-TD,100,7,0.002014636993408203
7576,A,G,0,MT-TD,100,7,-0.02143692970275879
7581,T,C,0,MT-TD,100,7,0.0008304119110107422
7585,A,G,0,MT-TD,100,7,-0.006949901580810547
8298,T,C,0,MT-TK,100,7,-0.0022232532501220703
8300,T,C,0,MT-TK,100,7,-0.0014541149139404297
8308,A,G,0,MT-TK,100,7,-0.0010874271392822266
8311,T,C,0,MT-TK,100,7,0.0005877017974853516
8313,G,A,1,MT-TK,100,7,-0.003339052200317383
8315,A,G,0,MT-TK,100,7,-0.0012687444686889648
8331,A,G,0,MT-TK,100,7,-0.0071010589599609375
8337,T,C,0,MT-TK,100,7,-0.0028564929962158203
8338,A,G,0,MT-TK,100,7,-0.005593776702880859
8340,G,A,1,MT-TK,100,7,-0.0034356117248535156
8343,A,G,0,MT-TK,100,7,-0.00375974178314209
8344,A,G,1,MT-TK,100,7,-0.0013403892517089844
8345,C,T,0,MT-TK,100,7,0.003024578094482422
8346,C,A,0,MT-TK,100,7,-0.0018050670623779297
8347,A,G,0,MT-TK,100,7,-0.003944277763366699
8348,A,G,0,MT-TK,100,7,-0.00404202938079834
8349,C,T,0,MT-TK,100,7,-0.0035337209701538086
8350,A,G,0,MT-TK,100,7,-0.003099679946899414
8356,T,C,1,MT-TK,100,7,-0.001749277114868164
8360,A,G,0,MT-TK,100,7,-0.0073337554931640625
8363,G,A,1,MT-TK,100,7,-0.003940701484680176
9991,A,G,0,MT-TG,100,7,-0.0004911422729492188
9995,T,C,0,MT-TG,100,7,-0.004221677780151367
10003,T,C,0,MT-TG,100,7,-0.005216240882873535
10005,A,G,0,MT-TG,100,7,-0.000542759895324707
10006,A,G,0,MT-TG,100,7,-0.0010106563568115234
10007,T,C,0,MT-TG,100,7,0.002776026725769043
10013,C,T,0,MT-TG,100,7,0.0029430389404296875
10018,A,G,0,MT-TG,100,7,-0.00886678695678711
10029,A,G,0,MT-TG,100,7,-0.002991914749145508
10031,T,C,0,MT-TG,100,7,-0.003918886184692383
10034,T,C,0,MT-TG,100,7,-0.0029947757720947266
10040,C,T,0,MT-TG,100,7,0.0023277997970581055
10042,A,G,0,MT-TG,100,7,-0.0011943578720092773
10044,A,G,0,MT-TG,100,7,-0.004227876663208008
10045,T,C,0,MT-TG,100,7,0.0025211572647094727
10410,T,A,0,MT-TR,100,7,-0.004296779632568359
10410,T,C,0,MT-TR,100,7,-0.0016919374465942383
10411,A,G,0,MT-TR,100,7,0.00021123886108398438
10420,A,G,0,MT-TR,100,7,-0.0031309127807617188
10427,G,A,0,MT-TR,100,7,0.006946682929992676
10440,T,C,0,MT-TR,100,7,-0.007382988929748535
10446,A,G,0,MT-TR,100,7,0.001539468765258789
10448,T,C,0,MT-TR,100,7,-0.0038793087005615234
10454,T,C,0,MT-TR,100,7,0.0019412040710449219
10456,A,G,0,MT-TR,100,7,-0.0035810470581054688
10463,T,C,0,MT-TR,100,7,-0.002451181411743164
12141,A,G,0,MT-TH,100,7,-0.004997968673706055
12142,A,G,0,MT-TH,100,7,-0.00461268424987793
12147,G,A,1,MT-TH,100,7,-0.023316502571105957
12151,A,G,0,MT-TH,100,7,-0.029081225395202637
12160,A,G,0,MT-TH,100,7,-0.008179903030395508
12161,T,C,0,MT-TH,100,7,-0.0009592771530151367
12164,G,A,0,MT-TH,100,7,-0.017120003700256348
12166,T,C,0,MT-TH,100,7,0.00034868717193603516
12171,A,G,0,MT-TH,100,7,-0.0006737709045410156
12172,A,G,0,MT-TH,100,7,-0.004379630088806152
12173,T,C,0,MT-TH,100,7,-0.0099107027053833
12178,C,T,0,MT-TH,100,7,-0.0015457868576049805
12181,C,T,0,MT-TH,100,7,-0.0012363195419311523
12188,T,C,0,MT-TH,100,7,-0.0009521245956420898
12189,T,C,0,MT-TH,100,7,0.00019884109497070312
12191,C,T,0,MT-TH,100,7,-0.0003796815872192383
12192,G,A,0,MT-TH,100,7,0.0057489871978759766
12193,A,G,0,MT-TH,100,7,0.0008299350738525391
12196,C,T,0,MT-TH,100,7,0.0027388334274291992
12201,T,C,1,MT-TH,100,7,0.0003459453582763672
12215,T,C,0,MT-TS2,100,7,-0.0022466182708740234
12216,C,T,0,MT-TS2,100,7,-0.0009593963623046875
12223,A,G,0,MT-TS2,100,7,-0.0033141374588012695
12231,C,T,0,MT-TS2,100,7,0.0008367300033569336
12234,A,G,0,MT-TS2,100,7,-0.005508542060852051
12235,T,C,0,MT-TS2,100,7,-0.0014185905456542969
12237,C,T,0,MT-TS2,100,7,-0.0026367902755737305
12239,C,T,0,MT-TS2,100,7,0.0007293224334716797
12245,T,C,0,MT-TS2,100,7,-0.00037026405334472656
12246,C,T,0,MT-TS2,100,7,-0.003163576126098633
12248,A,G,0,MT-TS2,100,7,-0.004024505615234375
12258,C,A,1,MT-TS2,100,7,-0.009662866592407227
12265,A,G,0,MT-TS2,100,7,-0.006427288055419922
12273,A,G,0,MT-TL2,100,7,-0.008989453315734863
12276,G,A,1,MT-TL2,100,7,-0.013271450996398926
12279,A,G,0,MT-TL2,100,7,-0.024022698402404785
12279,A,T,0,MT-TL2,100,7,-0.02394568920135498
12280,A,G,0,MT-TL2,100,7,-0.0016080141067504883
12281,C,T,0,MT-TL2,100,7,-0.001967906951904297
12285,T,C,0,MT-TL2,100,7,5.1021575927734375e-05
12295,T,C,0,MT-TL2,100,7,-0.005504012107849121
12297,T,C,0,MT-TL2,100,7,-0.005858778953552246
12308,A,G,0,MT-TL2,100,7,-0.004544973373413086
12311,T,C,0,MT-TL2,100,7,-0.0009052753448486328
12315,G,A,1,MT-TL2,100,7,-0.00689387321472168
14674,T,C,1,MT-TE,100,7,-0.0012454986572265625
14683,A,G,0,MT-TE,100,7,0.0010209083557128906
14684,C,T,0,MT-TE,100,7,0.0035883188247680664
14687,A,G,0,MT-TE,100,7,-0.0012024641036987305
14690,A,G,0,MT-TE,100,7,-0.004668235778808594
14691,C,T,0,MT-TE,100,7,0.004963278770446777
14693,A,G,0,MT-TE,100,7,-0.003522515296936035
14696,A,C,0,MT-TE,100,7,-0.008330106735229492
14696,A,G,0,MT-TE,100,7,-0.00012004375457763672
14706,A,G,0,MT-TE,100,7,0.0012656450271606445
14709,T,C,1,MT-TE,100,7,-0.005860090255737305
14716,C,T,0,MT-TE,100,7,0.0005407333374023438
14727,T,C,0,MT-TE,100,7,-0.0013413429260253906
15889,T,C,0,MT-TT,100,7,9.131431579589844e-05
15891,C,T,0,MT-TT,100,7,-0.0013954639434814453
15892,T,C,0,MT-TT,100,7,-0.0028568506240844727
15893,T,C,0,MT-TT,100,7,-0.0028219223022460938
15894,G,A,0,MT-TT,100,7,-0.0007035732269287109
15895,T,C,0,MT-TT,100,7,-0.018729686737060547
15900,T,C,0,MT-TT,100,7,0.0003075599670410156
15902,A,G,0,MT-TT,100,7,-0.00016200542449951172
15903,A,G,0,MT-TT,100,7,-0.00128936767578125
15904,C,T,0,MT-TT,100,7,0.0015497207641601562
15905,T,C,0,MT-TT,100,7,-0.0031096935272216797
15907,A,G,0,MT-TT,100,7,-0.0022907257080078125
15908,T,C,0,MT-TT,100,7,-0.003621697425842285
15909,A,G,0,MT-TT,100,7,-0.007475137710571289
15911,A,G,0,MT-TT,100,7,-0.0005202293395996094
15913,C,T,0,MT-TT,100,7,-0.0011081695556640625
15914,A,G,0,MT-TT,100,7,0.0071485042572021484
15916,T,C,0,MT-TT,100,7,-0.007979750633239746
15923,A,G,1,MT-TT,100,7,-0.011180996894836426
15924,A,G,0,MT-TT,100,7,-0.0032569169998168945
15925,C,T,0,MT-TT,100,7,-0.0032584667205810547
15926,C,T,0,MT-TT,100,7,0.0009664297103881836
15927,G,A,0,MT-TT,100,7,-0.003040909767150879
15928,G,A,0,MT-TT,100,7,-0.0012316703796386719
15929,A,G,0,MT-TT,100,7,-0.0035643577575683594
15930,G,A,0,MT-TT,100,7,0.001343369483947754
15932,T,C,0,MT-TT,100,7,-0.0019489526748657227
15935,A,G,0,MT-TT,100,7,-0.0029791593551635742
15936,A,G,0,MT-TT,100,7,-0.0027600526809692383
15936,A,T,0,MT-TT,100,7,-0.0030716657638549805
15937,A,G,0,MT-TT,100,7,-0.004248619079589844
15937,A,T,0,MT-TT,100,7,-0.003622293472290039
15938,C,T,0,MT-TT,100,7,-0.002446889877319336
15939,C,T,0,MT-TT,100,7,-0.00047910213470458984
15940,T,C,0,MT-TT,100,7,0.00010395050048828125
15941,T,C,0,MT-TT,100,7,-0.0008902549743652344
15942,T,C,0,MT-TT,100,7,-0.00315248966217041
15943,T,C,0,MT-TT,100,7,-0.0004744529724121094
15944,T,C,0,MT-TT,100,7,0.0003116130828857422
15946,C,T,0,MT-TT,100,7,-0.0007430315017700195
15947,A,G,0,MT-TT,100,7,-0.0027393102645874023
15949,G,A,0,MT-TT,100,7,-0.003598928451538086
15951,A,G,0,MT-TT,100,7,-0.002934694290161133
15952,C,T,0,MT-TT,100,7,-0.002991318702697754
15965,A,G,0,MT-TP,100,7,0.0002460479736328125
15968,T,C,0,MT-TP,100,7,-0.0026040077209472656
15970,T,C,0,MT-TP,100,7,-0.004598379135131836
15977,C,T,0,MT-TP,100,7,-0.0016889572143554688
15978,C,T,0,MT-TP,100,7,-0.0025148391723632812
15990,C,T,1,MT-TP,100,7,-0.006219029426574707
15992,A,T,0,MT-TP,100,7,-0.012858152389526367
16011,A,G,0,MT-TP,100,7,-0.006134629249572754
16017,T,C,0,MT-TP,100,7,0.0013617277145385742
591,C,T,1,MT-TF,100,8,0.0054779052734375
592,C,T,0,MT-TF,100,8,0.0051032304763793945
593,T,C,0,MT-TF,100,8,0.00014972686767578125
595,C,A,0,MT-TF,100,8,0.0028095245361328125
595,C,T,0,MT-TF,100,8,0.0007470846176147461
596,T,C,0,MT-TF,100,8,0.0009777545928955078
597,C,T,0,MT-TF,100,8,0.0021538734436035156
603,A,G,0,MT-TF,100,8,-0.008228182792663574
606,A,G,0,MT-TF,100,8,-0.003197908401489258
616,T,C,1,MT-TF,100,8,-0.01087343692779541
619,T,C,0,MT-TF,100,8,0.001310586929321289
621,A,G,0,MT-TF,100,8,-0.0016870498657226562
629,T,A,0,MT-TF,100,8,-0.0009478330612182617
629,T,C,0,MT-TF,100,8,0.0011578798294067383
630,C,T,0,MT-TF,100,8,-0.0012422800064086914
633,A,G,0,MT-TF,100,8,-0.001135110855102539
634,T,A,0,MT-TF,100,8,0.00075531005859375
634,T,C,0,MT-TF,100,8,-0.004641294479370117
635,C,T,0,MT-TF,100,8,-0.0017120838165283203
644,A,G,0,MT-TF,100,8,-0.0036513805389404297
647,A,G,0,MT-TF,100,8,-0.004848480224609375
1607,T,C,0,MT-TV,100,8,-0.002476811408996582
1617,C,T,0,MT-TV,100,8,0.0012516975402832031
1618,A,G,0,MT-TV,100,8,-0.0006629228591918945
1624,C,T,1,MT-TV,100,8,0.0013895034790039062
1628,C,T,0,MT-TV,100,8,0.001038193702697754
1640,A,G,0,MT-TV,100,8,-0.0013436079025268555
1644,G,A,1,MT-TV,100,8,-0.001610875129699707
1646,T,C,0,MT-TV,100,8,-0.006016731262207031
1657,C,T,0,MT-TV,100,8,0.003962278366088867
1664,G,A,0,MT-TV,100,8,0.0006364583969116211
1670,A,T,0,MT-TV,100,8,-0.016479015350341797
3236,A,G,0,MT-TL1,100,8,-0.003345012664794922
3242,G,A,1,MT-TL1,100,8,-0.02896296977996826
3243,A,G,1,MT-TL1,100,8,-0.03366398811340332
3243,A,T,1,MT-TL1,100,8,-0.03221321105957031
3251,A,G,1,MT-TL1,100,8,-0.003405928611755371
3252,A,G,1,MT-TL1,100,8,-0.010684490203857422
3254,C,A,0,MT-TL1,100,8,-0.005569934844970703
3254,C,T,0,MT-TL1,100,8,0.006494283676147461
3255,G,A,1,MT-TL1,100,8,-0.007397770881652832
3256,C,T,1,MT-TL1,100,8,-0.009335875511169434
3258,T,C,1,MT-TL1,100,8,-0.004434108734130859
3260,A,G,1,MT-TL1,100,8,-0.00654757022857666
3261,A,G,0,MT-TL1,100,8,-0.0023566484451293945
3271,T,C,1,MT-TL1,100,8,-0.0038214921951293945
3275,C,A,0,MT-TL1,100,8,0.0009189844131469727
3275,C,G,0,MT-TL1,100,8,-0.001062631607055664
3275,C,T,0,MT-TL1,100,8,-0.0009046792984008789
3277,G,A,0,MT-TL1,100,8,0.0026214122772216797
3278,T,C,0,MT-TL1,100,8,-0.001917123794555664
3290,T,C,0,MT-TL1,100,8,-0.0011036396026611328
3291,T,C,1,MT-TL1,100,8,-0.005501508712768555
3302,A,G,1,MT-TL1,100,8,-0.0007159709930419922
3303,C,T,1,MT-TL1,100,8,-0.0029273033142089844
4300,A,G,1,MT-TI,100,8,-0.005259513854980469
4310,A,G,0,MT-TI,100,8,0.001119375228881836
4312,C,T,0,MT-TI,100,8,0.0014452934265136719
4313,T,C,0,MT-TI,100,8,-0.0011366605758666992
4314,T,A,0,MT-TI,100,8,0.0002925395965576172
4314,T,C,0,MT-TI,100,8,-0.0006010532379150391
4317,A,G,0,MT-TI,100,8,-0.000798344612121582
4318,C,T,0,MT-TI,100,8,-0.00016939640045166016
4335,C,T,0,MT-TQ,100,8,-0.0014542341232299805
4336,T,C,0,MT-TQ,100,8,-0.0016852617263793945
4340,A,G,0,MT-TQ,100,8,0.0014157295227050781
4343,A,G,0,MT-TQ,100,8,-0.0019387006759643555
4350,C,T,0,MT-TQ,100,8,0.0019234418869018555
4353,T,C,0,MT-TQ,100,8,-0.0012170076370239258
4370,T,C,0,MT-TQ,100,8,-0.0007681846618652344
4371,T,C,0,MT-TQ,100,8,-0.0007767677307128906
4373,T,C,0,MT-TQ,100,8,-0.0022122859954833984
4375,C,T,0,MT-TQ,100,8,-0.0027397871017456055
4381,A,G,0,MT-TQ,100,8,-0.0015718936920166016
4384,T,A,0,MT-TQ,100,8,0.0027151107788085938
4384,T,C,0,MT-TQ,100,8,0.00018024444580078125
4385,A,G,0,MT-TQ,100,8,-0.01795947551727295
4385,A,T,0,MT-TQ,100,8,-0.003176093101501465
4386,T,C,0,MT-TQ,100,8,-0.0003598928451538086
4387,C,T,0,MT-TQ,100,8,0.0030249357223510742
4394,C,A,0,MT-TQ,100,8,0.0037485361099243164
4395,A,G,0,MT-TQ,100,8,-0.0011998414993286133
4417,A,G,0,MT-TM,100,8,-0.003667593002319336
4418,T,C,0,MT-TM,100,8,-0.0023452043533325195
4435,A,G,0,MT-TM,100,8,-0.00537872314453125
4450,G,A,1,MT-TM,100,8,-0.004568576812744141
4452,T,C,0,MT-TM,100,8,-0.0012142658233642578
4454,T,A,0,MT-TM,100,8,-0.00040781497955322266
4454,T,C,0,MT-TM,100,8,-0.0008074045181274414
4464,G,A,0,MT-TM,100,8,-0.0001125335693359375
5514,A,G,0,MT-TW,100,8,-0.0035513639450073242
5515,A,G,0,MT-TW,100,8,-0.007973432540893555
5516,A,G,0,MT-TW,100,8,-0.005463123321533203
5521,G,A,1,MT-TW,100,8,-0.0015190839767456055
5527,A,G,0,MT-TW,100,8,-0.0029174089431762695
5528,T,C,0,MT-TW,100,8,0.0010813474655151367
5530,C,T,0,MT-TW,100,8,0.0006473064422607422
5539,A,G,0,MT-TW,100,8,-0.0005807876586914062
5539,A,T,0,MT-TW,100,8,-0.013027191162109375
5553,T,C,0,MT-TW,100,8,-0.002046346664428711
5553,T,G,0,MT-TW,100,8,-0.005716919898986816
5554,C,A,0,MT-TW,100,8,0.0037790536880493164
5556,G,A,1,MT-TW,100,8,-0.0021909475326538086
5557,T,C,0,MT-TW,100,8,0.001398921012878418
5561,T,C,0,MT-TW,100,8,0.0010257959365844727
5563,G,A,0,MT-TW,100,8,0.002620697021484375
5566,A,G,0,MT-TW,100,8,-0.0011954307556152344
5567,T,C,0,MT-TW,100,8,0.0012784004211425781
5568,A,G,0,MT-TW,100,8,-0.002542257308959961
5592,A,G,0,MT-TA,100,8,-0.0014711618423461914
5600,A,G,0,MT-TA,100,8,0.0019069910049438477
5601,C,T,0,MT-TA,100,8,0.0017615556716918945
5603,C,T,0,MT-TA,100,8,-0.002991199493408203
5604,C,T,0,MT-TA,100,8,-0.0019501447677612305
5605,A,G,0,MT-TA,100,8,-0.002874135971069336
5608,C,T,0,MT-TA,100,8,-0.002942323684692383
5618,T,C,0,MT-TA,100,8,-0.008482098579406738
5628,T,C,0,MT-TA,100,8,-0.002573251724243164
5633,C,T,0,MT-TA,100,8,0.0008093118667602539
5640,A,G,0,MT-TA,100,8,-0.005150318145751953
5650,G,A,1,MT-TA,100,8,-0.0037943124771118164
5655,T,C,0,MT-TA,100,8,-7.402896881103516e-05
5662,C,T,0,MT-TN,100,8,-5.555152893066406e-05
5663,C,T,0,MT-TN,100,8,0.0065670013427734375
5664,A,G,0,MT-TN,100,8,0.00019121170043945312
5665,A,G,0,MT-TN,100,8,-0.004121661186218262
5673,T,C,0,MT-TN,100,8,-0.0009779930114746094
5686,A,T,0,MT-TN,100,8,-0.0029137134552001953
5690,A,G,1,MT-TN,100,8,-0.010997176170349121
5703,G,A,1,MT-TN,100,8,0.0010706186294555664
5705,A,G,0,MT-TN,100,8,-0.0022096633911132812
5711,A,G,0,MT-TN,100,8,-0.0010970830917358398
5715,A,G,0,MT-TN,100,8,-0.0022476911544799805
5728,T,C,1,MT-TN,100,8,-0.0012462139129638672
5772,G,A,0,MT-TC,100,8,-0.006440162658691406
5773,G,A,0,MT-TC,100,8,0.0011647939682006836
5774,T,C,0,MT-TC,100,8,0.0025911331176757812
5774,T,G,0,MT-TC,100,8,0.003382563591003418
5775,T,C,0,MT-TC,100,8,-0.0006144046783447266
5780,G,A,0,MT-TC,100,8,-0.004001617431640625
5783,G,A,0,MT-TC,100,8,-0.005272865295410156
5785,T,C,0,MT-TC,100,8,-0.006458759307861328
5786,T,C,0,MT-TC,100,8,-0.0023223161697387695
5788,T,C,0,MT-TC,100,8,-0.005688905715942383
5794,T,C,0,MT-TC,100,8,-0.0031129121780395508
5800,A,G,0,MT-TC,100,8,-0.007193803787231445
5806,T,C,0,MT-TC,100,8,-0.0011985301971435547
5807,A,G,0,MT-TC,100,8,-0.0023151636123657227
5811,A,G,0,MT-TC,100,8,-0.0030153989791870117
5814,T,A,0,MT-TC,100,8,-0.003886699676513672
5814,T,C,0,MT-TC,100,8,-0.00018596649169921875
5817,C,T,0,MT-TC,100,8,-0.009623169898986816
5821,G,A,0,MT-TC,100,8,-0.0007951259613037109
5822,G,A,0,MT-TC,100,8,-0.0026061534881591797
5823,A,G,0,MT-TC,100,8,0.0004277229309082031
5824,G,A,0,MT-TC,100,8,-0.002503633499145508
5836,A,G,0,MT-TY,100,8,-4.0531158447265625e-05
5839,C,T,0,MT-TY,100,8,6.020069122314453e-05
5840,C,T,0,MT-TY,100,8,0.0013079643249511719
5843,A,G,0,MT-TY,100,8,-0.0025932788848876953
5846,C,T,0,MT-TY,100,8,0.0019378662109375
5855,A,G,0,MT-TY,100,8,-0.002298712730407715
5867,C,T,0,MT-TY,100,8,0.008113741874694824
5875,C,T,0,MT-TY,100,8,0.001734614372253418
5876,A,G,0,MT-TY,100,8,-0.001068711280822754
7453,G,A,1,MT-TS1,100,8,-0.0021326541900634766
7460,A,G,0,MT-TS1,100,8,-0.004152059555053711
7469,C,T,0,MT-TS1,100,8,-0.0004458427429199219
7471,C,A,0,MT-TS1,100,8,0.0006382465362548828
7471,C,T,0,MT-TS1,100,8,0.0020362138748168945
7472,A,T,0,MT-TS1,100,8,0.0013941526412963867
7476,C,T,0,MT-TS1,100,8,0.0013048648834228516
7490,A,G,0,MT-TS1,100,8,0.0032095909118652344
7493,C,T,0,MT-TS1,100,8,0.0003725290298461914
7497,G,A,1,MT-TS1,100,8,-0.00013113021850585938
7498,G,A,0,MT-TS1,100,8,0.00017595291137695312
7501,T,C,0,MT-TS1,100,8,-0.001847386360168457
7510,T,C,1,MT-TS1,100,8,-0.001730799674987793
7511,T,C,1,MT-TS1,100,8,-0.0020020008087158203
7512,T,C,1,MT-TS1,100,8,-0.00034880638122558594
7521,G,A,0,MT-TD,100,8,0.005848884582519531
7533,C,T,0,MT-TD,100,8,-0.0006489753723144531
7534,C,T,0,MT-TD,100,8,-0.0017998218536376953
7543,A,G,0,MT-TD,100,8,-0.011793971061706543
7546,T,C,0,MT-TD,100,8,-0.0036864280700683594
7547,T,C,0,MT-TD,100,8,-0.011199116706848145
7552,A,G,0,MT-TD,100,8,-0.004549980163574219
7559,A,G,0,MT-TD,100,8,-0.002678394317626953
7561,T,C,0,MT-TD,100,8,-2.3126602172851562e-05
7567,C,T,0,MT-TD,100,8,0.0032117366790771484
7568,T,C,0,MT-TD,100,8,0.0006598234176635742
7569,A,G,0,MT-TD,100,8,0.0006123781204223633
7570,A,G,0,MT-TD,100,8,-0.004028201103210449
7572,T,C,0,MT-TD,100,8,0.0025480985641479492
7576,A,G,0,MT-TD,100,8,-0.01118934154510498
7581,T,C,0,MT-TD,100,8,0.0009889602661132812
7585,A,G,0,MT-TD,100,8,-0.0078125
8298,T,C,0,MT-TK,100,8,-0.001574873924255371
8300,T,C,0,MT-TK,100,8,-0.0009206533432006836
8308,A,G,0,MT-TK,100,8,-0.0018723011016845703
8311,T,C,0,MT-TK,100,8,-0.0025407075881958008
8313,G,A,1,MT-TK,100,8,-0.004430532455444336
8315,A,G,0,MT-TK,100,8,-0.001734018325805664
8331,A,G,0,MT-TK,100,8,-0.0077304840087890625
8337,T,C,0,MT-TK,100,8,0.0005939006805419922
8338,A,G,0,MT-TK,100,8,-0.003914833068847656
8340,G,A,1,MT-TK,100,8,-0.003680586814880371
8343,A,G,0,MT-TK,100,8,-0.003645658493041992
8344,A,G,1,MT-TK,100,8,-2.4437904357910156e-05
8345,C,T,0,MT-TK,100,8,0.0013939142227172852
8346,C,A,0,MT-TK,100,8,-0.0019106864929199219
8347,A,G,0,MT-TK,100,8,-0.002840280532836914
8348,A,G,0,MT-TK,100,8,-0.005615830421447754
8349,C,T,0,MT-TK,100,8,-0.0030698776245117188
8350,A,G,0,MT-TK,100,8,-0.0015609264373779297
8356,T,C,1,MT-TK,100,8,-0.0015037059783935547
8360,A,G,0,MT-TK,100,8,-0.004926562309265137
8363,G,A,1,MT-TK,100,8,-0.004617452621459961
9991,A,G,0,MT-TG,100,8,0.004791140556335449
9995,T,C,0,MT-TG,100,8,-0.002135634422302246
10003,T,C,0,MT-TG,100,8,-0.0008940696716308594
10005,A,G,0,MT-TG,100,8,-0.0018068552017211914
10006,A,G,0,MT-TG,100,8,-0.0024895668029785156
10007,T,C,0,MT-TG,100,8,-0.0006077289581298828
10013,C,T,0,MT-TG,100,8,0.0014183521270751953
10018,A,G,0,MT-TG,100,8,-0.007772326469421387
10029,A,G,0,MT-TG,100,8,-0.0026949644088745117
10031,T,C,0,MT-TG,100,8,-0.0028257369995117188
10034,T,C,0,MT-TG,100,8,-0.0005501508712768555
10040,C,T,0,MT-TG,100,8,0.005177497863769531
10042,A,G,0,MT-TG,100,8,-0.0034922361373901367
10044,A,G,0,MT-TG,100,8,-0.00435483455657959
10045,T,C,0,MT-TG,100,8,0.0017790794372558594
10410,T,A,0,MT-TR,100,8,-0.0006791353225708008
10410,T,C,0,MT-TR,100,8,-0.01334083080291748
10411,A,G,0,MT-TR,100,8,0.0009326934814453125
10420,A,G,0,MT-TR,100,8,-0.0026663541793823242
10427,G,A,0,MT-TR,100,8,0.008153557777404785
10440,T,C,0,MT-TR,100,8,-0.009898543357849121
10446,A,G,0,MT-TR,100,8,0.0024690628051757812
10448,T,C,0,MT-TR,100,8,-0.004351496696472168
10454,T,C,0,MT-TR,100,8,0.0007158517837524414
10456,A,G,0,MT-TR,100,8,-0.0026189088821411133
10463,T,C,0,MT-TR,100,8,-0.0019567012786865234
12141,A,G,0,MT-TH,100,8,-0.00537562370300293
12142,A,G,0,MT-TH,100,8,-0.00634002685546875
12147,G,A,1,MT-TH,100,8,-0.02483999729156494
12151,A,G,0,MT-TH,100,8,-0.0311356782913208
12160,A,G,0,MT-TH,100,8,-0.006635546684265137
12161,T,C,0,MT-TH,100,8,-0.0031270980834960938
12164,G,A,0,MT-TH,100,8,-0.013904094696044922
12166,T,C,0,MT-TH,100,8,-0.0007989406585693359
12171,A,G,0,MT-TH,100,8,-0.001447439193725586
12172,A,G,0,MT-TH,100,8,-0.005298972129821777
12173,T,C,0,MT-TH,100,8,-0.004958748817443848
12178,C,T,0,MT-TH,100,8,-0.0010864734649658203
12181,C,T,0,MT-TH,100,8,-0.002344965934753418
12188,T,C,0,MT-TH,100,8,5.340576171875e-05
12189,T,C,0,MT-TH,100,8,0.0014518499374389648
12191,C,T,0,MT-TH,100,8,-0.0009274482727050781
12192,G,A,0,MT-TH,100,8,0.0050983428955078125
12193,A,G,0,MT-TH,100,8,-0.0007846355438232422
12196,C,T,0,MT-TH,100,8,0.0029168128967285156
12201,T,C,1,MT-TH,100,8,0.0008883476257324219
12215,T,C,0,MT-TS2,100,8,-0.003242015838623047
12216,C,T,0,MT-TS2,100,8,-0.00018393993377685547
12223,A,G,0,MT-TS2,100,8,-0.002049684524536133
12231,C,T,0,MT-TS2,100,8,0.00057220458984375
12234,A,G,0,MT-TS2,100,8,-0.005172133445739746
12235,T,C,0,MT-TS2,100,8,-0.001848459243774414
12237,C,T,0,MT-TS2,100,8,-0.0025402307510375977
12239,C,T,0,MT-TS2,100,8,-7.009506225585938e-05
12245,T,C,0,MT-TS2,100,8,-0.00017201900482177734
12246,C,T,0,MT-TS2,100,8,-0.001871347427368164
12248,A,G,0,MT-TS2,100,8,-0.004651546478271484
12258,C,A,1,MT-TS2,100,8,-0.007619976997375488
12265,A,G,0,MT-TS2,100,8,-0.0066912174224853516
12273,A,G,0,MT-TL2,100,8,-0.008693933486938477
12276,G,A,1,MT-TL2,100,8,-0.01293182373046875
12279,A,G,0,MT-TL2,100,8,-0.023502111434936523
12279,A,T,0,MT-TL2,100,8,-0.031145691871643066
12280,A,G,0,MT-TL2,100,8,-0.0002474784851074219
12281,C,T,0,MT-TL2,100,8,-0.007934093475341797
12285,T,C,0,MT-TL2,100,8,-0.002138972282409668
12295,T,C,0,MT-TL2,100,8,-0.0047762393951416016
12297,T,C,0,MT-TL2,100,8,-0.012024879455566406
12308,A,G,0,MT-TL2,100,8,-0.008658885955810547
12311,T,C,0,MT-TL2,100,8,0.0011866092681884766
12315,G,A,1,MT-TL2,100,8,-0.009110331535339355
14674,T,C,1,MT-TE,100,8,0.00040030479431152344
14683,A,G,0,MT-TE,100,8,0.005528569221496582
14684,C,T,0,MT-TE,100,8,-1.3113021850585938e-06
14687,A,G,0,MT-TE,100,8,-0.0005419254302978516
14690,A,G,0,MT-TE,100,8,-0.006739616394042969
14691,C,T,0,MT-TE,100,8,0.0053937435150146484
14693,A,G,0,MT-TE,100,8,-0.004122257232666016
14696,A,C,0,MT-TE,100,8,-0.006250739097595215
14696,A,G,0,MT-TE,100,8,-0.0001933574676513672
14706,A,G,0,MT-TE,100,8,0.0016145706176757812
14709,T,C,1,MT-TE,100,8,-0.005881667137145996
14716,C,T,0,MT-TE,100,8,0.00019657611846923828
14727,T,C,0,MT-TE,100,8,-0.0005475282669067383
15889,T,C,0,MT-TT,100,8,0.0014591217041015625
15891,C,T,0,MT-TT,100,8,-0.001016855239868164
15892,T,C,0,MT-TT,100,8,-0.0023669004440307617
15893,T,C,0,MT-TT,100,8,-0.0032607316970825195
15894,G,A,0,MT-TT,100,8,-0.002397894859313965
15895,T,C,0,MT-TT,100,8,-0.006361603736877441
15900,T,C,0,MT-TT,100,8,-0.00015735626220703125
15902,A,G,0,MT-TT,100,8,-0.0003706216812133789
15903,A,G,0,MT-TT,100,8,-0.0004552602767944336
15904,C,T,0,MT-TT,100,8,0.001286149024963379
15905,T,C,0,MT-TT,100,8,-0.005824565887451172
15907,A,G,0,MT-TT,100,8,-0.002425074577331543
15908,T,C,0,MT-TT,100,8,-0.004030346870422363
15909,A,G,0,MT-TT,100,8,-0.008210539817810059
15911,A,G,0,MT-TT,100,8,-0.0011199712753295898
15913,C,T,0,MT-TT,100,8,-0.0003465414047241211
15914,A,G,0,MT-TT,100,8,0.005951881408691406
15916,T,C,0,MT-TT,100,8,-0.007684111595153809
15923,A,G,1,MT-TT,100,8,-0.009166479110717773
15924,A,G,0,MT-TT,100,8,-0.002992391586303711
15925,C,T,0,MT-TT,100,8,-0.004299521446228027
15926,C,T,0,MT-TT,100,8,0.0028007030487060547
15927,G,A,0,MT-TT,100,8,-0.0029195547103881836
15928,G,A,0,MT-TT,100,8,-0.0016230344772338867
15929,A,G,0,MT-TT,100,8,-0.004202485084533691
15930,G,A,0,MT-TT,100,8,0.001474618911743164
15932,T,C,0,MT-TT,100,8,-0.0020619630813598633
15935,A,G,0,MT-TT,100,8,-0.0030766725540161133
15936,A,G,0,MT-TT,100,8,-0.0025255680084228516
15936,A,T,0,MT-TT,100,8,-0.0038274526596069336
15937,A,G,0,MT-TT,100,8,-0.0051441192626953125
15937,A,T,0,MT-TT,100,8,-0.0034912824630737305
15938,C,T,0,MT-TT,100,8,-0.0021517276763916016
15939,C,T,0,MT-TT,100,8,0.00040590763092041016
15940,T,C,0,MT-TT,100,8,-5.340576171875e-05
15941,T,C,0,MT-TT,100,8,-0.001421213150024414
15942,T,C,0,MT-TT,100,8,-0.0027964115142822266
15943,T,C,0,MT-TT,100,8,-0.0017888545989990234
15944,T,C,0,MT-TT,100,8,-0.0003591775894165039
15946,C,T,0,MT-TT,100,8,-0.001006007194519043
15947,A,G,0,MT-TT,100,8,-0.003159046173095703
15949,G,A,0,MT-TT,100,8,-0.0034546852111816406
15951,A,G,0,MT-TT,100,8,-0.0007212162017822266
15952,C,T,0,MT-TT,100,8,-0.001782536506652832
15965,A,G,0,MT-TP,100,8,-0.0001480579376220703
15968,T,C,0,MT-TP,100,8,-0.000841975212097168
15970,T,C,0,MT-TP,100,8,-0.0041272640228271484
15977,C,T,0,MT-TP,100,8,-0.000903010368347168
15978,C,T,0,MT-TP,100,8,-0.0020216703414916992
15990,C,T,1,MT-TP,100,8,-0.0043065547943115234
15992,A,T,0,MT-TP,100,8,-0.010313034057617188
16011,A,G,0,MT-TP,100,8,-0.006551980972290039
16017,T,C,0,MT-TP,100,8,-0.0003955364227294922
591,C,T,1,MT-TF,100,9,0.005490541458129883
592,C,T,0,MT-TF,100,9,0.008384943008422852
593,T,C,0,MT-TF,100,9,-0.0008090734481811523
595,C,A,0,MT-TF,100,9,0.009858489036560059
595,C,T,0,MT-TF,100,9,0.0016231536865234375
596,T,C,0,MT-TF,100,9,-0.0023227930068969727
597,C,T,0,MT-TF,100,9,0.0023179054260253906
603,A,G,0,MT-TF,100,9,-0.005154132843017578
606,A,G,0,MT-TF,100,9,-0.0004391670227050781
616,T,C,1,MT-TF,100,9,-0.010110855102539062
619,T,C,0,MT-TF,100,9,0.0009080171585083008
621,A,G,0,MT-TF,100,9,-0.004688143730163574
629,T,A,0,MT-TF,100,9,-0.00027680397033691406
629,T,C,0,MT-TF,100,9,-0.0015288591384887695
630,C,T,0,MT-TF,100,9,0.0003451108932495117
633,A,G,0,MT-TF,100,9,-0.0004068613052368164
634,T,A,0,MT-TF,100,9,-0.0026731491088867188
634,T,C,0,MT-TF,100,9,-0.0037300586700439453
635,C,T,0,MT-TF,100,9,-0.002077341079711914
644,A,G,0,MT-TF,100,9,-0.0016921758651733398
647,A,G,0,MT-TF,100,9,-0.0033888816833496094
1607,T,C,0,MT-TV,100,9,-0.004993915557861328
1617,C,T,0,MT-TV,100,9,0.00027942657470703125
1618,A,G,0,MT-TV,100,9,-0.002500176429748535
1624,C,T,1,MT-TV,100,9,0.0016040802001953125
1628,C,T,0,MT-TV,100,9,0.0007218122482299805
1640,A,G,0,MT-TV,100,9,-0.00015282630920410156
1644,G,A,1,MT-TV,100,9,-0.0029648542404174805
1646,T,C,0,MT-TV,100,9,-0.0030671358108520508
1657,C,T,0,MT-TV,100,9,0.0028716325759887695
1664,G,A,0,MT-TV,100,9,0.0020099878311157227
1670,A,T,0,MT-TV,100,9,-0.017553329467773438
3236,A,G,0,MT-TL1,100,9,-0.00401461124420166
3242,G,A,1,MT-TL1,100,9,-0.01863682270050049
3243,A,G,1,MT-TL1,100,9,-0.03324580192565918
3243,A,T,1,MT-TL1,100,9,-0.038403868675231934
3251,A,G,1,MT-TL1,100,9,-0.005524635314941406
3252,A,G,1,MT-TL1,100,9,-0.010321855545043945
3254,C,A,0,MT-TL1,100,9,-0.0055294036865234375
3254,C,T,0,MT-TL1,100,9,0.0046234130859375
3255,G,A,1,MT-TL1,100,9,-0.009122252464294434
3256,C,T,1,MT-TL1,100,9,-0.007334113121032715
3258,T,C,1,MT-TL1,100,9,-0.003632783889770508
3260,A,G,1,MT-TL1,100,9,-0.004671573638916016
3261,A,G,0,MT-TL1,100,9,-0.0049027204513549805
3271,T,C,1,MT-TL1,100,9,-0.0011507272720336914
3275,C,A,0,MT-TL1,100,9,0.001095890998840332
3275,C,G,0,MT-TL1,100,9,-0.004865765571594238
3275,C,T,0,MT-TL1,100,9,-0.0003917217254638672
3277,G,A,0,MT-TL1,100,9,0.0014576911926269531
3278,T,C,0,MT-TL1,100,9,0.0017352104187011719
3290,T,C,0,MT-TL1,100,9,-0.0009669065475463867
3291,T,C,1,MT-TL1,100,9,-0.0009288787841796875
3302,A,G,1,MT-TL1,100,9,-0.0034837722778320312
3303,C,T,1,MT-TL1,100,9,-0.00290524959564209
4300,A,G,1,MT-TI,100,9,-0.005040764808654785
4310,A,G,0,MT-TI,100,9,0.0014827251434326172
4312,C,T,0,MT-TI,100,9,0.0005099773406982422
4313,T,C,0,MT-TI,100,9,-0.0026807785034179688
4314,T,A,0,MT-TI,100,9,-0.0014584064483642578
4314,T,C,0,MT-TI,100,9,-0.00018215179443359375
4317,A,G,0,MT-TI,100,9,-0.001467585563659668
4318,C,T,0,MT-TI,100,9,0.0005078315734863281
4335,C,T,0,MT-TQ,100,9,-0.0024743080139160156
4336,T,C,0,MT-TQ,100,9,-0.0009183883666992188
4340,A,G,0,MT-TQ,100,9,-0.0005931854248046875
4343,A,G,0,MT-TQ,100,9,-0.002351045608520508
4350,C,T,0,MT-TQ,100,9,0.0005379915237426758
4353,T,C,0,MT-TQ,100,9,-0.001392960548400879
4370,T,C,0,MT-TQ,100,9,-0.00048291683197021484
4371,T,C,0,MT-TQ,100,9,0.0023584365844726562
4373,T,C,0,MT-TQ,100,9,-0.0006973743438720703
4375,C,T,0,MT-TQ,100,9,-0.0025016069412231445
4381,A,G,0,MT-TQ,100,9,-0.002003192901611328
4384,T,A,0,MT-TQ,100,9,0.0032842159271240234
4384,T,C,0,MT-TQ,100,9,-0.0003764629364013672
4385,A,G,0,MT-TQ,100,9,-0.008612394332885742
4385,A,T,0,MT-TQ,100,9,-0.0017304420471191406
4386,T,C,0,MT-TQ,100,9,-0.0006189346313476562
4387,C,T,0,MT-TQ,100,9,0.002116680145263672
4394,C,A,0,MT-TQ,100,9,0.0022917985916137695
4395,A,G,0,MT-TQ,100,9,-0.00338137149810791
4417,A,G,0,MT-TM,100,9,-0.0036891698837280273
4418,T,C,0,MT-TM,100,9,-0.0009571313858032227
4435,A,G,0,MT-TM,100,9,-0.005297660827636719
4450,G,A,1,MT-TM,100,9,-0.0055735111236572266
4452,T,C,0,MT-TM,100,9,0.0005795955657958984
4454,T,A,0,MT-TM,100,9,0.0002499818801879883
4454,T,C,0,MT-TM,100,9,-0.002386927604675293
4464,G,A,0,MT-TM,100,9,0.00044608116149902344
5514,A,G,0,MT-TW,100,9,-0.005583047866821289
5515,A,G,0,MT-TW,100,9,-0.005008339881896973
5516,A,G,0,MT-TW,100,9,-0.0037027597427368164
5521,G,A,1,MT-TW,100,9,-0.0024439096450805664
5527,A,G,0,MT-TW,100,9,-0.003521442413330078
5528,T,C,0,MT-TW,100,9,-0.0006066560745239258
5530,C,T,0,MT-TW,100,9,7.987022399902344e-05
5539,A,G,0,MT-TW,100,9,-0.0004636049270629883
5539,A,T,0,MT-TW,100,9,-0.012989401817321777
5553,T,C,0,MT-TW,100,9,-0.0015050172805786133
5553,T,G,0,MT-TW,100,9,-0.006937742233276367
5554,C,A,0,MT-TW,100,9,0.0040056705474853516
5556,G,A,1,MT-TW,100,9,-0.005452513694763184
5557,T,C,0,MT-TW,100,9,0.0014274120330810547
5561,T,C,0,MT-TW,100,9,0.0018053054809570312
5563,G,A,0,MT-TW,100,9,0.0021489858627319336
5566,A,G,0,MT-TW,100,9,-0.002682805061340332
5567,T,C,0,MT-TW,100,9,0.0016645193099975586
5568,A,G,0,MT-TW,100,9,-0.00253903865814209
5592,A,G,0,MT-TA,100,9,-0.0022286176681518555
5600,A,G,0,MT-TA,100,9,0.0031162500381469727
5601,C,T,0,MT-TA,100,9,0.0018447637557983398
5603,C,T,0,MT-TA,100,9,-0.001508951187133789
5604,C,T,0,MT-TA,100,9,-0.00026857852935791016
5605,A,G,0,MT-TA,100,9,-0.005165815353393555
5608,C,T,0,MT-TA,100,9,-0.0021953582763671875
5618,T,C,0,MT-TA,100,9,-0.006882905960083008
5628,T,C,0,MT-TA,100,9,-0.0034064054489135742
5633,C,T,0,MT-TA,100,9,0.0013382434844970703
5640,A,G,0,MT-TA,100,9,-0.003764510154724121
5650,G,A,1,MT-TA,100,9,-0.0045588016510009766
5655,T,C,0,MT-TA,100,9,-0.0015169382095336914
5662,C,T,0,MT-TN,100,9,0.0007607936859130859
5663,C,T,0,MT-TN,100,9,0.005437493324279785
5664,A,G,0,MT-TN,100,9,-0.0013644695281982422
5665,A,G,0,MT-TN,100,9,-0.005045533180236816
5673,T,C,0,MT-TN,100,9,-0.002765655517578125
5686,A,T,0,MT-TN,100,9,-0.0010380744934082031
5690,A,G,1,MT-TN,100,9,-0.012358665466308594
5703,G,A,1,MT-TN,100,9,-0.0007575750350952148
5705,A,G,0,MT-TN,100,9,-0.0006632804870605469
5711,A,G,0,MT-TN,100,9,-0.001744985580444336
5715,A,G,0,MT-TN,100,9,-0.002824068069458008
5728,T,C,1,MT-TN,100,9,-0.000956416130065918
5772,G,A,0,MT-TC,100,9,-0.00408172607421875
5773,G,A,0,MT-TC,100,9,0.0019478797912597656
5774,T,C,0,MT-TC,100,9,0.001035451889038086
5774,T,G,0,MT-TC,100,9,0.0017029047012329102
5775,T,C,0,MT-TC,100,9,-0.002147674560546875
5780,G,A,0,MT-TC,100,9,-0.00446927547454834
5783,G,A,0,MT-TC,100,9,-0.003354668617248535
5785,T,C,0,MT-TC,100,9,-0.007929325103759766
5786,T,C,0,MT-TC,100,9,-0.0001804828643798828
5788,T,C,0,MT-TC,100,9,-0.005148649215698242
5794,T,C,0,MT-TC,100,9,-0.0027114152908325195
5800,A,G,0,MT-TC,100,9,-0.006360411643981934
5806,T,C,0,MT-TC,100,9,-0.0003503561019897461
5807,A,G,0,MT-TC,100,9,-0.0019488334655761719
5811,A,G,0,MT-TC,100,9,-0.0034598112106323242
5814,T,A,0,MT-TC,100,9,-0.003916740417480469
5814,T,C,0,MT-TC,100,9,-0.00048232078552246094
5817,C,T,0,MT-TC,100,9,-0.00880575180053711
5821,G,A,0,MT-TC,100,9,0.0003584623336791992
5822,G,A,0,MT-TC,100,9,-0.00335693359375
5823,A,G,0,MT-TC,100,9,4.7087669372558594e-05
5824,G,A,0,MT-TC,100,9,-0.0019686222076416016
5836,A,G,0,MT-TY,100,9,-0.0006737709045410156
5839,C,T,0,MT-TY,100,9,0.0003896951675415039
5840,C,T,0,MT-TY,100,9,0.00045299530029296875
5843,A,G,0,MT-TY,100,9,-0.001361846923828125
5846,C,T,0,MT-TY,100,9,0.0016821622848510742
5855,A,G,0,MT-TY,100,9,-0.0005306005477905273
5867,C,T,0,MT-TY,100,9,0.007279038429260254
5875,C,T,0,MT-TY,100,9,0.0017319917678833008
5876,A,G,0,MT-TY,100,9,-0.002104520797729492
7453,G,A,1,MT-TS1,100,9,-0.0011674165725708008
7460,A,G,0,MT-TS1,100,9,-0.0010814666748046875
7469,C,T,0,MT-TS1,100,9,-0.0010671615600585938
7471,C,A,0,MT-TS1,100,9,0.0025278329849243164
7471,C,T,0,MT-TS1,100,9,0.0013129711151123047
7472,A,T,0,MT-TS1,100,9,0.002703547477722168
7476,C,T,0,MT-TS1,100,9,-0.0016041994094848633
7490,A,G,0,MT-TS1,100,9,0.0018390417098999023
7493,C,T,0,MT-TS1,100,9,0.0010502338409423828
7497,G,A,1,MT-TS1,100,9,-0.0003848075866699219
7498,G,A,0,MT-TS1,100,9,0.001956939697265625
7501,T,C,0,MT-TS1,100,9,-0.0005605220794677734
7510,T,C,1,MT-TS1,100,9,-0.0015099048614501953
7511,T,C,1,MT-TS1,100,9,-0.001177668571472168
7512,T,C,1,MT-TS1,100,9,-0.0007593631744384766
7521,G,A,0,MT-TD,100,9,0.0046575069427490234
7533,C,T,0,MT-TD,100,9,-0.0019491910934448242
7534,C,T,0,MT-TD,100,9,-0.003645777702331543
7543,A,G,0,MT-TD,100,9,-0.007138967514038086
7546,T,C,0,MT-TD,100,9,-0.0057332515716552734
7547,T,C,0,MT-TD,100,9,-0.006054878234863281
7552,A,G,0,MT-TD,100,9,-0.0026586055755615234
7559,A,G,0,MT-TD,100,9,-0.0015518665313720703
7561,T,C,0,MT-TD,100,9,-0.0013636350631713867
7567,C,T,0,MT-TD,100,9,0.001451730728149414
7568,T,C,0,MT-TD,100,9,-0.001711130142211914
7569,A,G,0,MT-TD,100,9,-0.00026404857635498047
7570,A,G,0,MT-TD,100,9,-0.0036301612854003906
7572,T,C,0,MT-TD,100,9,0.0032296180725097656
7576,A,G,0,MT-TD,100,9,-0.012319684028625488
7581,T,C,0,MT-TD,100,9,0.00045752525329589844
7585,A,G,0,MT-TD,100,9,-0.01959383487701416
8298,T,C,0,MT-TK,100,9,-0.0016329288482666016
8300,T,C,0,MT-TK,100,9,-0.00046515464782714844
8308,A,G,0,MT-TK,100,9,-0.0020526647567749023
8311,T,C,0,MT-TK,100,9,-0.0029909610748291016
8313,G,A,1,MT-TK,100,9,-0.005083203315734863
8315,A,G,0,MT-TK,100,9,-0.0009850263595581055
8331,A,G,0,MT-TK,100,9,-0.009329080581665039
8337,T,C,0,MT-TK,100,9,-0.0016351938247680664
8338,A,G,0,MT-TK,100,9,-0.0029224157333374023
8340,G,A,1,MT-TK,100,9,-0.0038057565689086914
8343,A,G,0,MT-TK,100,9,-0.0007605552673339844
8344,A,G,1,MT-TK,100,9,-0.0010558366775512695
8345,C,T,0,MT-TK,100,9,0.00013148784637451172
8346,C,A,0,MT-TK,100,9,-0.0022002458572387695
8347,A,G,0,MT-TK,100,9,-0.004284381866455078
8348,A,G,0,MT-TK,100,9,-0.004067182540893555
8349,C,T,0,MT-TK,100,9,-0.002985715866088867
8350,A,G,0,MT-TK,100,9,-0.0021207332611083984
8356,T,C,1,MT-TK,100,9,-0.0011715888977050781
8360,A,G,0,MT-TK,100,9,-0.004734635353088379
8363,G,A,1,MT-TK,100,9,-0.004101872444152832
9991,A,G,0,MT-TG,100,9,0.002990245819091797
9995,T,C,0,MT-TG,100,9,-0.005043148994445801
10003,T,C,0,MT-TG,100,9,-0.006328582763671875
10005,A,G,0,MT-TG,100,9,-0.001775503158569336
10006,A,G,0,MT-TG,100,9,-0.001682281494140625
10007,T,C,0,MT-TG,100,9,-0.0008640289306640625
10013,C,T,0,MT-TG,100,9,0.002463102340698242
10018,A,G,0,MT-TG,100,9,-0.007928013801574707
10029,A,G,0,MT-TG,100,9,-0.0006544589996337891
10031,T,C,0,MT-TG,100,9,-0.002698540687561035
10034,T,C,0,MT-TG,100,9,-0.0005327463150024414
10040,C,T,0,MT-TG,100,9,-0.0009055137634277344
10042,A,G,0,MT-TG,100,9,-0.0020661354064941406
10044,A,G,0,MT-TG,100,9,-0.00211334228515625
10045,T,C,0,MT-TG,100,9,-0.0003432035446166992
10410,T,A,0,MT-TR,100,9,0.0020422935485839844
10410,T,C,0,MT-TR,100,9,-0.005185484886169434
10411,A,G,0,MT-TR,100,9,-8.463859558105469e-06
10420,A,G,0,MT-TR,100,9,-0.00028884410858154297
10427,G,A,0,MT-TR,100,9,0.01056063175201416
10440,T,C,0,MT-TR,100,9,-0.006662130355834961
10446,A,G,0,MT-TR,100,9,0.0038318634033203125
10448,T,C,0,MT-TR,100,9,-0.00372469425201416
10454,T,C,0,MT-TR,100,9,0.001829981803894043
10456,A,G,0,MT-TR,100,9,-0.004350423812866211
10463,T,C,0,MT-TR,100,9,-0.0016481876373291016
12141,A,G,0,MT-TH,100,9,-0.006101489067077637
12142,A,G,0,MT-TH,100,9,-0.0037224292755126953
12147,G,A,1,MT-TH,100,9,-0.014803767204284668
12151,A,G,0,MT-TH,100,9,-0.02815377712249756
12160,A,G,0,MT-TH,100,9,-0.006832122802734375
12161,T,C,0,MT-TH,100,9,0.001339554786682129
12164,G,A,0,MT-TH,100,9,-0.007481575012207031
12166,T,C,0,MT-TH,100,9,-0.00042366981506347656
12171,A,G,0,MT-TH,100,9,-0.0033354759216308594
12172,A,G,0,MT-TH,100,9,-0.00429224967956543
12173,T,C,0,MT-TH,100,9,-0.008973479270935059
12178,C,T,0,MT-TH,100,9,-0.001998424530029297
12181,C,T,0,MT-TH,100,9,-0.0019587278366088867
12188,T,C,0,MT-TH,100,9,-0.0017619132995605469
12189,T,C,0,MT-TH,100,9,0.0007348060607910156
12191,C,T,0,MT-TH,100,9,-0.0007636547088623047
12192,G,A,0,MT-TH,100,9,0.005253791809082031
12193,A,G,0,MT-TH,100,9,-0.0010722875595092773
12196,C,T,0,MT-TH,100,9,0.0028901100158691406
12201,T,C,1,MT-TH,100,9,-0.0012743473052978516
12215,T,C,0,MT-TS2,100,9,-0.002318859100341797
12216,C,T,0,MT-TS2,100,9,-0.0020494461059570312
12223,A,G,0,MT-TS2,100,9,-0.0013369321823120117
12231,C,T,0,MT-TS2,100,9,0.0011112689971923828
12234,A,G,0,MT-TS2,100,9,-0.00516057014465332
12235,T,C,0,MT-TS2,100,9,-0.0013712644577026367
12237,C,T,0,MT-TS2,100,9,-0.0018160343170166016
12239,C,T,0,MT-TS2,100,9,-0.00022602081298828125
12245,T,C,0,MT-TS2,100,9,0.0004388093948364258
12246,C,T,0,MT-TS2,100,9,-0.0038297176361083984
12248,A,G,0,MT-TS2,100,9,-0.0036134719848632812
12258,C,A,1,MT-TS2,100,9,-0.006996870040893555
12265,A,G,0,MT-TS2,100,9,-0.007745862007141113
12273,A,G,0,MT-TL2,100,9,-0.009523272514343262
12276,G,A,1,MT-TL2,100,9,-0.01787102222442627
12279,A,G,0,MT-TL2,100,9,-0.010531425476074219
12279,A,T,0,MT-TL2,100,9,-0.032605886459350586
12280,A,G,0,MT-TL2,100,9,0.0014145374298095703
12281,C,T,0,MT-TL2,100,9,-0.0041429996490478516
12285,T,C,0,MT-TL2,100,9,0.0006146430969238281
12295,T,C,0,MT-TL2,100,9,-0.004774332046508789
12297,T,C,0,MT-TL2,100,9,-0.01127469539642334
12308,A,G,0,MT-TL2,100,9,-0.00506901741027832
12311,T,C,0,MT-TL2,100,9,0.0008243322372436523
12315,G,A,1,MT-TL2,100,9,-0.006585597991943359
14674,T,C,1,MT-TE,100,9,-0.000535130500793457
14683,A,G,0,MT-TE,100,9,0.0001577138900756836
14684,C,T,0,MT-TE,100,9,0.002943754196166992
14687,A,G,0,MT-TE,100,9,1.4662742614746094e-05
14690,A,G,0,MT-TE,100,9,-0.0034090280532836914
14691,C,T,0,MT-TE,100,9,0.006345391273498535
14693,A,G,0,MT-TE,100,9,-0.0028781890869140625
14696,A,C,0,MT-TE,100,9,-0.004235386848449707
14696,A,G,0,MT-TE,100,9,-0.0003407001495361328
14706,A,G,0,MT-TE,100,9,-0.0011150836944580078
14709,T,C,1,MT-TE,100,9,-0.0054770708084106445
14716,C,T,0,MT-TE,100,9,-0.00012564659118652344
14727,T,C,0,MT-TE,100,9,-0.0018374919891357422
15889,T,C,0,MT-TT,100,9,0.0011059045791625977
15891,C,T,0,MT-TT,100,9,-0.0010790824890136719
15892,T,C,0,MT-TT,100,9,-0.003565073013305664
15893,T,C,0,MT-TT,100,9,-0.0031304359436035156
15894,G,A,0,MT-TT,100,9,-0.0021190643310546875
15895,T,C,0,MT-TT,100,9,-0.013701319694519043
15900,T,C,0,MT-TT,100,9,-0.0005786418914794922
15902,A,G,0,MT-TT,100,9,-0.0012445449829101562
15903,A,G,0,MT-TT,100,9,-0.0017006397247314453
15904,C,T,0,MT-TT,100,9,0.0017734766006469727
15905,T,C,0,MT-TT,100,9,-0.0016226768493652344
15907,A,G,0,MT-TT,100,9,-0.0026634931564331055
15908,T,C,0,MT-TT,100,9,-0.0036755800247192383
15909,A,G,0,MT-TT,100,9,-0.007914543151855469
15911,A,G,0,MT-TT,100,9,-0.0011937618255615234
15913,C,T,0,MT-TT,100,9,0.0016878843307495117
15914,A,G,0,MT-TT,100,9,0.006170153617858887
15916,T,C,0,MT-TT,100,9,-0.005878090858459473
15923,A,G,1,MT-TT,100,9,-0.007735848426818848
15924,A,G,0,MT-TT,100,9,-0.003292560577392578
15925,C,T,0,MT-TT,100,9,-0.0032196044921875
15926,C,T,0,MT-TT,100,9,0.00226747989654541
15927,G,A,0,MT-TT,100,9,-0.0022319555282592773
15928,G,A,0,MT-TT,100,9,-0.0005511045455932617
15929,A,G,0,MT-TT,100,9,-0.0042421817779541016
15930,G,A,0,MT-TT,100,9,-0.00019097328186035156
15932,T,C,0,MT-TT,100,9,-0.0023201704025268555
15935,A,G,0,MT-TT,100,9,-0.00402987003326416
15936,A,G,0,MT-TT,100,9,-0.0020322799682617188
15936,A,T,0,MT-TT,100,9,-0.0039653778076171875
15937,A,G,0,MT-TT,100,9,-0.004973649978637695
15937,A,T,0,MT-TT,100,9,-0.00374758243560791
15938,C,T,0,MT-TT,100,9,-0.0018582344055175781
15939,C,T,0,MT-TT,100,9,-0.0002301931381225586
15940,T,C,0,MT-TT,100,9,0.0010135173797607422
15941,T,C,0,MT-TT,100,9,-0.0016819238662719727
15942,T,C,0,MT-TT,100,9,-0.0023193359375
15943,T,C,0,MT-TT,100,9,-0.0010530948638916016
15944,T,C,0,MT-TT,100,9,-0.0006859302520751953
15946,C,T,0,MT-TT,100,9,-0.0009219646453857422
15947,A,G,0,MT-TT,100,9,-0.002057313919067383
15949,G,A,0,MT-TT,100,9,-0.0037218332290649414
15951,A,G,0,MT-TT,100,9,-0.0027920007705688477
15952,C,T,0,MT-TT,100,9,-0.0024497509002685547
15965,A,G,0,MT-TP,100,9,-3.075599670410156e-05
15968,T,C,0,MT-TP,100,9,-0.0005764961242675781
15970,T,C,0,MT-TP,100,9,-0.003939032554626465
15977,C,T,0,MT-TP,100,9,-0.0035265684127807617
15978,C,T,0,MT-TP,100,9,-0.001439213752746582
15990,C,T,1,MT-TP,100,9,-0.006528496742248535
15992,A,T,0,MT-TP,100,9,-0.009929299354553223
16011,A,G,0,MT-TP,100,9,-0.006640911102294922
16017,T,C,0,MT-TP,100,9,-0.00020837783813476562
591,C,T,1,MT-TF,400,0,0.011554896831512451
592,C,T,0,MT-TF,400,0,0.010813534259796143
593,T,C,0,MT-TF,400,0,0.0002053380012512207
595,C,A,0,MT-TF,400,0,0.007708609104156494
595,C,T,0,MT-TF,400,0,0.0012990832328796387
596,T,C,0,MT-TF,400,0,1.150369644165039e-05
597,C,T,0,MT-TF,400,0,0.005212962627410889
603,A,G,0,MT-TF,400,0,-0.009430944919586182
606,A,G,0,MT-TF,400,0,-0.0034753084182739258
616,T,C,1,MT-TF,400,0,-0.013779699802398682
619,T,C,0,MT-TF,400,0,-0.0028079748153686523
621,A,G,0,MT-TF,400,0,-0.006522774696350098
629,T,A,0,MT-TF,400,0,-0.005753576755523682
629,T,C,0,MT-TF,400,0,0.003943920135498047
630,C,T,0,MT-TF,400,0,-0.00033915042877197266
633,A,G,0,MT-TF,400,0,-0.002413511276245117
634,T,A,0,MT-TF,400,0,0.00043338537216186523
634,T,C,0,MT-TF,400,0,-0.003943085670471191
635,C,T,0,MT-TF,400,0,-0.001265108585357666
644,A,G,0,MT-TF,400,0,-0.0026357173919677734
647,A,G,0,MT-TF,400,0,-0.004171252250671387
1607,T,C,0,MT-TV,400,0,-0.0017478466033935547
1617,C,T,0,MT-TV,400,0,6.765127182006836e-05
1618,A,G,0,MT-TV,400,0,-0.0035554170608520508
1624,C,T,1,MT-TV,400,0,0.0026650428771972656
1628,C,T,0,MT-TV,400,0,0.0018958449363708496
1640,A,G,0,MT-TV,400,0,0.0005331635475158691
1644,G,A,1,MT-TV,400,0,-0.002622067928314209
1646,T,C,0,MT-TV,400,0,-0.004029452800750732
1657,C,T,0,MT-TV,400,0,0.0009767413139343262
1664,G,A,0,MT-TV,400,0,-0.00023752450942993164
1670,A,T,0,MT-TV,400,0,-0.009376883506774902
3236,A,G,0,MT-TL1,400,0,-0.004500627517700195
3242,G,A,1,MT-TL1,400,0,-0.012474536895751953
3243,A,G,1,MT-TL1,400,0,-0.013693928718566895
3243,A,T,1,MT-TL1,400,0,-0.03560376167297363
3251,A,G,1,MT-TL1,400,0,-0.0037276744842529297
3252,A,G,1,MT-TL1,400,0,-0.0049974918365478516
3254,C,A,0,MT-TL1,400,0,-0.004112184047698975
3254,C,T,0,MT-TL1,400,0,0.007515311241149902
3255,G,A,1,MT-TL1,400,0,-0.009081602096557617
3256,C,T,1,MT-TL1,400,0,-0.0072057247161865234
3258,T,C,1,MT-TL1,400,0,-0.0021756887435913086
3260,A,G,1,MT-TL1,400,0,-0.00765681266784668
3261,A,G,0,MT-TL1,400,0,-0.005936861038208008
3271,T,C,1,MT-TL1,400,0,-0.0025343894958496094
3275,C,A,0,MT-TL1,400,0,-0.000988602638244629
3275,C,G,0,MT-TL1,400,0,-0.0020182132720947266
3275,C,T,0,MT-TL1,400,0,-0.0013897418975830078
3277,G,A,0,MT-TL1,400,0,0.004077792167663574
3278,T,C,0,MT-TL1,400,0,0.0005966424942016602
3290,T,C,0,MT-TL1,400,0,0.002090156078338623
3291,T,C,1,MT-TL1,400,0,-0.0017254352569580078
3302,A,G,1,MT-TL1,400,0,-0.0003444552421569824
3303,C,T,1,MT-TL1,400,0,-0.008415818214416504
4300,A,G,1,MT-TI,400,0,-0.0046416521072387695
4310,A,G,0,MT-TI,400,0,0.0017287731170654297
4312,C,T,0,MT-TI,400,0,0.0017336606979370117
4313,T,C,0,MT-TI,400,0,-6.645917892456055e-05
4314,T,A,0,MT-TI,400,0,-0.0013045072555541992
4314,T,C,0,MT-TI,400,0,-0.0012613534927368164
4317,A,G,0,MT-TI,400,0,-0.001648247241973877
4318,C,T,0,MT-TI,400,0,-0.000611424446105957
4335,C,T,0,MT-TQ,400,0,0.00039756298065185547
4336,T,C,0,MT-TQ,400,0,-0.0013759732246398926
4340,A,G,0,MT-TQ,400,0,0.0005828738212585449
4343,A,G,0,MT-TQ,400,0,-0.0015616416931152344
4350,C,T,0,MT-TQ,400,0,-0.002156853675842285
4353,T,C,0,MT-TQ,400,0,-0.0010478496551513672
4370,T,C,0,MT-TQ,400,0,-0.001495361328125
4371,T,C,0,MT-TQ,400,0,-0.0006992816925048828
4373,T,C,0,MT-TQ,400,0,-0.003904581069946289
4375,C,T,0,MT-TQ,400,0,-0.00401073694229126
4381,A,G,0,MT-TQ,400,0,-0.003783881664276123
4384,T,A,0,MT-TQ,400,0,0.0006998777389526367
4384,T,C,0,MT-TQ,400,0,-3.7670135498046875e-05
4385,A,G,0,MT-TQ,400,0,-0.004959583282470703
4385,A,T,0,MT-TQ,400,0,-0.006369590759277344
4386,T,C,0,MT-TQ,400,0,-0.0021170973777770996
4387,C,T,0,MT-TQ,400,0,-0.0008952021598815918
4394,C,A,0,MT-TQ,400,0,0.00034058094024658203
4395,A,G,0,MT-TQ,400,0,-0.001092374324798584
4417,A,G,0,MT-TM,400,0,-0.005363404750823975
4418,T,C,0,MT-TM,400,0,-0.0001366138458251953
4435,A,G,0,MT-TM,400,0,-0.005978703498840332
4450,G,A,1,MT-TM,400,0,-0.003193080425262451
4452,T,C,0,MT-TM,400,0,-0.0007861852645874023
4454,T,A,0,MT-TM,400,0,-0.0005944371223449707
4454,T,C,0,MT-TM,400,0,-0.001909494400024414
4464,G,A,0,MT-TM,400,0,-0.0021009445190429688
5514,A,G,0,MT-TW,400,0,-0.006117820739746094
5515,A,G,0,MT-TW,400,0,-0.010697543621063232
5516,A,G,0,MT-TW,400,0,-0.005698442459106445
5521,G,A,1,MT-TW,400,0,-0.006574451923370361
5527,A,G,0,MT-TW,400,0,-0.00434422492980957
5528,T,C,0,MT-TW,400,0,0.0003420710563659668
5530,C,T,0,MT-TW,400,0,-0.001350998878479004
5539,A,G,0,MT-TW,400,0,-0.002424955368041992
5539,A,T,0,MT-TW,400,0,-0.01236271858215332
5553,T,C,0,MT-TW,400,0,-0.0034775137901306152
5553,T,G,0,MT-TW,400,0,-0.007068216800689697
5554,C,A,0,MT-TW,400,0,0.004175722599029541
5556,G,A,1,MT-TW,400,0,-0.006860673427581787
5557,T,C,0,MT-TW,400,0,2.1219253540039062e-05
5561,T,C,0,MT-TW,400,0,0.0010773539543151855
5563,G,A,0,MT-TW,400,0,0.002535879611968994
5566,A,G,0,MT-TW,400,0,-0.0017611384391784668
5567,T,C,0,MT-TW,400,0,0.00024771690368652344
5568,A,G,0,MT-TW,400,0,-0.002538442611694336
5592,A,G,0,MT-TA,400,0,-0.0044075846672058105
5600,A,G,0,MT-TA,400,0,-0.0005536675453186035
5601,C,T,0,MT-TA,400,0,-0.0013971328735351562
5603,C,T,0,MT-TA,400,0,-0.001789867877960205
5604,C,T,0,MT-TA,400,0,-0.0028090476989746094
5605,A,G,0,MT-TA,400,0,-0.0034189224243164062
5608,C,T,0,MT-TA,400,0,-0.0036568045616149902
5618,T,C,0,MT-TA,400,0,-0.007964134216308594
5628,T,C,0,MT-TA,400,0,-0.0052335262298583984
5633,C,T,0,MT-TA,400,0,-5.513429641723633e-05
5640,A,G,0,MT-TA,400,0,-0.0017784833908081055
5650,G,A,1,MT-TA,400,0,-0.005459427833557129
5655,T,C,0,MT-TA,400,0,-0.000718235969543457
5662,C,T,0,MT-TN,400,0,0.0022312402725219727
5663,C,T,0,MT-TN,400,0,0.003964543342590332
5664,A,G,0,MT-TN,400,0,-0.0010747909545898438
5665,A,G,0,MT-TN,400,0,-0.0024217963218688965
5673,T,C,0,MT-TN,400,0,0.0015159845352172852
5686,A,T,0,MT-TN,400,0,-0.0015611648559570312
5690,A,G,1,MT-TN,400,0,-0.007921755313873291
5703,G,A,1,MT-TN,400,0,-0.0013921260833740234
5705,A,G,0,MT-TN,400,0,-0.0012772083282470703
5711,A,G,0,MT-TN,400,0,-0.0019291043281555176
5715,A,G,0,MT-TN,400,0,-0.0033902525901794434
5728,T,C,1,MT-TN,400,0,-0.002242565155029297
5772,G,A,0,MT-TC,400,0,-0.006946921348571777
5773,G,A,0,MT-TC,400,0,7.849931716918945e-05
5774,T,C,0,MT-TC,400,0,0.0018835067749023438
5774,T,G,0,MT-TC,400,0,0.0005739331245422363
5775,T,C,0,MT-TC,400,0,-0.0009661316871643066
5780,G,A,0,MT-TC,400,0,-0.0036787986755371094
5783,G,A,0,MT-TC,400,0,-0.0051634907722473145
5785,T,C,0,MT-TC,400,0,-0.0052977800369262695
5786,T,C,0,MT-TC,400,0,-9.357929229736328e-06
5788,T,C,0,MT-TC,400,0,-0.0037323832511901855
5794,T,C,0,MT-TC,400,0,-0.002998828887939453
5800,A,G,0,MT-TC,400,0,-0.008695363998413086
5806,T,C,0,MT-TC,400,0,-0.0011960864067077637
5807,A,G,0,MT-TC,400,0,-0.0012121200561523438
5811,A,G,0,MT-TC,400,0,-0.002047300338745117
5814,T,A,0,MT-TC,400,0,-0.0029050707817077637
5814,T,C,0,MT-TC,400,0,-0.002349555492401123
5817,C,T,0,MT-TC,400,0,-0.00849992036819458
5821,G,A,0,MT-TC,400,0,-0.000883936882019043
5822,G,A,0,MT-TC,400,0,-0.005491316318511963
5823,A,G,0,MT-TC,400,0,0.0006383657455444336
5824,G,A,0,MT-TC,400,0,-0.00234144926071167
5836,A,G,0,MT-TY,400,0,-0.001583397388458252
5839,C,T,0,MT-TY,400,0,0.00037848949432373047
5840,C,T,0,MT-TY,400,0,0.00044989585876464844
5843,A,G,0,MT-TY,400,0,-0.0009981393814086914
5846,C,T,0,MT-TY,400,0,0.0006905198097229004
5855,A,G,0,MT-TY,400,0,-0.0010471343994140625
5867,C,T,0,MT-TY,400,0,0.007105052471160889
5875,C,T,0,MT-TY,400,0,0.002092123031616211
5876,A,G,0,MT-TY,400,0,0.0003184080123901367
7453,G,A,1,MT-TS1,400,0,-0.005765736103057861
7460,A,G,0,MT-TS1,400,0,-0.0002429485321044922
7469,C,T,0,MT-TS1,400,0,-0.0009421706199645996
7471,C,A,0,MT-TS1,400,0,0.006024777889251709
7471,C,T,0,MT-TS1,400,0,0.0032984018325805664
7472,A,T,0,MT-TS1,400,0,0.0007445812225341797
7476,C,T,0,MT-TS1,400,0,7.140636444091797e-05
7490,A,G,0,MT-TS1,400,0,0.0035785436630249023
7493,C,T,0,MT-TS1,400,0,6.389617919921875e-05
7497,G,A,1,MT-TS1,400,0,-5.3763389587402344e-05
7498,G,A,0,MT-TS1,400,0,0.001076817512512207
7501,T,C,0,MT-TS1,400,0,-0.0006552338600158691
7510,T,C,1,MT-TS1,400,0,-0.002276897430419922
7511,T,C,1,MT-TS1,400,0,-0.0014192461967468262
7512,T,C,1,MT-TS1,400,0,0.0010221004486083984
7521,G,A,0,MT-TD,400,0,0.008744955062866211
7533,C,T,0,MT-TD,400,0,-0.0004267692565917969
7534,C,T,0,MT-TD,400,0,-0.0033502578735351562
7543,A,G,0,MT-TD,400,0,-0.007265806198120117
7546,T,C,0,MT-TD,400,0,-0.004737496376037598
7547,T,C,0,MT-TD,400,0,-0.009586930274963379
7552,A,G,0,MT-TD,400,0,-0.004670262336730957
7559,A,G,0,MT-TD,400,0,-0.0019130110740661621
7561,T,C,0,MT-TD,400,0,-0.00022363662719726562
7567,C,T,0,MT-TD,400,0,-0.0016858577728271484
7568,T,C,0,MT-TD,400,0,0.00039458274841308594
7569,A,G,0,MT-TD,400,0,-0.0010095834732055664
7570,A,G,0,MT-TD,400,0,0.0015685558319091797
7572,T,C,0,MT-TD,400,0,0.004470407962799072
7576,A,G,0,MT-TD,400,0,-0.005026102066040039
7581,T,C,0,MT-TD,400,0,0.0028560757637023926
7585,A,G,0,MT-TD,400,0,-0.005210280418395996
8298,T,C,0,MT-TK,400,0,-0.0018568038940429688
8300,T,C,0,MT-TK,400,0,-0.0007326006889343262
8308,A,G,0,MT-TK,400,0,-0.006225883960723877
8311,T,C,0,MT-TK,400,0,-0.0015228986740112305
8313,G,A,1,MT-TK,400,0,-0.009830892086029053
8315,A,G,0,MT-TK,400,0,-0.0014466643333435059
8331,A,G,0,MT-TK,400,0,-0.007190108299255371
8337,T,C,0,MT-TK,400,0,-0.002234220504760742
8338,A,G,0,MT-TK,400,0,-0.00023359060287475586
8340,G,A,1,MT-TK,400,0,-0.003002345561981201
8343,A,G,0,MT-TK,400,0,-0.0021299123764038086
8344,A,G,1,MT-TK,400,0,-0.001250147819519043
8345,C,T,0,MT-TK,400,0,9.119510650634766e-05
8346,C,A,0,MT-TK,400,0,-0.000521540641784668
8347,A,G,0,MT-TK,400,0,-0.0027018189430236816
8348,A,G,0,MT-TK,400,0,-0.0024220943450927734
8349,C,T,0,MT-TK,400,0,-0.00113755464553833
8350,A,G,0,MT-TK,400,0,-0.003024876117706299
8356,T,C,1,MT-TK,400,0,-0.0013979673385620117
8360,A,G,0,MT-TK,400,0,-0.003839552402496338
8363,G,A,1,MT-TK,400,0,-0.007849335670471191
9991,A,G,0,MT-TG,400,0,-0.006705820560455322
9995,T,C,0,MT-TG,400,0,-0.01372230052947998
10003,T,C,0,MT-TG,400,0,-0.003446817398071289
10005,A,G,0,MT-TG,400,0,-0.0054787397384643555
10006,A,G,0,MT-TG,400,0,-0.0027981996536254883
10007,T,C,0,MT-TG,400,0,-0.002706766128540039
10013,C,T,0,MT-TG,400,0,0.0016617774963378906
10018,A,G,0,MT-TG,400,0,-0.00786888599395752
10029,A,G,0,MT-TG,400,0,-0.0036832094192504883
10031,T,C,0,MT-TG,400,0,-0.0017387866973876953
10034,T,C,0,MT-TG,400,0,-0.0014360547065734863
10040,C,T,0,MT-TG,400,0,-0.0009065866470336914
10042,A,G,0,MT-TG,400,0,-0.0026789307594299316
10044,A,G,0,MT-TG,400,0,-0.004324138164520264
10045,T,C,0,MT-TG,400,0,0.00038892030715942383
10410,T,A,0,MT-TR,400,0,0.008045375347137451
10410,T,C,0,MT-TR,400,0,-0.00545811653137207
10411,A,G,0,MT-TR,400,0,-0.0008699297904968262
10420,A,G,0,MT-TR,400,0,-0.002757430076599121
10427,G,A,0,MT-TR,400,0,0.0030088424682617188
10440,T,C,0,MT-TR,400,0,-0.0056365132331848145
10446,A,G,0,MT-TR,400,0,0.0028757452964782715
10448,T,C,0,MT-TR,400,0,-0.004727661609649658
10454,T,C,0,MT-TR,400,0,0.0017222762107849121
10456,A,G,0,MT-TR,400,0,-0.0031316280364990234
10463,T,C,0,MT-TR,400,0,-0.0031684041023254395
12141,A,G,0,MT-TH,400,0,-0.003450334072113037
12142,A,G,0,MT-TH,400,0,-0.004653513431549072
12147,G,A,1,MT-TH,400,0,-0.007682859897613525
12151,A,G,0,MT-TH,400,0,-0.008633553981781006
12160,A,G,0,MT-TH,400,0,-0.007612347602844238
12161,T,C,0,MT-TH,400,0,-0.000722348690032959
12164,G,A,0,MT-TH,400,0,-0.01191490888595581
12166,T,C,0,MT-TH,400,0,-0.0007245540618896484
12171,A,G,0,MT-TH,400,0,-0.005240797996520996
12172,A,G,0,MT-TH,400,0,-0.004829287528991699
12173,T,C,0,MT-TH,400,0,-0.004098653793334961
12178,C,T,0,MT-TH,400,0,-0.0026023387908935547
12181,C,T,0,MT-TH,400,0,-0.0013367533683776855
12188,T,C,0,MT-TH,400,0,0.001071929931640625
12189,T,C,0,MT-TH,400,0,0.001354217529296875
12191,C,T,0,MT-TH,400,0,-0.001186966896057129
12192,G,A,0,MT-TH,400,0,0.003168344497680664
12193,A,G,0,MT-TH,400,0,-0.0010030269622802734
12196,C,T,0,MT-TH,400,0,0.0004993677139282227
12201,T,C,1,MT-TH,400,0,-0.0035889148712158203
12215,T,C,0,MT-TS2,400,0,-0.0004170536994934082
12216,C,T,0,MT-TS2,400,0,0.00316464900970459
12223,A,G,0,MT-TS2,400,0,-0.003377854824066162
12231,C,T,0,MT-TS2,400,0,-0.0012736916542053223
12234,A,G,0,MT-TS2,400,0,-0.00605320930480957
12235,T,C,0,MT-TS2,400,0,-0.0018262863159179688
12237,C,T,0,MT-TS2,400,0,-0.002178966999053955
12239,C,T,0,MT-TS2,400,0,-0.001576542854309082
12245,T,C,0,MT-TS2,400,0,0.00026220083236694336
12246,C,T,0,MT-TS2,400,0,-0.0026203393936157227
12248,A,G,0,MT-TS2,400,0,-0.005446672439575195
12258,C,A,1,MT-TS2,400,0,-0.009217143058776855
12265,A,G,0,MT-TS2,400,0,-0.006697535514831543
12273,A,G,0,MT-TL2,400,0,-0.008303403854370117
12276,G,A,1,MT-TL2,400,0,-0.012102603912353516
12279,A,G,0,MT-TL2,400,0,-0.012827634811401367
12279,A,T,0,MT-TL2,400,0,-0.020790934562683105
12280,A,G,0,MT-TL2,400,0,-0.0034867525100708008
12281,C,T,0,MT-TL2,400,0,-0.005068838596343994
12285,T,C,0,MT-TL2,400,0,-0.003989577293395996
12295,T,C,0,MT-TL2,400,0,-0.005212962627410889
12297,T,C,0,MT-TL2,400,0,-0.008745789527893066
12308,A,G,0,MT-TL2,400,0,-0.0063651204109191895
12311,T,C,0,MT-TL2,400,0,0.0009772181510925293
12315,G,A,1,MT-TL2,400,0,-0.007100284099578857
14674,T,C,1,MT-TE,400,0,-0.005154728889465332
14683,A,G,0,MT-TE,400,0,-0.0017876029014587402
14684,C,T,0,MT-TE,400,0,-0.00030982494354248047
14687,A,G,0,MT-TE,400,0,0.0009284019470214844
14690,A,G,0,MT-TE,400,0,-0.00594097375869751
14691,C,T,0,MT-TE,400,0,0.002992093563079834
14693,A,G,0,MT-TE,400,0,-0.0024862289428710938
14696,A,C,0,MT-TE,400,0,-0.012269973754882812
14696,A,G,0,MT-TE,400,0,0.0023843050003051758
14706,A,G,0,MT-TE,400,0,-0.0005012154579162598
14709,T,C,1,MT-TE,400,0,-0.004387974739074707
14716,C,T,0,MT-TE,400,0,-0.0020619630813598633
14727,T,C,0,MT-TE,400,0,0.00021976232528686523
15889,T,C,0,MT-TT,400,0,0.0023471713066101074
15891,C,T,0,MT-TT,400,0,-0.006294906139373779
15892,T,C,0,MT-TT,400,0,-0.006892740726470947
15893,T,C,0,MT-TT,400,0,-0.004964590072631836
15894,G,A,0,MT-TT,400,0,-0.00693356990814209
15895,T,C,0,MT-TT,400,0,-0.007779717445373535
15900,T,C,0,MT-TT,400,0,-0.0021224617958068848
15902,A,G,0,MT-TT,400,0,-0.0027622580528259277
15903,A,G,0,MT-TT,400,0,-0.003884732723236084
15904,C,T,0,MT-TT,400,0,0.0008144378662109375
15905,T,C,0,MT-TT,400,0,-0.0010889768600463867
15907,A,G,0,MT-TT,400,0,-0.004129588603973389
15908,T,C,0,MT-TT,400,0,-0.004709839820861816
15909,A,G,0,MT-TT,400,0,-0.008076965808868408
15911,A,G,0,MT-TT,400,0,-0.0034645795822143555
15913,C,T,0,MT-TT,400,0,-0.0012649297714233398
15914,A,G,0,MT-TT,400,0,0.007113814353942871
15916,T,C,0,MT-TT,400,0,-0.00525897741317749
15923,A,G,1,MT-TT,400,0,-0.0038954615592956543
15924,A,G,0,MT-TT,400,0,-0.0019775032997131348
15925,C,T,0,MT-TT,400,0,-0.0014421343803405762
15926,C,T,0,MT-TT,400,0,0.0014129877090454102
15927,G,A,0,MT-TT,400,0,-0.001303553581237793
15928,G,A,0,MT-TT,400,0,-0.002190232276916504
15929,A,G,0,MT-TT,400,0,-0.004631221294403076
15930,G,A,0,MT-TT,400,0,-0.0007967948913574219
15932,T,C,0,MT-TT,400,0,-0.0042580366134643555
15935,A,G,0,MT-TT,400,0,-0.0030959248542785645
15936,A,G,0,MT-TT,400,0,-0.0009740591049194336
15936,A,T,0,MT-TT,400,0,-0.0037641525268554688
15937,A,G,0,MT-TT,400,0,-0.005868196487426758
15937,A,T,0,MT-TT,400,0,-0.004946231842041016
15938,C,T,0,MT-TT,400,0,-0.004780292510986328
15939,C,T,0,MT-TT,400,0,0.0007325410842895508
15940,T,C,0,MT-TT,400,0,0.0006070733070373535
15941,T,C,0,MT-TT,400,0,-0.000631868839263916
15942,T,C,0,MT-TT,400,0,-0.0024495720863342285
15943,T,C,0,MT-TT,400,0,-0.002139568328857422
15944,T,C,0,MT-TT,400,0,-0.000762641429901123
15946,C,T,0,MT-TT,400,0,-0.003482818603515625
15947,A,G,0,MT-TT,400,0,-0.004274189472198486
15949,G,A,0,MT-TT,400,0,-0.004473626613616943
15951,A,G,0,MT-TT,400,0,-0.004885554313659668
15952,C,T,0,MT-TT,400,0,-0.003747284412384033
15965,A,G,0,MT-TP,400,0,-0.00031578540802001953
15968,T,C,0,MT-TP,400,0,0.0013481378555297852
15970,T,C,0,MT-TP,400,0,-0.003713250160217285
15977,C,T,0,MT-TP,400,0,-0.007828474044799805
15978,C,T,0,MT-TP,400,0,-0.0020585060119628906
15990,C,T,1,MT-TP,400,0,-0.007852315902709961
15992,A,T,0,MT-TP,400,0,-0.012363791465759277
16011,A,G,0,MT-TP,400,0,-0.007086038589477539
16017,T,C,0,MT-TP,400,0,-0.0010389089584350586
591,C,T,1,MT-TF,400,1,0.008595108985900879
592,C,T,0,MT-TF,400,1,0.010176658630371094
593,T,C,0,MT-TF,400,1,0.00022345781326293945
595,C,A,0,MT-TF,400,1,0.008576750755310059
595,C,T,0,MT-TF,400,1,0.0010716915130615234
596,T,C,0,MT-TF,400,1,-0.00417935848236084
597,C,T,0,MT-TF,400,1,0.0052397847175598145
603,A,G,0,MT-TF,400,1,-0.008838534355163574
606,A,G,0,MT-TF,400,1,-0.007449209690093994
616,T,C,1,MT-TF,400,1,-0.006344139575958252
619,T,C,0,MT-TF,400,1,-0.004385769367218018
621,A,G,0,MT-TF,400,1,-0.006264984607696533
629,T,A,0,MT-TF,400,1,0.00011539459228515625
629,T,C,0,MT-TF,400,1,0.0038806796073913574
630,C,T,0,MT-TF,400,1,-0.0010381340980529785
633,A,G,0,MT-TF,400,1,0.0001716017723083496
634,T,A,0,MT-TF,400,1,-0.001019895076751709
634,T,C,0,MT-TF,400,1,-0.0030458569526672363
635,C,T,0,MT-TF,400,1,-0.0007116794586181641
644,A,G,0,MT-TF,400,1,-0.004949986934661865
647,A,G,0,MT-TF,400,1,-0.006221592426300049
1607,T,C,0,MT-TV,400,1,-0.0026717185974121094
1617,C,T,0,MT-TV,400,1,-0.0012987852096557617
1618,A,G,0,MT-TV,400,1,-0.0031176209449768066
1624,C,T,1,MT-TV,400,1,-0.000736236572265625
1628,C,T,0,MT-TV,400,1,0.0015280842781066895
1640,A,G,0,MT-TV,400,1,-0.00011718273162841797
1644,G,A,1,MT-TV,400,1,-0.003129899501800537
1646,T,C,0,MT-TV,400,1,-0.004943192005157471
1657,C,T,0,MT-TV,400,1,-0.0013127923011779785
1664,G,A,0,MT-TV,400,1,-3.534555435180664e-05
1670,A,T,0,MT-TV,400,1,-0.010129213333129883
3236,A,G,0,MT-TL1,400,1,-0.0026127099990844727
3242,G,A,1,MT-TL1,400,1,-0.01016390323638916
3243,A,G,1,MT-TL1,400,1,-0.012040913105010986
3243,A,T,1,MT-TL1,400,1,-0.033730149269104004
3251,A,G,1,MT-TL1,400,1,-0.005489706993103027
3252,A,G,1,MT-TL1,400,1,-0.004152417182922363
3254,C,A,0,MT-TL1,400,1,-0.005929708480834961
3254,C,T,0,MT-TL1,400,1,0.004185676574707031
3255,G,A,1,MT-TL1,400,1,-0.008683383464813232
3256,C,T,1,MT-TL1,400,1,-0.007758617401123047
3258,T,C,1,MT-TL1,400,1,-0.0017657279968261719
3260,A,G,1,MT-TL1,400,1,-0.00796443223953247
3261,A,G,0,MT-TL1,400,1,-0.005274057388305664
3271,T,C,1,MT-TL1,400,1,-0.004247188568115234
3275,C,A,0,MT-TL1,400,1,-0.002011418342590332
3275,C,G,0,MT-TL1,400,1,-0.003366708755493164
3275,C,T,0,MT-TL1,400,1,-0.0009995698928833008
3277,G,A,0,MT-TL1,400,1,0.002153933048248291
3278,T,C,0,MT-TL1,400,1,-0.0018535852432250977
3290,T,C,0,MT-TL1,400,1,0.0007620453834533691
3291,T,C,1,MT-TL1,400,1,-0.002139747142791748
3302,A,G,1,MT-TL1,400,1,-0.0008342266082763672
3303,C,T,1,MT-TL1,400,1,-0.006858348846435547
4300,A,G,1,MT-TI,400,1,-0.005154013633728027
4310,A,G,0,MT-TI,400,1,0.00222015380859375
4312,C,T,0,MT-TI,400,1,0.0003508925437927246
4313,T,C,0,MT-TI,400,1,-0.0019377470016479492
4314,T,A,0,MT-TI,400,1,-0.0005971789360046387
4314,T,C,0,MT-TI,400,1,-0.0014472007751464844
4317,A,G,0,MT-TI,400,1,-0.0008153319358825684
4318,C,T,0,MT-TI,400,1,-0.0007450580596923828
4335,C,T,0,MT-TQ,400,1,-0.001599431037902832
4336,T,C,0,MT-TQ,400,1,-0.00012177228927612305
4340,A,G,0,MT-TQ,400,1,0.0008314847946166992
4343,A,G,0,MT-TQ,400,1,-0.003637373447418213
4350,C,T,0,MT-TQ,400,1,-0.0011594295501708984
4353,T,C,0,MT-TQ,400,1,-0.0012615323066711426
4370,T,C,0,MT-TQ,400,1,-0.001756906509399414
4371,T,C,0,MT-TQ,400,1,0.0003395676612854004
4373,T,C,0,MT-TQ,400,1,-0.004517257213592529
4375,C,T,0,MT-TQ,400,1,-0.003296077251434326
4381,A,G,0,MT-TQ,400,1,-0.004305243492126465
4384,T,A,0,MT-TQ,400,1,-0.0010983943939208984
4384,T,C,0,MT-TQ,400,1,-0.0016759634017944336
4385,A,G,0,MT-TQ,400,1,-0.0074462890625
4385,A,T,0,MT-TQ,400,1,-0.0034909844398498535
4386,T,C,0,MT-TQ,400,1,-0.0019231438636779785
4387,C,T,0,MT-TQ,400,1,0.0005109906196594238
4394,C,A,0,MT-TQ,400,1,-0.00012868642807006836
4395,A,G,0,MT-TQ,400,1,-0.0028124451637268066
4417,A,G,0,MT-TM,400,1,-0.006124615669250488
4418,T,C,0,MT-TM,400,1,-0.0007463693618774414
4435,A,G,0,MT-TM,400,1,-0.007761061191558838
4450,G,A,1,MT-TM,400,1,-0.004182100296020508
4452,T,C,0,MT-TM,400,1,-0.0002892613410949707
4454,T,A,0,MT-TM,400,1,-0.00278472900390625
4454,T,C,0,MT-TM,400,1,0.0006071925163269043
4464,G,A,0,MT-TM,400,1,-0.0026111602783203125
5514,A,G,0,MT-TW,400,1,-0.00535428524017334
5515,A,G,0,MT-TW,400,1,-0.009571433067321777
5516,A,G,0,MT-TW,400,1,-0.004587531089782715
5521,G,A,1,MT-TW,400,1,-0.007367193698883057
5527,A,G,0,MT-TW,400,1,-0.005797088146209717
5528,T,C,0,MT-TW,400,1,0.002675473690032959
5530,C,T,0,MT-TW,400,1,0.0006098151206970215
5539,A,G,0,MT-TW,400,1,-0.0020186901092529297
5539,A,T,0,MT-TW,400,1,-0.009999632835388184
5553,T,C,0,MT-TW,400,1,-0.0032129287719726562
5553,T,G,0,MT-TW,400,1,-0.008496284484863281
5554,C,A,0,MT-TW,400,1,0.004740655422210693
5556,G,A,1,MT-TW,400,1,-0.005448102951049805
5557,T,C,0,MT-TW,400,1,0.002444624900817871
5561,T,C,0,MT-TW,400,1,0.0012494921684265137
5563,G,A,0,MT-TW,400,1,0.002205193042755127
5566,A,G,0,MT-TW,400,1,-0.0035173892974853516
5567,T,C,0,MT-TW,400,1,0.0015526413917541504
5568,A,G,0,MT-TW,400,1,-0.0018880963325500488
5592,A,G,0,MT-TA,400,1,-0.005450904369354248
5600,A,G,0,MT-TA,400,1,-0.0001398324966430664
5601,C,T,0,MT-TA,400,1,-0.00039565563201904297
5603,C,T,0,MT-TA,400,1,-0.00131911039352417
5604,C,T,0,MT-TA,400,1,-0.0012224912643432617
5605,A,G,0,MT-TA,400,1,-0.0027425289154052734
5608,C,T,0,MT-TA,400,1,-0.0009256601333618164
5618,T,C,0,MT-TA,400,1,-0.007322430610656738
5628,T,C,0,MT-TA,400,1,-0.005862832069396973
5633,C,T,0,MT-TA,400,1,0.0004836916923522949
5640,A,G,0,MT-TA,400,1,-0.0021669864654541016
5650,G,A,1,MT-TA,400,1,-0.0052716732025146484
5655,T,C,0,MT-TA,400,1,0.000624537467956543
5662,C,T,0,MT-TN,400,1,0.0018978714942932129
5663,C,T,0,MT-TN,400,1,0.005612075328826904
5664,A,G,0,MT-TN,400,1,-0.0023838281631469727
5665,A,G,0,MT-TN,400,1,-0.0016697049140930176
5673,T,C,0,MT-TN,400,1,0.0017816424369812012
5686,A,T,0,MT-TN,400,1,-0.0011777877807617188
5690,A,G,1,MT-TN,400,1,-0.005725979804992676
5703,G,A,1,MT-TN,400,1,0.00021946430206298828
5705,A,G,0,MT-TN,400,1,0.00021076202392578125
5711,A,G,0,MT-TN,400,1,-0.0006322264671325684
5715,A,G,0,MT-TN,400,1,-0.004136264324188232
5728,T,C,1,MT-TN,400,1,-0.0013770461082458496
5772,G,A,0,MT-TC,400,1,-0.00814509391784668
5773,G,A,0,MT-TC,400,1,0.0016942024230957031
5774,T,C,0,MT-TC,400,1,0.00022745132446289062
5774,T,G,0,MT-TC,400,1,0.0008080601692199707
5775,T,C,0,MT-TC,400,1,-0.001435697078704834
5780,G,A,0,MT-TC,400,1,-0.00279080867767334
5783,G,A,0,MT-TC,400,1,-0.004086673259735107
5785,T,C,0,MT-TC,400,1,-0.00640791654586792
5786,T,C,0,MT-TC,400,1,-6.246566772460938e-05
5788,T,C,0,MT-TC,400,1,-0.00460737943649292
5794,T,C,0,MT-TC,400,1,-0.003125429153442383
5800,A,G,0,MT-TC,400,1,-0.009211361408233643
5806,T,C,0,MT-TC,400,1,-0.0011383891105651855
5807,A,G,0,MT-TC,400,1,-0.0006693601608276367
5811,A,G,0,MT-TC,400,1,-0.0021503567695617676
5814,T,A,0,MT-TC,400,1,-0.0036416053771972656
5814,T,C,0,MT-TC,400,1,-0.001440584659576416
5817,C,T,0,MT-TC,400,1,-0.008829355239868164
5821,G,A,0,MT-TC,400,1,-0.0006594657897949219
5822,G,A,0,MT-TC,400,1,-0.004043936729431152
5823,A,G,0,MT-TC,400,1,0.00045806169509887695
5824,G,A,0,MT-TC,400,1,-0.0028545260429382324
5836,A,G,0,MT-TY,400,1,-0.0009833574295043945
5839,C,T,0,MT-TY,400,1,-0.0018033385276794434
5840,C,T,0,MT-TY,400,1,0.00022286176681518555
5843,A,G,0,MT-TY,400,1,-0.0009249448776245117
5846,C,T,0,MT-TY,400,1,0.0027017593383789062
5855,A,G,0,MT-TY,400,1,-0.0005961060523986816
5867,C,T,0,MT-TY,400,1,0.007824063301086426
5875,C,T,0,MT-TY,400,1,0.002633392810821533
5876,A,G,0,MT-TY,400,1,0.0006485581398010254
7453,G,A,1,MT-TS1,400,1,-0.004343390464782715
7460,A,G,0,MT-TS1,400,1,0.0006570816040039062
7469,C,T,0,MT-TS1,400,1,0.0011385083198547363
7471,C,A,0,MT-TS1,400,1,0.004031002521514893
7471,C,T,0,MT-TS1,400,1,0.002359628677368164
7472,A,T,0,MT-TS1,400,1,-0.0002516508102416992
7476,C,T,0,MT-TS1,400,1,-0.001067042350769043
7490,A,G,0,MT-TS1,400,1,0.002569258213043213
7493,C,T,0,MT-TS1,400,1,7.200241088867188e-05
7497,G,A,1,MT-TS1,400,1,0.0002468228340148926
7498,G,A,0,MT-TS1,400,1,0.0019875764846801758
7501,T,C,0,MT-TS1,400,1,-0.0010527372360229492
7510,T,C,1,MT-TS1,400,1,-0.003437221050262451
7511,T,C,1,MT-TS1,400,1,-0.0010930895805358887
7512,T,C,1,MT-TS1,400,1,0.0012663602828979492
7521,G,A,0,MT-TD,400,1,0.008733034133911133
7533,C,T,0,MT-TD,400,1,-0.0021638870239257812
7534,C,T,0,MT-TD,400,1,-0.0023535490036010742
7543,A,G,0,MT-TD,400,1,-0.008467793464660645
7546,T,C,0,MT-TD,400,1,-0.002918720245361328
7547,T,C,0,MT-TD,400,1,-0.008309364318847656
7552,A,G,0,MT-TD,400,1,-0.005248844623565674
7559,A,G,0,MT-TD,400,1,-0.0024631619453430176
7561,T,C,0,MT-TD,400,1,-0.0009335875511169434
7567,C,T,0,MT-TD,400,1,-0.0016193985939025879
7568,T,C,0,MT-TD,400,1,0.00022685527801513672
7569,A,G,0,MT-TD,400,1,-0.0003879070281982422
7570,A,G,0,MT-TD,400,1,-0.0014098286628723145
7572,T,C,0,MT-TD,400,1,0.0038957595825195312
7576,A,G,0,MT-TD,400,1,-0.003640890121459961
7581,T,C,0,MT-TD,400,1,0.001597762107849121
7585,A,G,0,MT-TD,400,1,-0.006202757358551025
8298,T,C,0,MT-TK,400,1,-0.00195389986038208
8300,T,C,0,MT-TK,400,1,-0.0009297728538513184
8308,A,G,0,MT-TK,400,1,-0.007299244403839111
8311,T,C,0,MT-TK,400,1,0.00048089027404785156
8313,G,A,1,MT-TK,400,1,-0.008704185485839844
8315,A,G,0,MT-TK,400,1,-0.0009177923202514648
8331,A,G,0,MT-TK,400,1,-0.006868243217468262
8337,T,C,0,MT-TK,400,1,-0.0023636221885681152
8338,A,G,0,MT-TK,400,1,-0.0007332563400268555
8340,G,A,1,MT-TK,400,1,-0.002436399459838867
8343,A,G,0,MT-TK,400,1,-0.003766477108001709
8344,A,G,1,MT-TK,400,1,-0.0013132095336914062
8345,C,T,0,MT-TK,400,1,-0.0012343525886535645
8346,C,A,0,MT-TK,400,1,0.0010559558868408203
8347,A,G,0,MT-TK,400,1,-0.002009570598602295
8348,A,G,0,MT-TK,400,1,-0.0009642839431762695
8349,C,T,0,MT-TK,400,1,-0.0015038251876831055
8350,A,G,0,MT-TK,400,1,-0.003258049488067627
8356,T,C,1,MT-TK,400,1,-0.001934051513671875
8360,A,G,0,MT-TK,400,1,-0.0036579370498657227
8363,G,A,1,MT-TK,400,1,-0.007116734981536865
9991,A,G,0,MT-TG,400,1,-0.007577300071716309
9995,T,C,0,MT-TG,400,1,-0.01446002721786499
10003,T,C,0,MT-TG,400,1,-0.004592001438140869
10005,A,G,0,MT-TG,400,1,-0.006812930107116699
10006,A,G,0,MT-TG,400,1,-0.0009323954582214355
10007,T,C,0,MT-TG,400,1,-0.00237429141998291
10013,C,T,0,MT-TG,400,1,0.0005589127540588379
10018,A,G,0,MT-TG,400,1,-0.008897364139556885
10029,A,G,0,MT-TG,400,1,-0.004319548606872559
10031,T,C,0,MT-TG,400,1,-0.002250194549560547
10034,T,C,0,MT-TG,400,1,-0.0017812848091125488
10040,C,T,0,MT-TG,400,1,0.0015237927436828613
10042,A,G,0,MT-TG,400,1,-0.0007076263427734375
10044,A,G,0,MT-TG,400,1,-0.005737125873565674
10045,T,C,0,MT-TG,400,1,0.00039839744567871094
10410,T,A,0,MT-TR,400,1,0.00899362564086914
10410,T,C,0,MT-TR,400,1,-0.002952277660369873
10411,A,G,0,MT-TR,400,1,-0.0015576481819152832
10420,A,G,0,MT-TR,400,1,-0.0038694143295288086
10427,G,A,0,MT-TR,400,1,0.005914092063903809
10440,T,C,0,MT-TR,400,1,-0.004686951637268066
10446,A,G,0,MT-TR,400,1,0.0046291351318359375
10448,T,C,0,MT-TR,400,1,-0.005742847919464111
10454,T,C,0,MT-TR,400,1,0.0016720890998840332
10456,A,G,0,MT-TR,400,1,-0.003957033157348633
10463,T,C,0,MT-TR,400,1,-0.004277229309082031
12141,A,G,0,MT-TH,400,1,-0.0072095394134521484
12142,A,G,0,MT-TH,400,1,-0.004209637641906738
12147,G,A,1,MT-TH,400,1,-0.007562816143035889
12151,A,G,0,MT-TH,400,1,-0.010088860988616943
12160,A,G,0,MT-TH,400,1,-0.009134054183959961
12161,T,C,0,MT-TH,400,1,-0.0016135573387145996
12164,G,A,0,MT-TH,400,1,-0.010311782360076904
12166,T,C,0,MT-TH,400,1,-1.4781951904296875e-05
12171,A,G,0,MT-TH,400,1,-0.00489354133605957
12172,A,G,0,MT-TH,400,1,-0.005639374256134033
12173,T,C,0,MT-TH,400,1,-0.005477190017700195
12178,C,T,0,MT-TH,400,1,-0.001827836036682129
12181,C,T,0,MT-TH,400,1,-0.00017070770263671875
12188,T,C,0,MT-TH,400,1,-0.000253140926361084
12189,T,C,0,MT-TH,400,1,0.0010230541229248047
12191,C,T,0,MT-TH,400,1,0.001329183578491211
12192,G,A,0,MT-TH,400,1,0.004487156867980957
12193,A,G,0,MT-TH,400,1,-0.0014511942863464355
12196,C,T,0,MT-TH,400,1,0.001175999641418457
12201,T,C,1,MT-TH,400,1,-0.0053334832191467285
12215,T,C,0,MT-TS2,400,1,-0.0035037994384765625
12216,C,T,0,MT-TS2,400,1,0.0016415119171142578
12223,A,G,0,MT-TS2,400,1,-0.003316521644592285
12231,C,T,0,MT-TS2,400,1,0.0016522407531738281
12234,A,G,0,MT-TS2,400,1,-0.004439234733581543
12235,T,C,0,MT-TS2,400,1,-0.002237081527709961
12237,C,T,0,MT-TS2,400,1,-0.0014448761940002441
12239,C,T,0,MT-TS2,400,1,0.00017189979553222656
12245,T,C,0,MT-TS2,400,1,-0.0005797743797302246
12246,C,T,0,MT-TS2,400,1,-0.0009986162185668945
12248,A,G,0,MT-TS2,400,1,-0.006556510925292969
12258,C,A,1,MT-TS2,400,1,-0.008821845054626465
12265,A,G,0,MT-TS2,400,1,-0.006363332271575928
12273,A,G,0,MT-TL2,400,1,-0.009041190147399902
12276,G,A,1,MT-TL2,400,1,-0.011010706424713135
12279,A,G,0,MT-TL2,400,1,-0.01495581865310669
12279,A,T,0,MT-TL2,400,1,-0.018139958381652832
12280,A,G,0,MT-TL2,400,1,-0.0016441941261291504
12281,C,T,0,MT-TL2,400,1,-0.003744840621948242
12285,T,C,0,MT-TL2,400,1,-0.002065002918243408
12295,T,C,0,MT-TL2,400,1,-0.00541609525680542
12297,T,C,0,MT-TL2,400,1,-0.008755803108215332
12308,A,G,0,MT-TL2,400,1,-0.006293892860412598
12311,T,C,0,MT-TL2,400,1,0.001677095890045166
12315,G,A,1,MT-TL2,400,1,-0.0071787238121032715
14674,T,C,1,MT-TE,400,1,-0.0029438138008117676
14683,A,G,0,MT-TE,400,1,-0.0012009143829345703
14684,C,T,0,MT-TE,400,1,-0.0002238750457763672
14687,A,G,0,MT-TE,400,1,-0.0006003379821777344
14690,A,G,0,MT-TE,400,1,-0.005070328712463379
14691,C,T,0,MT-TE,400,1,0.0010586977005004883
14693,A,G,0,MT-TE,400,1,0.0007284879684448242
14696,A,C,0,MT-TE,400,1,-0.01263570785522461
14696,A,G,0,MT-TE,400,1,0.0018793940544128418
14706,A,G,0,MT-TE,400,1,-0.0006431341171264648
14709,T,C,1,MT-TE,400,1,-0.004103422164916992
14716,C,T,0,MT-TE,400,1,-0.003027200698852539
14727,T,C,0,MT-TE,400,1,-0.0009518265724182129
15889,T,C,0,MT-TT,400,1,0.0014671683311462402
15891,C,T,0,MT-TT,400,1,-0.0047397613525390625
15892,T,C,0,MT-TT,400,1,-0.007149219512939453
15893,T,C,0,MT-TT,400,1,-0.0033642053604125977
15894,G,A,0,MT-TT,400,1,-0.005557239055633545
15895,T,C,0,MT-TT,400,1,-0.007457137107849121
15900,T,C,0,MT-TT,400,1,-0.0030241012573242188
15902,A,G,0,MT-TT,400,1,-0.0033068060874938965
15903,A,G,0,MT-TT,400,1,-0.003979861736297607
15904,C,T,0,MT-TT,400,1,0.0014253854751586914
15905,T,C,0,MT-TT,400,1,-0.0009278059005737305
15907,A,G,0,MT-TT,400,1,-0.005395233631134033
15908,T,C,0,MT-TT,400,1,-0.0051926374435424805
15909,A,G,0,MT-TT,400,1,-0.00845348834991455
15911,A,G,0,MT-TT,400,1,-0.002422034740447998
15913,C,T,0,MT-TT,400,1,-0.002199888229370117
15914,A,G,0,MT-TT,400,1,0.006799876689910889
15916,T,C,0,MT-TT,400,1,-0.00446552038192749
15923,A,G,1,MT-TT,400,1,-0.0031946897506713867
15924,A,G,0,MT-TT,400,1,-0.0011315345764160156
15925,C,T,0,MT-TT,400,1,-0.0018050074577331543
15926,C,T,0,MT-TT,400,1,-0.000992894172668457
15927,G,A,0,MT-TT,400,1,-0.0027791857719421387
15928,G,A,0,MT-TT,400,1,-0.0019715428352355957
15929,A,G,0,MT-TT,400,1,-0.0042438507080078125
15930,G,A,0,MT-TT,400,1,-8.45193862915039e-05
15932,T,C,0,MT-TT,400,1,-0.003691256046295166
15935,A,G,0,MT-TT,400,1,-0.001988053321838379
15936,A,G,0,MT-TT,400,1,-0.002093017101287842
15936,A,T,0,MT-TT,400,1,-0.00253903865814209
15937,A,G,0,MT-TT,400,1,-0.004455685615539551
15937,A,T,0,MT-TT,400,1,-0.0039612650871276855
15938,C,T,0,MT-TT,400,1,-0.0018699169158935547
15939,C,T,0,MT-TT,400,1,0.00040096044540405273
15940,T,C,0,MT-TT,400,1,-0.0009403228759765625
15941,T,C,0,MT-TT,400,1,9.21487808227539e-05
15942,T,C,0,MT-TT,400,1,-0.0014677047729492188
15943,T,C,0,MT-TT,400,1,-0.0008372664451599121
15944,T,C,0,MT-TT,400,1,-0.0013082027435302734
15946,C,T,0,MT-TT,400,1,-0.003832519054412842
15947,A,G,0,MT-TT,400,1,-0.0030705928802490234
15949,G,A,0,MT-TT,400,1,-0.0036816000938415527
15951,A,G,0,MT-TT,400,1,-0.0035057663917541504
15952,C,T,0,MT-TT,400,1,-0.003843963146209717
15965,A,G,0,MT-TP,400,1,-0.0007044076919555664
15968,T,C,0,MT-TP,400,1,-0.0006263256072998047
15970,T,C,0,MT-TP,400,1,-0.003937125205993652
15977,C,T,0,MT-TP,400,1,-0.005758881568908691
15978,C,T,0,MT-TP,400,1,-0.0017642974853515625
15990,C,T,1,MT-TP,400,1,-0.009157896041870117
15992,A,T,0,MT-TP,400,1,-0.01099705696105957
16011,A,G,0,MT-TP,400,1,-0.00586700439453125
16017,T,C,0,MT-TP,400,1,0.0019894838333129883
591,C,T,1,MT-TF,400,2,0.011197328567504883
592,C,T,0,MT-TF,400,2,0.007492363452911377
593,T,C,0,MT-TF,400,2,-0.0004000663757324219
595,C,A,0,MT-TF,400,2,0.007736802101135254
595,C,T,0,MT-TF,400,2,-0.0006783008575439453
596,T,C,0,MT-TF,400,2,0.0006865262985229492
597,C,T,0,MT-TF,400,2,0.0038979649543762207
603,A,G,0,MT-TF,400,2,-0.007586002349853516
606,A,G,0,MT-TF,400,2,-0.005380749702453613
616,T,C,1,MT-TF,400,2,-0.012691974639892578
619,T,C,0,MT-TF,400,2,-0.004623293876647949
621,A,G,0,MT-TF,400,2,-0.007261455059051514
629,T,A,0,MT-TF,400,2,-0.004724085330963135
629,T,C,0,MT-TF,400,2,0.0047841668128967285
630,C,T,0,MT-TF,400,2,-0.001268148422241211
633,A,G,0,MT-TF,400,2,-0.0015671253204345703
634,T,A,0,MT-TF,400,2,0.0006854534149169922
634,T,C,0,MT-TF,400,2,-0.0009531378746032715
635,C,T,0,MT-TF,400,2,-0.002645730972290039
644,A,G,0,MT-TF,400,2,-0.006503283977508545
647,A,G,0,MT-TF,400,2,-0.00744861364364624
1607,T,C,0,MT-TV,400,2,-0.0038202404975891113
1617,C,T,0,MT-TV,400,2,-0.0024690628051757812
1618,A,G,0,MT-TV,400,2,-0.005900382995605469
1624,C,T,1,MT-TV,400,2,0.0014121532440185547
1628,C,T,0,MT-TV,400,2,0.002422928810119629
1640,A,G,0,MT-TV,400,2,0.0015336275100708008
1644,G,A,1,MT-TV,400,2,-0.005191981792449951
1646,T,C,0,MT-TV,400,2,-0.0035732388496398926
1657,C,T,0,MT-TV,400,2,0.0002206563949584961
1664,G,A,0,MT-TV,400,2,-3.0875205993652344e-05
1670,A,T,0,MT-TV,400,2,-0.009335339069366455
3236,A,G,0,MT-TL1,400,2,-0.0024596452713012695
3242,G,A,1,MT-TL1,400,2,-0.011320769786834717
3243,A,G,1,MT-TL1,400,2,-0.015133917331695557
3243,A,T,1,MT-TL1,400,2,-0.03051471710205078
3251,A,G,1,MT-TL1,400,2,-0.0053899288177490234
3252,A,G,1,MT-TL1,400,2,-0.004376530647277832
3254,C,A,0,MT-TL1,400,2,-0.0039359331130981445
3254,C,T,0,MT-TL1,400,2,0.007356166839599609
3255,G,A,1,MT-TL1,400,2,-0.007412254810333252
3256,C,T,1,MT-TL1,400,2,-0.00866234302520752
3258,T,C,1,MT-TL1,400,2,-0.0034126639366149902
3260,A,G,1,MT-TL1,400,2,-0.008690357208251953
3261,A,G,0,MT-TL1,400,2,-0.005991160869598389
3271,T,C,1,MT-TL1,400,2,-0.0055501461029052734
3275,C,A,0,MT-TL1,400,2,-0.001306772232055664
3275,C,G,0,MT-TL1,400,2,-0.004284977912902832
3275,C,T,0,MT-TL1,400,2,-0.002230048179626465
3277,G,A,0,MT-TL1,400,2,0.0036615729331970215
3278,T,C,0,MT-TL1,400,2,-0.00046765804290771484
3290,T,C,0,MT-TL1,400,2,0.0023757219314575195
3291,T,C,1,MT-TL1,400,2,-0.0002535581588745117
3302,A,G,1,MT-TL1,400,2,-0.001649022102355957
3303,C,T,1,MT-TL1,400,2,-0.007090628147125244
4300,A,G,1,MT-TI,400,2,-0.005281686782836914
4310,A,G,0,MT-TI,400,2,0.0011774301528930664
4312,C,T,0,MT-TI,400,2,5.346536636352539e-05
4313,T,C,0,MT-TI,400,2,-0.0028550028800964355
4314,T,A,0,MT-TI,400,2,8.106231689453125e-06
4314,T,C,0,MT-TI,400,2,-0.0015850663185119629
4317,A,G,0,MT-TI,400,2,-6.335973739624023e-05
4318,C,T,0,MT-TI,400,2,-0.001307845115661621
4335,C,T,0,MT-TQ,400,2,-0.0010288357734680176
4336,T,C,0,MT-TQ,400,2,-0.0003591179847717285
4340,A,G,0,MT-TQ,400,2,-0.0002225637435913086
4343,A,G,0,MT-TQ,400,2,-0.0037176012992858887
4350,C,T,0,MT-TQ,400,2,-0.0002741813659667969
4353,T,C,0,MT-TQ,400,2,-0.001010119915008545
4370,T,C,0,MT-TQ,400,2,-0.002124309539794922
4371,T,C,0,MT-TQ,400,2,0.00049591064453125
4373,T,C,0,MT-TQ,400,2,-0.0017975568771362305
4375,C,T,0,MT-TQ,400,2,-0.003003537654876709
4381,A,G,0,MT-TQ,400,2,-0.004822373390197754
4384,T,A,0,MT-TQ,400,2,0.0014085769653320312
4384,T,C,0,MT-TQ,400,2,-0.0010386109352111816
4385,A,G,0,MT-TQ,400,2,-0.005729556083679199
4385,A,T,0,MT-TQ,400,2,-0.005034804344177246
4386,T,C,0,MT-TQ,400,2,-0.0028079748153686523
4387,C,T,0,MT-TQ,400,2,-0.0013511180877685547
4394,C,A,0,MT-TQ,400,2,-0.0006482601165771484
4395,A,G,0,MT-TQ,400,2,-0.0016497373580932617
4417,A,G,0,MT-TM,400,2,-0.006041169166564941
4418,T,C,0,MT-TM,400,2,-0.0009792447090148926
4435,A,G,0,MT-TM,400,2,-0.008223414421081543
4450,G,A,1,MT-TM,400,2,-0.00277787446975708
4452,T,C,0,MT-TM,400,2,-0.0004678964614868164
4454,T,A,0,MT-TM,400,2,6.514787673950195e-05
4454,T,C,0,MT-TM,400,2,-0.000861048698425293
4464,G,A,0,MT-TM,400,2,-0.0032269954681396484
5514,A,G,0,MT-TW,400,2,-0.006589353084564209
5515,A,G,0,MT-TW,400,2,-0.009501636028289795
5516,A,G,0,MT-TW,400,2,-0.004556775093078613
5521,G,A,1,MT-TW,400,2,-0.007625997066497803
5527,A,G,0,MT-TW,400,2,-0.004750370979309082
5528,T,C,0,MT-TW,400,2,0.0009932518005371094
5530,C,T,0,MT-TW,400,2,1.4960765838623047e-05
5539,A,G,0,MT-TW,400,2,-0.004735112190246582
5539,A,T,0,MT-TW,400,2,-0.00863713026046753
5553,T,C,0,MT-TW,400,2,-0.005455315113067627
5553,T,G,0,MT-TW,400,2,-0.008044898509979248
5554,C,A,0,MT-TW,400,2,0.005074679851531982
5556,G,A,1,MT-TW,400,2,-0.005771636962890625
5557,T,C,0,MT-TW,400,2,0.001507401466369629
5561,T,C,0,MT-TW,400,2,0.0005942583084106445
5563,G,A,0,MT-TW,400,2,0.003227710723876953
5566,A,G,0,MT-TW,400,2,-0.002354741096496582
5567,T,C,0,MT-TW,400,2,0.0002835988998413086
5568,A,G,0,MT-TW,400,2,-0.0012030601501464844
5592,A,G,0,MT-TA,400,2,-0.0034093260765075684
5600,A,G,0,MT-TA,400,2,-0.0002796053886413574
5601,C,T,0,MT-TA,400,2,-0.0007196664810180664
5603,C,T,0,MT-TA,400,2,0.0003066062927246094
5604,C,T,0,MT-TA,400,2,0.0005878806114196777
5605,A,G,0,MT-TA,400,2,-0.004484117031097412
5608,C,T,0,MT-TA,400,2,-0.003196239471435547
5618,T,C,0,MT-TA,400,2,-0.0064002275466918945
5628,T,C,0,MT-TA,400,2,-0.004676878452301025
5633,C,T,0,MT-TA,400,2,0.0006496906280517578
5640,A,G,0,MT-TA,400,2,-0.0032434463500976562
5650,G,A,1,MT-TA,400,2,-0.005559146404266357
5655,T,C,0,MT-TA,400,2,-0.0005224943161010742
5662,C,T,0,MT-TN,400,2,0.0026268959045410156
5663,C,T,0,MT-TN,400,2,0.004701197147369385
5664,A,G,0,MT-TN,400,2,-0.001254260540008545
5665,A,G,0,MT-TN,400,2,-0.0029866695404052734
5673,T,C,0,MT-TN,400,2,-0.00031936168670654297
5686,A,T,0,MT-TN,400,2,-0.0024990439414978027
5690,A,G,1,MT-TN,400,2,-0.007667660713195801
5703,G,A,1,MT-TN,400,2,0.0008544921875
5705,A,G,0,MT-TN,400,2,0.0004101395606994629
5711,A,G,0,MT-TN,400,2,-0.000584721565246582
5715,A,G,0,MT-TN,400,2,-0.0023499727249145508
5728,T,C,1,MT-TN,400,2,-0.004767477512359619
5772,G,A,0,MT-TC,400,2,-0.006988525390625
5773,G,A,0,MT-TC,400,2,-0.00046074390411376953
5774,T,C,0,MT-TC,400,2,0.0007779598236083984
5774,T,G,0,MT-TC,400,2,0.0007859468460083008
5775,T,C,0,MT-TC,400,2,-0.0014802217483520508
5780,G,A,0,MT-TC,400,2,-0.003662407398223877
5783,G,A,0,MT-TC,400,2,-0.003990352153778076
5785,T,C,0,MT-TC,400,2,-0.006532430648803711
5786,T,C,0,MT-TC,400,2,-0.0006256103515625
5788,T,C,0,MT-TC,400,2,-0.004210233688354492
5794,T,C,0,MT-TC,400,2,-0.0028235316276550293
5800,A,G,0,MT-TC,400,2,-0.007795155048370361
5806,T,C,0,MT-TC,400,2,-0.0017327070236206055
5807,A,G,0,MT-TC,400,2,-0.0003077983856201172
5811,A,G,0,MT-TC,400,2,-0.0026314854621887207
5814,T,A,0,MT-TC,400,2,-0.004583954811096191
5814,T,C,0,MT-TC,400,2,-0.0015748143196105957
5817,C,T,0,MT-TC,400,2,-0.007802426815032959
5821,G,A,0,MT-TC,400,2,0.0004190802574157715
5822,G,A,0,MT-TC,400,2,-0.0046425461769104
5823,A,G,0,MT-TC,400,2,0.0006235241889953613
5824,G,A,0,MT-TC,400,2,-0.0025600790977478027
5836,A,G,0,MT-TY,400,2,-0.0007331371307373047
5839,C,T,0,MT-TY,400,2,-0.0007127523422241211
5840,C,T,0,MT-TY,400,2,-0.00036072731018066406
5843,A,G,0,MT-TY,400,2,-0.0023893117904663086
5846,C,T,0,MT-TY,400,2,0.0013723969459533691
5855,A,G,0,MT-TY,400,2,0.00112074613571167
5867,C,T,0,MT-TY,400,2,0.0065007805824279785
5875,C,T,0,MT-TY,400,2,0.001017749309539795
5876,A,G,0,MT-TY,400,2,0.0005180835723876953
7453,G,A,1,MT-TS1,400,2,-0.006817996501922607
7460,A,G,0,MT-TS1,400,2,0.0016841292381286621
7469,C,T,0,MT-TS1,400,2,-0.0005414485931396484
7471,C,A,0,MT-TS1,400,2,0.003673553466796875
7471,C,T,0,MT-TS1,400,2,0.0029369592666625977
7472,A,T,0,MT-TS1,400,2,-0.0002351999282836914
7476,C,T,0,MT-TS1,400,2,0.0003917217254638672
7490,A,G,0,MT-TS1,400,2,0.0024203062057495117
7493,C,T,0,MT-TS1,400,2,0.0008212924003601074
7497,G,A,1,MT-TS1,400,2,-0.00024068355560302734
7498,G,A,0,MT-TS1,400,2,0.0020608901977539062
7501,T,C,0,MT-TS1,400,2,-0.0027261972427368164
7510,T,C,1,MT-TS1,400,2,-0.0029834508895874023
7511,T,C,1,MT-TS1,400,2,-0.001380324363708496
7512,T,C,1,MT-TS1,400,2,0.00202256441116333
7521,G,A,0,MT-TD,400,2,0.009051740169525146
7533,C,T,0,MT-TD,400,2,-0.0017098784446716309
7534,C,T,0,MT-TD,400,2,-0.001909792423248291
7543,A,G,0,MT-TD,400,2,-0.008374333381652832
7546,T,C,0,MT-TD,400,2,-0.004173457622528076
7547,T,C,0,MT-TD,400,2,-0.008552968502044678
7552,A,G,0,MT-TD,400,2,-0.005779385566711426
7559,A,G,0,MT-TD,400,2,-0.0021143555641174316
7561,T,C,0,MT-TD,400,2,-0.0010247230529785156
7567,C,T,0,MT-TD,400,2,-0.0011173486709594727
7568,T,C,0,MT-TD,400,2,0.0004208087921142578
7569,A,G,0,MT-TD,400,2,-0.0014253854751586914
7570,A,G,0,MT-TD,400,2,-0.001538991928100586
7572,T,C,0,MT-TD,400,2,0.0036461353302001953
7576,A,G,0,MT-TD,400,2,-0.0040174126625061035
7581,T,C,0,MT-TD,400,2,0.0019394159317016602
7585,A,G,0,MT-TD,400,2,-0.005863308906555176
8298,T,C,0,MT-TK,400,2,-0.0018870830535888672
8300,T,C,0,MT-TK,400,2,-0.0012766122817993164
8308,A,G,0,MT-TK,400,2,-0.007520139217376709
8311,T,C,0,MT-TK,400,2,-0.0003935098648071289
8313,G,A,1,MT-TK,400,2,-0.008762001991271973
8315,A,G,0,MT-TK,400,2,-0.0036183595657348633
8331,A,G,0,MT-TK,400,2,-0.00693589448928833
8337,T,C,0,MT-TK,400,2,-0.0028570890426635742
8338,A,G,0,MT-TK,400,2,0.00022524595260620117
8340,G,A,1,MT-TK,400,2,-0.0038124918937683105
8343,A,G,0,MT-TK,400,2,-0.0032163262367248535
8344,A,G,1,MT-TK,400,2,-0.002034485340118408
8345,C,T,0,MT-TK,400,2,-0.0003151893615722656
8346,C,A,0,MT-TK,400,2,0.0005688667297363281
8347,A,G,0,MT-TK,400,2,-0.0013017058372497559
8348,A,G,0,MT-TK,400,2,-0.002539396286010742
8349,C,T,0,MT-TK,400,2,-0.002736330032348633
8350,A,G,0,MT-TK,400,2,-0.0018371939659118652
8356,T,C,1,MT-TK,400,2,-0.0030620694160461426
8360,A,G,0,MT-TK,400,2,-0.0032500028610229492
8363,G,A,1,MT-TK,400,2,-0.0068855881690979
9991,A,G,0,MT-TG,400,2,-0.00809323787689209
9995,T,C,0,MT-TG,400,2,-0.013727724552154541
10003,T,C,0,MT-TG,400,2,-0.0040854811668396
10005,A,G,0,MT-TG,400,2,-0.005459904670715332
10006,A,G,0,MT-TG,400,2,-0.0035510659217834473
10007,T,C,0,MT-TG,400,2,-0.002203047275543213
10013,C,T,0,MT-TG,400,2,0.0005151629447937012
10018,A,G,0,MT-TG,400,2,-0.007998168468475342
10029,A,G,0,MT-TG,400,2,-0.003735661506652832
10031,T,C,0,MT-TG,400,2,-0.0021584033966064453
10034,T,C,0,MT-TG,400,2,-0.0023527145385742188
10040,C,T,0,MT-TG,400,2,0.00010854005813598633
10042,A,G,0,MT-TG,400,2,-0.002336263656616211
10044,A,G,0,MT-TG,400,2,-0.004479885101318359
10045,T,C,0,MT-TG,400,2,0.0011522769927978516
10410,T,A,0,MT-TR,400,2,0.008090853691101074
10410,T,C,0,MT-TR,400,2,-0.0036707520484924316
10411,A,G,0,MT-TR,400,2,0.0024823546409606934
10420,A,G,0,MT-TR,400,2,-0.004108130931854248
10427,G,A,0,MT-TR,400,2,0.004484772682189941
10440,T,C,0,MT-TR,400,2,-0.005271971225738525
10446,A,G,0,MT-TR,400,2,0.003154158592224121
10448,T,C,0,MT-TR,400,2,-0.005600988864898682
10454,T,C,0,MT-TR,400,2,-0.00011688470840454102
10456,A,G,0,MT-TR,400,2,-0.005276858806610107
10463,T,C,0,MT-TR,400,2,-0.0032368898391723633
12141,A,G,0,MT-TH,400,2,-0.006929934024810791
12142,A,G,0,MT-TH,400,2,-0.005143284797668457
12147,G,A,1,MT-TH,400,2,-0.007794737815856934
12151,A,G,0,MT-TH,400,2,-0.007557213306427002
12160,A,G,0,MT-TH,400,2,-0.009859263896942139
12161,T,C,0,MT-TH,400,2,-0.0031867027282714844
12164,G,A,0,MT-TH,400,2,-0.010257720947265625
12166,T,C,0,MT-TH,400,2,0.0003072023391723633
12171,A,G,0,MT-TH,400,2,-0.005966544151306152
12172,A,G,0,MT-TH,400,2,-0.005313515663146973
12173,T,C,0,MT-TH,400,2,-0.0033010244369506836
12178,C,T,0,MT-TH,400,2,-0.005144894123077393
12181,C,T,0,MT-TH,400,2,-0.0008077621459960938
12188,T,C,0,MT-TH,400,2,0.00026357173919677734
12189,T,C,0,MT-TH,400,2,0.0010199546813964844
12191,C,T,0,MT-TH,400,2,0.001018524169921875
12192,G,A,0,MT-TH,400,2,0.003484666347503662
12193,A,G,0,MT-TH,400,2,-0.0008928775787353516
12196,C,T,0,MT-TH,400,2,0.001840054988861084
12201,T,C,1,MT-TH,400,2,-0.002644777297973633
12215,T,C,0,MT-TS2,400,2,-0.0018775463104248047
12216,C,T,0,MT-TS2,400,2,0.0006077289581298828
12223,A,G,0,MT-TS2,400,2,-0.0027361512184143066
12231,C,T,0,MT-TS2,400,2,0.0012295246124267578
12234,A,G,0,MT-TS2,400,2,-0.004982948303222656
12235,T,C,0,MT-TS2,400,2,-0.002124309539794922
12237,C,T,0,MT-TS2,400,2,-0.002775251865386963
12239,C,T,0,MT-TS2,400,2,-0.00127410888671875
12245,T,C,0,MT-TS2,400,2,0.00041681528091430664
12246,C,T,0,MT-TS2,400,2,-0.002907276153564453
12248,A,G,0,MT-TS2,400,2,-0.0052405595779418945
12258,C,A,1,MT-TS2,400,2,-0.008331358432769775
12265,A,G,0,MT-TS2,400,2,-0.004423975944519043
12273,A,G,0,MT-TL2,400,2,-0.009527146816253662
12276,G,A,1,MT-TL2,400,2,-0.011610031127929688
12279,A,G,0,MT-TL2,400,2,-0.013401269912719727
12279,A,T,0,MT-TL2,400,2,-0.020684361457824707
12280,A,G,0,MT-TL2,400,2,-0.0020976662635803223
12281,C,T,0,MT-TL2,400,2,-0.003700077533721924
12285,T,C,0,MT-TL2,400,2,-0.0043825507164001465
12295,T,C,0,MT-TL2,400,2,-0.0046541690826416016
12297,T,C,0,MT-TL2,400,2,-0.010435938835144043
12308,A,G,0,MT-TL2,400,2,-0.00611346960067749
12311,T,C,0,MT-TL2,400,2,-0.0013551115989685059
12315,G,A,1,MT-TL2,400,2,-0.006510734558105469
14674,T,C,1,MT-TE,400,2,-0.004294097423553467
14683,A,G,0,MT-TE,400,2,0.00043761730194091797
14684,C,T,0,MT-TE,400,2,0.0002799034118652344
14687,A,G,0,MT-TE,400,2,-0.001735389232635498
14690,A,G,0,MT-TE,400,2,-0.005020618438720703
14691,C,T,0,MT-TE,400,2,0.0013415217399597168
14693,A,G,0,MT-TE,400,2,-0.003671586513519287
14696,A,C,0,MT-TE,400,2,-0.011514663696289062
14696,A,G,0,MT-TE,400,2,-0.00029027462005615234
14706,A,G,0,MT-TE,400,2,-0.0002664327621459961
14709,T,C,1,MT-TE,400,2,-0.004792988300323486
14716,C,T,0,MT-TE,400,2,-0.0026882290840148926
14727,T,C,0,MT-TE,400,2,0.0004703402519226074
15889,T,C,0,MT-TT,400,2,0.002904355525970459
15891,C,T,0,MT-TT,400,2,-0.005307555198669434
15892,T,C,0,MT-TT,400,2,-0.00763094425201416
15893,T,C,0,MT-TT,400,2,-0.005287587642669678
15894,G,A,0,MT-TT,400,2,-0.004467785358428955
15895,T,C,0,MT-TT,400,2,-0.007232964038848877
15900,T,C,0,MT-TT,400,2,-0.0011807680130004883
15902,A,G,0,MT-TT,400,2,-0.0026998519897460938
15903,A,G,0,MT-TT,400,2,-0.003064572811126709
15904,C,T,0,MT-TT,400,2,0.0018601417541503906
15905,T,C,0,MT-TT,400,2,-0.0014066696166992188
15907,A,G,0,MT-TT,400,2,-0.004776298999786377
15908,T,C,0,MT-TT,400,2,-0.005040884017944336
15909,A,G,0,MT-TT,400,2,-0.009009301662445068
15911,A,G,0,MT-TT,400,2,-0.003016054630279541
15913,C,T,0,MT-TT,400,2,-0.0015390515327453613
15914,A,G,0,MT-TT,400,2,0.005793213844299316
15916,T,C,0,MT-TT,400,2,-0.0056414008140563965
15923,A,G,1,MT-TT,400,2,-0.004601657390594482
15924,A,G,0,MT-TT,400,2,-0.0007113218307495117
15925,C,T,0,MT-TT,400,2,-0.0021035075187683105
15926,C,T,0,MT-TT,400,2,0.0005521178245544434
15927,G,A,0,MT-TT,400,2,-0.002591729164123535
15928,G,A,0,MT-TT,400,2,-0.0031090974807739258
15929,A,G,0,MT-TT,400,2,-0.0027794241905212402
15930,G,A,0,MT-TT,400,2,0.0001500844955444336
15932,T,C,0,MT-TT,400,2,-0.003215789794921875
15935,A,G,0,MT-TT,400,2,-0.0020992159843444824
15936,A,G,0,MT-TT,400,2,0.00027489662170410156
15936,A,T,0,MT-TT,400,2,-0.0026890039443969727
15937,A,G,0,MT-TT,400,2,-0.0051313042640686035
15937,A,T,0,MT-TT,400,2,-0.0034111738204956055
15938,C,T,0,MT-TT,400,2,-0.002776503562927246
15939,C,T,0,MT-TT,400,2,0.0005733966827392578
15940,T,C,0,MT-TT,400,2,0.0013017654418945312
15941,T,C,0,MT-TT,400,2,-0.0005590915679931641
15942,T,C,0,MT-TT,400,2,-0.0011053681373596191
15943,T,C,0,MT-TT,400,2,-0.0003514885902404785
15944,T,C,0,MT-TT,400,2,-0.0014047622680664062
15946,C,T,0,MT-TT,400,2,-0.005122661590576172
15947,A,G,0,MT-TT,400,2,-0.003249228000640869
15949,G,A,0,MT-TT,400,2,-0.0035179853439331055
15951,A,G,0,MT-TT,400,2,-0.0028716325759887695
15952,C,T,0,MT-TT,400,2,-0.0014072060585021973
15965,A,G,0,MT-TP,400,2,-0.0003377199172973633
15968,T,C,0,MT-TP,400,2,0.0004761219024658203
15970,T,C,0,MT-TP,400,2,-0.003548145294189453
15977,C,T,0,MT-TP,400,2,-0.00728374719619751
15978,C,T,0,MT-TP,400,2,-0.0011707544326782227
15990,C,T,1,MT-TP,400,2,-0.007745981216430664
15992,A,T,0,MT-TP,400,2,-0.013512492179870605
16011,A,G,0,MT-TP,400,2,-0.007647395133972168
16017,T,C,0,MT-TP,400,2,0.0009378194808959961
591,C,T,1,MT-TF,400,3,0.00714874267578125
592,C,T,0,MT-TF,400,3,0.0049474239349365234
593,T,C,0,MT-TF,400,3,0.0009848475456237793
595,C,A,0,MT-TF,400,3,0.005929112434387207
595,C,T,0,MT-TF,400,3,0.0017268657684326172
596,T,C,0,MT-TF,400,3,-0.002817392349243164
597,C,T,0,MT-TF,400,3,0.004343807697296143
603,A,G,0,MT-TF,400,3,-0.009263813495635986
606,A,G,0,MT-TF,400,3,-0.007749199867248535
616,T,C,1,MT-TF,400,3,-0.012707114219665527
619,T,C,0,MT-TF,400,3,-0.00394362211227417
621,A,G,0,MT-TF,400,3,-0.006335318088531494
629,T,A,0,MT-TF,400,3,-0.004858553409576416
629,T,C,0,MT-TF,400,3,0.0018597841262817383
630,C,T,0,MT-TF,400,3,-0.0007862448692321777
633,A,G,0,MT-TF,400,3,-0.0006632208824157715
634,T,A,0,MT-TF,400,3,0.0009806156158447266
634,T,C,0,MT-TF,400,3,-0.0031915903091430664
635,C,T,0,MT-TF,400,3,-0.00015729665756225586
644,A,G,0,MT-TF,400,3,-0.0057482123374938965
647,A,G,0,MT-TF,400,3,-0.008071541786193848
1607,T,C,0,MT-TV,400,3,-0.0007317066192626953
1617,C,T,0,MT-TV,400,3,-0.00029593706130981445
1618,A,G,0,MT-TV,400,3,-0.0037847161293029785
1624,C,T,1,MT-TV,400,3,0.0014153122901916504
1628,C,T,0,MT-TV,400,3,0.0023668408393859863
1640,A,G,0,MT-TV,400,3,-0.00011742115020751953
1644,G,A,1,MT-TV,400,3,-0.002032041549682617
1646,T,C,0,MT-TV,400,3,-0.003661811351776123
1657,C,T,0,MT-TV,400,3,-2.682209014892578e-06
1664,G,A,0,MT-TV,400,3,0.001726686954498291
1670,A,T,0,MT-TV,400,3,-0.010050296783447266
3236,A,G,0,MT-TL1,400,3,-0.0012392997741699219
3242,G,A,1,MT-TL1,400,3,-0.011275172233581543
3243,A,G,1,MT-TL1,400,3,-0.015397369861602783
3243,A,T,1,MT-TL1,400,3,-0.031194567680358887
3251,A,G,1,MT-TL1,400,3,-0.005704402923583984
3252,A,G,1,MT-TL1,400,3,-0.004677534103393555
3254,C,A,0,MT-TL1,400,3,-0.00391542911529541
3254,C,T,0,MT-TL1,400,3,0.0044991374015808105
3255,G,A,1,MT-TL1,400,3,-0.010028719902038574
3256,C,T,1,MT-TL1,400,3,-0.010008096694946289
3258,T,C,1,MT-TL1,400,3,-0.004957675933837891
3260,A,G,1,MT-TL1,400,3,-0.006894946098327637
3261,A,G,0,MT-TL1,400,3,-0.006364941596984863
3271,T,C,1,MT-TL1,400,3,-0.003183126449584961
3275,C,A,0,MT-TL1,400,3,-0.0018624067306518555
3275,C,G,0,MT-TL1,400,3,-0.001698613166809082
3275,C,T,0,MT-TL1,400,3,0.0004081130027770996
3277,G,A,0,MT-TL1,400,3,0.004758238792419434
3278,T,C,0,MT-TL1,400,3,-0.0006129145622253418
3290,T,C,0,MT-TL1,400,3,0.0018023252487182617
3291,T,C,1,MT-TL1,400,3,-0.0013707876205444336
3302,A,G,1,MT-TL1,400,3,-0.001891493797302246
3303,C,T,1,MT-TL1,400,3,-0.007272124290466309
4300,A,G,1,MT-TI,400,3,-0.0055198073387146
4310,A,G,0,MT-TI,400,3,0.004807949066162109
4312,C,T,0,MT-TI,400,3,0.00045883655548095703
4313,T,C,0,MT-TI,400,3,-0.0009317398071289062
4314,T,A,0,MT-TI,400,3,-0.0016951560974121094
4314,T,C,0,MT-TI,400,3,-0.002101421356201172
4317,A,G,0,MT-TI,400,3,-0.0014920234680175781
4318,C,T,0,MT-TI,400,3,-0.001112222671508789
4335,C,T,0,MT-TQ,400,3,-0.0016630291938781738
4336,T,C,0,MT-TQ,400,3,-0.000897824764251709
4340,A,G,0,MT-TQ,400,3,0.00011235475540161133
4343,A,G,0,MT-TQ,400,3,-0.002197742462158203
4350,C,T,0,MT-TQ,400,3,0.0006468296051025391
4353,T,C,0,MT-TQ,400,3,-0.0013058185577392578
4370,T,C,0,MT-TQ,400,3,-0.002885758876800537
4371,T,C,0,MT-TQ,400,3,-0.0005631446838378906
4373,T,C,0,MT-TQ,400,3,-0.0027253031730651855
4375,C,T,0,MT-TQ,400,3,-0.004242897033691406
4381,A,G,0,MT-TQ,400,3,-0.004531264305114746
4384,T,A,0,MT-TQ,400,3,-6.467103958129883e-05
4384,T,C,0,MT-TQ,400,3,-0.0024723410606384277
4385,A,G,0,MT-TQ,400,3,-0.00657963752746582
4385,A,T,0,MT-TQ,400,3,-0.004197537899017334
4386,T,C,0,MT-TQ,400,3,-0.002075672149658203
4387,C,T,0,MT-TQ,400,3,-0.0002484321594238281
4394,C,A,0,MT-TQ,400,3,-0.0008755922317504883
4395,A,G,0,MT-TQ,400,3,-0.00159454345703125
4417,A,G,0,MT-TM,400,3,-0.004871964454650879
4418,T,C,0,MT-TM,400,3,-0.0009741783142089844
4435,A,G,0,MT-TM,400,3,-0.007640480995178223
4450,G,A,1,MT-TM,400,3,-0.0036115646362304688
4452,T,C,0,MT-TM,400,3,-0.00034612417221069336
4454,T,A,0,MT-TM,400,3,-1.7702579498291016e-05
4454,T,C,0,MT-TM,400,3,-0.0009922981262207031
4464,G,A,0,MT-TM,400,3,-0.001786947250366211
5514,A,G,0,MT-TW,400,3,-0.005841493606567383
5515,A,G,0,MT-TW,400,3,-0.009997189044952393
5516,A,G,0,MT-TW,400,3,-0.004457592964172363
5521,G,A,1,MT-TW,400,3,-0.007305562496185303
5527,A,G,0,MT-TW,400,3,-0.004642963409423828
5528,T,C,0,MT-TW,400,3,0.001940011978149414
5530,C,T,0,MT-TW,400,3,-0.0021663904190063477
5539,A,G,0,MT-TW,400,3,-0.0024110078811645508
5539,A,T,0,MT-TW,400,3,-0.011301159858703613
5553,T,C,0,MT-TW,400,3,-0.004298031330108643
5553,T,G,0,MT-TW,400,3,-0.007772564888000488
5554,C,A,0,MT-TW,400,3,0.0038314461708068848
5556,G,A,1,MT-TW,400,3,-0.004541873931884766
5557,T,C,0,MT-TW,400,3,0.001942753791809082
5561,T,C,0,MT-TW,400,3,0.0008113384246826172
5563,G,A,0,MT-TW,400,3,0.0030481815338134766
5566,A,G,0,MT-TW,400,3,-0.0034790635108947754
5567,T,C,0,MT-TW,400,3,0.00104445219039917
5568,A,G,0,MT-TW,400,3,-0.0025069117546081543
5592,A,G,0,MT-TA,400,3,-0.0026032328605651855
5600,A,G,0,MT-TA,400,3,0.000344693660736084
5601,C,T,0,MT-TA,400,3,-0.0017363429069519043
5603,C,T,0,MT-TA,400,3,0.0008044838905334473
5604,C,T,0,MT-TA,400,3,4.023313522338867e-05
5605,A,G,0,MT-TA,400,3,-0.004098653793334961
5608,C,T,0,MT-TA,400,3,-0.0012603998184204102
5618,T,C,0,MT-TA,400,3,-0.006831347942352295
5628,T,C,0,MT-TA,400,3,-0.005143642425537109
5633,C,T,0,MT-TA,400,3,-0.0009773969650268555
5640,A,G,0,MT-TA,400,3,-0.0044615864753723145
5650,G,A,1,MT-TA,400,3,-0.004356861114501953
5655,T,C,0,MT-TA,400,3,-0.0010563135147094727
5662,C,T,0,MT-TN,400,3,0.002199411392211914
5663,C,T,0,MT-TN,400,3,0.0031719207763671875
5664,A,G,0,MT-TN,400,3,-0.0017380714416503906
5665,A,G,0,MT-TN,400,3,-0.0014620423316955566
5673,T,C,0,MT-TN,400,3,-0.0010106563568115234
5686,A,T,0,MT-TN,400,3,-0.001583874225616455
5690,A,G,1,MT-TN,400,3,-0.007980942726135254
5703,G,A,1,MT-TN,400,3,-0.00036782026290893555
5705,A,G,0,MT-TN,400,3,-0.0016540884971618652
5711,A,G,0,MT-TN,400,3,-0.0010110139846801758
5715,A,G,0,MT-TN,400,3,-0.0025392770767211914
5728,T,C,1,MT-TN,400,3,-0.0020494461059570312
5772,G,A,0,MT-TC,400,3,-0.005829870700836182
5773,G,A,0,MT-TC,400,3,0.0012766718864440918
5774,T,C,0,MT-TC,400,3,0.0013614296913146973
5774,T,G,0,MT-TC,400,3,0.0016938447952270508
5775,T,C,0,MT-TC,400,3,-0.0018143653869628906
5780,G,A,0,MT-TC,400,3,-0.0046923160552978516
5783,G,A,0,MT-TC,400,3,-0.002886354923248291
5785,T,C,0,MT-TC,400,3,-0.006754815578460693
5786,T,C,0,MT-TC,400,3,0.00041812658309936523
5788,T,C,0,MT-TC,400,3,-0.00433349609375
5794,T,C,0,MT-TC,400,3,-0.002339780330657959
5800,A,G,0,MT-TC,400,3,-0.006884217262268066
5806,T,C,0,MT-TC,400,3,-0.001204848289489746
5807,A,G,0,MT-TC,400,3,-0.000498652458190918
5811,A,G,0,MT-TC,400,3,-0.0039212703704833984
5814,T,A,0,MT-TC,400,3,-0.003742039203643799
5814,T,C,0,MT-TC,400,3,-0.0021817684173583984
5817,C,T,0,MT-TC,400,3,-0.007918715476989746
5821,G,A,0,MT-TC,400,3,-0.0009409189224243164
5822,G,A,0,MT-TC,400,3,-0.003542780876159668
5823,A,G,0,MT-TC,400,3,0.00011813640594482422
5824,G,A,0,MT-TC,400,3,-0.003612041473388672
5836,A,G,0,MT-TY,400,3,-0.0006939172744750977
5839,C,T,0,MT-TY,400,3,-0.0008585453033447266
5840,C,T,0,MT-TY,400,3,-0.0005322098731994629
5843,A,G,0,MT-TY,400,3,-0.0019425153732299805
5846,C,T,0,MT-TY,400,3,0.0005447268486022949
5855,A,G,0,MT-TY,400,3,-0.0003699660301208496
5867,C,T,0,MT-TY,400,3,0.005597233772277832
5875,C,T,0,MT-TY,400,3,0.0013092756271362305
5876,A,G,0,MT-TY,400,3,-0.0006955265998840332
7453,G,A,1,MT-TS1,400,3,-0.0046395063400268555
7460,A,G,0,MT-TS1,400,3,0.0018198490142822266
7469,C,T,0,MT-TS1,400,3,-0.0009519457817077637
7471,C,A,0,MT-TS1,400,3,0.003512084484100342
7471,C,T,0,MT-TS1,400,3,0.002507627010345459
7472,A,T,0,MT-TS1,400,3,-0.0003699064254760742
7476,C,T,0,MT-TS1,400,3,0.00041753053665161133
7490,A,G,0,MT-TS1,400,3,0.005225837230682373
7493,C,T,0,MT-TS1,400,3,-3.165006637573242e-05
7497,G,A,1,MT-TS1,400,3,-0.0008721351623535156
7498,G,A,0,MT-TS1,400,3,0.0018842220306396484
7501,T,C,0,MT-TS1,400,3,-0.0029282569885253906
7510,T,C,1,MT-TS1,400,3,-0.001692056655883789
7511,T,C,1,MT-TS1,400,3,-0.001605987548828125
7512,T,C,1,MT-TS1,400,3,0.0004291534423828125
7521,G,A,0,MT-TD,400,3,0.009200990200042725
7533,C,T,0,MT-TD,400,3,-0.001579582691192627
7534,C,T,0,MT-TD,400,3,-0.003249943256378174
7543,A,G,0,MT-TD,400,3,-0.008313953876495361
7546,T,C,0,MT-TD,400,3,-0.0044934749603271484
7547,T,C,0,MT-TD,400,3,-0.011579930782318115
7552,A,G,0,MT-TD,400,3,-0.004580438137054443
7559,A,G,0,MT-TD,400,3,-0.0034911036491394043
7561,T,C,0,MT-TD,400,3,-0.0016446113586425781
7567,C,T,0,MT-TD,400,3,-0.0006524920463562012
7568,T,C,0,MT-TD,400,3,0.0009359121322631836
7569,A,G,0,MT-TD,400,3,-0.0003896951675415039
7570,A,G,0,MT-TD,400,3,-0.001887202262878418
7572,T,C,0,MT-TD,400,3,0.0041138529777526855
7576,A,G,0,MT-TD,400,3,-0.0040732622146606445
7581,T,C,0,MT-TD,400,3,0.0025172829627990723
7585,A,G,0,MT-TD,400,3,-0.006534218788146973
8298,T,C,0,MT-TK,400,3,-0.0012485384941101074
8300,T,C,0,MT-TK,400,3,0.0002416372299194336
8308,A,G,0,MT-TK,400,3,-0.006062507629394531
8311,T,C,0,MT-TK,400,3,-0.0007871389389038086
8313,G,A,1,MT-TK,400,3,-0.008772134780883789
8315,A,G,0,MT-TK,400,3,-0.0031554102897644043
8331,A,G,0,MT-TK,400,3,-0.005276024341583252
8337,T,C,0,MT-TK,400,3,-0.0030907392501831055
8338,A,G,0,MT-TK,400,3,0.00024366378784179688
8340,G,A,1,MT-TK,400,3,-0.0020849108695983887
8343,A,G,0,MT-TK,400,3,-0.003226339817047119
8344,A,G,1,MT-TK,400,3,-0.0002555251121520996
8345,C,T,0,MT-TK,400,3,-0.00027936697006225586
8346,C,A,0,MT-TK,400,3,0.0008913874626159668
8347,A,G,0,MT-TK,400,3,-0.0013033151626586914
8348,A,G,0,MT-TK,400,3,-0.0017694830894470215
8349,C,T,0,MT-TK,400,3,-0.001201331615447998
8350,A,G,0,MT-TK,400,3,-0.0019034147262573242
8356,T,C,1,MT-TK,400,3,-0.0018821954727172852
8360,A,G,0,MT-TK,400,3,-0.002816319465637207
8363,G,A,1,MT-TK,400,3,-0.006356358528137207
9991,A,G,0,MT-TG,400,3,-0.007814764976501465
9995,T,C,0,MT-TG,400,3,-0.012795090675354004
10003,T,C,0,MT-TG,400,3,-0.004597663879394531
10005,A,G,0,MT-TG,400,3,-0.0058280229568481445
10006,A,G,0,MT-TG,400,3,-0.0037509799003601074
10007,T,C,0,MT-TG,400,3,-0.0015393495559692383
10013,C,T,0,MT-TG,400,3,-0.00011926889419555664
10018,A,G,0,MT-TG,400,3,-0.008503854274749756
10029,A,G,0,MT-TG,400,3,-0.004170715808868408
10031,T,C,0,MT-TG,400,3,-0.0008189082145690918
10034,T,C,0,MT-TG,400,3,-0.0013908147811889648
10040,C,T,0,MT-TG,400,3,-0.0009561777114868164
10042,A,G,0,MT-TG,400,3,-0.003911614418029785
10044,A,G,0,MT-TG,400,3,-0.004528641700744629
10045,T,C,0,MT-TG,400,3,2.7358531951904297e-05
10410,T,A,0,MT-TR,400,3,0.007986307144165039
10410,T,C,0,MT-TR,400,3,-0.003284931182861328
10411,A,G,0,MT-TR,400,3,-0.0008698701858520508
10420,A,G,0,MT-TR,400,3,-0.0034365057945251465
10427,G,A,0,MT-TR,400,3,0.004516661167144775
10440,T,C,0,MT-TR,400,3,-0.003955960273742676
10446,A,G,0,MT-TR,400,3,0.0038172006607055664
10448,T,C,0,MT-TR,400,3,-0.005086243152618408
10454,T,C,0,MT-TR,400,3,0.002942979335784912
10456,A,G,0,MT-TR,400,3,-0.00310438871383667
10463,T,C,0,MT-TR,400,3,-0.0021501779556274414
12141,A,G,0,MT-TH,400,3,-0.00595855712890625
12142,A,G,0,MT-TH,400,3,-0.005974471569061279
12147,G,A,1,MT-TH,400,3,-0.01012188196182251
12151,A,G,0,MT-TH,400,3,-0.007253110408782959
12160,A,G,0,MT-TH,400,3,-0.007944703102111816
12161,T,C,0,MT-TH,400,3,-0.0022347569465637207
12164,G,A,0,MT-TH,400,3,-0.01025092601776123
12166,T,C,0,MT-TH,400,3,0.0008744001388549805
12171,A,G,0,MT-TH,400,3,-0.004100501537322998
12172,A,G,0,MT-TH,400,3,-0.006189703941345215
12173,T,C,0,MT-TH,400,3,-0.006579041481018066
12178,C,T,0,MT-TH,400,3,-0.003108501434326172
12181,C,T,0,MT-TH,400,3,-0.0011218786239624023
12188,T,C,0,MT-TH,400,3,-0.00031125545501708984
12189,T,C,0,MT-TH,400,3,0.0015469789505004883
12191,C,T,0,MT-TH,400,3,0.0003478527069091797
12192,G,A,0,MT-TH,400,3,0.005739450454711914
12193,A,G,0,MT-TH,400,3,-0.002216041088104248
12196,C,T,0,MT-TH,400,3,0.0004870891571044922
12201,T,C,1,MT-TH,400,3,-0.002997875213623047
12215,T,C,0,MT-TS2,400,3,-0.0009102821350097656
12216,C,T,0,MT-TS2,400,3,0.0007443428039550781
12223,A,G,0,MT-TS2,400,3,-0.003343641757965088
12231,C,T,0,MT-TS2,400,3,0.0015506744384765625
12234,A,G,0,MT-TS2,400,3,-0.006346762180328369
12235,T,C,0,MT-TS2,400,3,-0.0012012124061584473
12237,C,T,0,MT-TS2,400,3,-0.003443896770477295
12239,C,T,0,MT-TS2,400,3,9.715557098388672e-05
12245,T,C,0,MT-TS2,400,3,-3.5881996154785156e-05
12246,C,T,0,MT-TS2,400,3,-0.00401538610458374
12248,A,G,0,MT-TS2,400,3,-0.004161715507507324
12258,C,A,1,MT-TS2,400,3,-0.010369062423706055
12265,A,G,0,MT-TS2,400,3,-0.0062427520751953125
12273,A,G,0,MT-TL2,400,3,-0.009714126586914062
12276,G,A,1,MT-TL2,400,3,-0.0098646879196167
12279,A,G,0,MT-TL2,400,3,-0.01092219352722168
12279,A,T,0,MT-TL2,400,3,-0.023984014987945557
12280,A,G,0,MT-TL2,400,3,-0.004107356071472168
12281,C,T,0,MT-TL2,400,3,-0.001988530158996582
12285,T,C,0,MT-TL2,400,3,-0.005931735038757324
12295,T,C,0,MT-TL2,400,3,-0.004634559154510498
12297,T,C,0,MT-TL2,400,3,-0.008150279521942139
12308,A,G,0,MT-TL2,400,3,-0.004876554012298584
12311,T,C,0,MT-TL2,400,3,-0.0010045766830444336
12315,G,A,1,MT-TL2,400,3,-0.00623929500579834
14674,T,C,1,MT-TE,400,3,-0.006805121898651123
14683,A,G,0,MT-TE,400,3,-0.000780940055847168
14684,C,T,0,MT-TE,400,3,-0.001283884048461914
14687,A,G,0,MT-TE,400,3,0.002640843391418457
14690,A,G,0,MT-TE,400,3,-0.005310356616973877
14691,C,T,0,MT-TE,400,3,0.0006076693534851074
14693,A,G,0,MT-TE,400,3,-0.0019381046295166016
14696,A,C,0,MT-TE,400,3,-0.010312080383300781
14696,A,G,0,MT-TE,400,3,0.0001239776611328125
14706,A,G,0,MT-TE,400,3,-0.0004304051399230957
14709,T,C,1,MT-TE,400,3,-0.003776073455810547
14716,C,T,0,MT-TE,400,3,-0.0029134750366210938
14727,T,C,0,MT-TE,400,3,-0.0005801916122436523
15889,T,C,0,MT-TT,400,3,0.0019739866256713867
15891,C,T,0,MT-TT,400,3,-0.0051136016845703125
15892,T,C,0,MT-TT,400,3,-0.007708132266998291
15893,T,C,0,MT-TT,400,3,-0.0044364333152771
15894,G,A,0,MT-TT,400,3,-0.005105793476104736
15895,T,C,0,MT-TT,400,3,-0.008187174797058105
15900,T,C,0,MT-TT,400,3,-0.0014755725860595703
15902,A,G,0,MT-TT,400,3,-0.004075288772583008
15903,A,G,0,MT-TT,400,3,-0.004801630973815918
15904,C,T,0,MT-TT,400,3,0.00039780139923095703
15905,T,C,0,MT-TT,400,3,-0.0021674633026123047
15907,A,G,0,MT-TT,400,3,-0.003905653953552246
15908,T,C,0,MT-TT,400,3,-0.005290985107421875
15909,A,G,0,MT-TT,400,3,-0.010576486587524414
15911,A,G,0,MT-TT,400,3,-0.0011997222900390625
15913,C,T,0,MT-TT,400,3,-0.0012643933296203613
15914,A,G,0,MT-TT,400,3,0.006916463375091553
15916,T,C,0,MT-TT,400,3,-0.006117820739746094
15923,A,G,1,MT-TT,400,3,-0.003716707229614258
15924,A,G,0,MT-TT,400,3,-0.0013325214385986328
15925,C,T,0,MT-TT,400,3,-0.0020557641983032227
15926,C,T,0,MT-TT,400,3,0.002267301082611084
15927,G,A,0,MT-TT,400,3,-0.0018094182014465332
15928,G,A,0,MT-TT,400,3,-0.0017409324645996094
15929,A,G,0,MT-TT,400,3,-0.0038203001022338867
15930,G,A,0,MT-TT,400,3,-0.0009557008743286133
15932,T,C,0,MT-TT,400,3,-0.0031748414039611816
15935,A,G,0,MT-TT,400,3,-0.0027651190757751465
15936,A,G,0,MT-TT,400,3,-0.0008963346481323242
15936,A,T,0,MT-TT,400,3,-0.0037456750869750977
15937,A,G,0,MT-TT,400,3,-0.005345165729522705
15937,A,T,0,MT-TT,400,3,-0.0042877197265625
15938,C,T,0,MT-TT,400,3,-0.0027207136154174805
15939,C,T,0,MT-TT,400,3,0.00036340951919555664
15940,T,C,0,MT-TT,400,3,-0.00015854835510253906
15941,T,C,0,MT-TT,400,3,-0.00018656253814697266
15942,T,C,0,MT-TT,400,3,-0.0010320544242858887
15943,T,C,0,MT-TT,400,3,-0.0010134577751159668
15944,T,C,0,MT-TT,400,3,-0.00043594837188720703
15946,C,T,0,MT-TT,400,3,-0.0050133466720581055
15947,A,G,0,MT-TT,400,3,-0.004894435405731201
15949,G,A,0,MT-TT,400,3,-0.004944860935211182
15951,A,G,0,MT-TT,400,3,-0.002567768096923828
15952,C,T,0,MT-TT,400,3,-0.002194523811340332
15965,A,G,0,MT-TP,400,3,-0.0005145072937011719
15968,T,C,0,MT-TP,400,3,-0.00035703182220458984
15970,T,C,0,MT-TP,400,3,-0.002513885498046875
15977,C,T,0,MT-TP,400,3,-0.006783127784729004
15978,C,T,0,MT-TP,400,3,-0.0006098747253417969
15990,C,T,1,MT-TP,400,3,-0.007550954818725586
15992,A,T,0,MT-TP,400,3,-0.014345049858093262
16011,A,G,0,MT-TP,400,3,-0.00614774227142334
16017,T,C,0,MT-TP,400,3,0.0002683401107788086
591,C,T,1,MT-TF,400,4,0.009746015071868896
592,C,T,0,MT-TF,400,4,0.006165027618408203
593,T,C,0,MT-TF,400,4,0.0008079409599304199
595,C,A,0,MT-TF,400,4,0.008030474185943604
595,C,T,0,MT-TF,400,4,-0.0014324784278869629
596,T,C,0,MT-TF,400,4,7.212162017822266e-05
597,C,T,0,MT-TF,400,4,0.005452573299407959
603,A,G,0,MT-TF,400,4,-0.012659549713134766
606,A,G,0,MT-TF,400,4,-0.003849625587463379
616,T,C,1,MT-TF,400,4,-0.01345890760421753
619,T,C,0,MT-TF,400,4,-0.001769721508026123
621,A,G,0,MT-TF,400,4,-0.008510708808898926
629,T,A,0,MT-TF,400,4,-0.005029082298278809
629,T,C,0,MT-TF,400,4,8.726119995117188e-05
630,C,T,0,MT-TF,400,4,-0.00010395050048828125
633,A,G,0,MT-TF,400,4,-0.002070009708404541
634,T,A,0,MT-TF,400,4,-0.0009025335311889648
634,T,C,0,MT-TF,400,4,-0.0017969012260437012
635,C,T,0,MT-TF,400,4,-0.0003434419631958008
644,A,G,0,MT-TF,400,4,-0.0026043057441711426
647,A,G,0,MT-TF,400,4,-0.007905304431915283
1607,T,C,0,MT-TV,400,4,-0.0026068687438964844
1617,C,T,0,MT-TV,400,4,-0.0002193450927734375
1618,A,G,0,MT-TV,400,4,-0.004513740539550781
1624,C,T,1,MT-TV,400,4,0.0007615089416503906
1628,C,T,0,MT-TV,400,4,0.0012544989585876465
1640,A,G,0,MT-TV,400,4,0.0014547109603881836
1644,G,A,1,MT-TV,400,4,-0.002176642417907715
1646,T,C,0,MT-TV,400,4,-0.005437254905700684
1657,C,T,0,MT-TV,400,4,-0.0010123848915100098
1664,G,A,0,MT-TV,400,4,0.0007516145706176758
1670,A,T,0,MT-TV,400,4,-0.009870171546936035
3236,A,G,0,MT-TL1,400,4,-0.0018529891967773438
3242,G,A,1,MT-TL1,400,4,-0.012321531772613525
3243,A,G,1,MT-TL1,400,4,-0.015606522560119629
3243,A,T,1,MT-TL1,400,4,-0.03280717134475708
3251,A,G,1,MT-TL1,400,4,-0.005216360092163086
3252,A,G,1,MT-TL1,400,4,-0.005100667476654053
3254,C,A,0,MT-TL1,400,4,-0.0055384039878845215
3254,C,T,0,MT-TL1,400,4,0.004008293151855469
3255,G,A,1,MT-TL1,400,4,-0.0073931217193603516
3256,C,T,1,MT-TL1,400,4,-0.006721854209899902
3258,T,C,1,MT-TL1,400,4,-0.002643108367919922
3260,A,G,1,MT-TL1,400,4,-0.007194161415100098
3261,A,G,0,MT-TL1,400,4,-0.0065250396728515625
3271,T,C,1,MT-TL1,400,4,-0.003778815269470215
3275,C,A,0,MT-TL1,400,4,-0.0015000700950622559
3275,C,G,0,MT-TL1,400,4,-0.00404280424118042
3275,C,T,0,MT-TL1,400,4,0.00028073787689208984
3277,G,A,0,MT-TL1,400,4,0.0031960010528564453
3278,T,C,0,MT-TL1,400,4,-0.0005374550819396973
3290,T,C,0,MT-TL1,400,4,0.003671586513519287
3291,T,C,1,MT-TL1,400,4,-0.0037760138511657715
3302,A,G,1,MT-TL1,400,4,0.00012201070785522461
3303,C,T,1,MT-TL1,400,4,-0.008405208587646484
4300,A,G,1,MT-TI,400,4,-0.006380140781402588
4310,A,G,0,MT-TI,400,4,0.0037255287170410156
4312,C,T,0,MT-TI,400,4,0.0005396604537963867
4313,T,C,0,MT-TI,400,4,-0.0016820430755615234
4314,T,A,0,MT-TI,400,4,-0.0005933642387390137
4314,T,C,0,MT-TI,400,4,0.00019443035125732422
4317,A,G,0,MT-TI,400,4,-0.00012534856796264648
4318,C,T,0,MT-TI,400,4,-0.0007877945899963379
4335,C,T,0,MT-TQ,400,4,-0.0009389519691467285
4336,T,C,0,MT-TQ,400,4,-0.001585543155670166
4340,A,G,0,MT-TQ,400,4,0.0003465414047241211
4343,A,G,0,MT-TQ,400,4,-0.002578556537628174
4350,C,T,0,MT-TQ,400,4,-0.0023450851440429688
4353,T,C,0,MT-TQ,400,4,-0.002054154872894287
4370,T,C,0,MT-TQ,400,4,-0.001537322998046875
4371,T,C,0,MT-TQ,400,4,-0.00024384260177612305
4373,T,C,0,MT-TQ,400,4,-0.0033094286918640137
4375,C,T,0,MT-TQ,400,4,-0.001153111457824707
4381,A,G,0,MT-TQ,400,4,-0.0025142431259155273
4384,T,A,0,MT-TQ,400,4,0.002039492130279541
4384,T,C,0,MT-TQ,400,4,-0.00030928850173950195
4385,A,G,0,MT-TQ,400,4,-0.006218075752258301
4385,A,T,0,MT-TQ,400,4,-0.005411863327026367
4386,T,C,0,MT-TQ,400,4,-0.0033908486366271973
4387,C,T,0,MT-TQ,400,4,-0.00021272897720336914
4394,C,A,0,MT-TQ,400,4,0.0007083415985107422
4395,A,G,0,MT-TQ,400,4,-0.002163112163543701
4417,A,G,0,MT-TM,400,4,-0.004955649375915527
4418,T,C,0,MT-TM,400,4,-0.0018059015274047852
4435,A,G,0,MT-TM,400,4,-0.006111741065979004
4450,G,A,1,MT-TM,400,4,-0.004539608955383301
4452,T,C,0,MT-TM,400,4,-0.00018870830535888672
4454,T,A,0,MT-TM,400,4,-0.002277374267578125
4454,T,C,0,MT-TM,400,4,-0.0005655884742736816
4464,G,A,0,MT-TM,400,4,-0.0023761391639709473
5514,A,G,0,MT-TW,400,4,-0.006418764591217041
5515,A,G,0,MT-TW,400,4,-0.010160565376281738
5516,A,G,0,MT-TW,400,4,-0.004036843776702881
5521,G,A,1,MT-TW,400,4,-0.007345676422119141
5527,A,G,0,MT-TW,400,4,-0.004358112812042236
5528,T,C,0,MT-TW,400,4,0.0014493465423583984
5530,C,T,0,MT-TW,400,4,-0.0003037452697753906
5539,A,G,0,MT-TW,400,4,-0.0019431114196777344
5539,A,T,0,MT-TW,400,4,-0.011574268341064453
5553,T,C,0,MT-TW,400,4,-0.0035545825958251953
5553,T,G,0,MT-TW,400,4,-0.007965028285980225
5554,C,A,0,MT-TW,400,4,0.003641963005065918
5556,G,A,1,MT-TW,400,4,-0.003951549530029297
5557,T,C,0,MT-TW,400,4,0.0002142786979675293
5561,T,C,0,MT-TW,400,4,0.000186920166015625
5563,G,A,0,MT-TW,400,4,0.00310593843460083
5566,A,G,0,MT-TW,400,4,-0.0035732388496398926
5567,T,C,0,MT-TW,400,4,0.0009132623672485352
5568,A,G,0,MT-TW,400,4,-0.0032148361206054688
5592,A,G,0,MT-TA,400,4,-0.003893136978149414
5600,A,G,0,MT-TA,400,4,-0.0011415481567382812
5601,C,T,0,MT-TA,400,4,-0.0006625056266784668
5603,C,T,0,MT-TA,400,4,-0.00013458728790283203
5604,C,T,0,MT-TA,400,4,-0.0008072257041931152
5605,A,G,0,MT-TA,400,4,-0.004301130771636963
5608,C,T,0,MT-TA,400,4,-0.0013588666915893555
5618,T,C,0,MT-TA,400,4,-0.00923776626586914
5628,T,C,0,MT-TA,400,4,-0.004747152328491211
5633,C,T,0,MT-TA,400,4,-6.830692291259766e-05
5640,A,G,0,MT-TA,400,4,-0.004220247268676758
5650,G,A,1,MT-TA,400,4,-0.00565338134765625
5655,T,C,0,MT-TA,400,4,-0.0009098052978515625
5662,C,T,0,MT-TN,400,4,0.0012919902801513672
5663,C,T,0,MT-TN,400,4,0.0037817955017089844
5664,A,G,0,MT-TN,400,4,-0.0017004609107971191
5665,A,G,0,MT-TN,400,4,-0.0029392242431640625
5673,T,C,0,MT-TN,400,4,-0.0002955198287963867
5686,A,T,0,MT-TN,400,4,-0.00031572580337524414
5690,A,G,1,MT-TN,400,4,-0.007442474365234375
5703,G,A,1,MT-TN,400,4,0.0005126595497131348
5705,A,G,0,MT-TN,400,4,0.0007858872413635254
5711,A,G,0,MT-TN,400,4,-0.000550389289855957
5715,A,G,0,MT-TN,400,4,-0.003056645393371582
5728,T,C,1,MT-TN,400,4,-0.002778291702270508
5772,G,A,0,MT-TC,400,4,-0.006231546401977539
5773,G,A,0,MT-TC,400,4,0.0006296038627624512
5774,T,C,0,MT-TC,400,4,0.00023490190505981445
5774,T,G,0,MT-TC,400,4,0.001508474349975586
5775,T,C,0,MT-TC,400,4,-0.002848327159881592
5780,G,A,0,MT-TC,400,4,-0.005238533020019531
5783,G,A,0,MT-TC,400,4,-0.004004120826721191
5785,T,C,0,MT-TC,400,4,-0.005186200141906738
5786,T,C,0,MT-TC,400,4,0.00020372867584228516
5788,T,C,0,MT-TC,400,4,-0.005034506320953369
5794,T,C,0,MT-TC,400,4,-0.003902614116668701
5800,A,G,0,MT-TC,400,4,-0.007860302925109863
5806,T,C,0,MT-TC,400,4,0.00013679265975952148
5807,A,G,0,MT-TC,400,4,-0.0011250972747802734
5811,A,G,0,MT-TC,400,4,-0.00222933292388916
5814,T,A,0,MT-TC,400,4,-0.004656434059143066
5814,T,C,0,MT-TC,400,4,-0.0012454986572265625
5817,C,T,0,MT-TC,400,4,-0.007275104522705078
5821,G,A,0,MT-TC,400,4,-0.0009212493896484375
5822,G,A,0,MT-TC,400,4,-0.0034499168395996094
5823,A,G,0,MT-TC,400,4,9.417533874511719e-05
5824,G,A,0,MT-TC,400,4,-0.0025517940521240234
5836,A,G,0,MT-TY,400,4,-0.0010156631469726562
5839,C,T,0,MT-TY,400,4,-0.0012303590774536133
5840,C,T,0,MT-TY,400,4,-0.0009804964065551758
5843,A,G,0,MT-TY,400,4,-0.0020917654037475586
5846,C,T,0,MT-TY,400,4,0.001255035400390625
5855,A,G,0,MT-TY,400,4,-0.0012851953506469727
5867,C,T,0,MT-TY,400,4,0.0077097415924072266
5875,C,T,0,MT-TY,400,4,0.0018166899681091309
5876,A,G,0,MT-TY,400,4,-2.9325485229492188e-05
7453,G,A,1,MT-TS1,400,4,-0.0063481926918029785
7460,A,G,0,MT-TS1,400,4,0.0013679862022399902
7469,C,T,0,MT-TS1,400,4,-0.002004265785217285
7471,C,A,0,MT-TS1,400,4,0.004888296127319336
7471,C,T,0,MT-TS1,400,4,0.00309908390045166
7472,A,T,0,MT-TS1,400,4,0.00023192167282104492
7476,C,T,0,MT-TS1,400,4,0.0007787346839904785
7490,A,G,0,MT-TS1,400,4,0.0017760396003723145
7493,C,T,0,MT-TS1,400,4,-0.0004818439483642578
7497,G,A,1,MT-TS1,400,4,-0.0005465149879455566
7498,G,A,0,MT-TS1,400,4,0.0015546083450317383
7501,T,C,0,MT-TS1,400,4,8.237361907958984e-05
7510,T,C,1,MT-TS1,400,4,-0.001428067684173584
7511,T,C,1,MT-TS1,400,4,-0.0020479559898376465
7512,T,C,1,MT-TS1,400,4,0.000830531120300293
7521,G,A,0,MT-TD,400,4,0.008158624172210693
7533,C,T,0,MT-TD,400,4,-0.0005887746810913086
7534,C,T,0,MT-TD,400,4,-0.0007455348968505859
7543,A,G,0,MT-TD,400,4,-0.007468700408935547
7546,T,C,0,MT-TD,400,4,-0.0036969780921936035
7547,T,C,0,MT-TD,400,4,-0.008716225624084473
7552,A,G,0,MT-TD,400,4,-0.0053604841232299805
7559,A,G,0,MT-TD,400,4,-0.00177842378616333
7561,T,C,0,MT-TD,400,4,-0.002507448196411133
7567,C,T,0,MT-TD,400,4,-0.0007260441780090332
7568,T,C,0,MT-TD,400,4,3.910064697265625e-05
7569,A,G,0,MT-TD,400,4,1.9669532775878906e-06
7570,A,G,0,MT-TD,400,4,-0.0012221932411193848
7572,T,C,0,MT-TD,400,4,0.004552900791168213
7576,A,G,0,MT-TD,400,4,-0.00259244441986084
7581,T,C,0,MT-TD,400,4,0.003812730312347412
7585,A,G,0,MT-TD,400,4,-0.007287263870239258
8298,T,C,0,MT-TK,400,4,-0.0011134743690490723
8300,T,C,0,MT-TK,400,4,-0.0010007619857788086
8308,A,G,0,MT-TK,400,4,-0.0074748992919921875
8311,T,C,0,MT-TK,400,4,-0.0005549788475036621
8313,G,A,1,MT-TK,400,4,-0.008491754531860352
8315,A,G,0,MT-TK,400,4,-0.0026608705520629883
8331,A,G,0,MT-TK,400,4,-0.0067130327224731445
8337,T,C,0,MT-TK,400,4,-0.0017955303192138672
8338,A,G,0,MT-TK,400,4,-0.0009345412254333496
8340,G,A,1,MT-TK,400,4,-0.002988278865814209
8343,A,G,0,MT-TK,400,4,-0.00420612096786499
8344,A,G,1,MT-TK,400,4,-0.0014104247093200684
8345,C,T,0,MT-TK,400,4,-0.0005966424942016602
8346,C,A,0,MT-TK,400,4,8.624792098999023e-05
8347,A,G,0,MT-TK,400,4,-0.0017400383949279785
8348,A,G,0,MT-TK,400,4,-0.001813054084777832
8349,C,T,0,MT-TK,400,4,-0.0017069578170776367
8350,A,G,0,MT-TK,400,4,-0.0023782849311828613
8356,T,C,1,MT-TK,400,4,-0.002039968967437744
8360,A,G,0,MT-TK,400,4,-0.003461480140686035
8363,G,A,1,MT-TK,400,4,-0.007065296173095703
9991,A,G,0,MT-TG,400,4,-0.0076906681060791016
9995,T,C,0,MT-TG,400,4,-0.012338817119598389
10003,T,C,0,MT-TG,400,4,-0.00567317008972168
10005,A,G,0,MT-TG,400,4,-0.005106985569000244
10006,A,G,0,MT-TG,400,4,-0.004692196846008301
10007,T,C,0,MT-TG,400,4,-0.003625154495239258
10013,C,T,0,MT-TG,400,4,0.001397252082824707
10018,A,G,0,MT-TG,400,4,-0.007115960121154785
10029,A,G,0,MT-TG,400,4,-0.0035141706466674805
10031,T,C,0,MT-TG,400,4,-0.001427769660949707
10034,T,C,0,MT-TG,400,4,-0.0018494129180908203
10040,C,T,0,MT-TG,400,4,0.0005366206169128418
10042,A,G,0,MT-TG,400,4,-0.002943098545074463
10044,A,G,0,MT-TG,400,4,-0.005677402019500732
10045,T,C,0,MT-TG,400,4,0.0004401206970214844
10410,T,A,0,MT-TR,400,4,0.007629513740539551
10410,T,C,0,MT-TR,400,4,-0.003819108009338379
10411,A,G,0,MT-TR,400,4,-0.0013316869735717773
10420,A,G,0,MT-TR,400,4,-0.0040166378021240234
10427,G,A,0,MT-TR,400,4,0.004243731498718262
10440,T,C,0,MT-TR,400,4,-0.0035829544067382812
10446,A,G,0,MT-TR,400,4,0.003480672836303711
10448,T,C,0,MT-TR,400,4,-0.004486560821533203
10454,T,C,0,MT-TR,400,4,0.002164125442504883
10456,A,G,0,MT-TR,400,4,-0.004115581512451172
10463,T,C,0,MT-TR,400,4,-0.0015252232551574707
12141,A,G,0,MT-TH,400,4,-0.006844997406005859
12142,A,G,0,MT-TH,400,4,-0.007303774356842041
12147,G,A,1,MT-TH,400,4,-0.008190512657165527
12151,A,G,0,MT-TH,400,4,-0.011523902416229248
12160,A,G,0,MT-TH,400,4,-0.00787585973739624
12161,T,C,0,MT-TH,400,4,-0.00028967857360839844
12164,G,A,0,MT-TH,400,4,-0.00873333215713501
12166,T,C,0,MT-TH,400,4,-0.000770270824432373
12171,A,G,0,MT-TH,400,4,-0.006436407566070557
12172,A,G,0,MT-TH,400,4,-0.006990194320678711
12173,T,C,0,MT-TH,400,4,-0.002913057804107666
12178,C,T,0,MT-TH,400,4,-0.0017933845520019531
12181,C,T,0,MT-TH,400,4,-0.00024819374084472656
12188,T,C,0,MT-TH,400,4,-0.0002161264419555664
12189,T,C,0,MT-TH,400,4,0.002545654773712158
12191,C,T,0,MT-TH,400,4,-0.00057220458984375
12192,G,A,0,MT-TH,400,4,0.0030604004859924316
12193,A,G,0,MT-TH,400,4,-0.0007222294807434082
12196,C,T,0,MT-TH,400,4,0.0016306042671203613
12201,T,C,1,MT-TH,400,4,-0.0016733407974243164
12215,T,C,0,MT-TS2,400,4,-0.0012415051460266113
12216,C,T,0,MT-TS2,400,4,0.0021175146102905273
12223,A,G,0,MT-TS2,400,4,-0.0022722482681274414
12231,C,T,0,MT-TS2,400,4,0.0013991594314575195
12234,A,G,0,MT-TS2,400,4,-0.005556046962738037
12235,T,C,0,MT-TS2,400,4,-0.002048194408416748
12237,C,T,0,MT-TS2,400,4,-0.00311124324798584
12239,C,T,0,MT-TS2,400,4,-0.002145528793334961
12245,T,C,0,MT-TS2,400,4,0.0012646317481994629
12246,C,T,0,MT-TS2,400,4,-0.0024683475494384766
12248,A,G,0,MT-TS2,400,4,-0.005597829818725586
12258,C,A,1,MT-TS2,400,4,-0.00995248556137085
12265,A,G,0,MT-TS2,400,4,-0.006639361381530762
12273,A,G,0,MT-TL2,400,4,-0.008734643459320068
12276,G,A,1,MT-TL2,400,4,-0.011456608772277832
12279,A,G,0,MT-TL2,400,4,-0.014394044876098633
12279,A,T,0,MT-TL2,400,4,-0.022023558616638184
12280,A,G,0,MT-TL2,400,4,-0.0037006139755249023
12281,C,T,0,MT-TL2,400,4,-0.003804147243499756
12285,T,C,0,MT-TL2,400,4,-0.0045046210289001465
12295,T,C,0,MT-TL2,400,4,-0.004757523536682129
12297,T,C,0,MT-TL2,400,4,-0.011816918849945068
12308,A,G,0,MT-TL2,400,4,-0.007621884346008301
12311,T,C,0,MT-TL2,400,4,0.0017873644828796387
12315,G,A,1,MT-TL2,400,4,-0.0057326555252075195
14674,T,C,1,MT-TE,400,4,-0.004125237464904785
14683,A,G,0,MT-TE,400,4,-0.000915825366973877
14684,C,T,0,MT-TE,400,4,0.000583648681640625
14687,A,G,0,MT-TE,400,4,0.0005924701690673828
14690,A,G,0,MT-TE,400,4,-0.002590477466583252
14691,C,T,0,MT-TE,400,4,0.004219353199005127
14693,A,G,0,MT-TE,400,4,-0.0018318891525268555
14696,A,C,0,MT-TE,400,4,-0.010270655155181885
14696,A,G,0,MT-TE,400,4,9.298324584960938e-06
14706,A,G,0,MT-TE,400,4,-0.0005744695663452148
14709,T,C,1,MT-TE,400,4,-0.004789531230926514
14716,C,T,0,MT-TE,400,4,-0.0013580322265625
14727,T,C,0,MT-TE,400,4,-0.0012226700782775879
15889,T,C,0,MT-TT,400,4,0.0017244219779968262
15891,C,T,0,MT-TT,400,4,-0.004168272018432617
15892,T,C,0,MT-TT,400,4,-0.007421255111694336
15893,T,C,0,MT-TT,400,4,-0.005021810531616211
15894,G,A,0,MT-TT,400,4,-0.006076812744140625
15895,T,C,0,MT-TT,400,4,-0.007340133190155029
15900,T,C,0,MT-TT,400,4,-0.0013240575790405273
15902,A,G,0,MT-TT,400,4,-0.0020865797996520996
15903,A,G,0,MT-TT,400,4,-0.0037616491317749023
15904,C,T,0,MT-TT,400,4,0.0015082359313964844
15905,T,C,0,MT-TT,400,4,-0.001706242561340332
15907,A,G,0,MT-TT,400,4,-0.004397690296173096
15908,T,C,0,MT-TT,400,4,-0.006010532379150391
15909,A,G,0,MT-TT,400,4,-0.009200632572174072
15911,A,G,0,MT-TT,400,4,-0.0023230910301208496
15913,C,T,0,MT-TT,400,4,-0.0013083219528198242
15914,A,G,0,MT-TT,400,4,0.008905529975891113
15916,T,C,0,MT-TT,400,4,-0.0069754719734191895
15923,A,G,1,MT-TT,400,4,-0.004588901996612549
15924,A,G,0,MT-TT,400,4,-0.00039762258529663086
15925,C,T,0,MT-TT,400,4,-0.002087116241455078
15926,C,T,0,MT-TT,400,4,0.0005730390548706055
15927,G,A,0,MT-TT,400,4,-0.0036820173263549805
15928,G,A,0,MT-TT,400,4,-0.0018957853317260742
15929,A,G,0,MT-TT,400,4,-0.004069268703460693
15930,G,A,0,MT-TT,400,4,-0.0008879899978637695
15932,T,C,0,MT-TT,400,4,-0.0032141804695129395
15935,A,G,0,MT-TT,400,4,-0.002594470977783203
15936,A,G,0,MT-TT,400,4,-0.000673830509185791
15936,A,T,0,MT-TT,400,4,-0.003957808017730713
15937,A,G,0,MT-TT,400,4,-0.0045926570892333984
15937,A,T,0,MT-TT,400,4,-0.0036122798919677734
15938,C,T,0,MT-TT,400,4,-0.0032184720039367676
15939,C,T,0,MT-TT,400,4,0.00015670061111450195
15940,T,C,0,MT-TT,400,4,0.0014202594757080078
15941,T,C,0,MT-TT,400,4,-0.0012026429176330566
15942,T,C,0,MT-TT,400,4,-0.0010469555854797363
15943,T,C,0,MT-TT,400,4,-0.00014281272888183594
15944,T,C,0,MT-TT,400,4,-0.0011823773384094238
15946,C,T,0,MT-TT,400,4,-0.0039542317390441895
15947,A,G,0,MT-TT,400,4,-0.003977298736572266
15949,G,A,0,MT-TT,400,4,-0.004268765449523926
15951,A,G,0,MT-TT,400,4,-0.003630220890045166
15952,C,T,0,MT-TT,400,4,-0.0026072263717651367
15965,A,G,0,MT-TP,400,4,0.0022635459899902344
15968,T,C,0,MT-TP,400,4,4.1961669921875e-05
15970,T,C,0,MT-TP,400,4,-0.0028629302978515625
15977,C,T,0,MT-TP,400,4,-0.007683455944061279
15978,C,T,0,MT-TP,400,4,-0.001419663429260254
15990,C,T,1,MT-TP,400,4,-0.009789705276489258
15992,A,T,0,MT-TP,400,4,-0.01255786418914795
16011,A,G,0,MT-TP,400,4,-0.0059359073638916016
16017,T,C,0,MT-TP,400,4,-0.00044226646423339844
591,C,T,1,MT-TF,400,5,0.008701205253601074
592,C,T,0,MT-TF,400,5,0.009427011013031006
593,T,C,0,MT-TF,400,5,0.0007086396217346191
595,C,A,0,MT-TF,400,5,0.007766902446746826
595,C,T,0,MT-TF,400,5,0.0012099742889404297
596,T,C,0,MT-TF,400,5,0.002743542194366455
597,C,T,0,MT-TF,400,5,0.0033986568450927734
603,A,G,0,MT-TF,400,5,-0.009519338607788086
606,A,G,0,MT-TF,400,5,-0.004621684551239014
616,T,C,1,MT-TF,400,5,-0.016384541988372803
619,T,C,0,MT-TF,400,5,-0.0012096762657165527
621,A,G,0,MT-TF,400,5,-0.0060263872146606445
629,T,A,0,MT-TF,400,5,-0.0019799470901489258
629,T,C,0,MT-TF,400,5,0.00034183263778686523
630,C,T,0,MT-TF,400,5,-0.0012597441673278809
633,A,G,0,MT-TF,400,5,-0.00029158592224121094
634,T,A,0,MT-TF,400,5,-0.00014549493789672852
634,T,C,0,MT-TF,400,5,-0.0033093690872192383
635,C,T,0,MT-TF,400,5,-0.00182342529296875
644,A,G,0,MT-TF,400,5,-0.0032324790954589844
647,A,G,0,MT-TF,400,5,-0.008768439292907715
1607,T,C,0,MT-TV,400,5,-0.0020665526390075684
1617,C,T,0,MT-TV,400,5,-9.453296661376953e-05
1618,A,G,0,MT-TV,400,5,-0.004568815231323242
1624,C,T,1,MT-TV,400,5,-0.0008862614631652832
1628,C,T,0,MT-TV,400,5,0.001180887222290039
1640,A,G,0,MT-TV,400,5,0.0003313422203063965
1644,G,A,1,MT-TV,400,5,-0.0018284320831298828
1646,T,C,0,MT-TV,400,5,-0.0025125741958618164
1657,C,T,0,MT-TV,400,5,-0.0011354684829711914
1664,G,A,0,MT-TV,400,5,0.0011974573135375977
1670,A,T,0,MT-TV,400,5,-0.009366452693939209
3236,A,G,0,MT-TL1,400,5,-0.00039887428283691406
3242,G,A,1,MT-TL1,400,5,-0.010887861251831055
3243,A,G,1,MT-TL1,400,5,-0.0122833251953125
3243,A,T,1,MT-TL1,400,5,-0.029707670211791992
3251,A,G,1,MT-TL1,400,5,-0.005111217498779297
3252,A,G,1,MT-TL1,400,5,-0.0031456947326660156
3254,C,A,0,MT-TL1,400,5,-0.007525205612182617
3254,C,T,0,MT-TL1,400,5,0.006334185600280762
3255,G,A,1,MT-TL1,400,5,-0.008806049823760986
3256,C,T,1,MT-TL1,400,5,-0.008810043334960938
3258,T,C,1,MT-TL1,400,5,-0.002284407615661621
3260,A,G,1,MT-TL1,400,5,-0.007829606533050537
3261,A,G,0,MT-TL1,400,5,-0.006325781345367432
3271,T,C,1,MT-TL1,400,5,-0.0024875402450561523
3275,C,A,0,MT-TL1,400,5,0.00018018484115600586
3275,C,G,0,MT-TL1,400,5,-2.2470951080322266e-05
3275,C,T,0,MT-TL1,400,5,-0.0013343095779418945
3277,G,A,0,MT-TL1,400,5,0.004221200942993164
3278,T,C,0,MT-TL1,400,5,-0.000820159912109375
3290,T,C,0,MT-TL1,400,5,0.0019380450248718262
3291,T,C,1,MT-TL1,400,5,-0.0014749765396118164
3302,A,G,1,MT-TL1,400,5,-0.0026627182960510254
3303,C,T,1,MT-TL1,400,5,-0.007939279079437256
4300,A,G,1,MT-TI,400,5,-0.0044422149658203125
4310,A,G,0,MT-TI,400,5,0.002853989601135254
4312,C,T,0,MT-TI,400,5,0.000489652156829834
4313,T,C,0,MT-TI,400,5,-0.002348482608795166
4314,T,A,0,MT-TI,400,5,-0.0015732049942016602
4314,T,C,0,MT-TI,400,5,-0.00015854835510253906
4317,A,G,0,MT-TI,400,5,-0.0016906261444091797
4318,C,T,0,MT-TI,400,5,-0.00045114755630493164
4335,C,T,0,MT-TQ,400,5,-0.0008274316787719727
4336,T,C,0,MT-TQ,400,5,-0.0002492070198059082
4340,A,G,0,MT-TQ,400,5,0.0020599365234375
4343,A,G,0,MT-TQ,400,5,-0.003026247024536133
4350,C,T,0,MT-TQ,400,5,-0.002250969409942627
4353,T,C,0,MT-TQ,400,5,-0.0026999711990356445
4370,T,C,0,MT-TQ,400,5,0.0009619593620300293
4371,T,C,0,MT-TQ,400,5,7.772445678710938e-05
4373,T,C,0,MT-TQ,400,5,-0.0026417970657348633
4375,C,T,0,MT-TQ,400,5,-0.0012480616569519043
4381,A,G,0,MT-TQ,400,5,-0.0047765374183654785
4384,T,A,0,MT-TQ,400,5,0.0004000663757324219
4384,T,C,0,MT-TQ,400,5,-0.0010205507278442383
4385,A,G,0,MT-TQ,400,5,-0.005676746368408203
4385,A,T,0,MT-TQ,400,5,-0.007885158061981201
4386,T,C,0,MT-TQ,400,5,-0.002112746238708496
4387,C,T,0,MT-TQ,400,5,0.0002905130386352539
4394,C,A,0,MT-TQ,400,5,-0.0009589791297912598
4395,A,G,0,MT-TQ,400,5,-0.0019211769104003906
4417,A,G,0,MT-TM,400,5,-0.006025075912475586
4418,T,C,0,MT-TM,400,5,-0.0015811920166015625
4435,A,G,0,MT-TM,400,5,-0.005836427211761475
4450,G,A,1,MT-TM,400,5,-0.002995431423187256
4452,T,C,0,MT-TM,400,5,-0.001029372215270996
4454,T,A,0,MT-TM,400,5,-0.002262115478515625
4454,T,C,0,MT-TM,400,5,0.00028079748153686523
4464,G,A,0,MT-TM,400,5,-0.00024884939193725586
5514,A,G,0,MT-TW,400,5,-0.0066956281661987305
5515,A,G,0,MT-TW,400,5,-0.011051774024963379
5516,A,G,0,MT-TW,400,5,-0.005084097385406494
5521,G,A,1,MT-TW,400,5,-0.007288575172424316
5527,A,G,0,MT-TW,400,5,-0.0053147077560424805
5528,T,C,0,MT-TW,400,5,0.0034214258193969727
5530,C,T,0,MT-TW,400,5,-0.001005709171295166
5539,A,G,0,MT-TW,400,5,-0.003620743751525879
5539,A,T,0,MT-TW,400,5,-0.008424520492553711
5553,T,C,0,MT-TW,400,5,-0.0024825334548950195
5553,T,G,0,MT-TW,400,5,-0.008279561996459961
5554,C,A,0,MT-TW,400,5,0.004023432731628418
5556,G,A,1,MT-TW,400,5,-0.0064664483070373535
5557,T,C,0,MT-TW,400,5,0.0036336779594421387
5561,T,C,0,MT-TW,400,5,-0.000594794750213623
5563,G,A,0,MT-TW,400,5,0.0016832351684570312
5566,A,G,0,MT-TW,400,5,-0.0027006864547729492
5567,T,C,0,MT-TW,400,5,0.0005964040756225586
5568,A,G,0,MT-TW,400,5,-0.0031434297561645508
5592,A,G,0,MT-TA,400,5,-0.003613889217376709
5600,A,G,0,MT-TA,400,5,-0.0001564621925354004
5601,C,T,0,MT-TA,400,5,0.0009638071060180664
5603,C,T,0,MT-TA,400,5,-0.0003839731216430664
5604,C,T,0,MT-TA,400,5,0.00011539459228515625
5605,A,G,0,MT-TA,400,5,-0.00363767147064209
5608,C,T,0,MT-TA,400,5,-0.0030890703201293945
5618,T,C,0,MT-TA,400,5,-0.007413089275360107
5628,T,C,0,MT-TA,400,5,-0.006610691547393799
5633,C,T,0,MT-TA,400,5,-0.00016003847122192383
5640,A,G,0,MT-TA,400,5,-0.003963828086853027
5650,G,A,1,MT-TA,400,5,-0.004339039325714111
5655,T,C,0,MT-TA,400,5,0.00011610984802246094
5662,C,T,0,MT-TN,400,5,-3.6597251892089844e-05
5663,C,T,0,MT-TN,400,5,0.002964913845062256
5664,A,G,0,MT-TN,400,5,-0.001911938190460205
5665,A,G,0,MT-TN,400,5,-0.0031687021255493164
5673,T,C,0,MT-TN,400,5,-0.0004534721374511719
5686,A,T,0,MT-TN,400,5,-0.001149892807006836
5690,A,G,1,MT-TN,400,5,-0.008372128009796143
5703,G,A,1,MT-TN,400,5,0.001198112964630127
5705,A,G,0,MT-TN,400,5,-2.6881694793701172e-05
5711,A,G,0,MT-TN,400,5,-0.0012659430503845215
5715,A,G,0,MT-TN,400,5,-0.0018870830535888672
5728,T,C,1,MT-TN,400,5,-0.0020586252212524414
5772,G,A,0,MT-TC,400,5,-0.007908225059509277
5773,G,A,0,MT-TC,400,5,0.0007072687149047852
5774,T,C,0,MT-TC,400,5,0.001528024673461914
5774,T,G,0,MT-TC,400,5,0.0012269020080566406
5775,T,C,0,MT-TC,400,5,-0.0034142136573791504
5780,G,A,0,MT-TC,400,5,-0.0043656229972839355
5783,G,A,0,MT-TC,400,5,-0.005320072174072266
5785,T,C,0,MT-TC,400,5,-0.005683183670043945
5786,T,C,0,MT-TC,400,5,0.00012159347534179688
5788,T,C,0,MT-TC,400,5,-0.0055977702140808105
5794,T,C,0,MT-TC,400,5,-0.0020462870597839355
5800,A,G,0,MT-TC,400,5,-0.008019566535949707
5806,T,C,0,MT-TC,400,5,-9.387731552124023e-05
5807,A,G,0,MT-TC,400,5,-0.001740097999572754
5811,A,G,0,MT-TC,400,5,-0.002705693244934082
5814,T,A,0,MT-TC,400,5,-0.003089308738708496
5814,T,C,0,MT-TC,400,5,-0.0019841790199279785
5817,C,T,0,MT-TC,400,5,-0.006598472595214844
5821,G,A,0,MT-TC,400,5,-0.00035303831100463867
5822,G,A,0,MT-TC,400,5,-0.006451427936553955
5823,A,G,0,MT-TC,400,5,-2.962350845336914e-05
5824,G,A,0,MT-TC,400,5,-0.0018156766891479492
5836,A,G,0,MT-TY,400,5,-0.0014280080795288086
5839,C,T,0,MT-TY,400,5,-0.0016441941261291504
5840,C,T,0,MT-TY,400,5,-0.0006582140922546387
5843,A,G,0,MT-TY,400,5,-0.001426994800567627
5846,C,T,0,MT-TY,400,5,0.0015146732330322266
5855,A,G,0,MT-TY,400,5,-0.0016213655471801758
5867,C,T,0,MT-TY,400,5,0.006139814853668213
5875,C,T,0,MT-TY,400,5,0.0014232397079467773
5876,A,G,0,MT-TY,400,5,-0.00023937225341796875
7453,G,A,1,MT-TS1,400,5,-0.00834435224533081
7460,A,G,0,MT-TS1,400,5,0.0016061067581176758
7469,C,T,0,MT-TS1,400,5,-0.00026041269302368164
7471,C,A,0,MT-TS1,400,5,0.004981517791748047
7471,C,T,0,MT-TS1,400,5,0.0025740861892700195
7472,A,T,0,MT-TS1,400,5,-0.0006366968154907227
7476,C,T,0,MT-TS1,400,5,-0.0011638998985290527
7490,A,G,0,MT-TS1,400,5,0.0026865601539611816
7493,C,T,0,MT-TS1,400,5,-0.00044482946395874023
7497,G,A,1,MT-TS1,400,5,-0.0006988048553466797
7498,G,A,0,MT-TS1,400,5,0.0024504661560058594
7501,T,C,0,MT-TS1,400,5,-4.869699478149414e-05
7510,T,C,1,MT-TS1,400,5,-0.0014380216598510742
7511,T,C,1,MT-TS1,400,5,-0.001743912696838379
7512,T,C,1,MT-TS1,400,5,0.0006865262985229492
7521,G,A,0,MT-TD,400,5,0.008889555931091309
7533,C,T,0,MT-TD,400,5,-0.00035840272903442383
7534,C,T,0,MT-TD,400,5,-0.002745509147644043
7543,A,G,0,MT-TD,400,5,-0.009651243686676025
7546,T,C,0,MT-TD,400,5,-0.0041855573654174805
7547,T,C,0,MT-TD,400,5,-0.010035216808319092
7552,A,G,0,MT-TD,400,5,-0.0046915411949157715
7559,A,G,0,MT-TD,400,5,-0.001021265983581543
7561,T,C,0,MT-TD,400,5,0.00044780969619750977
7567,C,T,0,MT-TD,400,5,-0.0009592771530151367
7568,T,C,0,MT-TD,400,5,0.0002371668815612793
7569,A,G,0,MT-TD,400,5,-0.0007745027542114258
7570,A,G,0,MT-TD,400,5,-0.0012636184692382812
7572,T,C,0,MT-TD,400,5,0.00465160608291626
7576,A,G,0,MT-TD,400,5,-0.003720879554748535
7581,T,C,0,MT-TD,400,5,0.003118455410003662
7585,A,G,0,MT-TD,400,5,-0.007532238960266113
8298,T,C,0,MT-TK,400,5,-0.0027455687522888184
8300,T,C,0,MT-TK,400,5,-0.0010833144187927246
8308,A,G,0,MT-TK,400,5,-0.006322622299194336
8311,T,C,0,MT-TK,400,5,-0.0012894272804260254
8313,G,A,1,MT-TK,400,5,-0.009095311164855957
8315,A,G,0,MT-TK,400,5,-0.0027091503143310547
8331,A,G,0,MT-TK,400,5,-0.007751941680908203
8337,T,C,0,MT-TK,400,5,-0.0023599863052368164
8338,A,G,0,MT-TK,400,5,-0.0008609890937805176
8340,G,A,1,MT-TK,400,5,-0.0029712319374084473
8343,A,G,0,MT-TK,400,5,-0.0018156766891479492
8344,A,G,1,MT-TK,400,5,-0.0023576021194458008
8345,C,T,0,MT-TK,400,5,-0.0005668401718139648
8346,C,A,0,MT-TK,400,5,0.0008550882339477539
8347,A,G,0,MT-TK,400,5,-0.0021764039993286133
8348,A,G,0,MT-TK,400,5,-0.0015265345573425293
8349,C,T,0,MT-TK,400,5,-0.0021916627883911133
8350,A,G,0,MT-TK,400,5,-0.0022986531257629395
8356,T,C,1,MT-TK,400,5,-0.0021536946296691895
8360,A,G,0,MT-TK,400,5,-0.004091620445251465
8363,G,A,1,MT-TK,400,5,-0.006501913070678711
9991,A,G,0,MT-TG,400,5,-0.005885481834411621
9995,T,C,0,MT-TG,400,5,-0.013509988784790039
10003,T,C,0,MT-TG,400,5,-0.0035341382026672363
10005,A,G,0,MT-TG,400,5,-0.004813492298126221
10006,A,G,0,MT-TG,400,5,-0.002454698085784912
10007,T,C,0,MT-TG,400,5,-0.0016677379608154297
10013,C,T,0,MT-TG,400,5,0.001339733600616455
10018,A,G,0,MT-TG,400,5,-0.007454395294189453
10029,A,G,0,MT-TG,400,5,-0.004643499851226807
10031,T,C,0,MT-TG,400,5,-0.0012692809104919434
10034,T,C,0,MT-TG,400,5,-0.0005199909210205078
10040,C,T,0,MT-TG,400,5,-0.0005895495414733887
10042,A,G,0,MT-TG,400,5,-0.0023376941680908203
10044,A,G,0,MT-TG,400,5,-0.006055712699890137
10045,T,C,0,MT-TG,400,5,0.0017606616020202637
10410,T,A,0,MT-TR,400,5,0.009507298469543457
10410,T,C,0,MT-TR,400,5,-0.0029664039611816406
10411,A,G,0,MT-TR,400,5,0.00024205446243286133
10420,A,G,0,MT-TR,400,5,-0.004159092903137207
10427,G,A,0,MT-TR,400,5,0.0038703083992004395
10440,T,C,0,MT-TR,400,5,-0.0012949705123901367
10446,A,G,0,MT-TR,400,5,0.003232121467590332
10448,T,C,0,MT-TR,400,5,-0.004744827747344971
10454,T,C,0,MT-TR,400,5,0.0013552308082580566
10456,A,G,0,MT-TR,400,5,-0.00481945276260376
10463,T,C,0,MT-TR,400,5,-0.0026064515113830566
12141,A,G,0,MT-TH,400,5,-0.0057639479637146
12142,A,G,0,MT-TH,400,5,-0.006395101547241211
12147,G,A,1,MT-TH,400,5,-0.006766796112060547
12151,A,G,0,MT-TH,400,5,-0.008334755897521973
12160,A,G,0,MT-TH,400,5,-0.008974075317382812
12161,T,C,0,MT-TH,400,5,-0.0016808509826660156
12164,G,A,0,MT-TH,400,5,-0.010346770286560059
12166,T,C,0,MT-TH,400,5,-0.000504612922668457
12171,A,G,0,MT-TH,400,5,-0.005806088447570801
12172,A,G,0,MT-TH,400,5,-0.005433261394500732
12173,T,C,0,MT-TH,400,5,-0.005814313888549805
12178,C,T,0,MT-TH,400,5,-0.0012189745903015137
12181,C,T,0,MT-TH,400,5,-0.0006598830223083496
12188,T,C,0,MT-TH,400,5,-0.0005971789360046387
12189,T,C,0,MT-TH,400,5,-0.0004932880401611328
12191,C,T,0,MT-TH,400,5,0.00044101476669311523
12192,G,A,0,MT-TH,400,5,0.0035207271575927734
12193,A,G,0,MT-TH,400,5,-0.0013077855110168457
12196,C,T,0,MT-TH,400,5,0.0024095773696899414
12201,T,C,1,MT-TH,400,5,-0.002193629741668701
12215,T,C,0,MT-TS2,400,5,-0.0011619925498962402
12216,C,T,0,MT-TS2,400,5,-0.00020056962966918945
12223,A,G,0,MT-TS2,400,5,-0.002445995807647705
12231,C,T,0,MT-TS2,400,5,0.0020797252655029297
12234,A,G,0,MT-TS2,400,5,-0.005016207695007324
12235,T,C,0,MT-TS2,400,5,-0.0017242431640625
12237,C,T,0,MT-TS2,400,5,-0.0001035928726196289
12239,C,T,0,MT-TS2,400,5,-7.659196853637695e-05
12245,T,C,0,MT-TS2,400,5,0.0012452006340026855
12246,C,T,0,MT-TS2,400,5,-0.002999722957611084
12248,A,G,0,MT-TS2,400,5,-0.005134701728820801
12258,C,A,1,MT-TS2,400,5,-0.007630884647369385
12265,A,G,0,MT-TS2,400,5,-0.005967855453491211
12273,A,G,0,MT-TL2,400,5,-0.007419466972351074
12276,G,A,1,MT-TL2,400,5,-0.013418257236480713
12279,A,G,0,MT-TL2,400,5,-0.015652060508728027
12279,A,T,0,MT-TL2,400,5,-0.018912315368652344
12280,A,G,0,MT-TL2,400,5,-0.002028524875640869
12281,C,T,0,MT-TL2,400,5,-0.0038970112800598145
12285,T,C,0,MT-TL2,400,5,-0.003935575485229492
12295,T,C,0,MT-TL2,400,5,-0.004807114601135254
12297,T,C,0,MT-TL2,400,5,-0.007713377475738525
12308,A,G,0,MT-TL2,400,5,-0.005598843097686768
12311,T,C,0,MT-TL2,400,5,0.0006508827209472656
12315,G,A,1,MT-TL2,400,5,-0.006143689155578613
14674,T,C,1,MT-TE,400,5,-0.0038941502571105957
14683,A,G,0,MT-TE,400,5,0.00024199485778808594
14684,C,T,0,MT-TE,400,5,-0.001932680606842041
14687,A,G,0,MT-TE,400,5,0.0013892650604248047
14690,A,G,0,MT-TE,400,5,-0.006923794746398926
14691,C,T,0,MT-TE,400,5,0.001672506332397461
14693,A,G,0,MT-TE,400,5,-0.002778172492980957
14696,A,C,0,MT-TE,400,5,-0.01412510871887207
14696,A,G,0,MT-TE,400,5,0.000725090503692627
14706,A,G,0,MT-TE,400,5,-5.513429641723633e-05
14709,T,C,1,MT-TE,400,5,-0.0029351115226745605
14716,C,T,0,MT-TE,400,5,-0.002425253391265869
14727,T,C,0,MT-TE,400,5,-0.0008267760276794434
15889,T,C,0,MT-TT,400,5,0.001428067684173584
15891,C,T,0,MT-TT,400,5,-0.0045403242111206055
15892,T,C,0,MT-TT,400,5,-0.005393505096435547
15893,T,C,0,MT-TT,400,5,-0.0036997199058532715
15894,G,A,0,MT-TT,400,5,-0.005666971206665039
15895,T,C,0,MT-TT,400,5,-0.006567716598510742
15900,T,C,0,MT-TT,400,5,-0.003016829490661621
15902,A,G,0,MT-TT,400,5,-0.002515435218811035
15903,A,G,0,MT-TT,400,5,-0.005335390567779541
15904,C,T,0,MT-TT,400,5,0.001137375831604004
15905,T,C,0,MT-TT,400,5,-0.0005172491073608398
15907,A,G,0,MT-TT,400,5,-0.00515514612197876
15908,T,C,0,MT-TT,400,5,-0.0045539140701293945
15909,A,G,0,MT-TT,400,5,-0.01003938913345337
15911,A,G,0,MT-TT,400,5,-0.0026921629905700684
15913,C,T,0,MT-TT,400,5,-0.0016454458236694336
15914,A,G,0,MT-TT,400,5,0.007125973701477051
15916,T,C,0,MT-TT,400,5,-0.0057408809661865234
15923,A,G,1,MT-TT,400,5,-0.004379868507385254
15924,A,G,0,MT-TT,400,5,-0.0007426738739013672
15925,C,T,0,MT-TT,400,5,-0.001765429973602295
15926,C,T,0,MT-TT,400,5,0.001472175121307373
15927,G,A,0,MT-TT,400,5,-0.0003643631935119629
15928,G,A,0,MT-TT,400,5,-0.002075374126434326
15929,A,G,0,MT-TT,400,5,-0.003509819507598877
15930,G,A,0,MT-TT,400,5,-0.0011069178581237793
15932,T,C,0,MT-TT,400,5,-0.0030615925788879395
15935,A,G,0,MT-TT,400,5,-0.002649664878845215
15936,A,G,0,MT-TT,400,5,0.0009898543357849121
15936,A,T,0,MT-TT,400,5,-0.003577589988708496
15937,A,G,0,MT-TT,400,5,-0.00403439998626709
15937,A,T,0,MT-TT,400,5,-0.004315018653869629
15938,C,T,0,MT-TT,400,5,-0.0033817291259765625
15939,C,T,0,MT-TT,400,5,-0.00021922588348388672
15940,T,C,0,MT-TT,400,5,7.450580596923828e-06
15941,T,C,0,MT-TT,400,5,-0.00024437904357910156
15942,T,C,0,MT-TT,400,5,-0.0007794499397277832
15943,T,C,0,MT-TT,400,5,0.0003440976142883301
15944,T,C,0,MT-TT,400,5,0.0005320310592651367
15946,C,T,0,MT-TT,400,5,-0.004881620407104492
15947,A,G,0,MT-TT,400,5,-0.004103899002075195
15949,G,A,0,MT-TT,400,5,-0.0034616589546203613
15951,A,G,0,MT-TT,400,5,-0.003233611583709717
15952,C,T,0,MT-TT,400,5,-0.003735363483428955
15965,A,G,0,MT-TP,400,5,-0.00012099742889404297
15968,T,C,0,MT-TP,400,5,0.0015869140625
15970,T,C,0,MT-TP,400,5,-0.004545092582702637
15977,C,T,0,MT-TP,400,5,-0.007584214210510254
15978,C,T,0,MT-TP,400,5,-0.002475738525390625
15990,C,T,1,MT-TP,400,5,-0.0082930326461792
15992,A,T,0,MT-TP,400,5,-0.01103508472442627
16011,A,G,0,MT-TP,400,5,-0.004694223403930664
16017,T,C,0,MT-TP,400,5,-0.0009999275207519531
591,C,T,1,MT-TF,400,6,0.010183632373809814
592,C,T,0,MT-TF,400,6,0.0075264573097229
593,T,C,0,MT-TF,400,6,-0.001068711280822754
595,C,A,0,MT-TF,400,6,0.006143808364868164
595,C,T,0,MT-TF,400,6,-0.0013542771339416504
596,T,C,0,MT-TF,400,6,0.0006794929504394531
597,C,T,0,MT-TF,400,6,0.0041411519050598145
603,A,G,0,MT-TF,400,6,-0.010911643505096436
606,A,G,0,MT-TF,400,6,-0.008356988430023193
616,T,C,1,MT-TF,400,6,-0.014635205268859863
619,T,C,0,MT-TF,400,6,-0.0018012523651123047
621,A,G,0,MT-TF,400,6,-0.00560605525970459
629,T,A,0,MT-TF,400,6,-0.0006688237190246582
629,T,C,0,MT-TF,400,6,0.0029131174087524414
630,C,T,0,MT-TF,400,6,-0.001153707504272461
633,A,G,0,MT-TF,400,6,-0.0006900429725646973
634,T,A,0,MT-TF,400,6,-0.001757502555847168
634,T,C,0,MT-TF,400,6,-0.00285261869430542
635,C,T,0,MT-TF,400,6,-0.0013332366943359375
644,A,G,0,MT-TF,400,6,-0.00448298454284668
647,A,G,0,MT-TF,400,6,-0.00738370418548584
1607,T,C,0,MT-TV,400,6,-0.003460526466369629
1617,C,T,0,MT-TV,400,6,0.000615239143371582
1618,A,G,0,MT-TV,400,6,-0.0034369826316833496
1624,C,T,1,MT-TV,400,6,0.0012748241424560547
1628,C,T,0,MT-TV,400,6,0.0026023387908935547
1640,A,G,0,MT-TV,400,6,0.0006627440452575684
1644,G,A,1,MT-TV,400,6,-0.002574920654296875
1646,T,C,0,MT-TV,400,6,-0.003999769687652588
1657,C,T,0,MT-TV,400,6,-0.0017287135124206543
1664,G,A,0,MT-TV,400,6,-0.002411186695098877
1670,A,T,0,MT-TV,400,6,-0.010591626167297363
3236,A,G,0,MT-TL1,400,6,-0.0016483068466186523
3242,G,A,1,MT-TL1,400,6,-0.011215806007385254
3243,A,G,1,MT-TL1,400,6,-0.01378929615020752
3243,A,T,1,MT-TL1,400,6,-0.030927181243896484
3251,A,G,1,MT-TL1,400,6,-0.006564974784851074
3252,A,G,1,MT-TL1,400,6,-0.0030124783515930176
3254,C,A,0,MT-TL1,400,6,-0.004633307456970215
3254,C,T,0,MT-TL1,400,6,0.006462693214416504
3255,G,A,1,MT-TL1,400,6,-0.008761048316955566
3256,C,T,1,MT-TL1,400,6,-0.008862435817718506
3258,T,C,1,MT-TL1,400,6,-0.0028039216995239258
3260,A,G,1,MT-TL1,400,6,-0.007018387317657471
3261,A,G,0,MT-TL1,400,6,-0.0055141448974609375
3271,T,C,1,MT-TL1,400,6,-0.0023155808448791504
3275,C,A,0,MT-TL1,400,6,-0.0014459490776062012
3275,C,G,0,MT-TL1,400,6,-0.0022048354148864746
3275,C,T,0,MT-TL1,400,6,-0.0007268190383911133
3277,G,A,0,MT-TL1,400,6,0.003938615322113037
3278,T,C,0,MT-TL1,400,6,-0.0001640915870666504
3290,T,C,0,MT-TL1,400,6,0.0002532005310058594
3291,T,C,1,MT-TL1,400,6,-0.0022439956665039062
3302,A,G,1,MT-TL1,400,6,-0.001383066177368164
3303,C,T,1,MT-TL1,400,6,-0.005785703659057617
4300,A,G,1,MT-TI,400,6,-0.005477190017700195
4310,A,G,0,MT-TI,400,6,0.0016074180603027344
4312,C,T,0,MT-TI,400,6,0.0008670687675476074
4313,T,C,0,MT-TI,400,6,-0.0019642114639282227
4314,T,A,0,MT-TI,400,6,-0.0015290379524230957
4314,T,C,0,MT-TI,400,6,-0.0003151893615722656
4317,A,G,0,MT-TI,400,6,0.0007988810539245605
4318,C,T,0,MT-TI,400,6,0.000736236572265625
4335,C,T,0,MT-TQ,400,6,-0.0009095668792724609
4336,T,C,0,MT-TQ,400,6,0.0006211996078491211
4340,A,G,0,MT-TQ,400,6,0.0007531046867370605
4343,A,G,0,MT-TQ,400,6,-0.002780318260192871
4350,C,T,0,MT-TQ,400,6,-0.0012860298156738281
4353,T,C,0,MT-TQ,400,6,-0.0009871721267700195
4370,T,C,0,MT-TQ,400,6,-0.0021837353706359863
4371,T,C,0,MT-TQ,400,6,0.00018841028213500977
4373,T,C,0,MT-TQ,400,6,-0.0039020776748657227
4375,C,T,0,MT-TQ,400,6,-0.003193795680999756
4381,A,G,0,MT-TQ,400,6,-0.004023313522338867
4384,T,A,0,MT-TQ,400,6,-0.0008419156074523926
4384,T,C,0,MT-TQ,400,6,0.0004417300224304199
4385,A,G,0,MT-TQ,400,6,-0.005160033702850342
4385,A,T,0,MT-TQ,400,6,-0.005416989326477051
4386,T,C,0,MT-TQ,400,6,-0.004176497459411621
4387,C,T,0,MT-TQ,400,6,0.0008630156517028809
4394,C,A,0,MT-TQ,400,6,-0.0005167722702026367
4395,A,G,0,MT-TQ,400,6,-0.0009514093399047852
4417,A,G,0,MT-TM,400,6,-0.00519639253616333
4418,T,C,0,MT-TM,400,6,-8.171796798706055e-05
4435,A,G,0,MT-TM,400,6,-0.0062978267669677734
4450,G,A,1,MT-TM,400,6,-0.0040261149406433105
4452,T,C,0,MT-TM,400,6,-0.0012993216514587402
4454,T,A,0,MT-TM,400,6,-0.0021773576736450195
4454,T,C,0,MT-TM,400,6,-0.0010900497436523438
4464,G,A,0,MT-TM,400,6,-0.0016900897026062012
5514,A,G,0,MT-TW,400,6,-0.0054201483726501465
5515,A,G,0,MT-TW,400,6,-0.009681522846221924
5516,A,G,0,MT-TW,400,6,-0.005275607109069824
5521,G,A,1,MT-TW,400,6,-0.007931172847747803
5527,A,G,0,MT-TW,400,6,-0.004162311553955078
5528,T,C,0,MT-TW,400,6,0.0011528730392456055
5530,C,T,0,MT-TW,400,6,-0.0020394325256347656
5539,A,G,0,MT-TW,400,6,-0.0032632946968078613
5539,A,T,0,MT-TW,400,6,-0.011360764503479004
5553,T,C,0,MT-TW,400,6,-0.002244114875793457
5553,T,G,0,MT-TW,400,6,-0.009256601333618164
5554,C,A,0,MT-TW,400,6,0.003505110740661621
5556,G,A,1,MT-TW,400,6,-0.005658626556396484
5557,T,C,0,MT-TW,400,6,0.0016121864318847656
5561,T,C,0,MT-TW,400,6,-0.00043511390686035156
5563,G,A,0,MT-TW,400,6,0.002666652202606201
5566,A,G,0,MT-TW,400,6,-0.0035867691040039062
5567,T,C,0,MT-TW,400,6,0.0021206140518188477
5568,A,G,0,MT-TW,400,6,-0.0024509429931640625
5592,A,G,0,MT-TA,400,6,-0.005800724029541016
5600,A,G,0,MT-TA,400,6,-0.0014684796333312988
5601,C,T,0,MT-TA,400,6,0.0012781620025634766
5603,C,T,0,MT-TA,400,6,7.355213165283203e-05
5604,C,T,0,MT-TA,400,6,-0.001162409782409668
5605,A,G,0,MT-TA,400,6,-0.004130005836486816
5608,C,T,0,MT-TA,400,6,-0.0027022361755371094
5618,T,C,0,MT-TA,400,6,-0.008275747299194336
5628,T,C,0,MT-TA,400,6,-0.005843460559844971
5633,C,T,0,MT-TA,400,6,0.00010442733764648438
5640,A,G,0,MT-TA,400,6,-0.0032813549041748047
5650,G,A,1,MT-TA,400,6,-0.005326569080352783
5655,T,C,0,MT-TA,400,6,-0.0009152889251708984
5662,C,T,0,MT-TN,400,6,0.002102792263031006
5663,C,T,0,MT-TN,400,6,0.00540006160736084
5664,A,G,0,MT-TN,400,6,-0.003081798553466797
5665,A,G,0,MT-TN,400,6,-0.001371622085571289
5673,T,C,0,MT-TN,400,6,0.0025882720947265625
5686,A,T,0,MT-TN,400,6,-0.001005411148071289
5690,A,G,1,MT-TN,400,6,-0.006325960159301758
5703,G,A,1,MT-TN,400,6,0.0014286041259765625
5705,A,G,0,MT-TN,400,6,-0.0009541511535644531
5711,A,G,0,MT-TN,400,6,-0.001366734504699707
5715,A,G,0,MT-TN,400,6,-0.002661406993865967
5728,T,C,1,MT-TN,400,6,-0.003679633140563965
5772,G,A,0,MT-TC,400,6,-0.007073700428009033
5773,G,A,0,MT-TC,400,6,-0.0002810955047607422
5774,T,C,0,MT-TC,400,6,-0.0010713934898376465
5774,T,G,0,MT-TC,400,6,0.0007698535919189453
5775,T,C,0,MT-TC,400,6,-0.0018555521965026855
5780,G,A,0,MT-TC,400,6,-0.004502236843109131
5783,G,A,0,MT-TC,400,6,-0.00509876012802124
5785,T,C,0,MT-TC,400,6,-0.005983710289001465
5786,T,C,0,MT-TC,400,6,0.0007987618446350098
5788,T,C,0,MT-TC,400,6,-0.004868030548095703
5794,T,C,0,MT-TC,400,6,-0.0035723447799682617
5800,A,G,0,MT-TC,400,6,-0.008987486362457275
5806,T,C,0,MT-TC,400,6,-0.0021001696586608887
5807,A,G,0,MT-TC,400,6,-0.0003885626792907715
5811,A,G,0,MT-TC,400,6,-0.004046082496643066
5814,T,A,0,MT-TC,400,6,-0.002414107322692871
5814,T,C,0,MT-TC,400,6,-0.002832174301147461
5817,C,T,0,MT-TC,400,6,-0.00787574052810669
5821,G,A,0,MT-TC,400,6,-0.0011206865310668945
5822,G,A,0,MT-TC,400,6,-0.005194962024688721
5823,A,G,0,MT-TC,400,6,0.00041490793228149414
5824,G,A,0,MT-TC,400,6,-0.0026532411575317383
5836,A,G,0,MT-TY,400,6,-0.0007103681564331055
5839,C,T,0,MT-TY,400,6,-0.0010418891906738281
5840,C,T,0,MT-TY,400,6,0.0007964372634887695
5843,A,G,0,MT-TY,400,6,-0.0022679567337036133
5846,C,T,0,MT-TY,400,6,0.0018028020858764648
5855,A,G,0,MT-TY,400,6,-0.0011751055717468262
5867,C,T,0,MT-TY,400,6,0.00585097074508667
5875,C,T,0,MT-TY,400,6,0.002040266990661621
5876,A,G,0,MT-TY,400,6,-0.0008547306060791016
7453,G,A,1,MT-TS1,400,6,-0.007116198539733887
7460,A,G,0,MT-TS1,400,6,-0.0006476640701293945
7469,C,T,0,MT-TS1,400,6,-0.00013208389282226562
7471,C,A,0,MT-TS1,400,6,0.00542604923248291
7471,C,T,0,MT-TS1,400,6,0.0026767849922180176
7472,A,T,0,MT-TS1,400,6,0.0009880661964416504
7476,C,T,0,MT-TS1,400,6,0.0013890862464904785
7490,A,G,0,MT-TS1,400,6,0.002177417278289795
7493,C,T,0,MT-TS1,400,6,-3.7550926208496094e-05
7497,G,A,1,MT-TS1,400,6,0.0008689165115356445
7498,G,A,0,MT-TS1,400,6,0.0010808110237121582
7501,T,C,0,MT-TS1,400,6,-0.0017116665840148926
7510,T,C,1,MT-TS1,400,6,-0.0023005008697509766
7511,T,C,1,MT-TS1,400,6,-0.0014450550079345703
7512,T,C,1,MT-TS1,400,6,0.00046390295028686523
7521,G,A,0,MT-TD,400,6,0.009682536125183105
7533,C,T,0,MT-TD,400,6,-0.0003566145896911621
7534,C,T,0,MT-TD,400,6,-0.0018157958984375
7543,A,G,0,MT-TD,400,6,-0.009697377681732178
7546,T,C,0,MT-TD,400,6,-0.0035143494606018066
7547,T,C,0,MT-TD,400,6,-0.011222600936889648
7552,A,G,0,MT-TD,400,6,-0.006291866302490234
7559,A,G,0,MT-TD,400,6,-0.0014462471008300781
7561,T,C,0,MT-TD,400,6,-0.0012121200561523438
7567,C,T,0,MT-TD,400,6,-0.0013751387596130371
7568,T,C,0,MT-TD,400,6,0.00019872188568115234
7569,A,G,0,MT-TD,400,6,-0.001074671745300293
7570,A,G,0,MT-TD,400,6,-0.001916050910949707
7572,T,C,0,MT-TD,400,6,0.0030525922775268555
7576,A,G,0,MT-TD,400,6,-0.004778504371643066
7581,T,C,0,MT-TD,400,6,0.0026608705520629883
7585,A,G,0,MT-TD,400,6,-0.006060779094696045
8298,T,C,0,MT-TK,400,6,-0.001902937889099121
8300,T,C,0,MT-TK,400,6,-0.0019411444664001465
8308,A,G,0,MT-TK,400,6,-0.0070223212242126465
8311,T,C,0,MT-TK,400,6,-0.00036460161209106445
8313,G,A,1,MT-TK,400,6,-0.00964885950088501
8315,A,G,0,MT-TK,400,6,-0.0016620755195617676
8331,A,G,0,MT-TK,400,6,-0.005866587162017822
8337,T,C,0,MT-TK,400,6,-0.0026648640632629395
8338,A,G,0,MT-TK,400,6,-0.00024193525314331055
8340,G,A,1,MT-TK,400,6,-0.002085864543914795
8343,A,G,0,MT-TK,400,6,-0.005107104778289795
8344,A,G,1,MT-TK,400,6,-0.0015761256217956543
8345,C,T,0,MT-TK,400,6,-5.125999450683594e-06
8346,C,A,0,MT-TK,400,6,-0.0003883242607116699
8347,A,G,0,MT-TK,400,6,-0.00212252140045166
8348,A,G,0,MT-TK,400,6,-0.00036513805389404297
8349,C,T,0,MT-TK,400,6,-0.0018753409385681152
8350,A,G,0,MT-TK,400,6,-0.0016735196113586426
8356,T,C,1,MT-TK,400,6,-0.0018383264541625977
8360,A,G,0,MT-TK,400,6,-0.004012048244476318
8363,G,A,1,MT-TK,400,6,-0.005105078220367432
9991,A,G,0,MT-TG,400,6,-0.008411765098571777
9995,T,C,0,MT-TG,400,6,-0.014329910278320312
10003,T,C,0,MT-TG,400,6,-0.0039740800857543945
10005,A,G,0,MT-TG,400,6,-0.005883216857910156
10006,A,G,0,MT-TG,400,6,-0.001885831356048584
10007,T,C,0,MT-TG,400,6,-0.001689136028289795
10013,C,T,0,MT-TG,400,6,0.0024033784866333008
10018,A,G,0,MT-TG,400,6,-0.007396578788757324
10029,A,G,0,MT-TG,400,6,-0.004687070846557617
10031,T,C,0,MT-TG,400,6,-0.002378702163696289
10034,T,C,0,MT-TG,400,6,-0.0002594590187072754
10040,C,T,0,MT-TG,400,6,0.0004557371139526367
10042,A,G,0,MT-TG,400,6,-0.0024649500846862793
10044,A,G,0,MT-TG,400,6,-0.0045893192291259766
10045,T,C,0,MT-TG,400,6,0.0005756616592407227
10410,T,A,0,MT-TR,400,6,0.006009399890899658
10410,T,C,0,MT-TR,400,6,-0.0037893056869506836
10411,A,G,0,MT-TR,400,6,-0.001849830150604248
10420,A,G,0,MT-TR,400,6,-0.005137026309967041
10427,G,A,0,MT-TR,400,6,0.0037404298782348633
10440,T,C,0,MT-TR,400,6,-0.004360556602478027
10446,A,G,0,MT-TR,400,6,0.0031504034996032715
10448,T,C,0,MT-TR,400,6,-0.0044348835945129395
10454,T,C,0,MT-TR,400,6,0.0013205409049987793
10456,A,G,0,MT-TR,400,6,-0.002139747142791748
10463,T,C,0,MT-TR,400,6,-0.005271315574645996
12141,A,G,0,MT-TH,400,6,-0.006013631820678711
12142,A,G,0,MT-TH,400,6,-0.006150364875793457
12147,G,A,1,MT-TH,400,6,-0.005928218364715576
12151,A,G,0,MT-TH,400,6,-0.007442891597747803
12160,A,G,0,MT-TH,400,6,-0.00840151309967041
12161,T,C,0,MT-TH,400,6,-0.0012641549110412598
12164,G,A,0,MT-TH,400,6,-0.011466741561889648
12166,T,C,0,MT-TH,400,6,0.0004215836524963379
12171,A,G,0,MT-TH,400,6,-0.006559610366821289
12172,A,G,0,MT-TH,400,6,-0.004711449146270752
12173,T,C,0,MT-TH,400,6,-0.004053711891174316
12178,C,T,0,MT-TH,400,6,-0.0029243826866149902
12181,C,T,0,MT-TH,400,6,-0.0006154179573059082
12188,T,C,0,MT-TH,400,6,0.0005286931991577148
12189,T,C,0,MT-TH,400,6,2.3484230041503906e-05
12191,C,T,0,MT-TH,400,6,0.001475214958190918
12192,G,A,0,MT-TH,400,6,0.0029390454292297363
12193,A,G,0,MT-TH,400,6,-0.0008376836776733398
12196,C,T,0,MT-TH,400,6,0.0012732148170471191
12201,T,C,1,MT-TH,400,6,-0.0027161240577697754
12215,T,C,0,MT-TS2,400,6,-0.0011397600173950195
12216,C,T,0,MT-TS2,400,6,0.002515852451324463
12223,A,G,0,MT-TS2,400,6,-0.003940105438232422
12231,C,T,0,MT-TS2,400,6,0.001421511173248291
12234,A,G,0,MT-TS2,400,6,-0.004767477512359619
12235,T,C,0,MT-TS2,400,6,-0.0009039640426635742
12237,C,T,0,MT-TS2,400,6,-0.002047896385192871
12239,C,T,0,MT-TS2,400,6,-0.0008739829063415527
12245,T,C,0,MT-TS2,400,6,8.702278137207031e-05
12246,C,T,0,MT-TS2,400,6,-0.00437086820602417
12248,A,G,0,MT-TS2,400,6,-0.006674766540527344
12258,C,A,1,MT-TS2,400,6,-0.00901639461517334
12265,A,G,0,MT-TS2,400,6,-0.006386816501617432
12273,A,G,0,MT-TL2,400,6,-0.006133615970611572
12276,G,A,1,MT-TL2,400,6,-0.013175249099731445
12279,A,G,0,MT-TL2,400,6,-0.01562952995300293
12279,A,T,0,MT-TL2,400,6,-0.018008828163146973
12280,A,G,0,MT-TL2,400,6,-0.0026831626892089844
12281,C,T,0,MT-TL2,400,6,-0.004125833511352539
12285,T,C,0,MT-TL2,400,6,-0.0032169222831726074
12295,T,C,0,MT-TL2,400,6,-0.004308164119720459
12297,T,C,0,MT-TL2,400,6,-0.010214626789093018
12308,A,G,0,MT-TL2,400,6,-0.006142318248748779
12311,T,C,0,MT-TL2,400,6,0.0005334615707397461
12315,G,A,1,MT-TL2,400,6,-0.008687436580657959
14674,T,C,1,MT-TE,400,6,-0.00567471981048584
14683,A,G,0,MT-TE,400,6,0.0006679296493530273
14684,C,T,0,MT-TE,400,6,-0.0018500089645385742
14687,A,G,0,MT-TE,400,6,0.0011140704154968262
14690,A,G,0,MT-TE,400,6,-0.007315933704376221
14691,C,T,0,MT-TE,400,6,4.7147274017333984e-05
14693,A,G,0,MT-TE,400,6,-0.0018050670623779297
14696,A,C,0,MT-TE,400,6,-0.013171911239624023
14696,A,G,0,MT-TE,400,6,0.0011249184608459473
14706,A,G,0,MT-TE,400,6,-0.002094566822052002
14709,T,C,1,MT-TE,400,6,-0.004786968231201172
14716,C,T,0,MT-TE,400,6,-0.0031664371490478516
14727,T,C,0,MT-TE,400,6,-0.0003374814987182617
15889,T,C,0,MT-TT,400,6,0.0008464455604553223
15891,C,T,0,MT-TT,400,6,-0.005012452602386475
15892,T,C,0,MT-TT,400,6,-0.008071482181549072
15893,T,C,0,MT-TT,400,6,-0.0050199031829833984
15894,G,A,0,MT-TT,400,6,-0.004581570625305176
15895,T,C,0,MT-TT,400,6,-0.006802082061767578
15900,T,C,0,MT-TT,400,6,-0.0038514137268066406
15902,A,G,0,MT-TT,400,6,-0.002243518829345703
15903,A,G,0,MT-TT,400,6,-0.005042552947998047
15904,C,T,0,MT-TT,400,6,0.002653658390045166
15905,T,C,0,MT-TT,400,6,-0.0011180639266967773
15907,A,G,0,MT-TT,400,6,-0.0033077597618103027
15908,T,C,0,MT-TT,400,6,-0.004431962966918945
15909,A,G,0,MT-TT,400,6,-0.010060608386993408
15911,A,G,0,MT-TT,400,6,-0.0027037858963012695
15913,C,T,0,MT-TT,400,6,-0.00014704465866088867
15914,A,G,0,MT-TT,400,6,0.008630812168121338
15916,T,C,0,MT-TT,400,6,-0.004869580268859863
15923,A,G,1,MT-TT,400,6,-0.004895687103271484
15924,A,G,0,MT-TT,400,6,4.51207160949707e-05
15925,C,T,0,MT-TT,400,6,-0.0010356307029724121
15926,C,T,0,MT-TT,400,6,0.0014584660530090332
15927,G,A,0,MT-TT,400,6,-0.0029945969581604004
15928,G,A,0,MT-TT,400,6,-0.002993464469909668
15929,A,G,0,MT-TT,400,6,-0.004452943801879883
15930,G,A,0,MT-TT,400,6,0.0004165172576904297
15932,T,C,0,MT-TT,400,6,-0.0026800036430358887
15935,A,G,0,MT-TT,400,6,-0.0019012093544006348
15936,A,G,0,MT-TT,400,6,-0.0006719827651977539
15936,A,T,0,MT-TT,400,6,-0.0028170347213745117
15937,A,G,0,MT-TT,400,6,-0.004245877265930176
15937,A,T,0,MT-TT,400,6,-0.0023245811462402344
15938,C,T,0,MT-TT,400,6,-0.002072632312774658
15939,C,T,0,MT-TT,400,6,0.0008271336555480957
15940,T,C,0,MT-TT,400,6,0.0009112358093261719
15941,T,C,0,MT-TT,400,6,-0.0003088712692260742
15942,T,C,0,MT-TT,400,6,-0.0023425817489624023
15943,T,C,0,MT-TT,400,6,-0.0003272891044616699
15944,T,C,0,MT-TT,400,6,-0.0014681816101074219
15946,C,T,0,MT-TT,400,6,-0.002999722957611084
15947,A,G,0,MT-TT,400,6,-0.004515469074249268
15949,G,A,0,MT-TT,400,6,-0.0033292174339294434
15951,A,G,0,MT-TT,400,6,-0.0036140084266662598
15952,C,T,0,MT-TT,400,6,-0.0028728246688842773
15965,A,G,0,MT-TP,400,6,-0.0002588033676147461
15968,T,C,0,MT-TP,400,6,0.0004184246063232422
15970,T,C,0,MT-TP,400,6,-0.004082441329956055
15977,C,T,0,MT-TP,400,6,-0.0071833133697509766
15978,C,T,0,MT-TP,400,6,-0.0013806819915771484
15990,C,T,1,MT-TP,400,6,-0.007681012153625488
15992,A,T,0,MT-TP,400,6,-0.01149141788482666
16011,A,G,0,MT-TP,400,6,-0.0049877166748046875
16017,T,C,0,MT-TP,400,6,0.0020447969436645508
591,C,T,1,MT-TF,400,7,0.007920682430267334
592,C,T,0,MT-TF,400,7,0.0065871477127075195
593,T,C,0,MT-TF,400,7,-0.0004970431327819824
595,C,A,0,MT-TF,400,7,0.005234181880950928
595,C,T,0,MT-TF,400,7,0.0009320378303527832
596,T,C,0,MT-TF,400,7,-0.0010655522346496582
597,C,T,0,MT-TF,400,7,0.004761397838592529
603,A,G,0,MT-TF,400,7,-0.01061856746673584
606,A,G,0,MT-TF,400,7,-0.0051198601722717285
616,T,C,1,MT-TF,400,7,-0.0144234299659729
619,T,C,0,MT-TF,400,7,-0.0026550889015197754
621,A,G,0,MT-TF,400,7,-0.005002021789550781
629,T,A,0,MT-TF,400,7,-0.002347290515899658
629,T,C,0,MT-TF,400,7,0.001420438289642334
630,C,T,0,MT-TF,400,7,-0.0014137029647827148
633,A,G,0,MT-TF,400,7,0.00012958049774169922
634,T,A,0,MT-TF,400,7,-0.00020265579223632812
634,T,C,0,MT-TF,400,7,-0.0028049349784851074
635,C,T,0,MT-TF,400,7,-0.0022776126861572266
644,A,G,0,MT-TF,400,7,-0.005945980548858643
647,A,G,0,MT-TF,400,7,-0.008201003074645996
1607,T,C,0,MT-TV,400,7,-0.0017055273056030273
1617,C,T,0,MT-TV,400,7,-0.0012246370315551758
1618,A,G,0,MT-TV,400,7,-0.0034264326095581055
1624,C,T,1,MT-TV,400,7,0.0010818243026733398
1628,C,T,0,MT-TV,400,7,0.0009311437606811523
1640,A,G,0,MT-TV,400,7,-0.0005511045455932617
1644,G,A,1,MT-TV,400,7,-0.0026627182960510254
1646,T,C,0,MT-TV,400,7,-0.004030764102935791
1657,C,T,0,MT-TV,400,7,0.00021314620971679688
1664,G,A,0,MT-TV,400,7,0.0017895102500915527
1670,A,T,0,MT-TV,400,7,-0.009370803833007812
3236,A,G,0,MT-TL1,400,7,-0.0007863044738769531
3242,G,A,1,MT-TL1,400,7,-0.010863780975341797
3243,A,G,1,MT-TL1,400,7,-0.012693703174591064
3243,A,T,1,MT-TL1,400,7,-0.031347572803497314
3251,A,G,1,MT-TL1,400,7,-0.0058730244636535645
3252,A,G,1,MT-TL1,400,7,-0.0039003491401672363
3254,C,A,0,MT-TL1,400,7,-0.004309415817260742
3254,C,T,0,MT-TL1,400,7,0.0049326419830322266
3255,G,A,1,MT-TL1,400,7,-0.004557132720947266
3256,C,T,1,MT-TL1,400,7,-0.00707167387008667
3258,T,C,1,MT-TL1,400,7,-0.0037890076637268066
3260,A,G,1,MT-TL1,400,7,-0.007833480834960938
3261,A,G,0,MT-TL1,400,7,-0.008285284042358398
3271,T,C,1,MT-TL1,400,7,-0.003396928310394287
3275,C,A,0,MT-TL1,400,7,-0.0023139119148254395
3275,C,G,0,MT-TL1,400,7,-0.002638578414916992
3275,C,T,0,MT-TL1,400,7,0.00017213821411132812
3277,G,A,0,MT-TL1,400,7,0.0025697946548461914
3278,T,C,0,MT-TL1,400,7,0.0008452534675598145
3290,T,C,0,MT-TL1,400,7,-5.173683166503906e-05
3291,T,C,1,MT-TL1,400,7,-0.0012738704681396484
3302,A,G,1,MT-TL1,400,7,-0.0013158321380615234
3303,C,T,1,MT-TL1,400,7,-0.0079880952835083
4300,A,G,1,MT-TI,400,7,-0.005007684230804443
4310,A,G,0,MT-TI,400,7,0.0040740966796875
4312,C,T,0,MT-TI,400,7,0.00025904178619384766
4313,T,C,0,MT-TI,400,7,-0.0017966628074645996
4314,T,A,0,MT-TI,400,7,-0.0016083121299743652
4314,T,C,0,MT-TI,400,7,3.993511199951172e-06
4317,A,G,0,MT-TI,400,7,-0.0006314516067504883
4318,C,T,0,MT-TI,400,7,-0.000855565071105957
4335,C,T,0,MT-TQ,400,7,-0.0009341835975646973
4336,T,C,0,MT-TQ,400,7,-0.0008291006088256836
4340,A,G,0,MT-TQ,400,7,-0.0003490447998046875
4343,A,G,0,MT-TQ,400,7,-0.004342436790466309
4350,C,T,0,MT-TQ,400,7,-1.710653305053711e-05
4353,T,C,0,MT-TQ,400,7,-0.0017828941345214844
4370,T,C,0,MT-TQ,400,7,-0.0018014311790466309
4371,T,C,0,MT-TQ,400,7,0.0004343390464782715
4373,T,C,0,MT-TQ,400,7,-0.001641392707824707
4375,C,T,0,MT-TQ,400,7,-0.0029427409172058105
4381,A,G,0,MT-TQ,400,7,-0.0037246346473693848
4384,T,A,0,MT-TQ,400,7,0.001022636890411377
4384,T,C,0,MT-TQ,400,7,-0.0007753372192382812
4385,A,G,0,MT-TQ,400,7,-0.0058553218841552734
4385,A,T,0,MT-TQ,400,7,-0.004230201244354248
4386,T,C,0,MT-TQ,400,7,-0.00460207462310791
4387,C,T,0,MT-TQ,400,7,-0.0007227063179016113
4394,C,A,0,MT-TQ,400,7,-0.00022530555725097656
4395,A,G,0,MT-TQ,400,7,-0.0008932352066040039
4417,A,G,0,MT-TM,400,7,-0.005549609661102295
4418,T,C,0,MT-TM,400,7,0.0001519918441772461
4435,A,G,0,MT-TM,400,7,-0.007910966873168945
4450,G,A,1,MT-TM,400,7,-0.0033254027366638184
4452,T,C,0,MT-TM,400,7,-0.0002162456512451172
4454,T,A,0,MT-TM,400,7,-0.00014400482177734375
4454,T,C,0,MT-TM,400,7,-8.368492126464844e-05
4464,G,A,0,MT-TM,400,7,-0.0016498565673828125
5514,A,G,0,MT-TW,400,7,-0.005520284175872803
5515,A,G,0,MT-TW,400,7,-0.011080324649810791
5516,A,G,0,MT-TW,400,7,-0.0026253461837768555
5521,G,A,1,MT-TW,400,7,-0.008197903633117676
5527,A,G,0,MT-TW,400,7,-0.004873037338256836
5528,T,C,0,MT-TW,400,7,0.002375006675720215
5530,C,T,0,MT-TW,400,7,-0.0011675357818603516
5539,A,G,0,MT-TW,400,7,-0.0017982721328735352
5539,A,T,0,MT-TW,400,7,-0.012245535850524902
5553,T,C,0,MT-TW,400,7,-0.0024489164352416992
5553,T,G,0,MT-TW,400,7,-0.00842505693435669
5554,C,A,0,MT-TW,400,7,0.005781650543212891
5556,G,A,1,MT-TW,400,7,-0.005071699619293213
5557,T,C,0,MT-TW,400,7,0.001943826675415039
5561,T,C,0,MT-TW,400,7,0.0011903643608093262
5563,G,A,0,MT-TW,400,7,0.00225675106048584
5566,A,G,0,MT-TW,400,7,-0.0027801990509033203
5567,T,C,0,MT-TW,400,7,-0.0011910796165466309
5568,A,G,0,MT-TW,400,7,-0.00271451473236084
5592,A,G,0,MT-TA,400,7,-0.0038870573043823242
5600,A,G,0,MT-TA,400,7,0.0002689957618713379
5601,C,T,0,MT-TA,400,7,-0.0007882118225097656
5603,C,T,0,MT-TA,400,7,-0.001037895679473877
5604,C,T,0,MT-TA,400,7,-0.0003311634063720703
5605,A,G,0,MT-TA,400,7,-0.004177987575531006
5608,C,T,0,MT-TA,400,7,-0.002390265464782715
5618,T,C,0,MT-TA,400,7,-0.006064772605895996
5628,T,C,0,MT-TA,400,7,-0.00694507360458374
5633,C,T,0,MT-TA,400,7,0.0010639429092407227
5640,A,G,0,MT-TA,400,7,-0.002646327018737793
5650,G,A,1,MT-TA,400,7,-0.0072460174560546875
5655,T,C,0,MT-TA,400,7,-0.00033545494079589844
5662,C,T,0,MT-TN,400,7,0.0025418996810913086
5663,C,T,0,MT-TN,400,7,0.005055427551269531
5664,A,G,0,MT-TN,400,7,-0.001258254051208496
5665,A,G,0,MT-TN,400,7,-0.00224459171295166
5673,T,C,0,MT-TN,400,7,0.0002924203872680664
5686,A,T,0,MT-TN,400,7,0.0006187558174133301
5690,A,G,1,MT-TN,400,7,-0.009091675281524658
5703,G,A,1,MT-TN,400,7,-0.0002358555793762207
5705,A,G,0,MT-TN,400,7,0.0008552074432373047
5711,A,G,0,MT-TN,400,7,-0.0014391541481018066
5715,A,G,0,MT-TN,400,7,-0.0032947659492492676
5728,T,C,1,MT-TN,400,7,-0.0036779046058654785
5772,G,A,0,MT-TC,400,7,-0.007853507995605469
5773,G,A,0,MT-TC,400,7,0.001160264015197754
5774,T,C,0,MT-TC,400,7,0.0011118054389953613
5774,T,G,0,MT-TC,400,7,3.814697265625e-06
5775,T,C,0,MT-TC,400,7,-0.0021999478340148926
5780,G,A,0,MT-TC,400,7,-0.0035409927368164062
5783,G,A,0,MT-TC,400,7,-0.003368198871612549
5785,T,C,0,MT-TC,400,7,-0.004857242107391357
5786,T,C,0,MT-TC,400,7,0.0015227198600769043
5788,T,C,0,MT-TC,400,7,-0.0034949779510498047
5794,T,C,0,MT-TC,400,7,-0.0015038251876831055
5800,A,G,0,MT-TC,400,7,-0.008965373039245605
5806,T,C,0,MT-TC,400,7,-0.0010045170783996582
5807,A,G,0,MT-TC,400,7,-0.0005538463592529297
5811,A,G,0,MT-TC,400,7,-0.003582894802093506
5814,T,A,0,MT-TC,400,7,-0.002817392349243164
5814,T,C,0,MT-TC,400,7,0.0007011890411376953
5817,C,T,0,MT-TC,400,7,-0.007933974266052246
5821,G,A,0,MT-TC,400,7,-0.0006189942359924316
5822,G,A,0,MT-TC,400,7,-0.003941714763641357
5823,A,G,0,MT-TC,400,7,-9.649991989135742e-05
5824,G,A,0,MT-TC,400,7,-0.0014518499374389648
5836,A,G,0,MT-TY,400,7,-0.0007929801940917969
5839,C,T,0,MT-TY,400,7,-0.001667797565460205
5840,C,T,0,MT-TY,400,7,0.0009639859199523926
5843,A,G,0,MT-TY,400,7,-0.001601576805114746
5846,C,T,0,MT-TY,400,7,0.0015361309051513672
5855,A,G,0,MT-TY,400,7,-0.0007392764091491699
5867,C,T,0,MT-TY,400,7,0.008193254470825195
5875,C,T,0,MT-TY,400,7,0.0015854835510253906
5876,A,G,0,MT-TY,400,7,-0.0018039345741271973
7453,G,A,1,MT-TS1,400,7,-0.006615996360778809
7460,A,G,0,MT-TS1,400,7,0.002378404140472412
7469,C,T,0,MT-TS1,400,7,-0.0005910396575927734
7471,C,A,0,MT-TS1,400,7,0.003581523895263672
7471,C,T,0,MT-TS1,400,7,0.003310263156890869
7472,A,T,0,MT-TS1,400,7,0.00028008222579956055
7476,C,T,0,MT-TS1,400,7,0.0010995268821716309
7490,A,G,0,MT-TS1,400,7,0.0026830434799194336
7493,C,T,0,MT-TS1,400,7,-0.0004837512969970703
7497,G,A,1,MT-TS1,400,7,-0.0006572604179382324
7498,G,A,0,MT-TS1,400,7,0.0036660432815551758
7501,T,C,0,MT-TS1,400,7,-0.0006465911865234375
7510,T,C,1,MT-TS1,400,7,-0.0019922256469726562
7511,T,C,1,MT-TS1,400,7,-0.0019388198852539062
7512,T,C,1,MT-TS1,400,7,0.00017142295837402344
7521,G,A,0,MT-TD,400,7,0.008137404918670654
7533,C,T,0,MT-TD,400,7,-0.0028484463691711426
7534,C,T,0,MT-TD,400,7,-0.0027652382850646973
7543,A,G,0,MT-TD,400,7,-0.009197056293487549
7546,T,C,0,MT-TD,400,7,-0.005597293376922607
7547,T,C,0,MT-TD,400,7,-0.008978426456451416
7552,A,G,0,MT-TD,400,7,-0.0034003257751464844
7559,A,G,0,MT-TD,400,7,-0.0023883581161499023
7561,T,C,0,MT-TD,400,7,-0.0025585293769836426
7567,C,T,0,MT-TD,400,7,-0.0023932456970214844
7568,T,C,0,MT-TD,400,7,0.0007623434066772461
7569,A,G,0,MT-TD,400,7,-0.001825869083404541
7570,A,G,0,MT-TD,400,7,-0.0019300580024719238
7572,T,C,0,MT-TD,400,7,0.0033407211303710938
7576,A,G,0,MT-TD,400,7,-0.0033828020095825195
7581,T,C,0,MT-TD,400,7,0.006026327610015869
7585,A,G,0,MT-TD,400,7,-0.006182253360748291
8298,T,C,0,MT-TK,400,7,-0.0017023086547851562
8300,T,C,0,MT-TK,400,7,-0.0009331107139587402
8308,A,G,0,MT-TK,400,7,-0.005843222141265869
8311,T,C,0,MT-TK,400,7,-0.00024324655532836914
8313,G,A,1,MT-TK,400,7,-0.008259296417236328
8315,A,G,0,MT-TK,400,7,-0.0030152201652526855
8331,A,G,0,MT-TK,400,7,-0.007492005825042725
8337,T,C,0,MT-TK,400,7,-0.003633439540863037
8338,A,G,0,MT-TK,400,7,-0.0015412569046020508
8340,G,A,1,MT-TK,400,7,-0.0027688145637512207
8343,A,G,0,MT-TK,400,7,-0.003217458724975586
8344,A,G,1,MT-TK,400,7,-0.0025320053100585938
8345,C,T,0,MT-TK,400,7,0.00012314319610595703
8346,C,A,0,MT-TK,400,7,0.0010527968406677246
8347,A,G,0,MT-TK,400,7,-0.003293275833129883
8348,A,G,0,MT-TK,400,7,-0.0013731718063354492
8349,C,T,0,MT-TK,400,7,-0.0006785392761230469
8350,A,G,0,MT-TK,400,7,-0.0049149394035339355
8356,T,C,1,MT-TK,400,7,-0.0004639625549316406
8360,A,G,0,MT-TK,400,7,-0.0038766860961914062
8363,G,A,1,MT-TK,400,7,-0.0062198638916015625
9991,A,G,0,MT-TG,400,7,-0.007622718811035156
9995,T,C,0,MT-TG,400,7,-0.013188183307647705
10003,T,C,0,MT-TG,400,7,-0.002647578716278076
10005,A,G,0,MT-TG,400,7,-0.005580544471740723
10006,A,G,0,MT-TG,400,7,-0.004705071449279785
10007,T,C,0,MT-TG,400,7,-0.00355452299118042
10013,C,T,0,MT-TG,400,7,0.00022464990615844727
10018,A,G,0,MT-TG,400,7,-0.007085621356964111
10029,A,G,0,MT-TG,400,7,-0.004587531089782715
10031,T,C,0,MT-TG,400,7,-0.001985788345336914
10034,T,C,0,MT-TG,400,7,-0.0012463927268981934
10040,C,T,0,MT-TG,400,7,5.990266799926758e-05
10042,A,G,0,MT-TG,400,7,-0.0037186145782470703
10044,A,G,0,MT-TG,400,7,-0.005825042724609375
10045,T,C,0,MT-TG,400,7,0.0020769238471984863
10410,T,A,0,MT-TR,400,7,0.007589578628540039
10410,T,C,0,MT-TR,400,7,-0.00231170654296875
10411,A,G,0,MT-TR,400,7,-0.0022832155227661133
10420,A,G,0,MT-TR,400,7,-0.00465548038482666
10427,G,A,0,MT-TR,400,7,0.003804802894592285
10440,T,C,0,MT-TR,400,7,-0.005651354789733887
10446,A,G,0,MT-TR,400,7,0.0027604103088378906
10448,T,C,0,MT-TR,400,7,-0.004556417465209961
10454,T,C,0,MT-TR,400,7,0.0002573728561401367
10456,A,G,0,MT-TR,400,7,-0.004911899566650391
10463,T,C,0,MT-TR,400,7,-0.0035469532012939453
12141,A,G,0,MT-TH,400,7,-0.006307065486907959
12142,A,G,0,MT-TH,400,7,-0.005411386489868164
12147,G,A,1,MT-TH,400,7,-0.007722258567810059
12151,A,G,0,MT-TH,400,7,-0.00679779052734375
12160,A,G,0,MT-TH,400,7,-0.007569551467895508
12161,T,C,0,MT-TH,400,7,-0.0010079145431518555
12164,G,A,0,MT-TH,400,7,-0.008395969867706299
12166,T,C,0,MT-TH,400,7,0.0006002187728881836
12171,A,G,0,MT-TH,400,7,-0.005615651607513428
12172,A,G,0,MT-TH,400,7,-0.005805552005767822
12173,T,C,0,MT-TH,400,7,-0.004685938358306885
12178,C,T,0,MT-TH,400,7,-0.0013683438301086426
12181,C,T,0,MT-TH,400,7,-0.0009079575538635254
12188,T,C,0,MT-TH,400,7,-0.0002472400665283203
12189,T,C,0,MT-TH,400,7,0.0025069713592529297
12191,C,T,0,MT-TH,400,7,0.0012245774269104004
12192,G,A,0,MT-TH,400,7,0.0053885579109191895
12193,A,G,0,MT-TH,400,7,-0.00045937299728393555
12196,C,T,0,MT-TH,400,7,0.0016733407974243164
12201,T,C,1,MT-TH,400,7,-0.0041179656982421875
12215,T,C,0,MT-TS2,400,7,0.00015592575073242188
12216,C,T,0,MT-TS2,400,7,0.0024256110191345215
12223,A,G,0,MT-TS2,400,7,-0.003027975559234619
12231,C,T,0,MT-TS2,400,7,0.0015144944190979004
12234,A,G,0,MT-TS2,400,7,-0.0053806304931640625
12235,T,C,0,MT-TS2,400,7,-0.0027666091918945312
12237,C,T,0,MT-TS2,400,7,-0.00221097469329834
12239,C,T,0,MT-TS2,400,7,-0.0015006661415100098
12245,T,C,0,MT-TS2,400,7,-6.29425048828125e-05
12246,C,T,0,MT-TS2,400,7,-0.0036745071411132812
12248,A,G,0,MT-TS2,400,7,-0.006859242916107178
12258,C,A,1,MT-TS2,400,7,-0.008489727973937988
12265,A,G,0,MT-TS2,400,7,-0.006552934646606445
12273,A,G,0,MT-TL2,400,7,-0.00933295488357544
12276,G,A,1,MT-TL2,400,7,-0.011263608932495117
12279,A,G,0,MT-TL2,400,7,-0.012502670288085938
12279,A,T,0,MT-TL2,400,7,-0.01599365472793579
12280,A,G,0,MT-TL2,400,7,-0.002086043357849121
12281,C,T,0,MT-TL2,400,7,-0.003979325294494629
12285,T,C,0,MT-TL2,400,7,-0.004268944263458252
12295,T,C,0,MT-TL2,400,7,-0.0045986175537109375
12297,T,C,0,MT-TL2,400,7,-0.010905623435974121
12308,A,G,0,MT-TL2,400,7,-0.006483495235443115
12311,T,C,0,MT-TL2,400,7,-0.0014612078666687012
12315,G,A,1,MT-TL2,400,7,-0.005816817283630371
14674,T,C,1,MT-TE,400,7,-0.004685640335083008
14683,A,G,0,MT-TE,400,7,-0.0018764138221740723
14684,C,T,0,MT-TE,400,7,-0.0016255378723144531
14687,A,G,0,MT-TE,400,7,0.0007747411727905273
14690,A,G,0,MT-TE,400,7,-0.0062184929847717285
14691,C,T,0,MT-TE,400,7,0.0028448104858398438
14693,A,G,0,MT-TE,400,7,0.00017839670181274414
14696,A,C,0,MT-TE,400,7,-0.01067495346069336
14696,A,G,0,MT-TE,400,7,-0.00036132335662841797
14706,A,G,0,MT-TE,400,7,0.0001780986785888672
14709,T,C,1,MT-TE,400,7,-0.005106091499328613
14716,C,T,0,MT-TE,400,7,-0.002424895763397217
14727,T,C,0,MT-TE,400,7,-9.131431579589844e-05
15889,T,C,0,MT-TT,400,7,0.0010204315185546875
15891,C,T,0,MT-TT,400,7,-0.005685746669769287
15892,T,C,0,MT-TT,400,7,-0.006580352783203125
15893,T,C,0,MT-TT,400,7,-0.00457453727722168
15894,G,A,0,MT-TT,400,7,-0.005781650543212891
15895,T,C,0,MT-TT,400,7,-0.008613169193267822
15900,T,C,0,MT-TT,400,7,-0.0010684728622436523
15902,A,G,0,MT-TT,400,7,-0.0035737156867980957
15903,A,G,0,MT-TT,400,7,-0.0036813020706176758
15904,C,T,0,MT-TT,400,7,0.002276778221130371
15905,T,C,0,MT-TT,400,7,-0.0018290877342224121
15907,A,G,0,MT-TT,400,7,-0.0047454833984375
15908,T,C,0,MT-TT,400,7,-0.005174100399017334
15909,A,G,0,MT-TT,400,7,-0.009442329406738281
15911,A,G,0,MT-TT,400,7,-0.0036013126373291016
15913,C,T,0,MT-TT,400,7,-0.0015915632247924805
15914,A,G,0,MT-TT,400,7,0.007201790809631348
15916,T,C,0,MT-TT,400,7,-0.005001962184906006
15923,A,G,1,MT-TT,400,7,-0.0029892921447753906
15924,A,G,0,MT-TT,400,7,-0.0024386048316955566
15925,C,T,0,MT-TT,400,7,-0.0004413127899169922
15926,C,T,0,MT-TT,400,7,0.0017221570014953613
15927,G,A,0,MT-TT,400,7,-0.0013875961303710938
15928,G,A,0,MT-TT,400,7,-0.0022817254066467285
15929,A,G,0,MT-TT,400,7,-0.004294633865356445
15930,G,A,0,MT-TT,400,7,-0.00021201372146606445
15932,T,C,0,MT-TT,400,7,-0.003312408924102783
15935,A,G,0,MT-TT,400,7,-0.00189894437789917
15936,A,G,0,MT-TT,400,7,-0.0006889104843139648
15936,A,T,0,MT-TT,400,7,-0.004127800464630127
15937,A,G,0,MT-TT,400,7,-0.0044405460357666016
15937,A,T,0,MT-TT,400,7,-0.0025919079780578613
15938,C,T,0,MT-TT,400,7,-0.002094268798828125
15939,C,T,0,MT-TT,400,7,0.00012767314910888672
15940,T,C,0,MT-TT,400,7,0.0015657544136047363
15941,T,C,0,MT-TT,400,7,-0.00038039684295654297
15942,T,C,0,MT-TT,400,7,-0.0025514960289001465
15943,T,C,0,MT-TT,400,7,-0.0012213587760925293
15944,T,C,0,MT-TT,400,7,0.00032913684844970703
15946,C,T,0,MT-TT,400,7,-0.004645109176635742
15947,A,G,0,MT-TT,400,7,-0.0036660432815551758
15949,G,A,0,MT-TT,400,7,-0.0042798519134521484
15951,A,G,0,MT-TT,400,7,-0.003317117691040039
15952,C,T,0,MT-TT,400,7,-0.002894759178161621
15965,A,G,0,MT-TP,400,7,0.0007395744323730469
15968,T,C,0,MT-TP,400,7,0.0013012886047363281
15970,T,C,0,MT-TP,400,7,-0.001785874366760254
15977,C,T,0,MT-TP,400,7,-0.006390213966369629
15978,C,T,0,MT-TP,400,7,-0.0017099380493164062
15990,C,T,1,MT-TP,400,7,-0.007400035858154297
15992,A,T,0,MT-TP,400,7,-0.013616085052490234
16011,A,G,0,MT-TP,400,7,-0.006412148475646973
16017,T,C,0,MT-TP,400,7,0.00012969970703125
591,C,T,1,MT-TF,400,8,0.006744742393493652
592,C,T,0,MT-TF,400,8,0.009302318096160889
593,T,C,0,MT-TF,400,8,0.0024386048316955566
595,C,A,0,MT-TF,400,8,0.006980240345001221
595,C,T,0,MT-TF,400,8,0.0009914636611938477
596,T,C,0,MT-TF,400,8,-0.002675473690032959
597,C,T,0,MT-TF,400,8,0.004000186920166016
603,A,G,0,MT-TF,400,8,-0.008420944213867188
606,A,G,0,MT-TF,400,8,-0.008674919605255127
616,T,C,1,MT-TF,400,8,-0.01211082935333252
619,T,C,0,MT-TF,400,8,-0.0005511045455932617
621,A,G,0,MT-TF,400,8,-0.0064296722412109375
629,T,A,0,MT-TF,400,8,-0.007156431674957275
629,T,C,0,MT-TF,400,8,0.004075884819030762
630,C,T,0,MT-TF,400,8,-0.00022733211517333984
633,A,G,0,MT-TF,400,8,-0.0004316568374633789
634,T,A,0,MT-TF,400,8,0.00012242794036865234
634,T,C,0,MT-TF,400,8,-0.0037227869033813477
635,C,T,0,MT-TF,400,8,-0.00037354230880737305
644,A,G,0,MT-TF,400,8,-0.002604186534881592
647,A,G,0,MT-TF,400,8,-0.0060460567474365234
1607,T,C,0,MT-TV,400,8,-0.0021141767501831055
1617,C,T,0,MT-TV,400,8,-0.0015545487403869629
1618,A,G,0,MT-TV,400,8,-0.00566864013671875
1624,C,T,1,MT-TV,400,8,-0.0007571578025817871
1628,C,T,0,MT-TV,400,8,0.0013360977172851562
1640,A,G,0,MT-TV,400,8,0.0015468001365661621
1644,G,A,1,MT-TV,400,8,-0.0038504600524902344
1646,T,C,0,MT-TV,400,8,-0.006017804145812988
1657,C,T,0,MT-TV,400,8,0.0013733506202697754
1664,G,A,0,MT-TV,400,8,-0.0006911754608154297
1670,A,T,0,MT-TV,400,8,-0.011226475238800049
3236,A,G,0,MT-TL1,400,8,-0.004374563694000244
3242,G,A,1,MT-TL1,400,8,-0.00978940725326538
3243,A,G,1,MT-TL1,400,8,-0.011302709579467773
3243,A,T,1,MT-TL1,400,8,-0.03099989891052246
3251,A,G,1,MT-TL1,400,8,-0.006344497203826904
3252,A,G,1,MT-TL1,400,8,-0.00504910945892334
3254,C,A,0,MT-TL1,400,8,-0.0057610273361206055
3254,C,T,0,MT-TL1,400,8,0.006197094917297363
3255,G,A,1,MT-TL1,400,8,-0.008752882480621338
3256,C,T,1,MT-TL1,400,8,-0.008584380149841309
3258,T,C,1,MT-TL1,400,8,-0.0030849575996398926
3260,A,G,1,MT-TL1,400,8,-0.00742572546005249
3261,A,G,0,MT-TL1,400,8,-0.004647374153137207
3271,T,C,1,MT-TL1,400,8,-0.0008748769760131836
3275,C,A,0,MT-TL1,400,8,-0.00241243839263916
3275,C,G,0,MT-TL1,400,8,-0.002031683921813965
3275,C,T,0,MT-TL1,400,8,-0.0012513995170593262
3277,G,A,0,MT-TL1,400,8,0.001885831356048584
3278,T,C,0,MT-TL1,400,8,-0.00012934207916259766
3290,T,C,0,MT-TL1,400,8,0.0010565519332885742
3291,T,C,1,MT-TL1,400,8,-0.002939939498901367
3302,A,G,1,MT-TL1,400,8,-0.00021541118621826172
3303,C,T,1,MT-TL1,400,8,-0.005230844020843506
4300,A,G,1,MT-TI,400,8,-0.006522059440612793
4310,A,G,0,MT-TI,400,8,0.00011134147644042969
4312,C,T,0,MT-TI,400,8,0.00042432546615600586
4313,T,C,0,MT-TI,400,8,-0.0010228753089904785
4314,T,A,0,MT-TI,400,8,-0.00012451410293579102
4314,T,C,0,MT-TI,400,8,0.0014109015464782715
4317,A,G,0,MT-TI,400,8,-0.0007125139236450195
4318,C,T,0,MT-TI,400,8,-0.0006229877471923828
4335,C,T,0,MT-TQ,400,8,-0.0014442205429077148
4336,T,C,0,MT-TQ,400,8,-0.0017055869102478027
4340,A,G,0,MT-TQ,400,8,0.0009596347808837891
4343,A,G,0,MT-TQ,400,8,-0.004044950008392334
4350,C,T,0,MT-TQ,400,8,-0.0008428096771240234
4353,T,C,0,MT-TQ,400,8,-0.0014922022819519043
4370,T,C,0,MT-TQ,400,8,-0.0022139549255371094
4371,T,C,0,MT-TQ,400,8,0.0008216500282287598
4373,T,C,0,MT-TQ,400,8,-0.0027632713317871094
4375,C,T,0,MT-TQ,400,8,-0.0015790462493896484
4381,A,G,0,MT-TQ,400,8,-0.0048103928565979
4384,T,A,0,MT-TQ,400,8,0.0004929304122924805
4384,T,C,0,MT-TQ,400,8,-0.0020319223403930664
4385,A,G,0,MT-TQ,400,8,-0.005524098873138428
4385,A,T,0,MT-TQ,400,8,-0.005802333354949951
4386,T,C,0,MT-TQ,400,8,-0.0016040802001953125
4387,C,T,0,MT-TQ,400,8,-6.115436553955078e-05
4394,C,A,0,MT-TQ,400,8,-0.0008181929588317871
4395,A,G,0,MT-TQ,400,8,-0.000895380973815918
4417,A,G,0,MT-TM,400,8,-0.004798412322998047
4418,T,C,0,MT-TM,400,8,3.4689903259277344e-05
4435,A,G,0,MT-TM,400,8,-0.007468521595001221
4450,G,A,1,MT-TM,400,8,-0.003484189510345459
4452,T,C,0,MT-TM,400,8,0.0007443428039550781
4454,T,A,0,MT-TM,400,8,-0.0008246898651123047
4454,T,C,0,MT-TM,400,8,-0.00212937593460083
4464,G,A,0,MT-TM,400,8,-0.0021986961364746094
5514,A,G,0,MT-TW,400,8,-0.0063130855560302734
5515,A,G,0,MT-TW,400,8,-0.009017348289489746
5516,A,G,0,MT-TW,400,8,-0.0055748820304870605
5521,G,A,1,MT-TW,400,8,-0.007805466651916504
5527,A,G,0,MT-TW,400,8,-0.00502389669418335
5528,T,C,0,MT-TW,400,8,0.001511693000793457
5530,C,T,0,MT-TW,400,8,0.00017982721328735352
5539,A,G,0,MT-TW,400,8,-0.0036014914512634277
5539,A,T,0,MT-TW,400,8,-0.011269867420196533
5553,T,C,0,MT-TW,400,8,-0.004969239234924316
5553,T,G,0,MT-TW,400,8,-0.007581949234008789
5554,C,A,0,MT-TW,400,8,0.00330430269241333
5556,G,A,1,MT-TW,400,8,-0.0053977370262146
5557,T,C,0,MT-TW,400,8,0.0018061399459838867
5561,T,C,0,MT-TW,400,8,0.0019159317016601562
5563,G,A,0,MT-TW,400,8,0.0027913451194763184
5566,A,G,0,MT-TW,400,8,-0.0025283098220825195
5567,T,C,0,MT-TW,400,8,0.0019481182098388672
5568,A,G,0,MT-TW,400,8,-0.0028791427612304688
5592,A,G,0,MT-TA,400,8,-0.005878925323486328
5600,A,G,0,MT-TA,400,8,-0.000988602638244629
5601,C,T,0,MT-TA,400,8,0.0010939836502075195
5603,C,T,0,MT-TA,400,8,-0.0026479363441467285
5604,C,T,0,MT-TA,400,8,-0.0002123117446899414
5605,A,G,0,MT-TA,400,8,-0.003969550132751465
5608,C,T,0,MT-TA,400,8,-0.00045740604400634766
5618,T,C,0,MT-TA,400,8,-0.006981968879699707
5628,T,C,0,MT-TA,400,8,-0.004123210906982422
5633,C,T,0,MT-TA,400,8,-0.001447141170501709
5640,A,G,0,MT-TA,400,8,-0.0031914114952087402
5650,G,A,1,MT-TA,400,8,-0.005205929279327393
5655,T,C,0,MT-TA,400,8,-0.00022864341735839844
5662,C,T,0,MT-TN,400,8,0.0025063753128051758
5663,C,T,0,MT-TN,400,8,0.003638744354248047
5664,A,G,0,MT-TN,400,8,-0.0021338462829589844
5665,A,G,0,MT-TN,400,8,-0.0011289119720458984
5673,T,C,0,MT-TN,400,8,0.0003892183303833008
5686,A,T,0,MT-TN,400,8,-0.002037525177001953
5690,A,G,1,MT-TN,400,8,-0.008387386798858643
5703,G,A,1,MT-TN,400,8,0.0010451674461364746
5705,A,G,0,MT-TN,400,8,-0.0008339881896972656
5711,A,G,0,MT-TN,400,8,-0.0013443827629089355
5715,A,G,0,MT-TN,400,8,-0.0014522075653076172
5728,T,C,1,MT-TN,400,8,-0.003763556480407715
5772,G,A,0,MT-TC,400,8,-0.009162545204162598
5773,G,A,0,MT-TC,400,8,0.00044929981231689453
5774,T,C,0,MT-TC,400,8,-0.00048106908798217773
5774,T,G,0,MT-TC,400,8,0.002993285655975342
5775,T,C,0,MT-TC,400,8,-0.0015426874160766602
5780,G,A,0,MT-TC,400,8,-0.0035043954849243164
5783,G,A,0,MT-TC,400,8,-0.005894064903259277
5785,T,C,0,MT-TC,400,8,-0.004936635494232178
5786,T,C,0,MT-TC,400,8,-0.0008639097213745117
5788,T,C,0,MT-TC,400,8,-0.005902290344238281
5794,T,C,0,MT-TC,400,8,-0.002952396869659424
5800,A,G,0,MT-TC,400,8,-0.00767284631729126
5806,T,C,0,MT-TC,400,8,-0.00039458274841308594
5807,A,G,0,MT-TC,400,8,-0.0005488395690917969
5811,A,G,0,MT-TC,400,8,-0.0016533136367797852
5814,T,A,0,MT-TC,400,8,-0.0043190717697143555
5814,T,C,0,MT-TC,400,8,-0.0021352767944335938
5817,C,T,0,MT-TC,400,8,-0.008146524429321289
5821,G,A,0,MT-TC,400,8,0.0005359649658203125
5822,G,A,0,MT-TC,400,8,-0.0038095712661743164
5823,A,G,0,MT-TC,400,8,-0.00023567676544189453
5824,G,A,0,MT-TC,400,8,-0.0010786652565002441
5836,A,G,0,MT-TY,400,8,-0.0005941390991210938
5839,C,T,0,MT-TY,400,8,-0.0014220476150512695
5840,C,T,0,MT-TY,400,8,-0.0009257197380065918
5843,A,G,0,MT-TY,400,8,-0.0024552345275878906
5846,C,T,0,MT-TY,400,8,0.0006508827209472656
5855,A,G,0,MT-TY,400,8,-0.0012816190719604492
5867,C,T,0,MT-TY,400,8,0.0056111812591552734
5875,C,T,0,MT-TY,400,8,0.0018311142921447754
5876,A,G,0,MT-TY,400,8,-0.0002282261848449707
7453,G,A,1,MT-TS1,400,8,-0.006110012531280518
7460,A,G,0,MT-TS1,400,8,0.0016112923622131348
7469,C,T,0,MT-TS1,400,8,-0.0003827214241027832
7471,C,A,0,MT-TS1,400,8,0.0066391825675964355
7471,C,T,0,MT-TS1,400,8,0.0024695992469787598
7472,A,T,0,MT-TS1,400,8,0.0005481839179992676
7476,C,T,0,MT-TS1,400,8,0.00013965368270874023
7490,A,G,0,MT-TS1,400,8,0.00245058536529541
7493,C,T,0,MT-TS1,400,8,-0.0007295012474060059
7497,G,A,1,MT-TS1,400,8,-0.00046557188034057617
7498,G,A,0,MT-TS1,400,8,0.0032635927200317383
7501,T,C,0,MT-TS1,400,8,-0.0003139972686767578
7510,T,C,1,MT-TS1,400,8,-0.003076910972595215
7511,T,C,1,MT-TS1,400,8,-0.00109785795211792
7512,T,C,1,MT-TS1,400,8,0.0016633868217468262
7521,G,A,0,MT-TD,400,8,0.008374333381652832
7533,C,T,0,MT-TD,400,8,-0.0008230805397033691
7534,C,T,0,MT-TD,400,8,-0.002139747142791748
7543,A,G,0,MT-TD,400,8,-0.0072855353355407715
7546,T,C,0,MT-TD,400,8,-0.005353748798370361
7547,T,C,0,MT-TD,400,8,-0.010285556316375732
7552,A,G,0,MT-TD,400,8,-0.003753483295440674
7559,A,G,0,MT-TD,400,8,-0.0013027191162109375
7561,T,C,0,MT-TD,400,8,-0.0008320808410644531
7567,C,T,0,MT-TD,400,8,-7.814168930053711e-05
7568,T,C,0,MT-TD,400,8,0.0016464591026306152
7569,A,G,0,MT-TD,400,8,-0.0021914243698120117
7570,A,G,0,MT-TD,400,8,-0.0021086931228637695
7572,T,C,0,MT-TD,400,8,0.004719138145446777
7576,A,G,0,MT-TD,400,8,-0.0026839375495910645
7581,T,C,0,MT-TD,400,8,0.0021224617958068848
7585,A,G,0,MT-TD,400,8,-0.006831824779510498
8298,T,C,0,MT-TK,400,8,-0.0012525320053100586
8300,T,C,0,MT-TK,400,8,-0.001173555850982666
8308,A,G,0,MT-TK,400,8,-0.008529186248779297
8311,T,C,0,MT-TK,400,8,-0.0008789896965026855
8313,G,A,1,MT-TK,400,8,-0.007635056972503662
8315,A,G,0,MT-TK,400,8,-0.0007732510566711426
8331,A,G,0,MT-TK,400,8,-0.006147801876068115
8337,T,C,0,MT-TK,400,8,-0.0029259324073791504
8338,A,G,0,MT-TK,400,8,-0.0008575320243835449
8340,G,A,1,MT-TK,400,8,-0.0019738078117370605
8343,A,G,0,MT-TK,400,8,-0.0012011528015136719
8344,A,G,1,MT-TK,400,8,-0.002968728542327881
8345,C,T,0,MT-TK,400,8,7.098913192749023e-05
8346,C,A,0,MT-TK,400,8,1.609325408935547e-05
8347,A,G,0,MT-TK,400,8,-0.001692354679107666
8348,A,G,0,MT-TK,400,8,-0.001216292381286621
8349,C,T,0,MT-TK,400,8,-0.0016504526138305664
8350,A,G,0,MT-TK,400,8,-0.0015503168106079102
8356,T,C,1,MT-TK,400,8,-0.0006287097930908203
8360,A,G,0,MT-TK,400,8,-0.004291236400604248
8363,G,A,1,MT-TK,400,8,-0.007484376430511475
9991,A,G,0,MT-TG,400,8,-0.008508503437042236
9995,T,C,0,MT-TG,400,8,-0.013408362865447998
10003,T,C,0,MT-TG,400,8,-0.004145622253417969
10005,A,G,0,MT-TG,400,8,-0.00506746768951416
10006,A,G,0,MT-TG,400,8,-0.0035820603370666504
10007,T,C,0,MT-TG,400,8,-0.0035905838012695312
10013,C,T,0,MT-TG,400,8,0.00026613473892211914
10018,A,G,0,MT-TG,400,8,-0.009018540382385254
10029,A,G,0,MT-TG,400,8,-0.004053473472595215
10031,T,C,0,MT-TG,400,8,-0.0018653273582458496
10034,T,C,0,MT-TG,400,8,-0.0009113550186157227
10040,C,T,0,MT-TG,400,8,-0.0008495450019836426
10042,A,G,0,MT-TG,400,8,-0.002398669719696045
10044,A,G,0,MT-TG,400,8,-0.00537639856338501
10045,T,C,0,MT-TG,400,8,0.0012645721435546875
10410,T,A,0,MT-TR,400,8,0.007821142673492432
10410,T,C,0,MT-TR,400,8,-0.003974556922912598
10411,A,G,0,MT-TR,400,8,-0.0026355981826782227
10420,A,G,0,MT-TR,400,8,-0.004394650459289551
10427,G,A,0,MT-TR,400,8,0.004900217056274414
10440,T,C,0,MT-TR,400,8,-0.002847731113433838
10446,A,G,0,MT-TR,400,8,0.002726733684539795
10448,T,C,0,MT-TR,400,8,-0.0041550397872924805
10454,T,C,0,MT-TR,400,8,0.000640869140625
10456,A,G,0,MT-TR,400,8,-0.0034766793251037598
10463,T,C,0,MT-TR,400,8,-0.0019145011901855469
12141,A,G,0,MT-TH,400,8,-0.006827652454376221
12142,A,G,0,MT-TH,400,8,-0.004996180534362793
12147,G,A,1,MT-TH,400,8,-0.008583903312683105
12151,A,G,0,MT-TH,400,8,-0.01222902536392212
12160,A,G,0,MT-TH,400,8,-0.007917344570159912
12161,T,C,0,MT-TH,400,8,-0.0016675591468811035
12164,G,A,0,MT-TH,400,8,-0.010354757308959961
12166,T,C,0,MT-TH,400,8,-0.0008946061134338379
12171,A,G,0,MT-TH,400,8,-0.003466188907623291
12172,A,G,0,MT-TH,400,8,-0.006116271018981934
12173,T,C,0,MT-TH,400,8,-0.003559887409210205
12178,C,T,0,MT-TH,400,8,-0.0020795464515686035
12181,C,T,0,MT-TH,400,8,-0.0038555264472961426
12188,T,C,0,MT-TH,400,8,-0.002093076705932617
12189,T,C,0,MT-TH,400,8,0.0003039240837097168
12191,C,T,0,MT-TH,400,8,0.0015944838523864746
12192,G,A,0,MT-TH,400,8,0.0018941760063171387
12193,A,G,0,MT-TH,400,8,-0.00025135278701782227
12196,C,T,0,MT-TH,400,8,0.0015335679054260254
12201,T,C,1,MT-TH,400,8,-0.0018401145935058594
12215,T,C,0,MT-TS2,400,8,-0.0016332268714904785
12216,C,T,0,MT-TS2,400,8,-4.118680953979492e-05
12223,A,G,0,MT-TS2,400,8,-0.004592418670654297
12231,C,T,0,MT-TS2,400,8,0.002168715000152588
12234,A,G,0,MT-TS2,400,8,-0.004476726055145264
12235,T,C,0,MT-TS2,400,8,-0.0018552541732788086
12237,C,T,0,MT-TS2,400,8,-0.0017557740211486816
12239,C,T,0,MT-TS2,400,8,-0.0014303326606750488
12245,T,C,0,MT-TS2,400,8,-8.940696716308594e-06
12246,C,T,0,MT-TS2,400,8,-0.0034917593002319336
12248,A,G,0,MT-TS2,400,8,-0.00536733865737915
12258,C,A,1,MT-TS2,400,8,-0.0093003511428833
12265,A,G,0,MT-TS2,400,8,-0.003885626792907715
12273,A,G,0,MT-TL2,400,8,-0.009198486804962158
12276,G,A,1,MT-TL2,400,8,-0.010155916213989258
12279,A,G,0,MT-TL2,400,8,-0.012763142585754395
12279,A,T,0,MT-TL2,400,8,-0.01978832483291626
12280,A,G,0,MT-TL2,400,8,-0.0033987760543823242
12281,C,T,0,MT-TL2,400,8,-0.0034940242767333984
12285,T,C,0,MT-TL2,400,8,-0.003237426280975342
12295,T,C,0,MT-TL2,400,8,-0.00406879186630249
12297,T,C,0,MT-TL2,400,8,-0.010507941246032715
12308,A,G,0,MT-TL2,400,8,-0.006498277187347412
12311,T,C,0,MT-TL2,400,8,-0.00087738037109375
12315,G,A,1,MT-TL2,400,8,-0.006475210189819336
14674,T,C,1,MT-TE,400,8,-0.005328655242919922
14683,A,G,0,MT-TE,400,8,-0.0015298724174499512
14684,C,T,0,MT-TE,400,8,-0.001899421215057373
14687,A,G,0,MT-TE,400,8,0.00023162364959716797
14690,A,G,0,MT-TE,400,8,-0.006597459316253662
14691,C,T,0,MT-TE,400,8,0.0008865594863891602
14693,A,G,0,MT-TE,400,8,-0.0014410018920898438
14696,A,C,0,MT-TE,400,8,-0.013583362102508545
14696,A,G,0,MT-TE,400,8,-0.001317739486694336
14706,A,G,0,MT-TE,400,8,-0.0008696913719177246
14709,T,C,1,MT-TE,400,8,-0.004184365272521973
14716,C,T,0,MT-TE,400,8,-0.0020737648010253906
14727,T,C,0,MT-TE,400,8,-0.0011638402938842773
15889,T,C,0,MT-TT,400,8,0.0007140636444091797
15891,C,T,0,MT-TT,400,8,-0.0055945515632629395
15892,T,C,0,MT-TT,400,8,-0.00693058967590332
15893,T,C,0,MT-TT,400,8,-0.0031092166900634766
15894,G,A,0,MT-TT,400,8,-0.006268322467803955
15895,T,C,0,MT-TT,400,8,-0.007272839546203613
15900,T,C,0,MT-TT,400,8,-0.0020479559898376465
15902,A,G,0,MT-TT,400,8,-0.002697169780731201
15903,A,G,0,MT-TT,400,8,-0.004899382591247559
15904,C,T,0,MT-TT,400,8,0.0020664334297180176
15905,T,C,0,MT-TT,400,8,-0.0015478134155273438
15907,A,G,0,MT-TT,400,8,-0.005219936370849609
15908,T,C,0,MT-TT,400,8,-0.006108641624450684
15909,A,G,0,MT-TT,400,8,-0.009744703769683838
15911,A,G,0,MT-TT,400,8,-0.0015351176261901855
15913,C,T,0,MT-TT,400,8,-0.001019120216369629
15914,A,G,0,MT-TT,400,8,0.006180226802825928
15916,T,C,0,MT-TT,400,8,-0.00657808780670166
15923,A,G,1,MT-TT,400,8,-0.00451350212097168
15924,A,G,0,MT-TT,400,8,-0.0018021464347839355
15925,C,T,0,MT-TT,400,8,-0.0013110637664794922
15926,C,T,0,MT-TT,400,8,0.0005356669425964355
15927,G,A,0,MT-TT,400,8,-0.0029824376106262207
15928,G,A,0,MT-TT,400,8,-0.004075050354003906
15929,A,G,0,MT-TT,400,8,-0.003069281578063965
15930,G,A,0,MT-TT,400,8,-0.0001925826072692871
15932,T,C,0,MT-TT,400,8,-0.003965139389038086
15935,A,G,0,MT-TT,400,8,-0.002492547035217285
15936,A,G,0,MT-TT,400,8,-0.00021916627883911133
15936,A,T,0,MT-TT,400,8,-0.0033779144287109375
15937,A,G,0,MT-TT,400,8,-0.00446474552154541
15937,A,T,0,MT-TT,400,8,-0.004144191741943359
15938,C,T,0,MT-TT,400,8,-0.002946913242340088
15939,C,T,0,MT-TT,400,8,-0.0009278655052185059
15940,T,C,0,MT-TT,400,8,0.0019989609718322754
15941,T,C,0,MT-TT,400,8,0.0006082057952880859
15942,T,C,0,MT-TT,400,8,-0.0016458630561828613
15943,T,C,0,MT-TT,400,8,-0.0013132095336914062
15944,T,C,0,MT-TT,400,8,-0.00038129091262817383
15946,C,T,0,MT-TT,400,8,-0.0050620436668396
15947,A,G,0,MT-TT,400,8,-0.0033199191093444824
15949,G,A,0,MT-TT,400,8,-0.005620241165161133
15951,A,G,0,MT-TT,400,8,-0.0022553205490112305
15952,C,T,0,MT-TT,400,8,-0.003390669822692871
15965,A,G,0,MT-TP,400,8,0.001402735710144043
15968,T,C,0,MT-TP,400,8,0.0004595518112182617
15970,T,C,0,MT-TP,400,8,-0.0028753280639648438
15977,C,T,0,MT-TP,400,8,-0.007089376449584961
15978,C,T,0,MT-TP,400,8,-0.001054525375366211
15990,C,T,1,MT-TP,400,8,-0.007825255393981934
15992,A,T,0,MT-TP,400,8,-0.013147354125976562
16011,A,G,0,MT-TP,400,8,-0.007214069366455078
16017,T,C,0,MT-TP,400,8,-0.00018143653869628906
591,C,T,1,MT-TF,400,9,0.010747730731964111
592,C,T,0,MT-TF,400,9,0.0036397576332092285
593,T,C,0,MT-TF,400,9,-3.254413604736328e-05
595,C,A,0,MT-TF,400,9,0.008555114269256592
595,C,T,0,MT-TF,400,9,0.0001766681671142578
596,T,C,0,MT-TF,400,9,-0.0031737089157104492
597,C,T,0,MT-TF,400,9,0.005869805812835693
603,A,G,0,MT-TF,400,9,-0.008660197257995605
606,A,G,0,MT-TF,400,9,-0.005600392818450928
616,T,C,1,MT-TF,400,9,-0.009427309036254883
619,T,C,0,MT-TF,400,9,-0.004839539527893066
621,A,G,0,MT-TF,400,9,-0.004404306411743164
629,T,A,0,MT-TF,400,9,-0.0011722445487976074
629,T,C,0,MT-TF,400,9,0.002359926700592041
630,C,T,0,MT-TF,400,9,-0.0010883212089538574
633,A,G,0,MT-TF,400,9,0.0006123185157775879
634,T,A,0,MT-TF,400,9,0.000457763671875
634,T,C,0,MT-TF,400,9,-0.0028951168060302734
635,C,T,0,MT-TF,400,9,-0.0017511844635009766
644,A,G,0,MT-TF,400,9,-0.00355684757232666
647,A,G,0,MT-TF,400,9,-0.00940626859664917
1607,T,C,0,MT-TV,400,9,-0.004550635814666748
1617,C,T,0,MT-TV,400,9,-0.00020122528076171875
1618,A,G,0,MT-TV,400,9,-0.001740574836730957
1624,C,T,1,MT-TV,400,9,-0.002325713634490967
1628,C,T,0,MT-TV,400,9,0.001989006996154785
1640,A,G,0,MT-TV,400,9,0.0006812810897827148
1644,G,A,1,MT-TV,400,9,-0.004633486270904541
1646,T,C,0,MT-TV,400,9,-0.004972934722900391
1657,C,T,0,MT-TV,400,9,0.0008864998817443848
1664,G,A,0,MT-TV,400,9,-0.00039398670196533203
1670,A,T,0,MT-TV,400,9,-0.011057138442993164
3236,A,G,0,MT-TL1,400,9,-0.0007818937301635742
3242,G,A,1,MT-TL1,400,9,-0.009654819965362549
3243,A,G,1,MT-TL1,400,9,-0.011493563652038574
3243,A,T,1,MT-TL1,400,9,-0.03500235080718994
3251,A,G,1,MT-TL1,400,9,-0.00623631477355957
3252,A,G,1,MT-TL1,400,9,-0.0037401914596557617
3254,C,A,0,MT-TL1,400,9,-0.0035232901573181152
3254,C,T,0,MT-TL1,400,9,0.006308317184448242
3255,G,A,1,MT-TL1,400,9,-0.008629322052001953
3256,C,T,1,MT-TL1,400,9,-0.009482383728027344
3258,T,C,1,MT-TL1,400,9,-0.002517402172088623
3260,A,G,1,MT-TL1,400,9,-0.009769797325134277
3261,A,G,0,MT-TL1,400,9,-0.006285488605499268
3271,T,C,1,MT-TL1,400,9,-0.0027511119842529297
3275,C,A,0,MT-TL1,400,9,-0.0029508471488952637
3275,C,G,0,MT-TL1,400,9,-0.0013900399208068848
3275,C,T,0,MT-TL1,400,9,0.0008177757263183594
3277,G,A,0,MT-TL1,400,9,0.0017547607421875
3278,T,C,0,MT-TL1,400,9,-0.0006070137023925781
3290,T,C,0,MT-TL1,400,9,0.0017791986465454102
3291,T,C,1,MT-TL1,400,9,-0.0017121434211730957
3302,A,G,1,MT-TL1,400,9,-0.0025905370712280273
3303,C,T,1,MT-TL1,400,9,-0.004782676696777344
4300,A,G,1,MT-TI,400,9,-0.004871666431427002
4310,A,G,0,MT-TI,400,9,0.00299990177154541
4312,C,T,0,MT-TI,400,9,0.0019347667694091797
4313,T,C,0,MT-TI,400,9,-0.0014022588729858398
4314,T,A,0,MT-TI,400,9,-0.0017809271812438965
4314,T,C,0,MT-TI,400,9,-0.0014480948448181152
4317,A,G,0,MT-TI,400,9,-0.0006574392318725586
4318,C,T,0,MT-TI,400,9,-0.0007408857345581055
4335,C,T,0,MT-TQ,400,9,-0.0014507770538330078
4336,T,C,0,MT-TQ,400,9,-0.0008083581924438477
4340,A,G,0,MT-TQ,400,9,-0.00016063451766967773
4343,A,G,0,MT-TQ,400,9,-0.0011115074157714844
4350,C,T,0,MT-TQ,400,9,-0.0019527077674865723
4353,T,C,0,MT-TQ,400,9,-0.0009285211563110352
4370,T,C,0,MT-TQ,400,9,-0.0019732117652893066
4371,T,C,0,MT-TQ,400,9,0.0005435347557067871
4373,T,C,0,MT-TQ,400,9,-0.002128779888153076
4375,C,T,0,MT-TQ,400,9,-0.0035880208015441895
4381,A,G,0,MT-TQ,400,9,-0.004644989967346191
4384,T,A,0,MT-TQ,400,9,-0.0004800558090209961
4384,T,C,0,MT-TQ,400,9,-0.001124262809753418
4385,A,G,0,MT-TQ,400,9,-0.00642472505569458
4385,A,T,0,MT-TQ,400,9,-0.0035173892974853516
4386,T,C,0,MT-TQ,400,9,-0.0022753477096557617
4387,C,T,0,MT-TQ,400,9,0.001954317092895508
4394,C,A,0,MT-TQ,400,9,-3.319978713989258e-05
4395,A,G,0,MT-TQ,400,9,-0.0009690523147583008
4417,A,G,0,MT-TM,400,9,-0.0054018497467041016
4418,T,C,0,MT-TM,400,9,-0.0016461610794067383
4435,A,G,0,MT-TM,400,9,-0.008211851119995117
4450,G,A,1,MT-TM,400,9,-0.004000425338745117
4452,T,C,0,MT-TM,400,9,-0.0012866854667663574
4454,T,A,0,MT-TM,400,9,0.00030434131622314453
4454,T,C,0,MT-TM,400,9,-0.0016571283340454102
4464,G,A,0,MT-TM,400,9,-0.0013356208801269531
5514,A,G,0,MT-TW,400,9,-0.005439162254333496
5515,A,G,0,MT-TW,400,9,-0.008383631706237793
5516,A,G,0,MT-TW,400,9,-0.005816459655761719
5521,G,A,1,MT-TW,400,9,-0.008519470691680908
5527,A,G,0,MT-TW,400,9,-0.004767775535583496
5528,T,C,0,MT-TW,400,9,0.0034314990043640137
5530,C,T,0,MT-TW,400,9,0.000194549560546875
5539,A,G,0,MT-TW,400,9,-0.004813849925994873
5539,A,T,0,MT-TW,400,9,-0.010569334030151367
5553,T,C,0,MT-TW,400,9,-0.0030062198638916016
5553,T,G,0,MT-TW,400,9,-0.0057656168937683105
5554,C,A,0,MT-TW,400,9,0.003397345542907715
5556,G,A,1,MT-TW,400,9,-0.007086634635925293
5557,T,C,0,MT-TW,400,9,0.0017241239547729492
5561,T,C,0,MT-TW,400,9,0.0009047985076904297
5563,G,A,0,MT-TW,400,9,0.0023561716079711914
5566,A,G,0,MT-TW,400,9,-0.004099547863006592
5567,T,C,0,MT-TW,400,9,0.0006170272827148438
5568,A,G,0,MT-TW,400,9,-0.0037220120429992676
5592,A,G,0,MT-TA,400,9,-0.0057749152183532715
5600,A,G,0,MT-TA,400,9,0.00023281574249267578
5601,C,T,0,MT-TA,400,9,-0.001335442066192627
5603,C,T,0,MT-TA,400,9,-0.0008465051651000977
5604,C,T,0,MT-TA,400,9,-0.00039374828338623047
5605,A,G,0,MT-TA,400,9,-0.0023099780082702637
5608,C,T,0,MT-TA,400,9,-0.0017472505569458008
5618,T,C,0,MT-TA,400,9,-0.006152153015136719
5628,T,C,0,MT-TA,400,9,-0.004387795925140381
5633,C,T,0,MT-TA,400,9,-0.0003478527069091797
5640,A,G,0,MT-TA,400,9,-0.003912508487701416
5650,G,A,1,MT-TA,400,9,-0.004575490951538086
5655,T,C,0,MT-TA,400,9,-0.0002288818359375
5662,C,T,0,MT-TN,400,9,0.0014061927795410156
5663,C,T,0,MT-TN,400,9,0.0009093880653381348
5664,A,G,0,MT-TN,400,9,-0.0006666183471679688
5665,A,G,0,MT-TN,400,9,-0.0031328201293945312
5673,T,C,0,MT-TN,400,9,0.0007292032241821289
5686,A,T,0,MT-TN,400,9,-0.0011417865753173828
5690,A,G,1,MT-TN,400,9,-0.007633090019226074
5703,G,A,1,MT-TN,400,9,0.0016319751739501953
5705,A,G,0,MT-TN,400,9,-0.0013415217399597168
5711,A,G,0,MT-TN,400,9,-0.0006737112998962402
5715,A,G,0,MT-TN,400,9,-0.0029248595237731934
5728,T,C,1,MT-TN,400,9,-0.0020708441734313965
5772,G,A,0,MT-TC,400,9,-0.008182764053344727
5773,G,A,0,MT-TC,400,9,0.0019205808639526367
5774,T,C,0,MT-TC,400,9,-8.803606033325195e-05
5774,T,G,0,MT-TC,400,9,0.00031304359436035156
5775,T,C,0,MT-TC,400,9,-0.0019050240516662598
5780,G,A,0,MT-TC,400,9,-0.00374603271484375
5783,G,A,0,MT-TC,400,9,-0.0028792619705200195
5785,T,C,0,MT-TC,400,9,-0.0059528350830078125
5786,T,C,0,MT-TC,400,9,0.0004996061325073242
5788,T,C,0,MT-TC,400,9,-0.0038462281227111816
5794,T,C,0,MT-TC,400,9,-0.001953721046447754
5800,A,G,0,MT-TC,400,9,-0.007656276226043701
5806,T,C,0,MT-TC,400,9,-0.0007890462875366211
5807,A,G,0,MT-TC,400,9,-0.0013031959533691406
5811,A,G,0,MT-TC,400,9,-0.004230082035064697
5814,T,A,0,MT-TC,400,9,-0.002714693546295166
5814,T,C,0,MT-TC,400,9,-0.0020787715911865234
5817,C,T,0,MT-TC,400,9,-0.008864343166351318
5821,G,A,0,MT-TC,400,9,-0.0015012621879577637
5822,G,A,0,MT-TC,400,9,-0.004629254341125488
5823,A,G,0,MT-TC,400,9,0.0011774301528930664
5824,G,A,0,MT-TC,400,9,-0.0028070807456970215
5836,A,G,0,MT-TY,400,9,-0.0006323456764221191
5839,C,T,0,MT-TY,400,9,-0.0018728971481323242
5840,C,T,0,MT-TY,400,9,0.00026297569274902344
5843,A,G,0,MT-TY,400,9,-0.0009619593620300293
5846,C,T,0,MT-TY,400,9,0.0018148422241210938
5855,A,G,0,MT-TY,400,9,-0.00046634674072265625
5867,C,T,0,MT-TY,400,9,0.007509768009185791
5875,C,T,0,MT-TY,400,9,0.0014535188674926758
5876,A,G,0,MT-TY,400,9,-0.0007776618003845215
7453,G,A,1,MT-TS1,400,9,-0.007278919219970703
7460,A,G,0,MT-TS1,400,9,0.0019741058349609375
7469,C,T,0,MT-TS1,400,9,-3.9458274841308594e-05
7471,C,A,0,MT-TS1,400,9,0.004048943519592285
7471,C,T,0,MT-TS1,400,9,0.0033483505249023438
7472,A,T,0,MT-TS1,400,9,-0.0007767081260681152
7476,C,T,0,MT-TS1,400,9,0.0006536245346069336
7490,A,G,0,MT-TS1,400,9,0.0014675259590148926
7493,C,T,0,MT-TS1,400,9,0.0011919736862182617
7497,G,A,1,MT-TS1,400,9,-0.0010280609130859375
7498,G,A,0,MT-TS1,400,9,0.003134012222290039
7501,T,C,0,MT-TS1,400,9,-0.0009766221046447754
7510,T,C,1,MT-TS1,400,9,-0.0012950301170349121
7511,T,C,1,MT-TS1,400,9,-0.00042307376861572266
7512,T,C,1,MT-TS1,400,9,0.00034922361373901367
7521,G,A,0,MT-TD,400,9,0.008007824420928955
7533,C,T,0,MT-TD,400,9,-0.0015459656715393066
7534,C,T,0,MT-TD,400,9,-0.0029546022415161133
7543,A,G,0,MT-TD,400,9,-0.008120894432067871
7546,T,C,0,MT-TD,400,9,-0.004735112190246582
7547,T,C,0,MT-TD,400,9,-0.010030865669250488
7552,A,G,0,MT-TD,400,9,-0.006043791770935059
7559,A,G,0,MT-TD,400,9,-0.0013288259506225586
7561,T,C,0,MT-TD,400,9,-0.0007597208023071289
7567,C,T,0,MT-TD,400,9,-0.0009841322898864746
7568,T,C,0,MT-TD,400,9,0.0010842680931091309
7569,A,G,0,MT-TD,400,9,-0.0014587640762329102
7570,A,G,0,MT-TD,400,9,-0.0004596114158630371
7572,T,C,0,MT-TD,400,9,0.0033288002014160156
7576,A,G,0,MT-TD,400,9,-0.0015767812728881836
7581,T,C,0,MT-TD,400,9,0.0027997493743896484
7585,A,G,0,MT-TD,400,9,-0.006482601165771484
8298,T,C,0,MT-TK,400,9,-0.0017385482788085938
8300,T,C,0,MT-TK,400,9,-0.0009834766387939453
8308,A,G,0,MT-TK,400,9,-0.00618588924407959
8311,T,C,0,MT-TK,400,9,-7.68899917602539e-06
8313,G,A,1,MT-TK,400,9,-0.007226765155792236
8315,A,G,0,MT-TK,400,9,-0.0017459392547607422
8331,A,G,0,MT-TK,400,9,-0.007407665252685547
8337,T,C,0,MT-TK,400,9,-0.0009714365005493164
8338,A,G,0,MT-TK,400,9,0.0005981922149658203
8340,G,A,1,MT-TK,400,9,-0.001990795135498047
8343,A,G,0,MT-TK,400,9,-0.002662956714630127
8344,A,G,1,MT-TK,400,9,-0.0015222430229187012
8345,C,T,0,MT-TK,400,9,-0.0008587241172790527
8346,C,A,0,MT-TK,400,9,0.0004131197929382324
8347,A,G,0,MT-TK,400,9,-0.0025199055671691895
8348,A,G,0,MT-TK,400,9,-0.0016674995422363281
8349,C,T,0,MT-TK,400,9,0.0005246996879577637
8350,A,G,0,MT-TK,400,9,-0.003258049488067627
8356,T,C,1,MT-TK,400,9,-0.0021805763244628906
8360,A,G,0,MT-TK,400,9,-0.0033879876136779785
8363,G,A,1,MT-TK,400,9,-0.006818950176239014
9991,A,G,0,MT-TG,400,9,-0.008232414722442627
9995,T,C,0,MT-TG,400,9,-0.01342308521270752
10003,T,C,0,MT-TG,400,9,-0.0025904178619384766
10005,A,G,0,MT-TG,400,9,-0.007247209548950195
10006,A,G,0,MT-TG,400,9,-0.003607630729675293
10007,T,C,0,MT-TG,400,9,-0.000804901123046875
10013,C,T,0,MT-TG,400,9,-0.00012379884719848633
10018,A,G,0,MT-TG,400,9,-0.006784558296203613
10029,A,G,0,MT-TG,400,9,-0.004565596580505371
10031,T,C,0,MT-TG,400,9,-0.0007780790328979492
10034,T,C,0,MT-TG,400,9,-0.0006349682807922363
10040,C,T,0,MT-TG,400,9,-0.0011523962020874023
10042,A,G,0,MT-TG,400,9,-0.0022075772285461426
10044,A,G,0,MT-TG,400,9,-0.004517853260040283
10045,T,C,0,MT-TG,400,9,0.0007083415985107422
10410,T,A,0,MT-TR,400,9,0.006875276565551758
10410,T,C,0,MT-TR,400,9,-0.003247201442718506
10411,A,G,0,MT-TR,400,9,-0.0019541382789611816
10420,A,G,0,MT-TR,400,9,-0.0038955211639404297
10427,G,A,0,MT-TR,400,9,0.005165994167327881
10440,T,C,0,MT-TR,400,9,-0.0043936967849731445
10446,A,G,0,MT-TR,400,9,0.002544879913330078
10448,T,C,0,MT-TR,400,9,-0.005868852138519287
10454,T,C,0,MT-TR,400,9,0.002347588539123535
10456,A,G,0,MT-TR,400,9,-0.004712939262390137
10463,T,C,0,MT-TR,400,9,-0.00362318754196167
12141,A,G,0,MT-TH,400,9,-0.007009327411651611
12142,A,G,0,MT-TH,400,9,-0.007168769836425781
12147,G,A,1,MT-TH,400,9,-0.007167816162109375
12151,A,G,0,MT-TH,400,9,-0.007161617279052734
12160,A,G,0,MT-TH,400,9,-0.008034825325012207
12161,T,C,0,MT-TH,400,9,-0.0005537271499633789
12164,G,A,0,MT-TH,400,9,-0.009802103042602539
12166,T,C,0,MT-TH,400,9,-0.0022858381271362305
12171,A,G,0,MT-TH,400,9,-0.0053369998931884766
12172,A,G,0,MT-TH,400,9,-0.007090449333190918
12173,T,C,0,MT-TH,400,9,-0.004173636436462402
12178,C,T,0,MT-TH,400,9,-0.003797173500061035
12181,C,T,0,MT-TH,400,9,-0.000706017017364502
12188,T,C,0,MT-TH,400,9,0.0004094243049621582
12189,T,C,0,MT-TH,400,9,0.0008872747421264648
12191,C,T,0,MT-TH,400,9,0.0005587339401245117
12192,G,A,0,MT-TH,400,9,0.004258990287780762
12193,A,G,0,MT-TH,400,9,0.00047576427459716797
12196,C,T,0,MT-TH,400,9,0.001836538314819336
12201,T,C,1,MT-TH,400,9,-0.00337904691696167
12215,T,C,0,MT-TS2,400,9,-0.001085042953491211
12216,C,T,0,MT-TS2,400,9,0.0007250308990478516
12223,A,G,0,MT-TS2,400,9,-0.005352020263671875
12231,C,T,0,MT-TS2,400,9,0.0023329854011535645
12234,A,G,0,MT-TS2,400,9,-0.005608916282653809
12235,T,C,0,MT-TS2,400,9,-0.002995431423187256
12237,C,T,0,MT-TS2,400,9,-0.002859055995941162
12239,C,T,0,MT-TS2,400,9,0.00016963481903076172
12245,T,C,0,MT-TS2,400,9,-0.0003936886787414551
12246,C,T,0,MT-TS2,400,9,-0.003255903720855713
12248,A,G,0,MT-TS2,400,9,-0.004225671291351318
12258,C,A,1,MT-TS2,400,9,-0.008543133735656738
12265,A,G,0,MT-TS2,400,9,-0.007821321487426758
12273,A,G,0,MT-TL2,400,9,-0.009501516819000244
12276,G,A,1,MT-TL2,400,9,-0.011691808700561523
12279,A,G,0,MT-TL2,400,9,-0.013105034828186035
12279,A,T,0,MT-TL2,400,9,-0.018616199493408203
12280,A,G,0,MT-TL2,400,9,-0.00301283597946167
12281,C,T,0,MT-TL2,400,9,-0.006116211414337158
12285,T,C,0,MT-TL2,400,9,-0.0028496980667114258
12295,T,C,0,MT-TL2,400,9,-0.00622248649597168
12297,T,C,0,MT-TL2,400,9,-0.010397851467132568
12308,A,G,0,MT-TL2,400,9,-0.007782399654388428
12311,T,C,0,MT-TL2,400,9,0.000529170036315918
12315,G,A,1,MT-TL2,400,9,-0.007960200309753418
14674,T,C,1,MT-TE,400,9,-0.0049141645431518555
14683,A,G,0,MT-TE,400,9,-0.0013826489448547363
14684,C,T,0,MT-TE,400,9,-0.00010722875595092773
14687,A,G,0,MT-TE,400,9,0.00023573637008666992
14690,A,G,0,MT-TE,400,9,-0.004907429218292236
14691,C,T,0,MT-TE,400,9,0.0017194151878356934
14693,A,G,0,MT-TE,400,9,-0.0001729130744934082
14696,A,C,0,MT-TE,400,9,-0.013253092765808105
14696,A,G,0,MT-TE,400,9,-0.0002694129943847656
14706,A,G,0,MT-TE,400,9,-0.0014165639877319336
14709,T,C,1,MT-TE,400,9,-0.004176020622253418
14716,C,T,0,MT-TE,400,9,-0.002335965633392334
14727,T,C,0,MT-TE,400,9,-0.0003688931465148926
15889,T,C,0,MT-TT,400,9,0.0016576647758483887
15891,C,T,0,MT-TT,400,9,-0.002956211566925049
15892,T,C,0,MT-TT,400,9,-0.0069923996925354
15893,T,C,0,MT-TT,400,9,-0.0043038129806518555
15894,G,A,0,MT-TT,400,9,-0.006725430488586426
15895,T,C,0,MT-TT,400,9,-0.007516264915466309
15900,T,C,0,MT-TT,400,9,-0.002135038375854492
15902,A,G,0,MT-TT,400,9,-0.0014846324920654297
15903,A,G,0,MT-TT,400,9,-0.0035319924354553223
15904,C,T,0,MT-TT,400,9,8.589029312133789e-05
15905,T,C,0,MT-TT,400,9,-0.0028849244117736816
15907,A,G,0,MT-TT,400,9,-0.004851222038269043
15908,T,C,0,MT-TT,400,9,-0.004370927810668945
15909,A,G,0,MT-TT,400,9,-0.00884401798248291
15911,A,G,0,MT-TT,400,9,-0.0027549266815185547
15913,C,T,0,MT-TT,400,9,-0.001879572868347168
15914,A,G,0,MT-TT,400,9,0.007529139518737793
15916,T,C,0,MT-TT,400,9,-0.005860686302185059
15923,A,G,1,MT-TT,400,9,-0.003537595272064209
15924,A,G,0,MT-TT,400,9,-0.0006989836692810059
15925,C,T,0,MT-TT,400,9,-0.002651989459991455
15926,C,T,0,MT-TT,400,9,0.0012011528015136719
15927,G,A,0,MT-TT,400,9,-0.0032302141189575195
15928,G,A,0,MT-TT,400,9,-0.00306546688079834
15929,A,G,0,MT-TT,400,9,-0.003688991069793701
15930,G,A,0,MT-TT,400,9,-0.0008715987205505371
15932,T,C,0,MT-TT,400,9,-0.005538582801818848
15935,A,G,0,MT-TT,400,9,-0.0027688145637512207
15936,A,G,0,MT-TT,400,9,-0.0019593238830566406
15936,A,T,0,MT-TT,400,9,-0.003774285316467285
15937,A,G,0,MT-TT,400,9,-0.00545954704284668
15937,A,T,0,MT-TT,400,9,-0.004266083240509033
15938,C,T,0,MT-TT,400,9,-0.003350377082824707
15939,C,T,0,MT-TT,400,9,0.00100785493850708
15940,T,C,0,MT-TT,400,9,0.001617431640625
15941,T,C,0,MT-TT,400,9,-0.000662684440612793
15942,T,C,0,MT-TT,400,9,-0.002120494842529297
15943,T,C,0,MT-TT,400,9,-0.000878453254699707
15944,T,C,0,MT-TT,400,9,-0.0007532238960266113
15946,C,T,0,MT-TT,400,9,-0.003381073474884033
15947,A,G,0,MT-TT,400,9,-0.003221750259399414
15949,G,A,0,MT-TT,400,9,-0.005140066146850586
15951,A,G,0,MT-TT,400,9,-0.0031062960624694824
15952,C,T,0,MT-TT,400,9,-0.0031239986419677734
15965,A,G,0,MT-TP,400,9,-0.0014199018478393555
15968,T,C,0,MT-TP,400,9,7.450580596923828e-05
15970,T,C,0,MT-TP,400,9,-0.004035830497741699
15977,C,T,0,MT-TP,400,9,-0.007893562316894531
15978,C,T,0,MT-TP,400,9,-0.0015326738357543945
15990,C,T,1,MT-TP,400,9,-0.009663522243499756
15992,A,T,0,MT-TP,400,9,-0.013196945190429688
16011,A,G,0,MT-TP,400,9,-0.007232546806335449
16017,T,C,0,MT-TP,400,9,0.00042831897735595703
