pos,ref,alt,label,gene,radius,seed,delta
591,C,T,1,MT-TF,-1,-1,0.008238673210144043
616,T,C,1,MT-TF,-1,-1,-0.01695197820663452
629,T,C,0,MT-TF,-1,-1,0.0024085044860839844
1624,C,T,1,MT-TV,-1,-1,0.0003510713577270508
1644,G,A,1,MT-TV,-1,-1,-0.004234611988067627
3242,G,A,1,MT-TL1,-1,-1,-0.0097104012966156
3243,A,G,1,MT-TL1,-1,-1,-0.012170732021331787
3243,A,T,1,MT-TL1,-1,-1,-0.029400289058685303
3251,A,G,1,MT-TL1,-1,-1,-0.006390899419784546
3252,A,G,1,MT-TL1,-1,-1,-0.003000915050506592
3255,G,A,1,MT-TL1,-1,-1,-0.008400022983551025
3256,C,T,1,MT-TL1,-1,-1,-0.008939355611801147
3258,T,C,1,MT-TL1,-1,-1,-0.004396289587020874
3260,A,G,1,MT-TL1,-1,-1,-0.0068395137786865234
3271,T,C,1,MT-TL1,-1,-1,-0.0036664605140686035
3291,T,C,1,MT-TL1,-1,-1,-0.003383457660675049
3302,A,G,1,MT-TL1,-1,-1,-0.0032359957695007324
3303,C,T,1,MT-TL1,-1,-1,-0.007614344358444214
4300,A,G,1,MT-TI,-1,-1,-0.0063057541847229
4336,T,C,0,MT-TQ,-1,-1,-0.00048655271530151367
4370,T,C,0,MT-TQ,-1,-1,-0.001444399356842041
4450,G,A,1,MT-TM,-1,-1,-0.003709733486175537
4452,T,C,0,MT-TM,-1,-1,-0.0003578066825866699
5521,G,A,1,MT-TW,-1,-1,-0.007705330848693848
5553,T,C,0,MT-TW,-1,-1,-0.0026484131813049316
5556,G,A,1,MT-TW,-1,-1,-0.006830811500549316
5650,G,A,1,MT-TA,-1,-1,-0.005442917346954346
5690,A,G,1,MT-TN,-1,-1,-0.006320357322692871
5703,G,A,1,MT-TN,-1,-1,8.344650268554688e-07
5728,T,C,1,MT-TN,-1,-1,-0.0035640597343444824
5814,T,C,0,MT-TC,-1,-1,-0.0023525357246398926
7453,G,A,1,MT-TS1,-1,-1,-0.006398677825927734
7471,C,T,0,MT-TS1,-1,-1,0.0028213858604431152
7472,A,T,0,MT-TS1,-1,-1,0.000269472599029541
7476,C,T,0,MT-TS1,-1,-1,0.0007994174957275391
7493,C,T,0,MT-TS1,-1,-1,-0.0008714199066162109
7497,G,A,1,MT-TS1,-1,-1,-0.0003590583801269531
7498,G,A,0,MT-TS1,-1,-1,0.0015978813171386719
7510,T,C,1,MT-TS1,-1,-1,-0.0035088062286376953
7511,T,C,1,MT-TS1,-1,-1,-0.0012371540069580078
7512,T,C,1,MT-TS1,-1,-1,0.00021970272064208984
8313,G,A,1,MT-TK,-1,-1,-0.008225679397583008
8340,G,A,1,MT-TK,-1,-1,-0.00363922119140625
8344,A,G,1,MT-TK,-1,-1,0.00033783912658691406
8348,A,G,0,MT-TK,-1,-1,-0.002351701259613037
8356,T,C,1,MT-TK,-1,-1,-0.001147449016571045
8363,G,A,1,MT-TK,-1,-1,-0.006158351898193359
10007,T,C,0,MT-TG,-1,-1,-0.0018485188484191895
10034,T,C,0,MT-TG,-1,-1,-0.002248048782348633
10463,T,C,0,MT-TR,-1,-1,-0.0033080577850341797
12147,G,A,1,MT-TH,-1,-1,-0.006921529769897461
12201,T,C,1,MT-TH,-1,-1,-0.004104435443878174
12239,C,T,0,MT-TS2,-1,-1,-5.036592483520508e-05
12258,C,A,1,MT-TS2,-1,-1,-0.008523225784301758
12276,G,A,1,MT-TL2,-1,-1,-0.011109471321105957
12308,A,G,0,MT-TL2,-1,-1,-0.004311084747314453
12315,G,A,1,MT-TL2,-1,-1,-0.006347954273223877
14674,T,C,1,MT-TE,-1,-1,-0.005602717399597168
14684,C,T,0,MT-TE,-1,-1,-0.00011032819747924805
14709,T,C,1,MT-TE,-1,-1,-0.005500197410583496
15894,G,A,0,MT-TT,-1,-1,-0.006951570510864258
15904,C,T,0,MT-TT,-1,-1,0.0011773109436035156
15907,A,G,0,MT-TT,-1,-1,-0.005160510540008545
15923,A,G,1,MT-TT,-1,-1,-0.005530059337615967
15924,A,G,0,MT-TT,-1,-1,-0.002537965774536133
15928,G,A,0,MT-TT,-1,-1,-0.00133514404296875
15990,C,T,1,MT-TP,-1,-1,-0.010825634002685547
591,C,T,1,MT-TF,0,0,-8.7738037109375e-05
616,T,C,1,MT-TF,0,0,-0.001804351806640625
629,T,C,0,MT-TF,0,0,0.0002288818359375
1624,C,T,1,MT-TV,0,0,-0.001117706298828125
1644,G,A,1,MT-TV,0,0,-0.000606536865234375
3242,G,A,1,MT-TL1,0,0,-0.015218973159790039
3243,A,G,1,MT-TL1,0,0,-0.021957755088806152
3243,A,T,1,MT-TL1,0,0,-0.01203155517578125
3251,A,G,1,MT-TL1,0,0,-0.0031287670135498047
3252,A,G,1,MT-TL1,0,0,-0.003928184509277344
3255,G,A,1,MT-TL1,0,0,-0.0020508766174316406
3256,C,T,1,MT-TL1,0,0,-0.003286123275756836
3258,T,C,1,MT-TL1,0,0,-0.010437488555908203
3260,A,G,1,MT-TL1,0,0,-0.0001614093780517578
3271,T,C,1,MT-TL1,0,0,0.0008679628372192383
3291,T,C,1,MT-TL1,0,0,-0.001460433006286621
3302,A,G,1,MT-TL1,0,0,-0.002638578414916992
3303,C,T,1,MT-TL1,0,0,-0.001874089241027832
4300,A,G,1,MT-TI,0,0,-0.0012845993041992188
4336,T,C,0,MT-TQ,0,0,-0.0012042522430419922
4370,T,C,0,MT-TQ,0,0,-0.0006556510925292969
4450,G,A,1,MT-TM,0,0,-0.004445075988769531
4452,T,C,0,MT-TM,0,0,-0.001628279685974121
5521,G,A,1,MT-TW,0,0,0.00515592098236084
5553,T,C,0,MT-TW,0,0,-0.002682805061340332
5556,G,A,1,MT-TW,0,0,-0.004270076751708984
5650,G,A,1,MT-TA,0,0,-0.0006110668182373047
5690,A,G,1,MT-TN,0,0,-0.00591433048248291
5703,G,A,1,MT-TN,0,0,-9.644031524658203e-05
5728,T,C,1,MT-TN,0,0,-0.002339601516723633
5814,T,C,0,MT-TC,0,0,-0.001431584358215332
7453,G,A,1,MT-TS1,0,0,4.76837158203125e-06
7471,C,T,0,MT-TS1,0,0,0.0021899938583374023
7472,A,T,0,MT-TS1,0,0,0.0015853643417358398
7476,C,T,0,MT-TS1,0,0,0.0009937286376953125
7493,C,T,0,MT-TS1,0,0,-0.0017811059951782227
7497,G,A,1,MT-TS1,0,0,0.002756834030151367
7498,G,A,0,MT-TS1,0,0,-0.0005304813385009766
7510,T,C,1,MT-TS1,0,0,-0.0003789663314819336
7511,T,C,1,MT-TS1,0,0,-0.0025080442428588867
7512,T,C,1,MT-TS1,0,0,-0.0003871917724609375
8313,G,A,1,MT-TK,0,0,-0.0008678436279296875
8340,G,A,1,MT-TK,0,0,-0.0026531219482421875
8344,A,G,1,MT-TK,0,0,0.0007739067077636719
8348,A,G,0,MT-TK,0,0,-0.0037927627563476562
8356,T,C,1,MT-TK,0,0,-0.0018720626831054688
8363,G,A,1,MT-TK,0,0,-0.0014615058898925781
10007,T,C,0,MT-TG,0,0,0.0012598037719726562
10034,T,C,0,MT-TG,0,0,0.0007991790771484375
10463,T,C,0,MT-TR,0,0,0.000400543212890625
12147,G,A,1,MT-TH,0,0,-0.000865936279296875
12201,T,C,1,MT-TH,0,0,-0.001089334487915039
12239,C,T,0,MT-TS2,0,0,-0.0006133317947387695
12258,C,A,1,MT-TS2,0,0,-0.006318092346191406
12276,G,A,1,MT-TL2,0,0,-0.00109100341796875
12308,A,G,0,MT-TL2,0,0,-0.00142669677734375
12315,G,A,1,MT-TL2,0,0,-0.0026302337646484375
14674,T,C,1,MT-TE,0,0,-0.002628803253173828
14684,C,T,0,MT-TE,0,0,0.000853419303894043
14709,T,C,1,MT-TE,0,0,-0.0011986494064331055
15894,G,A,0,MT-TT,0,0,-0.0003018379211425781
15904,C,T,0,MT-TT,0,0,-0.0003509521484375
15907,A,G,0,MT-TT,0,0,0.0007004737854003906
15923,A,G,1,MT-TT,0,0,-0.001733541488647461
15924,A,G,0,MT-TT,0,0,-0.0020028352737426758
15928,G,A,0,MT-TT,0,0,-0.001598358154296875
15990,C,T,1,MT-TP,0,0,-0.0017066001892089844
591,C,T,1,MT-TF,0,1,0.0037937164306640625
616,T,C,1,MT-TF,0,1,0.000370025634765625
629,T,C,0,MT-TF,0,1,0.0001010894775390625
1624,C,T,1,MT-TV,0,1,-0.00087738037109375
1644,G,A,1,MT-TV,0,1,-0.0036401748657226562
3242,G,A,1,MT-TL1,0,1,-0.018610477447509766
3243,A,G,1,MT-TL1,0,1,-0.027080655097961426
3243,A,T,1,MT-TL1,0,1,-0.00953817367553711
3251,A,G,1,MT-TL1,0,1,-0.0005086660385131836
3252,A,G,1,MT-TL1,0,1,-0.004268288612365723
3255,G,A,1,MT-TL1,0,1,-0.0059566497802734375
3256,C,T,1,MT-TL1,0,1,-0.007738828659057617
3258,T,C,1,MT-TL1,0,1,-0.0023889541625976562
3260,A,G,1,MT-TL1,0,1,-0.004807829856872559
3271,T,C,1,MT-TL1,0,1,0.001932382583618164
3291,T,C,1,MT-TL1,0,1,-0.002141118049621582
3302,A,G,1,MT-TL1,0,1,-0.0014569759368896484
3303,C,T,1,MT-TL1,0,1,-0.0029397010803222656
4300,A,G,1,MT-TI,0,1,-0.001643061637878418
4336,T,C,0,MT-TQ,0,1,1.71661376953125e-05
4370,T,C,0,MT-TQ,0,1,-0.0012445449829101562
4450,G,A,1,MT-TM,0,1,-0.004085659980773926
4452,T,C,0,MT-TM,0,1,-0.0018382072448730469
5521,G,A,1,MT-TW,0,1,0.006681323051452637
5553,T,C,0,MT-TW,0,1,-0.0028066635131835938
5556,G,A,1,MT-TW,0,1,-0.0007066726684570312
5650,G,A,1,MT-TA,0,1,-0.0026799440383911133
5690,A,G,1,MT-TN,0,1,-0.0047185420989990234
5703,G,A,1,MT-TN,0,1,-0.0007796287536621094
5728,T,C,1,MT-TN,0,1,-0.0018999576568603516
5814,T,C,0,MT-TC,0,1,-0.0011348724365234375
7453,G,A,1,MT-TS1,0,1,-0.002303481101989746
7471,C,T,0,MT-TS1,0,1,0.002348780632019043
7472,A,T,0,MT-TS1,0,1,0.0011067390441894531
7476,C,T,0,MT-TS1,0,1,0.0010030269622802734
7493,C,T,0,MT-TS1,0,1,-0.0010426044464111328
7497,G,A,1,MT-TS1,0,1,0.0021071434020996094
7498,G,A,0,MT-TS1,0,1,8.738040924072266e-05
7510,T,C,1,MT-TS1,0,1,-0.0005098581314086914
7511,T,C,1,MT-TS1,0,1,-0.003761887550354004
7512,T,C,1,MT-TS1,0,1,-0.0011608600616455078
8313,G,A,1,MT-TK,0,1,-0.0012693405151367188
8340,G,A,1,MT-TK,0,1,-0.003935337066650391
8344,A,G,1,MT-TK,0,1,0.00035190582275390625
8348,A,G,0,MT-TK,0,1,-0.0033736228942871094
8356,T,C,1,MT-TK,0,1,-0.0009088516235351562
8363,G,A,1,MT-TK,0,1,-6.341934204101562e-05
10007,T,C,0,MT-TG,0,1,-0.000148773193359375
10034,T,C,0,MT-TG,0,1,0.0012226104736328125
10463,T,C,0,MT-TR,0,1,0.00014019012451171875
12147,G,A,1,MT-TH,0,1,-0.002802133560180664
12201,T,C,1,MT-TH,0,1,-0.0013588666915893555
12239,C,T,0,MT-TS2,0,1,-0.0025243759155273438
12258,C,A,1,MT-TS2,0,1,-0.004770517349243164
12276,G,A,1,MT-TL2,0,1,-0.0011162757873535156
12308,A,G,0,MT-TL2,0,1,-0.0010557174682617188
12315,G,A,1,MT-TL2,0,1,-0.005106210708618164
14674,T,C,1,MT-TE,0,1,0.0007545948028564453
14684,C,T,0,MT-TE,0,1,5.125999450683594e-06
14709,T,C,1,MT-TE,0,1,-0.0025271177291870117
15894,G,A,0,MT-TT,0,1,-0.0020706653594970703
15904,C,T,0,MT-TT,0,1,0.00017881393432617188
15907,A,G,0,MT-TT,0,1,-0.0012788772583007812
15923,A,G,1,MT-TT,0,1,-0.0065135955810546875
15924,A,G,0,MT-TT,0,1,-0.0019006729125976562
15928,G,A,0,MT-TT,0,1,-0.0018372535705566406
15990,C,T,1,MT-TP,0,1,-0.0013567209243774414
591,C,T,1,MT-TF,0,2,0.0016446113586425781
616,T,C,1,MT-TF,0,2,-0.008079051971435547
629,T,C,0,MT-TF,0,2,-0.0006573200225830078
1624,C,T,1,MT-TV,0,2,-0.001331329345703125
1644,G,A,1,MT-TV,0,2,-0.000415802001953125
3242,G,A,1,MT-TL1,0,2,-0.008775472640991211
3243,A,G,1,MT-TL1,0,2,-0.02803778648376465
3243,A,T,1,MT-TL1,0,2,-0.0017671585083007812
3251,A,G,1,MT-TL1,0,2,-0.007776021957397461
3252,A,G,1,MT-TL1,0,2,-0.005875825881958008
3255,G,A,1,MT-TL1,0,2,-0.007275819778442383
3256,C,T,1,MT-TL1,0,2,-0.0011138916015625
3258,T,C,1,MT-TL1,0,2,-0.0029505491256713867
3260,A,G,1,MT-TL1,0,2,-0.00427854061126709
3271,T,C,1,MT-TL1,0,2,-0.001671910285949707
3291,T,C,1,MT-TL1,0,2,-0.003361344337463379
3302,A,G,1,MT-TL1,0,2,-0.0021262168884277344
3303,C,T,1,MT-TL1,0,2,-0.0025811195373535156
4300,A,G,1,MT-TI,0,2,-0.001330256462097168
4336,T,C,0,MT-TQ,0,2,-0.0016465187072753906
4370,T,C,0,MT-TQ,0,2,-0.0010906457901000977
4450,G,A,1,MT-TM,0,2,-0.0034041404724121094
4452,T,C,0,MT-TM,0,2,-0.0020704269409179688
5521,G,A,1,MT-TW,0,2,0.0011168718338012695
5553,T,C,0,MT-TW,0,2,-0.0021791458129882812
5556,G,A,1,MT-TW,0,2,-0.004217267036437988
5650,G,A,1,MT-TA,0,2,-0.002295255661010742
5690,A,G,1,MT-TN,0,2,-0.005065798759460449
5703,G,A,1,MT-TN,0,2,-9.739398956298828e-05
5728,T,C,1,MT-TN,0,2,-0.0017234086990356445
5814,T,C,0,MT-TC,0,2,-0.001960158348083496
7453,G,A,1,MT-TS1,0,2,-0.00102996826171875
7471,C,T,0,MT-TS1,0,2,0.0013359785079956055
7472,A,T,0,MT-TS1,0,2,0.0003731250762939453
7476,C,T,0,MT-TS1,0,2,0.0011153221130371094
7493,C,T,0,MT-TS1,0,2,0.0012248754501342773
7497,G,A,1,MT-TS1,0,2,-0.0003170967102050781
7498,G,A,0,MT-TS1,0,2,-8.690357208251953e-05
7510,T,C,1,MT-TS1,0,2,-0.0014129877090454102
7511,T,C,1,MT-TS1,0,2,-0.0007693767547607422
7512,T,C,1,MT-TS1,0,2,-0.0018758773803710938
8313,G,A,1,MT-TK,0,2,-0.0014200210571289062
8340,G,A,1,MT-TK,0,2,-0.001953125
8344,A,G,1,MT-TK,0,2,-0.0005042552947998047
8348,A,G,0,MT-TK,0,2,-0.0025582313537597656
8356,T,C,1,MT-TK,0,2,-0.002322673797607422
8363,G,A,1,MT-TK,0,2,-0.0007038116455078125
10007,T,C,0,MT-TG,0,2,0.0007388591766357422
10034,T,C,0,MT-TG,0,2,-0.000820159912109375
10463,T,C,0,MT-TR,0,2,-0.0015659332275390625
12147,G,A,1,MT-TH,0,2,-0.010037899017333984
12201,T,C,1,MT-TH,0,2,-0.004484772682189941
12239,C,T,0,MT-TS2,0,2,-0.001708984375
12258,C,A,1,MT-TS2,0,2,-0.004374027252197266
12276,G,A,1,MT-TL2,0,2,-0.0020117759704589844
12308,A,G,0,MT-TL2,0,2,-0.0027685165405273438
12315,G,A,1,MT-TL2,0,2,-0.006116390228271484
14674,T,C,1,MT-TE,0,2,-0.000286102294921875
14684,C,T,0,MT-TE,0,2,0.011848807334899902
14709,T,C,1,MT-TE,0,2,0.0006699562072753906
15894,G,A,0,MT-TT,0,2,0.0016007423400878906
15904,C,T,0,MT-TT,0,2,0.002139568328857422
15907,A,G,0,MT-TT,0,2,-0.002362847328186035
15923,A,G,1,MT-TT,0,2,-0.0065822601318359375
15924,A,G,0,MT-TT,0,2,-0.002635478973388672
15928,G,A,0,MT-TT,0,2,-0.0016808509826660156
15990,C,T,1,MT-TP,0,2,-0.0028312206268310547
591,C,T,1,MT-TF,0,3,0.0022230148315429688
616,T,C,1,MT-TF,0,3,-0.006412029266357422
629,T,C,0,MT-TF,0,3,0.0002307891845703125
1624,C,T,1,MT-TV,0,3,-0.00188446044921875
1644,G,A,1,MT-TV,0,3,-0.001232147216796875
3242,G,A,1,MT-TL1,0,3,-0.004199981689453125
3243,A,G,1,MT-TL1,0,3,-0.02391815185546875
3243,A,T,1,MT-TL1,0,3,-0.017606019973754883
3251,A,G,1,MT-TL1,0,3,-0.0030126571655273438
3252,A,G,1,MT-TL1,0,3,-0.0024187564849853516
3255,G,A,1,MT-TL1,0,3,-0.008373260498046875
3256,C,T,1,MT-TL1,0,3,-0.0015134811401367188
3258,T,C,1,MT-TL1,0,3,-0.0016627311706542969
3260,A,G,1,MT-TL1,0,3,-0.0025396347045898438
3271,T,C,1,MT-TL1,0,3,0.0015933513641357422
3291,T,C,1,MT-TL1,0,3,-0.002087116241455078
3302,A,G,1,MT-TL1,0,3,-0.00218963623046875
3303,C,T,1,MT-TL1,0,3,-0.0032776594161987305
4300,A,G,1,MT-TI,0,3,-0.003088712692260742
4336,T,C,0,MT-TQ,0,3,0.0003947019577026367
4370,T,C,0,MT-TQ,0,3,-0.00010502338409423828
4450,G,A,1,MT-TM,0,3,-0.0038722753524780273
4452,T,C,0,MT-TM,0,3,-0.0003228187561035156
5521,G,A,1,MT-TW,0,3,0.0026688575744628906
5553,T,C,0,MT-TW,0,3,-0.002656221389770508
5556,G,A,1,MT-TW,0,3,-0.003039717674255371
5650,G,A,1,MT-TA,0,3,-0.0023527145385742188
5690,A,G,1,MT-TN,0,3,-0.0028449296951293945
5703,G,A,1,MT-TN,0,3,-0.00029969215393066406
5728,T,C,1,MT-TN,0,3,-0.0032085180282592773
5814,T,C,0,MT-TC,0,3,-0.0025920867919921875
7453,G,A,1,MT-TS1,0,3,-0.0012563467025756836
7471,C,T,0,MT-TS1,0,3,0.0025696754455566406
7472,A,T,0,MT-TS1,0,3,0.002202153205871582
7476,C,T,0,MT-TS1,0,3,0.001276850700378418
7493,C,T,0,MT-TS1,0,3,-0.0010994672775268555
7497,G,A,1,MT-TS1,0,3,0.0010071992874145508
7498,G,A,0,MT-TS1,0,3,-0.0006608963012695312
7510,T,C,1,MT-TS1,0,3,-0.0013686418533325195
7511,T,C,1,MT-TS1,0,3,-0.004016995429992676
7512,T,C,1,MT-TS1,0,3,-0.0006939172744750977
8313,G,A,1,MT-TK,0,3,-0.0005106925964355469
8340,G,A,1,MT-TK,0,3,-0.0014309883117675781
8344,A,G,1,MT-TK,0,3,-0.000629425048828125
8348,A,G,0,MT-TK,0,3,-0.002280712127685547
8356,T,C,1,MT-TK,0,3,-0.0033516883850097656
8363,G,A,1,MT-TK,0,3,-0.0013427734375
10007,T,C,0,MT-TG,0,3,-0.002269744873046875
10034,T,C,0,MT-TG,0,3,-0.0003185272216796875
10463,T,C,0,MT-TR,0,3,8.20159912109375e-05
12147,G,A,1,MT-TH,0,3,-0.013029217720031738
12201,T,C,1,MT-TH,0,3,-0.002433300018310547
12239,C,T,0,MT-TS2,0,3,-0.0005996227264404297
12258,C,A,1,MT-TS2,0,3,-0.007355690002441406
12276,G,A,1,MT-TL2,0,3,6.103515625e-05
12308,A,G,0,MT-TL2,0,3,-0.0029501914978027344
12315,G,A,1,MT-TL2,0,3,2.6702880859375e-05
14674,T,C,1,MT-TE,0,3,-0.00041484832763671875
14684,C,T,0,MT-TE,0,3,0.00035834312438964844
14709,T,C,1,MT-TE,0,3,8.654594421386719e-05
15894,G,A,0,MT-TT,0,3,-0.0009088516235351562
15904,C,T,0,MT-TT,0,3,-0.0032444000244140625
15907,A,G,0,MT-TT,0,3,-0.000725865364074707
15923,A,G,1,MT-TT,0,3,-0.008769869804382324
15924,A,G,0,MT-TT,0,3,-0.0027028322219848633
15928,G,A,0,MT-TT,0,3,-0.0016983747482299805
15990,C,T,1,MT-TP,0,3,-0.0035746097564697266
591,C,T,1,MT-TF,0,4,0.0028533935546875
616,T,C,1,MT-TF,0,4,-0.0026426315307617188
629,T,C,0,MT-TF,0,4,-0.0004267692565917969
1624,C,T,1,MT-TV,0,4,-0.0002951622009277344
1644,G,A,1,MT-TV,0,4,-0.00188446044921875
3242,G,A,1,MT-TL1,0,4,-0.006314277648925781
3243,A,G,1,MT-TL1,0,4,-0.0027370452880859375
3243,A,T,1,MT-TL1,0,4,-0.022797822952270508
3251,A,G,1,MT-TL1,0,4,-0.00209963321685791
3252,A,G,1,MT-TL1,0,4,-0.003431081771850586
3255,G,A,1,MT-TL1,0,4,-0.005188703536987305
3256,C,T,1,MT-TL1,0,4,-0.00262451171875
3258,T,C,1,MT-TL1,0,4,-0.0005140304565429688
3260,A,G,1,MT-TL1,0,4,-0.005774140357971191
3271,T,C,1,MT-TL1,0,4,-0.0029211044311523438
3291,T,C,1,MT-TL1,0,4,-0.002186298370361328
3302,A,G,1,MT-TL1,0,4,-0.0041582584381103516
3303,C,T,1,MT-TL1,0,4,-0.003204822540283203
4300,A,G,1,MT-TI,0,4,-0.0019363164901733398
4336,T,C,0,MT-TQ,0,4,-0.0010776519775390625
4370,T,C,0,MT-TQ,0,4,-0.000213623046875
4450,G,A,1,MT-TM,0,4,-0.004700422286987305
4452,T,C,0,MT-TM,0,4,-0.002805948257446289
5521,G,A,1,MT-TW,0,4,0.007960319519042969
5553,T,C,0,MT-TW,0,4,-0.0015339851379394531
5556,G,A,1,MT-TW,0,4,-0.002404451370239258
5650,G,A,1,MT-TA,0,4,-0.0022695064544677734
5690,A,G,1,MT-TN,0,4,-0.008992671966552734
5703,G,A,1,MT-TN,0,4,0.00010061264038085938
5728,T,C,1,MT-TN,0,4,-0.0009272098541259766
5814,T,C,0,MT-TC,0,4,-0.002531886100769043
7453,G,A,1,MT-TS1,0,4,-0.0014674663543701172
7471,C,T,0,MT-TS1,0,4,0.0022815465927124023
7472,A,T,0,MT-TS1,0,4,0.0005178451538085938
7476,C,T,0,MT-TS1,0,4,0.0006475448608398438
7493,C,T,0,MT-TS1,0,4,-0.0014297962188720703
7497,G,A,1,MT-TS1,0,4,0.0007243156433105469
7498,G,A,0,MT-TS1,0,4,-0.00048172473907470703
7510,T,C,1,MT-TS1,0,4,-0.0014514923095703125
7511,T,C,1,MT-TS1,0,4,-0.0025680065155029297
7512,T,C,1,MT-TS1,0,4,-0.0007566213607788086
8313,G,A,1,MT-TK,0,4,-0.00423431396484375
8340,G,A,1,MT-TK,0,4,-0.006455898284912109
8344,A,G,1,MT-TK,0,4,-0.0005474090576171875
8348,A,G,0,MT-TK,0,4,-0.0035614967346191406
8356,T,C,1,MT-TK,0,4,-0.002000093460083008
8363,G,A,1,MT-TK,0,4,-1.430511474609375e-05
10007,T,C,0,MT-TG,0,4,-0.0008392333984375
10034,T,C,0,MT-TG,0,4,-0.00023651123046875
10463,T,C,0,MT-TR,0,4,-0.00028514862060546875
12147,G,A,1,MT-TH,0,4,-0.009136319160461426
12201,T,C,1,MT-TH,0,4,-0.0022094249725341797
12239,C,T,0,MT-TS2,0,4,-0.0027565956115722656
12258,C,A,1,MT-TS2,0,4,-0.004963040351867676
12276,G,A,1,MT-TL2,0,4,-0.000164031982421875
12308,A,G,0,MT-TL2,0,4,-0.000743865966796875
12315,G,A,1,MT-TL2,0,4,-0.0006895065307617188
14674,T,C,1,MT-TE,0,4,6.270408630371094e-05
14684,C,T,0,MT-TE,0,4,0.009152412414550781
14709,T,C,1,MT-TE,0,4,-0.0006525516510009766
15894,G,A,0,MT-TT,0,4,-0.00030612945556640625
15904,C,T,0,MT-TT,0,4,-0.00019693374633789062
15907,A,G,0,MT-TT,0,4,-0.0012875795364379883
15923,A,G,1,MT-TT,0,4,-0.0037686824798583984
15924,A,G,0,MT-TT,0,4,0.000446319580078125
15928,G,A,0,MT-TT,0,4,-0.0014581680297851562
15990,C,T,1,MT-TP,0,4,-0.004555344581604004
591,C,T,1,MT-TF,0,5,0.000438690185546875
616,T,C,1,MT-TF,0,5,-0.0051767826080322266
629,T,C,0,MT-TF,0,5,-0.0010242462158203125
1624,C,T,1,MT-TV,0,5,-0.008800745010375977
1644,G,A,1,MT-TV,0,5,-0.001262664794921875
3242,G,A,1,MT-TL1,0,5,-0.01468205451965332
3243,A,G,1,MT-TL1,0,5,-0.02662503719329834
3243,A,T,1,MT-TL1,0,5,-0.02984905242919922
3251,A,G,1,MT-TL1,0,5,-0.002686023712158203
3252,A,G,1,MT-TL1,0,5,-0.0018117427825927734
3255,G,A,1,MT-TL1,0,5,9.441375732421875e-05
3256,C,T,1,MT-TL1,0,5,-0.0021343231201171875
3258,T,C,1,MT-TL1,0,5,-0.0003275871276855469
3260,A,G,1,MT-TL1,0,5,-0.004281520843505859
3271,T,C,1,MT-TL1,0,5,-0.0004845857620239258
3291,T,C,1,MT-TL1,0,5,-0.0016765594482421875
3302,A,G,1,MT-TL1,0,5,-0.0007953643798828125
3303,C,T,1,MT-TL1,0,5,-0.0022068023681640625
4300,A,G,1,MT-TI,0,5,-0.0030236244201660156
4336,T,C,0,MT-TQ,0,5,0.0011394023895263672
4370,T,C,0,MT-TQ,0,5,-0.0009961128234863281
4450,G,A,1,MT-TM,0,5,-0.0045735836029052734
4452,T,C,0,MT-TM,0,5,-0.002176523208618164
5521,G,A,1,MT-TW,0,5,0.0006372928619384766
5553,T,C,0,MT-TW,0,5,-0.0010237693786621094
5556,G,A,1,MT-TW,0,5,-0.00407254695892334
5650,G,A,1,MT-TA,0,5,-0.0015701055526733398
5690,A,G,1,MT-TN,0,5,-0.008431196212768555
5703,G,A,1,MT-TN,0,5,-0.0010578632354736328
5728,T,C,1,MT-TN,0,5,-5.543231964111328e-05
5814,T,C,0,MT-TC,0,5,-0.00027883052825927734
7453,G,A,1,MT-TS1,0,5,-0.00019919872283935547
7471,C,T,0,MT-TS1,0,5,0.0026639699935913086
7472,A,T,0,MT-TS1,0,5,0.0015369653701782227
7476,C,T,0,MT-TS1,0,5,0.00018417835235595703
7493,C,T,0,MT-TS1,0,5,0.0008819103240966797
7497,G,A,1,MT-TS1,0,5,-0.0004892349243164062
7498,G,A,0,MT-TS1,0,5,-0.0004177093505859375
7510,T,C,1,MT-TS1,0,5,-0.00113677978515625
7511,T,C,1,MT-TS1,0,5,-0.0026665925979614258
7512,T,C,1,MT-TS1,0,5,0.0007942914962768555
8313,G,A,1,MT-TK,0,5,-3.814697265625e-06
8340,G,A,1,MT-TK,0,5,-0.000644683837890625
8344,A,G,1,MT-TK,0,5,0.00031375885009765625
8348,A,G,0,MT-TK,0,5,-0.003074169158935547
8356,T,C,1,MT-TK,0,5,0.0003383159637451172
8363,G,A,1,MT-TK,0,5,0.00037860870361328125
10007,T,C,0,MT-TG,0,5,0.0013532638549804688
10034,T,C,0,MT-TG,0,5,-0.001071929931640625
10463,T,C,0,MT-TR,0,5,-0.0010987520217895508
12147,G,A,1,MT-TH,0,5,-0.0055048465728759766
12201,T,C,1,MT-TH,0,5,-0.003796815872192383
12239,C,T,0,MT-TS2,0,5,-0.0015897750854492188
12258,C,A,1,MT-TS2,0,5,-0.006925106048583984
12276,G,A,1,MT-TL2,0,5,-0.000522613525390625
12308,A,G,0,MT-TL2,0,5,-0.001087188720703125
12315,G,A,1,MT-TL2,0,5,0.001033782958984375
14674,T,C,1,MT-TE,0,5,0.0004805326461791992
14684,C,T,0,MT-TE,0,5,0.010598540306091309
14709,T,C,1,MT-TE,0,5,0.000690460205078125
15894,G,A,0,MT-TT,0,5,-0.0016150474548339844
15904,C,T,0,MT-TT,0,5,0.0007113218307495117
15907,A,G,0,MT-TT,0,5,-0.0006053447723388672
15923,A,G,1,MT-TT,0,5,-0.0065670013427734375
15924,A,G,0,MT-TT,0,5,-0.0029222965240478516
15928,G,A,0,MT-TT,0,5,-0.0023157596588134766
15990,C,T,1,MT-TP,0,5,0.000836491584777832
591,C,T,1,MT-TF,0,6,-0.000518798828125
616,T,C,1,MT-TF,0,6,-0.0009918212890625
629,T,C,0,MT-TF,0,6,-0.000202178955078125
1624,C,T,1,MT-TV,0,6,-0.001590728759765625
1644,G,A,1,MT-TV,0,6,-0.0004730224609375
3242,G,A,1,MT-TL1,0,6,-0.016684770584106445
3243,A,G,1,MT-TL1,0,6,-0.016135692596435547
3243,A,T,1,MT-TL1,0,6,-0.008278846740722656
3251,A,G,1,MT-TL1,0,6,-0.002848505973815918
3252,A,G,1,MT-TL1,0,6,-0.0007739067077636719
3255,G,A,1,MT-TL1,0,6,-0.0042629241943359375
3256,C,T,1,MT-TL1,0,6,-0.004669189453125
3258,T,C,1,MT-TL1,0,6,-0.002735614776611328
3260,A,G,1,MT-TL1,0,6,-0.0016245841979980469
3271,T,C,1,MT-TL1,0,6,-0.002115607261657715
3291,T,C,1,MT-TL1,0,6,-0.002104640007019043
3302,A,G,1,MT-TL1,0,6,-0.002837657928466797
3303,C,T,1,MT-TL1,0,6,-0.003109455108642578
4300,A,G,1,MT-TI,0,6,-0.0036509037017822266
4336,T,C,0,MT-TQ,0,6,-0.00044846534729003906
4370,T,C,0,MT-TQ,0,6,-0.0007261037826538086
4450,G,A,1,MT-TM,0,6,-0.0029572248458862305
4452,T,C,0,MT-TM,0,6,-0.004446506500244141
5521,G,A,1,MT-TW,0,6,-0.00031495094299316406
5553,T,C,0,MT-TW,0,6,-0.0018606185913085938
5556,G,A,1,MT-TW,0,6,-0.0038434267044067383
5650,G,A,1,MT-TA,0,6,-0.003545999526977539
5690,A,G,1,MT-TN,0,6,-0.006558418273925781
5703,G,A,1,MT-TN,0,6,-0.0003331899642944336
5728,T,C,1,MT-TN,0,6,-0.0004965066909790039
5814,T,C,0,MT-TC,0,6,-0.0029311180114746094
7453,G,A,1,MT-TS1,0,6,-0.0004614591598510742
7471,C,T,0,MT-TS1,0,6,0.00312042236328125
7472,A,T,0,MT-TS1,0,6,0.0022933483123779297
7476,C,T,0,MT-TS1,0,6,-0.0007940530776977539
7493,C,T,0,MT-TS1,0,6,0.0003489255905151367
7497,G,A,1,MT-TS1,0,6,-0.0006262063980102539
7498,G,A,0,MT-TS1,0,6,-0.0003097057342529297
7510,T,C,1,MT-TS1,0,6,-0.0012651681900024414
7511,T,C,1,MT-TS1,0,6,-0.0018173456192016602
7512,T,C,1,MT-TS1,0,6,-0.0012503862380981445
8313,G,A,1,MT-TK,0,6,-0.004860877990722656
8340,G,A,1,MT-TK,0,6,-0.0030100345611572266
8344,A,G,1,MT-TK,0,6,0.0008230209350585938
8348,A,G,0,MT-TK,0,6,-0.00389862060546875
8356,T,C,1,MT-TK,0,6,-0.0018682479858398438
8363,G,A,1,MT-TK,0,6,0.0006165504455566406
10007,T,C,0,MT-TG,0,6,-0.0020465850830078125
10034,T,C,0,MT-TG,0,6,-0.0025005340576171875
10463,T,C,0,MT-TR,0,6,0.0002536773681640625
12147,G,A,1,MT-TH,0,6,-0.0007472038269042969
12201,T,C,1,MT-TH,0,6,-0.004152894020080566
12239,C,T,0,MT-TS2,0,6,-0.0005331039428710938
12258,C,A,1,MT-TS2,0,6,-0.005975961685180664
12276,G,A,1,MT-TL2,0,6,-0.0024709701538085938
12308,A,G,0,MT-TL2,0,6,-0.000820159912109375
12315,G,A,1,MT-TL2,0,6,-0.002758026123046875
14674,T,C,1,MT-TE,0,6,0.0018002986907958984
14684,C,T,0,MT-TE,0,6,0.0019161701202392578
14709,T,C,1,MT-TE,0,6,0.0005751848220825195
15894,G,A,0,MT-TT,0,6,0.00046885013580322266
15904,C,T,0,MT-TT,0,6,0.002903461456298828
15907,A,G,0,MT-TT,0,6,0.0004706382751464844
15923,A,G,1,MT-TT,0,6,-0.004485011100769043
15924,A,G,0,MT-TT,0,6,-0.002286195755004883
15928,G,A,0,MT-TT,0,6,-0.001286625862121582
15990,C,T,1,MT-TP,0,6,-0.0009354352951049805
591,C,T,1,MT-TF,0,7,0.0016374588012695312
616,T,C,1,MT-TF,0,7,-0.0023288726806640625
629,T,C,0,MT-TF,0,7,0.00128173828125
1624,C,T,1,MT-TV,0,7,-0.0061740875244140625
1644,G,A,1,MT-TV,0,7,0.000514984130859375
3242,G,A,1,MT-TL1,0,7,-0.006133556365966797
3243,A,G,1,MT-TL1,0,7,-0.027108192443847656
3243,A,T,1,MT-TL1,0,7,-0.003448963165283203
3251,A,G,1,MT-TL1,0,7,-0.0008916854858398438
3252,A,G,1,MT-TL1,0,7,-0.006022930145263672
3255,G,A,1,MT-TL1,0,7,0.00021982192993164062
3256,C,T,1,MT-TL1,0,7,-0.010606050491333008
3258,T,C,1,MT-TL1,0,7,-0.0007719993591308594
3260,A,G,1,MT-TL1,0,7,-0.004302620887756348
3271,T,C,1,MT-TL1,0,7,-0.00040435791015625
3291,T,C,1,MT-TL1,0,7,-0.001981496810913086
3302,A,G,1,MT-TL1,0,7,-0.0026426315307617188
3303,C,T,1,MT-TL1,0,7,-0.0025445222854614258
4300,A,G,1,MT-TI,0,7,-0.0029022693634033203
4336,T,C,0,MT-TQ,0,7,-0.0005881786346435547
4370,T,C,0,MT-TQ,0,7,-0.0002804994583129883
4450,G,A,1,MT-TM,0,7,-0.0035789012908935547
4452,T,C,0,MT-TM,0,7,-0.000527501106262207
5521,G,A,1,MT-TW,0,7,0.021107196807861328
5553,T,C,0,MT-TW,0,7,-0.003023982048034668
5556,G,A,1,MT-TW,0,7,0.0002677440643310547
5650,G,A,1,MT-TA,0,7,0.0007572174072265625
5690,A,G,1,MT-TN,0,7,-0.00830984115600586
5703,G,A,1,MT-TN,0,7,-0.00016868114471435547
5728,T,C,1,MT-TN,0,7,-0.001466989517211914
5814,T,C,0,MT-TC,0,7,-0.0014917850494384766
7453,G,A,1,MT-TS1,0,7,-0.0004369020462036133
7471,C,T,0,MT-TS1,0,7,0.0008562803268432617
7472,A,T,0,MT-TS1,0,7,0.003197312355041504
7476,C,T,0,MT-TS1,0,7,0.0012290477752685547
7493,C,T,0,MT-TS1,0,7,-0.0006951093673706055
7497,G,A,1,MT-TS1,0,7,0.0014153718948364258
7498,G,A,0,MT-TS1,0,7,0.0021065473556518555
7510,T,C,1,MT-TS1,0,7,-0.0013048648834228516
7511,T,C,1,MT-TS1,0,7,-0.0014885663986206055
7512,T,C,1,MT-TS1,0,7,0.0003699064254760742
8313,G,A,1,MT-TK,0,7,-0.00012159347534179688
8340,G,A,1,MT-TK,0,7,-0.003520488739013672
8344,A,G,1,MT-TK,0,7,-0.0004696846008300781
8348,A,G,0,MT-TK,0,7,-0.0013033151626586914
8356,T,C,1,MT-TK,0,7,-0.0014538764953613281
8363,G,A,1,MT-TK,0,7,-0.0014362335205078125
10007,T,C,0,MT-TG,0,7,-7.2479248046875e-05
10034,T,C,0,MT-TG,0,7,-0.0011749267578125
10463,T,C,0,MT-TR,0,7,0.0004825592041015625
12147,G,A,1,MT-TH,0,7,-0.020403623580932617
12201,T,C,1,MT-TH,0,7,-0.0031366348266601562
12239,C,T,0,MT-TS2,0,7,-0.0010383129119873047
12258,C,A,1,MT-TS2,0,7,-0.006373167037963867
12276,G,A,1,MT-TL2,0,7,-0.00014209747314453125
12308,A,G,0,MT-TL2,0,7,-0.00196075439453125
12315,G,A,1,MT-TL2,0,7,-0.006623268127441406
14674,T,C,1,MT-TE,0,7,-0.0013992786407470703
14684,C,T,0,MT-TE,0,7,0.004120826721191406
14709,T,C,1,MT-TE,0,7,0.001109480857849121
15894,G,A,0,MT-TT,0,7,1.1920928955078125e-05
15904,C,T,0,MT-TT,0,7,-1.5497207641601562e-06
15907,A,G,0,MT-TT,0,7,5.1140785217285156e-05
15923,A,G,1,MT-TT,0,7,-0.0025404691696166992
15924,A,G,0,MT-TT,0,7,0.0003161430358886719
15928,G,A,0,MT-TT,0,7,-0.0019292831420898438
15990,C,T,1,MT-TP,0,7,-0.0026668310165405273
591,C,T,1,MT-TF,0,8,0.0016307830810546875
616,T,C,1,MT-TF,0,8,-0.001033782958984375
629,T,C,0,MT-TF,0,8,-0.0008056163787841797
1624,C,T,1,MT-TV,0,8,-0.00150299072265625
1644,G,A,1,MT-TV,0,8,-0.0020580291748046875
3242,G,A,1,MT-TL1,0,8,-0.01793074607849121
3243,A,G,1,MT-TL1,0,8,-0.014811515808105469
3243,A,T,1,MT-TL1,0,8,-0.02825629711151123
3251,A,G,1,MT-TL1,0,8,-0.0031468868255615234
3252,A,G,1,MT-TL1,0,8,-0.0025925636291503906
3255,G,A,1,MT-TL1,0,8,0.0005025863647460938
3256,C,T,1,MT-TL1,0,8,-0.000988006591796875
3258,T,C,1,MT-TL1,0,8,-0.005037665367126465
3260,A,G,1,MT-TL1,0,8,-0.0018682479858398438
3271,T,C,1,MT-TL1,0,8,-0.0005911588668823242
3291,T,C,1,MT-TL1,0,8,-0.0019185543060302734
3302,A,G,1,MT-TL1,0,8,-0.0031599998474121094
3303,C,T,1,MT-TL1,0,8,-0.0030388832092285156
4300,A,G,1,MT-TI,0,8,0.00048482418060302734
4336,T,C,0,MT-TQ,0,8,-0.0018548965454101562
4370,T,C,0,MT-TQ,0,8,-0.00043523311614990234
4450,G,A,1,MT-TM,0,8,-0.002324342727661133
4452,T,C,0,MT-TM,0,8,-0.0042934417724609375
5521,G,A,1,MT-TW,0,8,0.010382533073425293
5553,T,C,0,MT-TW,0,8,-0.002254962921142578
5556,G,A,1,MT-TW,0,8,-0.0026416778564453125
5650,G,A,1,MT-TA,0,8,-0.0013562440872192383
5690,A,G,1,MT-TN,0,8,-0.008747458457946777
5703,G,A,1,MT-TN,0,8,-0.0005340576171875
5728,T,C,1,MT-TN,0,8,-0.0012108087539672852
5814,T,C,0,MT-TC,0,8,-0.003963947296142578
7453,G,A,1,MT-TS1,0,8,-0.005397796630859375
7471,C,T,0,MT-TS1,0,8,0.003041982650756836
7472,A,T,0,MT-TS1,0,8,0.0026189088821411133
7476,C,T,0,MT-TS1,0,8,0.0004546642303466797
7493,C,T,0,MT-TS1,0,8,-0.001384139060974121
7497,G,A,1,MT-TS1,0,8,0.0007456541061401367
7498,G,A,0,MT-TS1,0,8,0.0004467964172363281
7510,T,C,1,MT-TS1,0,8,-0.0028765201568603516
7511,T,C,1,MT-TS1,0,8,-0.0009261369705200195
7512,T,C,1,MT-TS1,0,8,0.0002257823944091797
8313,G,A,1,MT-TK,0,8,-0.0016326904296875
8340,G,A,1,MT-TK,0,8,-0.002246856689453125
8344,A,G,1,MT-TK,0,8,8.96453857421875e-05
8348,A,G,0,MT-TK,0,8,-0.0036668777465820312
8356,T,C,1,MT-TK,0,8,-0.0013012886047363281
8363,G,A,1,MT-TK,0,8,-0.0007433891296386719
10007,T,C,0,MT-TG,0,8,0.0010433197021484375
10034,T,C,0,MT-TG,0,8,0.0006103515625
10463,T,C,0,MT-TR,0,8,0.0010528564453125
12147,G,A,1,MT-TH,0,8,8.869171142578125e-05
12201,T,C,1,MT-TH,0,8,-0.003383040428161621
12239,C,T,0,MT-TS2,0,8,-0.0004954338073730469
12258,C,A,1,MT-TS2,0,8,-0.007862567901611328
12276,G,A,1,MT-TL2,0,8,0.0036020278930664062
12308,A,G,0,MT-TL2,0,8,-0.000732421875
12315,G,A,1,MT-TL2,0,8,0.000522613525390625
14674,T,C,1,MT-TE,0,8,-0.0022525787353515625
14684,C,T,0,MT-TE,0,8,0.0012074708938598633
14709,T,C,1,MT-TE,0,8,-3.814697265625e-06
15894,G,A,0,MT-TT,0,8,-0.004370212554931641
15904,C,T,0,MT-TT,0,8,0.0011510848999023438
15907,A,G,0,MT-TT,0,8,-0.0012046098709106445
15923,A,G,1,MT-TT,0,8,-0.0038089752197265625
15924,A,G,0,MT-TT,0,8,-0.0027660131454467773
15928,G,A,0,MT-TT,0,8,-0.002167940139770508
15990,C,T,1,MT-TP,0,8,-0.0013724565505981445
591,C,T,1,MT-TF,0,9,0.0017107725143432617
616,T,C,1,MT-TF,0,9,-0.00017547607421875
629,T,C,0,MT-TF,0,9,0.0009613037109375
1624,C,T,1,MT-TV,0,9,-0.001926422119140625
1644,G,A,1,MT-TV,0,9,-0.000232696533203125
3242,G,A,1,MT-TL1,0,9,-0.0012493133544921875
3243,A,G,1,MT-TL1,0,9,-0.02220463752746582
3243,A,T,1,MT-TL1,0,9,-0.007421970367431641
3251,A,G,1,MT-TL1,0,9,-0.0026328563690185547
3252,A,G,1,MT-TL1,0,9,-0.0051727294921875
3255,G,A,1,MT-TL1,0,9,-0.000324249267578125
3256,C,T,1,MT-TL1,0,9,-0.014067411422729492
3258,T,C,1,MT-TL1,0,9,-0.006635904312133789
3260,A,G,1,MT-TL1,0,9,-0.002892017364501953
3271,T,C,1,MT-TL1,0,9,-0.0013216733932495117
3291,T,C,1,MT-TL1,0,9,-0.00023889541625976562
3302,A,G,1,MT-TL1,0,9,-0.0029404163360595703
3303,C,T,1,MT-TL1,0,9,-0.0020868778228759766
4300,A,G,1,MT-TI,0,9,-0.0016404390335083008
4336,T,C,0,MT-TQ,0,9,-0.0002415180206298828
4370,T,C,0,MT-TQ,0,9,-0.0006927251815795898
4450,G,A,1,MT-TM,0,9,-0.004375100135803223
4452,T,C,0,MT-TM,0,9,-0.0008393526077270508
5521,G,A,1,MT-TW,0,9,-0.0008792877197265625
5553,T,C,0,MT-TW,0,9,-0.001680135726928711
5556,G,A,1,MT-TW,0,9,-0.004023075103759766
5650,G,A,1,MT-TA,0,9,-0.001192331314086914
5690,A,G,1,MT-TN,0,9,-0.009276151657104492
5703,G,A,1,MT-TN,0,9,-0.0006731748580932617
5728,T,C,1,MT-TN,0,9,-0.0029757022857666016
5814,T,C,0,MT-TC,0,9,-0.0020470619201660156
7453,G,A,1,MT-TS1,0,9,-0.0013365745544433594
7471,C,T,0,MT-TS1,0,9,0.001740097999572754
7472,A,T,0,MT-TS1,0,9,0.002106308937072754
7476,C,T,0,MT-TS1,0,9,0.00027680397033691406
7493,C,T,0,MT-TS1,0,9,0.00038051605224609375
7497,G,A,1,MT-TS1,0,9,0.0007176399230957031
7498,G,A,0,MT-TS1,0,9,0.0016739368438720703
7510,T,C,1,MT-TS1,0,9,-0.0018992424011230469
7511,T,C,1,MT-TS1,0,9,-0.003238201141357422
7512,T,C,1,MT-TS1,0,9,-0.0011096000671386719
8313,G,A,1,MT-TK,0,9,-0.0024871826171875
8340,G,A,1,MT-TK,0,9,-0.00384521484375
8344,A,G,1,MT-TK,0,9,-0.0009684562683105469
8348,A,G,0,MT-TK,0,9,-0.0033326148986816406
8356,T,C,1,MT-TK,0,9,-0.003446340560913086
8363,G,A,1,MT-TK,0,9,0.0015621185302734375
10007,T,C,0,MT-TG,0,9,0.002240896224975586
10034,T,C,0,MT-TG,0,9,-0.0004062652587890625
10463,T,C,0,MT-TR,0,9,-0.0008988380432128906
12147,G,A,1,MT-TH,0,9,-0.013020634651184082
12201,T,C,1,MT-TH,0,9,-0.0034542083740234375
12239,C,T,0,MT-TS2,0,9,-0.00018215179443359375
12258,C,A,1,MT-TS2,0,9,-0.0046482086181640625
12276,G,A,1,MT-TL2,0,9,-0.0007781982421875
12308,A,G,0,MT-TL2,0,9,-0.0012989044189453125
12315,G,A,1,MT-TL2,0,9,-0.0074481964111328125
14674,T,C,1,MT-TE,0,9,-0.0011147260665893555
14684,C,T,0,MT-TE,0,9,0.012932777404785156
14709,T,C,1,MT-TE,0,9,0.0013374090194702148
15894,G,A,0,MT-TT,0,9,0.0012090206146240234
15904,C,T,0,MT-TT,0,9,-0.0004162788391113281
15907,A,G,0,MT-TT,0,9,0.0006765127182006836
15923,A,G,1,MT-TT,0,9,-0.008370399475097656
15924,A,G,0,MT-TT,0,9,-0.0015783309936523438
15928,G,A,0,MT-TT,0,9,-0.001312255859375
15990,C,T,1,MT-TP,0,9,0.00016021728515625
591,C,T,1,MT-TF,25,0,0.00465083122253418
616,T,C,1,MT-TF,25,0,-0.002681732177734375
629,T,C,0,MT-TF,25,0,-0.0016796588897705078
1624,C,T,1,MT-TV,25,0,-0.000133514404296875
1644,G,A,1,MT-TV,25,0,-0.00051116943359375
3242,G,A,1,MT-TL1,25,0,-0.017724990844726562
3243,A,G,1,MT-TL1,25,0,-0.035822391510009766
3243,A,T,1,MT-TL1,25,0,-0.02448272705078125
3251,A,G,1,MT-TL1,25,0,-0.01733553409576416
3252,A,G,1,MT-TL1,25,0,-0.009027242660522461
3255,G,A,1,MT-TL1,25,0,-0.0075190067291259766
3256,C,T,1,MT-TL1,25,0,-0.006569504737854004
3258,T,C,1,MT-TL1,25,0,-0.0036313533782958984
3260,A,G,1,MT-TL1,25,0,0.005834817886352539
3271,T,C,1,MT-TL1,25,0,-0.0007749795913696289
3291,T,C,1,MT-TL1,25,0,-0.0023119449615478516
3302,A,G,1,MT-TL1,25,0,-0.0031442642211914062
3303,C,T,1,MT-TL1,25,0,-0.0028543472290039062
4300,A,G,1,MT-TI,25,0,-0.0043942928314208984
4336,T,C,0,MT-TQ,25,0,-0.0009636878967285156
4370,T,C,0,MT-TQ,25,0,-0.0006951093673706055
4450,G,A,1,MT-TM,25,0,-0.00807654857635498
4452,T,C,0,MT-TM,25,0,-0.0012649297714233398
5521,G,A,1,MT-TW,25,0,-0.0008314847946166992
5553,T,C,0,MT-TW,25,0,-0.002400994300842285
5556,G,A,1,MT-TW,25,0,-0.0023016929626464844
5650,G,A,1,MT-TA,25,0,-0.002553701400756836
5690,A,G,1,MT-TN,25,0,-0.00805044174194336
5703,G,A,1,MT-TN,25,0,0.00036597251892089844
5728,T,C,1,MT-TN,25,0,-4.291534423828125e-06
5814,T,C,0,MT-TC,25,0,-0.0032166242599487305
7453,G,A,1,MT-TS1,25,0,-0.005014538764953613
7471,C,T,0,MT-TS1,25,0,0.002863168716430664
7472,A,T,0,MT-TS1,25,0,0.001703023910522461
7476,C,T,0,MT-TS1,25,0,-0.0009419918060302734
7493,C,T,0,MT-TS1,25,0,0.0008183717727661133
7497,G,A,1,MT-TS1,25,0,-0.00040912628173828125
7498,G,A,0,MT-TS1,25,0,0.0009199380874633789
7510,T,C,1,MT-TS1,25,0,0.0008845329284667969
7511,T,C,1,MT-TS1,25,0,0.00011110305786132812
7512,T,C,1,MT-TS1,25,0,-0.0013070106506347656
8313,G,A,1,MT-TK,25,0,-0.0024257898330688477
8340,G,A,1,MT-TK,25,0,-0.005115509033203125
8344,A,G,1,MT-TK,25,0,-0.0009400844573974609
8348,A,G,0,MT-TK,25,0,-0.0035244226455688477
8356,T,C,1,MT-TK,25,0,-0.0028917789459228516
8363,G,A,1,MT-TK,25,0,-0.002843618392944336
10007,T,C,0,MT-TG,25,0,0.002857208251953125
10034,T,C,0,MT-TG,25,0,-0.00201416015625
10463,T,C,0,MT-TR,25,0,-0.0006008148193359375
12147,G,A,1,MT-TH,25,0,-0.016439318656921387
12201,T,C,1,MT-TH,25,0,0.0010514259338378906
12239,C,T,0,MT-TS2,25,0,-0.0013693571090698242
12258,C,A,1,MT-TS2,25,0,-0.0076798200607299805
12276,G,A,1,MT-TL2,25,0,0.002391815185546875
12308,A,G,0,MT-TL2,25,0,-0.000827789306640625
12315,G,A,1,MT-TL2,25,0,-0.0035762786865234375
14674,T,C,1,MT-TE,25,0,-0.0006186962127685547
14684,C,T,0,MT-TE,25,0,0.0032579898834228516
14709,T,C,1,MT-TE,25,0,-0.0006059408187866211
15894,G,A,0,MT-TT,25,0,-0.0070209503173828125
15904,C,T,0,MT-TT,25,0,0.0027456283569335938
15907,A,G,0,MT-TT,25,0,-0.0015180110931396484
15923,A,G,1,MT-TT,25,0,-0.011908769607543945
15924,A,G,0,MT-TT,25,0,-0.002245664596557617
15928,G,A,0,MT-TT,25,0,-0.0014948844909667969
15990,C,T,1,MT-TP,25,0,-0.002194046974182129
591,C,T,1,MT-TF,25,1,0.0028007030487060547
616,T,C,1,MT-TF,25,1,-0.010391712188720703
629,T,C,0,MT-TF,25,1,0.0011606216430664062
1624,C,T,1,MT-TV,25,1,-0.001033782958984375
1644,G,A,1,MT-TV,25,1,-0.0005340576171875
3242,G,A,1,MT-TL1,25,1,-0.011287927627563477
3243,A,G,1,MT-TL1,25,1,-0.0253603458404541
3243,A,T,1,MT-TL1,25,1,-0.02245628833770752
3251,A,G,1,MT-TL1,25,1,-0.012666940689086914
3252,A,G,1,MT-TL1,25,1,-0.0004076957702636719
3255,G,A,1,MT-TL1,25,1,-0.009335756301879883
3256,C,T,1,MT-TL1,25,1,-0.009646892547607422
3258,T,C,1,MT-TL1,25,1,-0.004411220550537109
3260,A,G,1,MT-TL1,25,1,-0.0044116973876953125
3271,T,C,1,MT-TL1,25,1,-0.002439260482788086
3291,T,C,1,MT-TL1,25,1,-0.0026112794876098633
3302,A,G,1,MT-TL1,25,1,-0.0035976171493530273
3303,C,T,1,MT-TL1,25,1,-0.0024390220642089844
4300,A,G,1,MT-TI,25,1,-0.003612518310546875
4336,T,C,0,MT-TQ,25,1,-0.0014193058013916016
4370,T,C,0,MT-TQ,25,1,-0.0022726058959960938
4450,G,A,1,MT-TM,25,1,-0.007079362869262695
4452,T,C,0,MT-TM,25,1,-0.0015442371368408203
5521,G,A,1,MT-TW,25,1,0.002494215965270996
5553,T,C,0,MT-TW,25,1,-0.002375960350036621
5556,G,A,1,MT-TW,25,1,-0.005635261535644531
5650,G,A,1,MT-TA,25,1,-0.0033608675003051758
5690,A,G,1,MT-TN,25,1,-0.007676839828491211
5703,G,A,1,MT-TN,25,1,0.0009102821350097656
5728,T,C,1,MT-TN,25,1,0.0002682209014892578
5814,T,C,0,MT-TC,25,1,-0.005118131637573242
7453,G,A,1,MT-TS1,25,1,-0.00649106502532959
7471,C,T,0,MT-TS1,25,1,0.003945112228393555
7472,A,T,0,MT-TS1,25,1,-1.3947486877441406e-05
7476,C,T,0,MT-TS1,25,1,0.0007216930389404297
7493,C,T,0,MT-TS1,25,1,0.0004475116729736328
7497,G,A,1,MT-TS1,25,1,-0.00014281272888183594
7498,G,A,0,MT-TS1,25,1,0.0027534961700439453
7510,T,C,1,MT-TS1,25,1,-0.0009839534759521484
7511,T,C,1,MT-TS1,25,1,-0.0025130510330200195
7512,T,C,1,MT-TS1,25,1,-0.0015478134155273438
8313,G,A,1,MT-TK,25,1,-0.002316713333129883
8340,G,A,1,MT-TK,25,1,-0.003595590591430664
8344,A,G,1,MT-TK,25,1,-0.0007894039154052734
8348,A,G,0,MT-TK,25,1,-0.0028548240661621094
8356,T,C,1,MT-TK,25,1,-0.0010228157043457031
8363,G,A,1,MT-TK,25,1,-0.003997087478637695
10007,T,C,0,MT-TG,25,1,0.004487037658691406
10034,T,C,0,MT-TG,25,1,-0.003101348876953125
10463,T,C,0,MT-TR,25,1,0.00016570091247558594
12147,G,A,1,MT-TH,25,1,-0.003591299057006836
12201,T,C,1,MT-TH,25,1,-0.0009169578552246094
12239,C,T,0,MT-TS2,25,1,-0.00027680397033691406
12258,C,A,1,MT-TS2,25,1,-0.011353611946105957
12276,G,A,1,MT-TL2,25,1,0.000415802001953125
12308,A,G,0,MT-TL2,25,1,-0.000911712646484375
12315,G,A,1,MT-TL2,25,1,-0.0005931854248046875
14674,T,C,1,MT-TE,25,1,-3.421306610107422e-05
14684,C,T,0,MT-TE,25,1,0.0010281801223754883
14709,T,C,1,MT-TE,25,1,0.0014846324920654297
15894,G,A,0,MT-TT,25,1,-0.0072956085205078125
15904,C,T,0,MT-TT,25,1,0.0006730556488037109
15907,A,G,0,MT-TT,25,1,-0.0007294416427612305
15923,A,G,1,MT-TT,25,1,-0.0071936845779418945
15924,A,G,0,MT-TT,25,1,-0.0017614364624023438
15928,G,A,0,MT-TT,25,1,-0.0015645027160644531
15990,C,T,1,MT-TP,25,1,-0.001147627830505371
591,C,T,1,MT-TF,25,2,0.006853222846984863
616,T,C,1,MT-TF,25,2,-0.009193778038024902
629,T,C,0,MT-TF,25,2,0.0005307197570800781
1624,C,T,1,MT-TV,25,2,-0.010422706604003906
1644,G,A,1,MT-TV,25,2,-0.000823974609375
3242,G,A,1,MT-TL1,25,2,-0.01992058753967285
3243,A,G,1,MT-TL1,25,2,-0.028916358947753906
3243,A,T,1,MT-TL1,25,2,-0.034497618675231934
3251,A,G,1,MT-TL1,25,2,-0.006271839141845703
3252,A,G,1,MT-TL1,25,2,-0.00878596305847168
3255,G,A,1,MT-TL1,25,2,-0.0026460886001586914
3256,C,T,1,MT-TL1,25,2,-0.00902557373046875
3258,T,C,1,MT-TL1,25,2,-0.003552556037902832
3260,A,G,1,MT-TL1,25,2,-0.0038405656814575195
3271,T,C,1,MT-TL1,25,2,-0.002408146858215332
3291,T,C,1,MT-TL1,25,2,-0.0017294883728027344
3302,A,G,1,MT-TL1,25,2,-0.0011539459228515625
3303,C,T,1,MT-TL1,25,2,-0.0027408599853515625
4300,A,G,1,MT-TI,25,2,-0.003915548324584961
4336,T,C,0,MT-TQ,25,2,-0.0025625228881835938
4370,T,C,0,MT-TQ,25,2,-0.0010721683502197266
4450,G,A,1,MT-TM,25,2,-0.005450129508972168
4452,T,C,0,MT-TM,25,2,-0.001532912254333496
5521,G,A,1,MT-TW,25,2,0.003671407699584961
5553,T,C,0,MT-TW,25,2,-0.002209305763244629
5556,G,A,1,MT-TW,25,2,-0.004235029220581055
5650,G,A,1,MT-TA,25,2,-0.0014587640762329102
5690,A,G,1,MT-TN,25,2,-0.004763245582580566
5703,G,A,1,MT-TN,25,2,0.001094818115234375
5728,T,C,1,MT-TN,25,2,-0.0008637905120849609
5814,T,C,0,MT-TC,25,2,-0.0036013126373291016
7453,G,A,1,MT-TS1,25,2,-0.001641988754272461
7471,C,T,0,MT-TS1,25,2,-0.0003286600112915039
7472,A,T,0,MT-TS1,25,2,-0.00029218196868896484
7476,C,T,0,MT-TS1,25,2,-0.0007016658782958984
7493,C,T,0,MT-TS1,25,2,0.0015606880187988281
7497,G,A,1,MT-TS1,25,2,0.002520442008972168
7498,G,A,0,MT-TS1,25,2,0.0011223554611206055
7510,T,C,1,MT-TS1,25,2,-0.0013871192932128906
7511,T,C,1,MT-TS1,25,2,-0.0011445283889770508
7512,T,C,1,MT-TS1,25,2,-0.0006390810012817383
8313,G,A,1,MT-TK,25,2,-0.003970742225646973
8340,G,A,1,MT-TK,25,2,-0.0031393766403198242
8344,A,G,1,MT-TK,25,2,-0.0023202896118164062
8348,A,G,0,MT-TK,25,2,-0.0030090808868408203
8356,T,C,1,MT-TK,25,2,-0.00364840030670166
8363,G,A,1,MT-TK,25,2,-0.003022313117980957
10007,T,C,0,MT-TG,25,2,0.0028362274169921875
10034,T,C,0,MT-TG,25,2,-0.0004940032958984375
10463,T,C,0,MT-TR,25,2,0.0004401206970214844
12147,G,A,1,MT-TH,25,2,-0.016961336135864258
12201,T,C,1,MT-TH,25,2,0.0010144710540771484
12239,C,T,0,MT-TS2,25,2,0.0003604888916015625
12258,C,A,1,MT-TS2,25,2,-0.0108642578125
12276,G,A,1,MT-TL2,25,2,0.0006008148193359375
12308,A,G,0,MT-TL2,25,2,-0.000606536865234375
12315,G,A,1,MT-TL2,25,2,0.000728607177734375
14674,T,C,1,MT-TE,25,2,0.001564621925354004
14684,C,T,0,MT-TE,25,2,0.01204979419708252
14709,T,C,1,MT-TE,25,2,0.0009012222290039062
15894,G,A,0,MT-TT,25,2,-0.0045413970947265625
15904,C,T,0,MT-TT,25,2,0.00039327144622802734
15907,A,G,0,MT-TT,25,2,-0.0015873908996582031
15923,A,G,1,MT-TT,25,2,-0.003846406936645508
15924,A,G,0,MT-TT,25,2,-0.0011935234069824219
15928,G,A,0,MT-TT,25,2,-0.001415252685546875
15990,C,T,1,MT-TP,25,2,-0.0007202625274658203
591,C,T,1,MT-TF,25,3,0.0009324550628662109
616,T,C,1,MT-TF,25,3,-0.008166074752807617
629,T,C,0,MT-TF,25,3,-0.0007508993148803711
1624,C,T,1,MT-TV,25,3,-0.001850128173828125
1644,G,A,1,MT-TV,25,3,-0.00028228759765625
3242,G,A,1,MT-TL1,25,3,-0.02112555503845215
3243,A,G,1,MT-TL1,25,3,-0.02945089340209961
3243,A,T,1,MT-TL1,25,3,-0.03210186958312988
3251,A,G,1,MT-TL1,25,3,-0.007090091705322266
3252,A,G,1,MT-TL1,25,3,-0.007063388824462891
3255,G,A,1,MT-TL1,25,3,-0.006649494171142578
3256,C,T,1,MT-TL1,25,3,-0.011952400207519531
3258,T,C,1,MT-TL1,25,3,-0.002781510353088379
3260,A,G,1,MT-TL1,25,3,-0.003982424736022949
3271,T,C,1,MT-TL1,25,3,0.0038747787475585938
3291,T,C,1,MT-TL1,25,3,-0.0018515586853027344
3302,A,G,1,MT-TL1,25,3,-0.0017915964126586914
3303,C,T,1,MT-TL1,25,3,-0.003177046775817871
4300,A,G,1,MT-TI,25,3,-0.0038024187088012695
4336,T,C,0,MT-TQ,25,3,-0.0021533966064453125
4370,T,C,0,MT-TQ,25,3,-0.0014671087265014648
4450,G,A,1,MT-TM,25,3,-0.007117748260498047
4452,T,C,0,MT-TM,25,3,-0.0003834962844848633
5521,G,A,1,MT-TW,25,3,0.002579212188720703
5553,T,C,0,MT-TW,25,3,-0.002768874168395996
5556,G,A,1,MT-TW,25,3,-0.00363767147064209
5650,G,A,1,MT-TA,25,3,-0.003531217575073242
5690,A,G,1,MT-TN,25,3,-0.009024858474731445
5703,G,A,1,MT-TN,25,3,0.0005409717559814453
5728,T,C,1,MT-TN,25,3,-0.0013025999069213867
5814,T,C,0,MT-TC,25,3,-0.0027140378952026367
7453,G,A,1,MT-TS1,25,3,-0.0028771162033081055
7471,C,T,0,MT-TS1,25,3,0.0028641223907470703
7472,A,T,0,MT-TS1,25,3,-2.3126602172851562e-05
7476,C,T,0,MT-TS1,25,3,0.00026738643646240234
7493,C,T,0,MT-TS1,25,3,0.0014823675155639648
7497,G,A,1,MT-TS1,25,3,0.000817418098449707
7498,G,A,0,MT-TS1,25,3,-0.0006049871444702148
7510,T,C,1,MT-TS1,25,3,-0.001692056655883789
7511,T,C,1,MT-TS1,25,3,0.0014518499374389648
7512,T,C,1,MT-TS1,25,3,-0.0002161264419555664
8313,G,A,1,MT-TK,25,3,-0.0037331581115722656
8340,G,A,1,MT-TK,25,3,-0.003924846649169922
8344,A,G,1,MT-TK,25,3,-0.00021588802337646484
8348,A,G,0,MT-TK,25,3,-0.0024538040161132812
8356,T,C,1,MT-TK,25,3,-0.0017806291580200195
8363,G,A,1,MT-TK,25,3,-0.00437319278717041
10007,T,C,0,MT-TG,25,3,-0.003803253173828125
10034,T,C,0,MT-TG,25,3,-0.00080108642578125
10463,T,C,0,MT-TR,25,3,-0.0002646446228027344
12147,G,A,1,MT-TH,25,3,-0.011546730995178223
12201,T,C,1,MT-TH,25,3,0.0004367828369140625
12239,C,T,0,MT-TS2,25,3,-0.0004458427429199219
12258,C,A,1,MT-TS2,25,3,-0.008716583251953125
12276,G,A,1,MT-TL2,25,3,-1.1920928955078125e-05
12308,A,G,0,MT-TL2,25,3,-0.001346588134765625
12315,G,A,1,MT-TL2,25,3,-0.004281520843505859
14674,T,C,1,MT-TE,25,3,0.00041162967681884766
14684,C,T,0,MT-TE,25,3,0.006292581558227539
14709,T,C,1,MT-TE,25,3,-0.00344693660736084
15894,G,A,0,MT-TT,25,3,-0.01285552978515625
15904,C,T,0,MT-TT,25,3,0.0009838342666625977
15907,A,G,0,MT-TT,25,3,-3.910064697265625e-05
15923,A,G,1,MT-TT,25,3,-0.010712862014770508
15924,A,G,0,MT-TT,25,3,0.0005698204040527344
15928,G,A,0,MT-TT,25,3,-0.0018973350524902344
15990,C,T,1,MT-TP,25,3,-0.0016901493072509766
591,C,T,1,MT-TF,25,4,0.011924982070922852
616,T,C,1,MT-TF,25,4,0.0022780895233154297
629,T,C,0,MT-TF,25,4,0.0015087127685546875
1624,C,T,1,MT-TV,25,4,-0.0007171630859375
1644,G,A,1,MT-TV,25,4,-0.00040435791015625
3242,G,A,1,MT-TL1,25,4,-0.01517176628112793
3243,A,G,1,MT-TL1,25,4,-0.020317792892456055
3243,A,T,1,MT-TL1,25,4,-0.02775859832763672
3251,A,G,1,MT-TL1,25,4,-0.012649774551391602
3252,A,G,1,MT-TL1,25,4,-0.009247064590454102
3255,G,A,1,MT-TL1,25,4,-0.004989743232727051
3256,C,T,1,MT-TL1,25,4,-0.011798620223999023
3258,T,C,1,MT-TL1,25,4,-0.0013004541397094727
3260,A,G,1,MT-TL1,25,4,-0.00048279762268066406
3271,T,C,1,MT-TL1,25,4,-0.0033551454544067383
3291,T,C,1,MT-TL1,25,4,-0.0007863044738769531
3302,A,G,1,MT-TL1,25,4,-0.003125905990600586
3303,C,T,1,MT-TL1,25,4,-0.003072381019592285
4300,A,G,1,MT-TI,25,4,-0.0022466182708740234
4336,T,C,0,MT-TQ,25,4,-0.0007686614990234375
4370,T,C,0,MT-TQ,25,4,-0.0014244318008422852
4450,G,A,1,MT-TM,25,4,-0.006469249725341797
4452,T,C,0,MT-TM,25,4,-0.0016974210739135742
5521,G,A,1,MT-TW,25,4,0.004354357719421387
5553,T,C,0,MT-TW,25,4,-0.0015149116516113281
5556,G,A,1,MT-TW,25,4,-0.003214120864868164
5650,G,A,1,MT-TA,25,4,-0.002250194549560547
5690,A,G,1,MT-TN,25,4,-0.007964849472045898
5703,G,A,1,MT-TN,25,4,0.0004684925079345703
5728,T,C,1,MT-TN,25,4,-0.0015244483947753906
5814,T,C,0,MT-TC,25,4,-0.0030297040939331055
7453,G,A,1,MT-TS1,25,4,-0.0036383867263793945
7471,C,T,0,MT-TS1,25,4,0.0024416446685791016
7472,A,T,0,MT-TS1,25,4,0.00032389163970947266
7476,C,T,0,MT-TS1,25,4,0.0011794567108154297
7493,C,T,0,MT-TS1,25,4,0.0004965066909790039
7497,G,A,1,MT-TS1,25,4,0.002160787582397461
7498,G,A,0,MT-TS1,25,4,0.0027474164962768555
7510,T,C,1,MT-TS1,25,4,-0.0009729862213134766
7511,T,C,1,MT-TS1,25,4,-0.0010743141174316406
7512,T,C,1,MT-TS1,25,4,-0.0010223388671875
8313,G,A,1,MT-TK,25,4,-0.001677393913269043
8340,G,A,1,MT-TK,25,4,-0.006092071533203125
8344,A,G,1,MT-TK,25,4,-0.0008585453033447266
8348,A,G,0,MT-TK,25,4,-0.0037020444869995117
8356,T,C,1,MT-TK,25,4,-0.0018546581268310547
8363,G,A,1,MT-TK,25,4,-0.004321694374084473
10007,T,C,0,MT-TG,25,4,0.005585670471191406
10034,T,C,0,MT-TG,25,4,-0.0036163330078125
10463,T,C,0,MT-TR,25,4,0.0003337860107421875
12147,G,A,1,MT-TH,25,4,-0.005147457122802734
12201,T,C,1,MT-TH,25,4,0.0003654956817626953
12239,C,T,0,MT-TS2,25,4,-0.001919388771057129
12258,C,A,1,MT-TS2,25,4,-0.010582447052001953
12276,G,A,1,MT-TL2,25,4,-0.000148773193359375
12308,A,G,0,MT-TL2,25,4,-0.00017261505126953125
12315,G,A,1,MT-TL2,25,4,-0.00063323974609375
14674,T,C,1,MT-TE,25,4,0.00022304058074951172
14684,C,T,0,MT-TE,25,4,0.0008757114410400391
14709,T,C,1,MT-TE,25,4,-6.091594696044922e-05
15894,G,A,0,MT-TT,25,4,-0.004464983940124512
15904,C,T,0,MT-TT,25,4,0.0016644001007080078
15907,A,G,0,MT-TT,25,4,0.0001437664031982422
15923,A,G,1,MT-TT,25,4,-0.0040073394775390625
15924,A,G,0,MT-TT,25,4,-0.004651546478271484
15928,G,A,0,MT-TT,25,4,-0.0009340047836303711
15990,C,T,1,MT-TP,25,4,-0.0003604888916015625
591,C,T,1,MT-TF,25,5,0.0001881122589111328
616,T,C,1,MT-TF,25,5,-0.0023560523986816406
629,T,C,0,MT-TF,25,5,0.0018405914306640625
1624,C,T,1,MT-TV,25,5,-0.00101470947265625
1644,G,A,1,MT-TV,25,5,-0.001682281494140625
3242,G,A,1,MT-TL1,25,5,-0.021835923194885254
3243,A,G,1,MT-TL1,25,5,-0.024030208587646484
3243,A,T,1,MT-TL1,25,5,-0.020269393920898438
3251,A,G,1,MT-TL1,25,5,-0.009240388870239258
3252,A,G,1,MT-TL1,25,5,-0.009197115898132324
3255,G,A,1,MT-TL1,25,5,-0.0011928081512451172
3256,C,T,1,MT-TL1,25,5,-0.008402347564697266
3258,T,C,1,MT-TL1,25,5,-0.00046253204345703125
3260,A,G,1,MT-TL1,25,5,-0.004143953323364258
3271,T,C,1,MT-TL1,25,5,-0.00035774707794189453
3291,T,C,1,MT-TL1,25,5,-0.0009430646896362305
3302,A,G,1,MT-TL1,25,5,-0.0026377439498901367
3303,C,T,1,MT-TL1,25,5,-0.0035715103149414062
4300,A,G,1,MT-TI,25,5,-0.004912853240966797
4336,T,C,0,MT-TQ,25,5,-0.0015761852264404297
4370,T,C,0,MT-TQ,25,5,-0.002171754837036133
4450,G,A,1,MT-TM,25,5,-0.005090951919555664
4452,T,C,0,MT-TM,25,5,-0.002293229103088379
5521,G,A,1,MT-TW,25,5,0.00024330615997314453
5553,T,C,0,MT-TW,25,5,-0.0029268264770507812
5556,G,A,1,MT-TW,25,5,-0.004456996917724609
5650,G,A,1,MT-TA,25,5,-0.0022301673889160156
5690,A,G,1,MT-TN,25,5,-0.009349465370178223
5703,G,A,1,MT-TN,25,5,0.0003381967544555664
5728,T,C,1,MT-TN,25,5,-0.0003870725631713867
5814,T,C,0,MT-TC,25,5,-0.0035954713821411133
7453,G,A,1,MT-TS1,25,5,-0.002121567726135254
7471,C,T,0,MT-TS1,25,5,0.002406001091003418
7472,A,T,0,MT-TS1,25,5,-0.002120494842529297
7476,C,T,0,MT-TS1,25,5,0.00011408329010009766
7493,C,T,0,MT-TS1,25,5,0.0004553794860839844
7497,G,A,1,MT-TS1,25,5,0.00032329559326171875
7498,G,A,0,MT-TS1,25,5,-3.0159950256347656e-05
7510,T,C,1,MT-TS1,25,5,-0.0015288591384887695
7511,T,C,1,MT-TS1,25,5,-0.0014499425888061523
7512,T,C,1,MT-TS1,25,5,0.001005411148071289
8313,G,A,1,MT-TK,25,5,-0.0032502412796020508
8340,G,A,1,MT-TK,25,5,-0.0024880170822143555
8344,A,G,1,MT-TK,25,5,-0.0009744167327880859
8348,A,G,0,MT-TK,25,5,-0.0037075281143188477
8356,T,C,1,MT-TK,25,5,-0.0029239654541015625
8363,G,A,1,MT-TK,25,5,-0.004155635833740234
10007,T,C,0,MT-TG,25,5,0.00036716461181640625
10034,T,C,0,MT-TG,25,5,-0.0018157958984375
10463,T,C,0,MT-TR,25,5,0.00089263916015625
12147,G,A,1,MT-TH,25,5,-0.019626259803771973
12201,T,C,1,MT-TH,25,5,-0.0006787776947021484
12239,C,T,0,MT-TS2,25,5,-0.0009710788726806641
12258,C,A,1,MT-TS2,25,5,-0.009593605995178223
12276,G,A,1,MT-TL2,25,5,-4.1961669921875e-05
12308,A,G,0,MT-TL2,25,5,-0.0014400482177734375
12315,G,A,1,MT-TL2,25,5,3.0517578125e-05
14674,T,C,1,MT-TE,25,5,-0.0006964206695556641
14684,C,T,0,MT-TE,25,5,0.009922504425048828
14709,T,C,1,MT-TE,25,5,0.00035560131072998047
15894,G,A,0,MT-TT,25,5,-0.002197265625
15904,C,T,0,MT-TT,25,5,0.002223491668701172
15907,A,G,0,MT-TT,25,5,0.00019025802612304688
15923,A,G,1,MT-TT,25,5,-0.0022983551025390625
15924,A,G,0,MT-TT,25,5,-0.004593968391418457
15928,G,A,0,MT-TT,25,5,-0.0003006458282470703
15990,C,T,1,MT-TP,25,5,-0.0007300376892089844
591,C,T,1,MT-TF,25,6,0.005872368812561035
616,T,C,1,MT-TF,25,6,-0.0002658367156982422
629,T,C,0,MT-TF,25,6,-0.0010623931884765625
1624,C,T,1,MT-TV,25,6,-0.00066375732421875
1644,G,A,1,MT-TV,25,6,-0.001064300537109375
3242,G,A,1,MT-TL1,25,6,-0.005162239074707031
3243,A,G,1,MT-TL1,25,6,-0.028993964195251465
3243,A,T,1,MT-TL1,25,6,-0.02219986915588379
3251,A,G,1,MT-TL1,25,6,-0.007219552993774414
3252,A,G,1,MT-TL1,25,6,-0.012335419654846191
3255,G,A,1,MT-TL1,25,6,-0.005044817924499512
3256,C,T,1,MT-TL1,25,6,-0.012610912322998047
3258,T,C,1,MT-TL1,25,6,-0.0027875900268554688
3260,A,G,1,MT-TL1,25,6,-0.0002455711364746094
3271,T,C,1,MT-TL1,25,6,-0.0016677379608154297
3291,T,C,1,MT-TL1,25,6,0.00027751922607421875
3302,A,G,1,MT-TL1,25,6,-0.0020673274993896484
3303,C,T,1,MT-TL1,25,6,-0.0038481950759887695
4300,A,G,1,MT-TI,25,6,-0.0016508102416992188
4336,T,C,0,MT-TQ,25,6,-0.002267122268676758
4370,T,C,0,MT-TQ,25,6,-0.0017673969268798828
4450,G,A,1,MT-TM,25,6,-0.0053708553314208984
4452,T,C,0,MT-TM,25,6,-0.0013546943664550781
5521,G,A,1,MT-TW,25,6,0.009613513946533203
5553,T,C,0,MT-TW,25,6,-0.0029698610305786133
5556,G,A,1,MT-TW,25,6,-0.004877448081970215
5650,G,A,1,MT-TA,25,6,-0.0030716657638549805
5690,A,G,1,MT-TN,25,6,-0.008130669593811035
5703,G,A,1,MT-TN,25,6,0.0007824897766113281
5728,T,C,1,MT-TN,25,6,-0.0019289255142211914
5814,T,C,0,MT-TC,25,6,-0.0023194551467895508
7453,G,A,1,MT-TS1,25,6,-0.0030497312545776367
7471,C,T,0,MT-TS1,25,6,0.001836538314819336
7472,A,T,0,MT-TS1,25,6,0.0010489225387573242
7476,C,T,0,MT-TS1,25,6,0.00040328502655029297
7493,C,T,0,MT-TS1,25,6,-0.00027871131896972656
7497,G,A,1,MT-TS1,25,6,0.0012665987014770508
7498,G,A,0,MT-TS1,25,6,0.0007579326629638672
7510,T,C,1,MT-TS1,25,6,-0.00048160552978515625
7511,T,C,1,MT-TS1,25,6,-0.0012341737747192383
7512,T,C,1,MT-TS1,25,6,-0.0009402036666870117
8313,G,A,1,MT-TK,25,6,-0.0025368928909301758
8340,G,A,1,MT-TK,25,6,-0.0033295154571533203
8344,A,G,1,MT-TK,25,6,-0.0012161731719970703
8348,A,G,0,MT-TK,25,6,-0.005391836166381836
8356,T,C,1,MT-TK,25,6,-0.0023469924926757812
8363,G,A,1,MT-TK,25,6,-0.0022734403610229492
10007,T,C,0,MT-TG,25,6,0.00023746490478515625
10034,T,C,0,MT-TG,25,6,-0.0019197463989257812
10463,T,C,0,MT-TR,25,6,0.0009517669677734375
12147,G,A,1,MT-TH,25,6,-0.004987001419067383
12201,T,C,1,MT-TH,25,6,-0.001575469970703125
12239,C,T,0,MT-TS2,25,6,-0.0018210411071777344
12258,C,A,1,MT-TS2,25,6,-0.008347153663635254
12276,G,A,1,MT-TL2,25,6,0.001129150390625
12308,A,G,0,MT-TL2,25,6,-0.004582881927490234
12315,G,A,1,MT-TL2,25,6,0.00058746337890625
14674,T,C,1,MT-TE,25,6,0.0005575418472290039
14684,C,T,0,MT-TE,25,6,0.011347651481628418
14709,T,C,1,MT-TE,25,6,0.0023261308670043945
15894,G,A,0,MT-TT,25,6,-0.002043008804321289
15904,C,T,0,MT-TT,25,6,0.0001569986343383789
15907,A,G,0,MT-TT,25,6,-0.0016808509826660156
15923,A,G,1,MT-TT,25,6,-0.00914621353149414
15924,A,G,0,MT-TT,25,6,-0.004003286361694336
15928,G,A,0,MT-TT,25,6,-0.0005068778991699219
15990,C,T,1,MT-TP,25,6,-0.00035321712493896484
591,C,T,1,MT-TF,25,7,0.005454301834106445
616,T,C,1,MT-TF,25,7,-0.0005133152008056641
629,T,C,0,MT-TF,25,7,0.0006105899810791016
1624,C,T,1,MT-TV,25,7,-0.0004100799560546875
1644,G,A,1,MT-TV,25,7,0.0007991790771484375
3242,G,A,1,MT-TL1,25,7,-0.017258167266845703
3243,A,G,1,MT-TL1,25,7,-0.03597235679626465
3243,A,T,1,MT-TL1,25,7,-0.01500844955444336
3251,A,G,1,MT-TL1,25,7,-0.006557464599609375
3252,A,G,1,MT-TL1,25,7,-0.009366869926452637
3255,G,A,1,MT-TL1,25,7,-0.0038988590240478516
3256,C,T,1,MT-TL1,25,7,-0.009477496147155762
3258,T,C,1,MT-TL1,25,7,-0.005396246910095215
3260,A,G,1,MT-TL1,25,7,-0.00012421607971191406
3271,T,C,1,MT-TL1,25,7,0.0010590553283691406
3291,T,C,1,MT-TL1,25,7,-0.0010552406311035156
3302,A,G,1,MT-TL1,25,7,-0.0025252103805541992
3303,C,T,1,MT-TL1,25,7,-0.0031168460845947266
4300,A,G,1,MT-TI,25,7,-0.0055255889892578125
4336,T,C,0,MT-TQ,25,7,-0.001300811767578125
4370,T,C,0,MT-TQ,25,7,-0.0004563331604003906
4450,G,A,1,MT-TM,25,7,-0.003595590591430664
4452,T,C,0,MT-TM,25,7,-0.0005266666412353516
5521,G,A,1,MT-TW,25,7,-0.0016291141510009766
5553,T,C,0,MT-TW,25,7,-0.0014240741729736328
5556,G,A,1,MT-TW,25,7,-0.0011076927185058594
5650,G,A,1,MT-TA,25,7,-0.0018143653869628906
5690,A,G,1,MT-TN,25,7,-0.008034229278564453
5703,G,A,1,MT-TN,25,7,0.0005936622619628906
5728,T,C,1,MT-TN,25,7,-0.0014486312866210938
5814,T,C,0,MT-TC,25,7,-0.002900242805480957
7453,G,A,1,MT-TS1,25,7,-0.0007426738739013672
7471,C,T,0,MT-TS1,25,7,0.002940058708190918
7472,A,T,0,MT-TS1,25,7,-8.738040924072266e-05
7476,C,T,0,MT-TS1,25,7,0.002082228660583496
7493,C,T,0,MT-TS1,25,7,0.000641942024230957
7497,G,A,1,MT-TS1,25,7,0.00046563148498535156
7498,G,A,0,MT-TS1,25,7,0.0011386871337890625
7510,T,C,1,MT-TS1,25,7,-0.0013791322708129883
7511,T,C,1,MT-TS1,25,7,0.00028693675994873047
7512,T,C,1,MT-TS1,25,7,-0.0004744529724121094
8313,G,A,1,MT-TK,25,7,-0.0022276639938354492
8340,G,A,1,MT-TK,25,7,-0.004021286964416504
8344,A,G,1,MT-TK,25,7,-0.0014449357986450195
8348,A,G,0,MT-TK,25,7,-0.0034627914428710938
8356,T,C,1,MT-TK,25,7,-0.0034723281860351562
8363,G,A,1,MT-TK,25,7,-0.0013418197631835938
10007,T,C,0,MT-TG,25,7,0.005454063415527344
10034,T,C,0,MT-TG,25,7,-0.00061798095703125
10463,T,C,0,MT-TR,25,7,-0.00010538101196289062
12147,G,A,1,MT-TH,25,7,-0.022721171379089355
12201,T,C,1,MT-TH,25,7,0.002321004867553711
12239,C,T,0,MT-TS2,25,7,-0.003599405288696289
12258,C,A,1,MT-TS2,25,7,-0.009048700332641602
12276,G,A,1,MT-TL2,25,7,-0.0006999969482421875
12308,A,G,0,MT-TL2,25,7,-0.000476837158203125
12315,G,A,1,MT-TL2,25,7,-0.0026826858520507812
14674,T,C,1,MT-TE,25,7,-0.00021255016326904297
14684,C,T,0,MT-TE,25,7,0.013016581535339355
14709,T,C,1,MT-TE,25,7,-0.0003496408462524414
15894,G,A,0,MT-TT,25,7,-0.008263707160949707
15904,C,T,0,MT-TT,25,7,0.0011587142944335938
15907,A,G,0,MT-TT,25,7,0.0012286901473999023
15923,A,G,1,MT-TT,25,7,-0.00942230224609375
15924,A,G,0,MT-TT,25,7,-0.004931449890136719
15928,G,A,0,MT-TT,25,7,-0.002192974090576172
15990,C,T,1,MT-TP,25,7,-0.002545475959777832
591,C,T,1,MT-TF,25,8,0.0020940303802490234
616,T,C,1,MT-TF,25,8,-0.018952488899230957
629,T,C,0,MT-TF,25,8,0.0012085437774658203
1624,C,T,1,MT-TV,25,8,-0.0006771087646484375
1644,G,A,1,MT-TV,25,8,-0.001255035400390625
3242,G,A,1,MT-TL1,25,8,-0.015259385108947754
3243,A,G,1,MT-TL1,25,8,-0.020921707153320312
3243,A,T,1,MT-TL1,25,8,-0.017773151397705078
3251,A,G,1,MT-TL1,25,8,-0.016619205474853516
3252,A,G,1,MT-TL1,25,8,-0.01051628589630127
3255,G,A,1,MT-TL1,25,8,-0.007750988006591797
3256,C,T,1,MT-TL1,25,8,-0.010013103485107422
3258,T,C,1,MT-TL1,25,8,-0.0046433210372924805
3260,A,G,1,MT-TL1,25,8,-0.00539243221282959
3271,T,C,1,MT-TL1,25,8,0.0020543336868286133
3291,T,C,1,MT-TL1,25,8,-0.0023761987686157227
3302,A,G,1,MT-TL1,25,8,-0.0025424957275390625
3303,C,T,1,MT-TL1,25,8,-0.002823352813720703
4300,A,G,1,MT-TI,25,8,-0.004906654357910156
4336,T,C,0,MT-TQ,25,8,-0.0023385286331176758
4370,T,C,0,MT-TQ,25,8,-0.0004038810729980469
4450,G,A,1,MT-TM,25,8,-0.004897117614746094
4452,T,C,0,MT-TM,25,8,-0.0008802413940429688
5521,G,A,1,MT-TW,25,8,-0.0028525590896606445
5553,T,C,0,MT-TW,25,8,-0.003859996795654297
5556,G,A,1,MT-TW,25,8,-0.001612544059753418
5650,G,A,1,MT-TA,25,8,-0.0021457672119140625
5690,A,G,1,MT-TN,25,8,-0.011274337768554688
5703,G,A,1,MT-TN,25,8,0.001026153564453125
5728,T,C,1,MT-TN,25,8,-0.0005294084548950195
5814,T,C,0,MT-TC,25,8,-0.005163431167602539
7453,G,A,1,MT-TS1,25,8,-0.0031043291091918945
7471,C,T,0,MT-TS1,25,8,0.0031806230545043945
7472,A,T,0,MT-TS1,25,8,-0.0008146762847900391
7476,C,T,0,MT-TS1,25,8,-0.0008131265640258789
7493,C,T,0,MT-TS1,25,8,0.0005640983581542969
7497,G,A,1,MT-TS1,25,8,0.001234292984008789
7498,G,A,0,MT-TS1,25,8,0.0015881061553955078
7510,T,C,1,MT-TS1,25,8,-0.001999378204345703
7511,T,C,1,MT-TS1,25,8,-0.0004614591598510742
7512,T,C,1,MT-TS1,25,8,-0.0013265609741210938
8313,G,A,1,MT-TK,25,8,-0.0020052194595336914
8340,G,A,1,MT-TK,25,8,-0.0037134885787963867
8344,A,G,1,MT-TK,25,8,-0.002115488052368164
8348,A,G,0,MT-TK,25,8,-0.003262162208557129
8356,T,C,1,MT-TK,25,8,-0.0017919540405273438
8363,G,A,1,MT-TK,25,8,-0.0012240409851074219
10007,T,C,0,MT-TG,25,8,0.004663944244384766
10034,T,C,0,MT-TG,25,8,-0.0025854110717773438
10463,T,C,0,MT-TR,25,8,0.0004978179931640625
12147,G,A,1,MT-TH,25,8,-0.02028191089630127
12201,T,C,1,MT-TH,25,8,5.733966827392578e-05
12239,C,T,0,MT-TS2,25,8,-0.0013370513916015625
12258,C,A,1,MT-TS2,25,8,-0.00830221176147461
12276,G,A,1,MT-TL2,25,8,0.0009975433349609375
12308,A,G,0,MT-TL2,25,8,-0.001216888427734375
12315,G,A,1,MT-TL2,25,8,-0.000469207763671875
14674,T,C,1,MT-TE,25,8,0.0006233453750610352
14684,C,T,0,MT-TE,25,8,0.0002193450927734375
14709,T,C,1,MT-TE,25,8,-0.00037217140197753906
15894,G,A,0,MT-TT,25,8,-0.00515437126159668
15904,C,T,0,MT-TT,25,8,-0.0007374286651611328
15907,A,G,0,MT-TT,25,8,-0.0011197328567504883
15923,A,G,1,MT-TT,25,8,-0.005916595458984375
15924,A,G,0,MT-TT,25,8,-0.00067901611328125
15928,G,A,0,MT-TT,25,8,-0.0006155967712402344
15990,C,T,1,MT-TP,25,8,-0.002276897430419922
591,C,T,1,MT-TF,25,9,0.008211135864257812
616,T,C,1,MT-TF,25,9,-0.01878833770751953
629,T,C,0,MT-TF,25,9,-0.00038933753967285156
1624,C,T,1,MT-TV,25,9,-0.00140380859375
1644,G,A,1,MT-TV,25,9,-0.00046539306640625
3242,G,A,1,MT-TL1,25,9,-0.03377580642700195
3243,A,G,1,MT-TL1,25,9,-0.022792816162109375
3243,A,T,1,MT-TL1,25,9,-0.02790045738220215
3251,A,G,1,MT-TL1,25,9,-0.0031337738037109375
3252,A,G,1,MT-TL1,25,9,-0.0075342655181884766
3255,G,A,1,MT-TL1,25,9,-0.005228996276855469
3256,C,T,1,MT-TL1,25,9,-0.006037592887878418
3258,T,C,1,MT-TL1,25,9,-0.0032300949096679688
3260,A,G,1,MT-TL1,25,9,-0.002042531967163086
3271,T,C,1,MT-TL1,25,9,-0.002115011215209961
3291,T,C,1,MT-TL1,25,9,-0.003625035285949707
3302,A,G,1,MT-TL1,25,9,-0.002140522003173828
3303,C,T,1,MT-TL1,25,9,-0.0027039051055908203
4300,A,G,1,MT-TI,25,9,-0.004472970962524414
4336,T,C,0,MT-TQ,25,9,-0.0018404722213745117
4370,T,C,0,MT-TQ,25,9,-0.0008356571197509766
4450,G,A,1,MT-TM,25,9,-0.005010008811950684
4452,T,C,0,MT-TM,25,9,-0.0015611648559570312
5521,G,A,1,MT-TW,25,9,0.0006142854690551758
5553,T,C,0,MT-TW,25,9,-0.002854466438293457
5556,G,A,1,MT-TW,25,9,-0.0031059980392456055
5650,G,A,1,MT-TA,25,9,-0.0022449493408203125
5690,A,G,1,MT-TN,25,9,-0.0067596435546875
5703,G,A,1,MT-TN,25,9,0.0009999275207519531
5728,T,C,1,MT-TN,25,9,-0.0008854866027832031
5814,T,C,0,MT-TC,25,9,-0.003661632537841797
7453,G,A,1,MT-TS1,25,9,-0.0053863525390625
7471,C,T,0,MT-TS1,25,9,0.0020951032638549805
7472,A,T,0,MT-TS1,25,9,-0.0012034177780151367
7476,C,T,0,MT-TS1,25,9,-0.0023702383041381836
7493,C,T,0,MT-TS1,25,9,-0.0022110939025878906
7497,G,A,1,MT-TS1,25,9,0.0012094974517822266
7498,G,A,0,MT-TS1,25,9,0.0005619525909423828
7510,T,C,1,MT-TS1,25,9,-3.600120544433594e-05
7511,T,C,1,MT-TS1,25,9,-0.0010013580322265625
7512,T,C,1,MT-TS1,25,9,0.00034940242767333984
8313,G,A,1,MT-TK,25,9,-0.004169583320617676
8340,G,A,1,MT-TK,25,9,-0.005043387413024902
8344,A,G,1,MT-TK,25,9,-0.0011432170867919922
8348,A,G,0,MT-TK,25,9,-0.0028678178787231445
8356,T,C,1,MT-TK,25,9,-0.0010390281677246094
8363,G,A,1,MT-TK,25,9,-0.0047332048416137695
10007,T,C,0,MT-TG,25,9,0.0010433197021484375
10034,T,C,0,MT-TG,25,9,-0.00032806396484375
10463,T,C,0,MT-TR,25,9,-0.00011157989501953125
12147,G,A,1,MT-TH,25,9,-0.0020688772201538086
12201,T,C,1,MT-TH,25,9,-0.0016921758651733398
12239,C,T,0,MT-TS2,25,9,-0.0017364025115966797
12258,C,A,1,MT-TS2,25,9,-0.013175129890441895
12276,G,A,1,MT-TL2,25,9,-0.0002372264862060547
12308,A,G,0,MT-TL2,25,9,-0.0004215240478515625
12315,G,A,1,MT-TL2,25,9,-0.001605987548828125
14674,T,C,1,MT-TE,25,9,0.00023865699768066406
14684,C,T,0,MT-TE,25,9,0.006993293762207031
14709,T,C,1,MT-TE,25,9,0.0010993480682373047
15894,G,A,0,MT-TT,25,9,-0.0031576156616210938
15904,C,T,0,MT-TT,25,9,0.0015711784362792969
15907,A,G,0,MT-TT,25,9,-0.0017414093017578125
15923,A,G,1,MT-TT,25,9,-0.006966590881347656
15924,A,G,0,MT-TT,25,9,-0.002307891845703125
15928,G,A,0,MT-TT,25,9,-0.0009752511978149414
15990,C,T,1,MT-TP,25,9,-0.0043669939041137695
591,C,T,1,MT-TF,50,0,0.0047338008880615234
616,T,C,1,MT-TF,50,0,-0.0013141632080078125
629,T,C,0,MT-TF,50,0,-0.0007154941558837891
1624,C,T,1,MT-TV,50,0,-0.004754066467285156
1644,G,A,1,MT-TV,50,0,-0.0016707181930541992
3242,G,A,1,MT-TL1,50,0,-0.022612810134887695
3243,A,G,1,MT-TL1,50,0,-0.03148937225341797
3243,A,T,1,MT-TL1,50,0,-0.016416549682617188
3251,A,G,1,MT-TL1,50,0,-0.0036661624908447266
3252,A,G,1,MT-TL1,50,0,-0.009233713150024414
3255,G,A,1,MT-TL1,50,0,-0.006356239318847656
3256,C,T,1,MT-TL1,50,0,-0.006478309631347656
3258,T,C,1,MT-TL1,50,0,-0.004811763763427734
3260,A,G,1,MT-TL1,50,0,-0.006443023681640625
3271,T,C,1,MT-TL1,50,0,-0.0029886960983276367
3291,T,C,1,MT-TL1,50,0,-0.003544330596923828
3302,A,G,1,MT-TL1,50,0,-0.0026148557662963867
3303,C,T,1,MT-TL1,50,0,-0.003323793411254883
4300,A,G,1,MT-TI,50,0,-0.006957888603210449
4336,T,C,0,MT-TQ,50,0,-0.0022437572479248047
4370,T,C,0,MT-TQ,50,0,-0.001682281494140625
4450,G,A,1,MT-TM,50,0,-0.0067462921142578125
4452,T,C,0,MT-TM,50,0,-0.0010836124420166016
5521,G,A,1,MT-TW,50,0,0.0015331506729125977
5553,T,C,0,MT-TW,50,0,-0.0033185482025146484
5556,G,A,1,MT-TW,50,0,-0.004916071891784668
5650,G,A,1,MT-TA,50,0,-0.004119992256164551
5690,A,G,1,MT-TN,50,0,-0.0078040361404418945
5703,G,A,1,MT-TN,50,0,0.00014841556549072266
5728,T,C,1,MT-TN,50,0,-0.0015425682067871094
5814,T,C,0,MT-TC,50,0,-0.003052353858947754
7453,G,A,1,MT-TS1,50,0,-0.0016984939575195312
7471,C,T,0,MT-TS1,50,0,0.0010781288146972656
7472,A,T,0,MT-TS1,50,0,-0.0005464553833007812
7476,C,T,0,MT-TS1,50,0,-0.0004153251647949219
7493,C,T,0,MT-TS1,50,0,-0.0016531944274902344
7497,G,A,1,MT-TS1,50,0,0.0021915435791015625
7498,G,A,0,MT-TS1,50,0,0.0010600090026855469
7510,T,C,1,MT-TS1,50,0,-0.00031375885009765625
7511,T,C,1,MT-TS1,50,0,-0.0007561445236206055
7512,T,C,1,MT-TS1,50,0,-0.0007011890411376953
8313,G,A,1,MT-TK,50,0,-0.006209135055541992
8340,G,A,1,MT-TK,50,0,-0.003011465072631836
8344,A,G,1,MT-TK,50,0,-0.001389622688293457
8348,A,G,0,MT-TK,50,0,-0.0052301883697509766
8356,T,C,1,MT-TK,50,0,-0.0032144784927368164
8363,G,A,1,MT-TK,50,0,-0.0026340484619140625
10007,T,C,0,MT-TG,50,0,0.010658025741577148
10034,T,C,0,MT-TG,50,0,-0.0023021697998046875
10463,T,C,0,MT-TR,50,0,-0.0021249055862426758
12147,G,A,1,MT-TH,50,0,-0.006109833717346191
12201,T,C,1,MT-TH,50,0,0.0009660720825195312
12239,C,T,0,MT-TS2,50,0,0.00047588348388671875
12258,C,A,1,MT-TS2,50,0,-0.009165287017822266
12276,G,A,1,MT-TL2,50,0,-0.008005976676940918
12308,A,G,0,MT-TL2,50,0,-0.005237698554992676
12315,G,A,1,MT-TL2,50,0,-0.001697540283203125
14674,T,C,1,MT-TE,50,0,-0.003313302993774414
14684,C,T,0,MT-TE,50,0,0.008222818374633789
14709,T,C,1,MT-TE,50,0,-0.004254698753356934
15894,G,A,0,MT-TT,50,0,-0.00975179672241211
15904,C,T,0,MT-TT,50,0,0.0004907846450805664
15907,A,G,0,MT-TT,50,0,-0.005914211273193359
15923,A,G,1,MT-TT,50,0,-0.013598084449768066
15924,A,G,0,MT-TT,50,0,-0.0058830976486206055
15928,G,A,0,MT-TT,50,0,-0.0009253025054931641
15990,C,T,1,MT-TP,50,0,-0.0034613609313964844
591,C,T,1,MT-TF,50,1,0.0041904449462890625
616,T,C,1,MT-TF,50,1,-0.004718303680419922
629,T,C,0,MT-TF,50,1,0.0007038116455078125
1624,C,T,1,MT-TV,50,1,-0.008085012435913086
1644,G,A,1,MT-TV,50,1,-0.0019164085388183594
3242,G,A,1,MT-TL1,50,1,-0.022487163543701172
3243,A,G,1,MT-TL1,50,1,-0.028944015502929688
3243,A,T,1,MT-TL1,50,1,-0.03487420082092285
3251,A,G,1,MT-TL1,50,1,-0.015905380249023438
3252,A,G,1,MT-TL1,50,1,-0.009492874145507812
3255,G,A,1,MT-TL1,50,1,-0.008119463920593262
3256,C,T,1,MT-TL1,50,1,-0.005205392837524414
3258,T,C,1,MT-TL1,50,1,-0.004667043685913086
3260,A,G,1,MT-TL1,50,1,-0.0020982027053833008
3271,T,C,1,MT-TL1,50,1,-0.0034176111221313477
3291,T,C,1,MT-TL1,50,1,-0.002947092056274414
3302,A,G,1,MT-TL1,50,1,-0.0042018890380859375
3303,C,T,1,MT-TL1,50,1,-0.0034079551696777344
4300,A,G,1,MT-TI,50,1,-0.004056692123413086
4336,T,C,0,MT-TQ,50,1,-0.0014053583145141602
4370,T,C,0,MT-TQ,50,1,-0.0015494823455810547
4450,G,A,1,MT-TM,50,1,-0.006978154182434082
4452,T,C,0,MT-TM,50,1,-0.003566741943359375
5521,G,A,1,MT-TW,50,1,0.0007222890853881836
5553,T,C,0,MT-TW,50,1,-0.0014194250106811523
5556,G,A,1,MT-TW,50,1,-0.005635738372802734
5650,G,A,1,MT-TA,50,1,-0.0016237497329711914
5690,A,G,1,MT-TN,50,1,-0.009153604507446289
5703,G,A,1,MT-TN,50,1,0.0010309219360351562
5728,T,C,1,MT-TN,50,1,-0.001422286033630371
5814,T,C,0,MT-TC,50,1,-0.0019903182983398438
7453,G,A,1,MT-TS1,50,1,-0.001414179801940918
7471,C,T,0,MT-TS1,50,1,0.003266453742980957
7472,A,T,0,MT-TS1,50,1,0.00014328956604003906
7476,C,T,0,MT-TS1,50,1,0.0019309520721435547
7493,C,T,0,MT-TS1,50,1,-6.282329559326172e-05
7497,G,A,1,MT-TS1,50,1,0.0022318363189697266
7498,G,A,0,MT-TS1,50,1,-0.00040519237518310547
7510,T,C,1,MT-TS1,50,1,-0.0007623434066772461
7511,T,C,1,MT-TS1,50,1,-0.0031087398529052734
7512,T,C,1,MT-TS1,50,1,-0.0009922981262207031
8313,G,A,1,MT-TK,50,1,-0.0062596797943115234
8340,G,A,1,MT-TK,50,1,-0.0028285980224609375
8344,A,G,1,MT-TK,50,1,-0.0018843412399291992
8348,A,G,0,MT-TK,50,1,-0.00309598445892334
8356,T,C,1,MT-TK,50,1,-0.002225160598754883
8363,G,A,1,MT-TK,50,1,-0.0025519132614135742
10007,T,C,0,MT-TG,50,1,0.00046825408935546875
10034,T,C,0,MT-TG,50,1,-0.0016689300537109375
10463,T,C,0,MT-TR,50,1,-0.0006526708602905273
12147,G,A,1,MT-TH,50,1,-0.014560699462890625
12201,T,C,1,MT-TH,50,1,-0.0011349916458129883
12239,C,T,0,MT-TS2,50,1,0.0001348257064819336
12258,C,A,1,MT-TS2,50,1,-0.01084756851196289
12276,G,A,1,MT-TL2,50,1,0.0008418560028076172
12308,A,G,0,MT-TL2,50,1,-0.0017452239990234375
12315,G,A,1,MT-TL2,50,1,-0.003651142120361328
14674,T,C,1,MT-TE,50,1,-0.00042450428009033203
14684,C,T,0,MT-TE,50,1,0.008549928665161133
14709,T,C,1,MT-TE,50,1,-0.002263188362121582
15894,G,A,0,MT-TT,50,1,-0.011441349983215332
15904,C,T,0,MT-TT,50,1,0.0015741586685180664
15907,A,G,0,MT-TT,50,1,0.0003904104232788086
15923,A,G,1,MT-TT,50,1,-0.009427547454833984
15924,A,G,0,MT-TT,50,1,0.00115203857421875
15928,G,A,0,MT-TT,50,1,-0.0009742975234985352
15990,C,T,1,MT-TP,50,1,-0.005716681480407715
591,C,T,1,MT-TF,50,2,0.011066436767578125
616,T,C,1,MT-TF,50,2,-0.007349491119384766
629,T,C,0,MT-TF,50,2,0.00284421443939209
1624,C,T,1,MT-TV,50,2,-0.0016444921493530273
1644,G,A,1,MT-TV,50,2,-0.0008541345596313477
3242,G,A,1,MT-TL1,50,2,-0.02564871311187744
3243,A,G,1,MT-TL1,50,2,-0.027905702590942383
3243,A,T,1,MT-TL1,50,2,-0.028925061225891113
3251,A,G,1,MT-TL1,50,2,-0.006820201873779297
3252,A,G,1,MT-TL1,50,2,-0.011211037635803223
3255,G,A,1,MT-TL1,50,2,-0.004393458366394043
3256,C,T,1,MT-TL1,50,2,-0.008035063743591309
3258,T,C,1,MT-TL1,50,2,-0.00441133975982666
3260,A,G,1,MT-TL1,50,2,-0.005221366882324219
3271,T,C,1,MT-TL1,50,2,-0.004537224769592285
3291,T,C,1,MT-TL1,50,2,-0.0037184953689575195
3302,A,G,1,MT-TL1,50,2,-0.0012373924255371094
3303,C,T,1,MT-TL1,50,2,-0.0036208629608154297
4300,A,G,1,MT-TI,50,2,-0.00390625
4336,T,C,0,MT-TQ,50,2,-3.814697265625e-05
4370,T,C,0,MT-TQ,50,2,-0.000973820686340332
4450,G,A,1,MT-TM,50,2,-0.01100313663482666
4452,T,C,0,MT-TM,50,2,-0.003298640251159668
5521,G,A,1,MT-TW,50,2,-0.002034783363342285
5553,T,C,0,MT-TW,50,2,-0.00233304500579834
5556,G,A,1,MT-TW,50,2,-0.004364013671875
5650,G,A,1,MT-TA,50,2,-0.0031522512435913086
5690,A,G,1,MT-TN,50,2,-0.010290145874023438
5703,G,A,1,MT-TN,50,2,0.0009617805480957031
5728,T,C,1,MT-TN,50,2,-0.0009288787841796875
5814,T,C,0,MT-TC,50,2,-0.0017472505569458008
7453,G,A,1,MT-TS1,50,2,-0.001395583152770996
7471,C,T,0,MT-TS1,50,2,0.001730203628540039
7472,A,T,0,MT-TS1,50,2,0.0005043745040893555
7476,C,T,0,MT-TS1,50,2,-0.0005716085433959961
7493,C,T,0,MT-TS1,50,2,-0.0010455846786499023
7497,G,A,1,MT-TS1,50,2,0.001086592674255371
7498,G,A,0,MT-TS1,50,2,0.001044631004333496
7510,T,C,1,MT-TS1,50,2,-0.0025908946990966797
7511,T,C,1,MT-TS1,50,2,-0.0021505355834960938
7512,T,C,1,MT-TS1,50,2,-0.002223491668701172
8313,G,A,1,MT-TK,50,2,-0.01110231876373291
8340,G,A,1,MT-TK,50,2,-0.0023183822631835938
8344,A,G,1,MT-TK,50,2,-0.001357436180114746
8348,A,G,0,MT-TK,50,2,-0.004824519157409668
8356,T,C,1,MT-TK,50,2,-0.0014367103576660156
8363,G,A,1,MT-TK,50,2,-0.00285947322845459
10007,T,C,0,MT-TG,50,2,0.002120494842529297
10034,T,C,0,MT-TG,50,2,-0.0026731491088867188
10463,T,C,0,MT-TR,50,2,-0.0006365776062011719
12147,G,A,1,MT-TH,50,2,-0.02256619930267334
12201,T,C,1,MT-TH,50,2,-0.0010184049606323242
12239,C,T,0,MT-TS2,50,2,-0.00016367435455322266
12258,C,A,1,MT-TS2,50,2,-0.011194348335266113
12276,G,A,1,MT-TL2,50,2,-0.0001735687255859375
12308,A,G,0,MT-TL2,50,2,-0.005982518196105957
12315,G,A,1,MT-TL2,50,2,0.00032961368560791016
14674,T,C,1,MT-TE,50,2,-0.0001690387725830078
14684,C,T,0,MT-TE,50,2,0.015350103378295898
14709,T,C,1,MT-TE,50,2,-0.00395965576171875
15894,G,A,0,MT-TT,50,2,-0.0014897584915161133
15904,C,T,0,MT-TT,50,2,0.000619053840637207
15907,A,G,0,MT-TT,50,2,-0.00045883655548095703
15923,A,G,1,MT-TT,50,2,-0.01764059066772461
15924,A,G,0,MT-TT,50,2,-0.0017207860946655273
15928,G,A,0,MT-TT,50,2,-0.0008503198623657227
15990,C,T,1,MT-TP,50,2,-0.0021305084228515625
591,C,T,1,MT-TF,50,3,0.002351045608520508
616,T,C,1,MT-TF,50,3,-0.00569307804107666
629,T,C,0,MT-TF,50,3,0.001142263412475586
1624,C,T,1,MT-TV,50,3,0.0008699893951416016
1644,G,A,1,MT-TV,50,3,-0.0004286766052246094
3242,G,A,1,MT-TL1,50,3,-0.021002650260925293
3243,A,G,1,MT-TL1,50,3,-0.027977943420410156
3243,A,T,1,MT-TL1,50,3,-0.034046173095703125
3251,A,G,1,MT-TL1,50,3,-0.0056307315826416016
3252,A,G,1,MT-TL1,50,3,-0.007783651351928711
3255,G,A,1,MT-TL1,50,3,-0.004143834114074707
3256,C,T,1,MT-TL1,50,3,-0.005742192268371582
3258,T,C,1,MT-TL1,50,3,-0.0033903121948242188
3260,A,G,1,MT-TL1,50,3,-0.004917263984680176
3271,T,C,1,MT-TL1,50,3,-0.002797245979309082
3291,T,C,1,MT-TL1,50,3,-0.0024875402450561523
3302,A,G,1,MT-TL1,50,3,-0.0026979446411132812
3303,C,T,1,MT-TL1,50,3,-0.003000974655151367
4300,A,G,1,MT-TI,50,3,-0.0034540891647338867
4336,T,C,0,MT-TQ,50,3,-0.0003451108932495117
4370,T,C,0,MT-TQ,50,3,-0.0021973848342895508
4450,G,A,1,MT-TM,50,3,-0.009438276290893555
4452,T,C,0,MT-TM,50,3,-0.0020322799682617188
5521,G,A,1,MT-TW,50,3,0.004232048988342285
5553,T,C,0,MT-TW,50,3,-0.0006422996520996094
5556,G,A,1,MT-TW,50,3,-0.003917813301086426
5650,G,A,1,MT-TA,50,3,-0.003042936325073242
5690,A,G,1,MT-TN,50,3,-0.007420182228088379
5703,G,A,1,MT-TN,50,3,-0.00021266937255859375
5728,T,C,1,MT-TN,50,3,-0.0009329319000244141
5814,T,C,0,MT-TC,50,3,-0.002149820327758789
7453,G,A,1,MT-TS1,50,3,-0.0027954578399658203
7471,C,T,0,MT-TS1,50,3,0.0026595592498779297
7472,A,T,0,MT-TS1,50,3,-0.00033545494079589844
7476,C,T,0,MT-TS1,50,3,0.0016200542449951172
7493,C,T,0,MT-TS1,50,3,0.00024127960205078125
7497,G,A,1,MT-TS1,50,3,0.0009659528732299805
7498,G,A,0,MT-TS1,50,3,0.00020301342010498047
7510,T,C,1,MT-TS1,50,3,-0.0007115602493286133
7511,T,C,1,MT-TS1,50,3,-0.0007662773132324219
7512,T,C,1,MT-TS1,50,3,-0.00019562244415283203
8313,G,A,1,MT-TK,50,3,-0.006780862808227539
8340,G,A,1,MT-TK,50,3,-0.0016207695007324219
8344,A,G,1,MT-TK,50,3,-0.00075531005859375
8348,A,G,0,MT-TK,50,3,-0.0034929513931274414
8356,T,C,1,MT-TK,50,3,-0.002821207046508789
8363,G,A,1,MT-TK,50,3,-0.004082679748535156
10007,T,C,0,MT-TG,50,3,0.000213623046875
10034,T,C,0,MT-TG,50,3,-0.0026912689208984375
10463,T,C,0,MT-TR,50,3,0.00043272972106933594
12147,G,A,1,MT-TH,50,3,-0.005027174949645996
12201,T,C,1,MT-TH,50,3,-0.0022438764572143555
12239,C,T,0,MT-TS2,50,3,-0.0007787942886352539
12258,C,A,1,MT-TS2,50,3,-0.009013056755065918
12276,G,A,1,MT-TL2,50,3,0.0019273757934570312
12308,A,G,0,MT-TL2,50,3,-0.004467964172363281
12315,G,A,1,MT-TL2,50,3,-0.009897470474243164
14674,T,C,1,MT-TE,50,3,0.0012347698211669922
14684,C,T,0,MT-TE,50,3,0.0105360746383667
14709,T,C,1,MT-TE,50,3,0.0008934736251831055
15894,G,A,0,MT-TT,50,3,-0.008407831192016602
15904,C,T,0,MT-TT,50,3,0.0005946159362792969
15907,A,G,0,MT-TT,50,3,-0.0012018680572509766
15923,A,G,1,MT-TT,50,3,-0.014933109283447266
15924,A,G,0,MT-TT,50,3,-0.00389254093170166
15928,G,A,0,MT-TT,50,3,-0.0012068748474121094
15990,C,T,1,MT-TP,50,3,0.0020618438720703125
591,C,T,1,MT-TF,50,4,0.004677772521972656
616,T,C,1,MT-TF,50,4,-0.012183666229248047
629,T,C,0,MT-TF,50,4,0.0016486644744873047
1624,C,T,1,MT-TV,50,4,-0.002187967300415039
1644,G,A,1,MT-TV,50,4,-0.00023066997528076172
3242,G,A,1,MT-TL1,50,4,-0.009814739227294922
3243,A,G,1,MT-TL1,50,4,-0.028661251068115234
3243,A,T,1,MT-TL1,50,4,-0.03228402137756348
3251,A,G,1,MT-TL1,50,4,-0.011233329772949219
3252,A,G,1,MT-TL1,50,4,-0.006606459617614746
3255,G,A,1,MT-TL1,50,4,-0.00571894645690918
3256,C,T,1,MT-TL1,50,4,-0.012266874313354492
3258,T,C,1,MT-TL1,50,4,-0.005578398704528809
3260,A,G,1,MT-TL1,50,4,-0.0054073333740234375
3271,T,C,1,MT-TL1,50,4,-0.0014897584915161133
3291,T,C,1,MT-TL1,50,4,-0.002696394920349121
3302,A,G,1,MT-TL1,50,4,-0.0025823116302490234
3303,C,T,1,MT-TL1,50,4,-0.003033757209777832
4300,A,G,1,MT-TI,50,4,-0.004814267158508301
4336,T,C,0,MT-TQ,50,4,-0.0021660327911376953
4370,T,C,0,MT-TQ,50,4,-0.0013806819915771484
4450,G,A,1,MT-TM,50,4,-0.006310582160949707
4452,T,C,0,MT-TM,50,4,-0.004545927047729492
5521,G,A,1,MT-TW,50,4,0.009764552116394043
5553,T,C,0,MT-TW,50,4,-0.0010695457458496094
5556,G,A,1,MT-TW,50,4,-0.002987384796142578
5650,G,A,1,MT-TA,50,4,-0.0017066001892089844
5690,A,G,1,MT-TN,50,4,-0.007719755172729492
5703,G,A,1,MT-TN,50,4,0.0005435943603515625
5728,T,C,1,MT-TN,50,4,-0.0017949342727661133
5814,T,C,0,MT-TC,50,4,-0.0016242265701293945
7453,G,A,1,MT-TS1,50,4,-0.002419590950012207
7471,C,T,0,MT-TS1,50,4,0.0030001401901245117
7472,A,T,0,MT-TS1,50,4,0.00018513202667236328
7476,C,T,0,MT-TS1,50,4,0.0013017654418945312
7493,C,T,0,MT-TS1,50,4,-0.00031113624572753906
7497,G,A,1,MT-TS1,50,4,0.00016963481903076172
7498,G,A,0,MT-TS1,50,4,0.0007078647613525391
7510,T,C,1,MT-TS1,50,4,-0.0017930269241333008
7511,T,C,1,MT-TS1,50,4,-0.00015735626220703125
7512,T,C,1,MT-TS1,50,4,-0.0012073516845703125
8313,G,A,1,MT-TK,50,4,-0.006272077560424805
8340,G,A,1,MT-TK,50,4,-0.0030046701431274414
8344,A,G,1,MT-TK,50,4,-0.001059412956237793
8348,A,G,0,MT-TK,50,4,-0.0026509761810302734
8356,T,C,1,MT-TK,50,4,-0.0024557113647460938
8363,G,A,1,MT-TK,50,4,-0.003134608268737793
10007,T,C,0,MT-TG,50,4,0.0005035400390625
10034,T,C,0,MT-TG,50,4,-0.0021562576293945312
10463,T,C,0,MT-TR,50,4,0.0009635686874389648
12147,G,A,1,MT-TH,50,4,-0.023657798767089844
12201,T,C,1,MT-TH,50,4,0.00011622905731201172
12239,C,T,0,MT-TS2,50,4,-0.0008031129837036133
12258,C,A,1,MT-TS2,50,4,-0.011788010597229004
12276,G,A,1,MT-TL2,50,4,-0.012214899063110352
12308,A,G,0,MT-TL2,50,4,-0.0074346065521240234
12315,G,A,1,MT-TL2,50,4,-0.002707958221435547
14674,T,C,1,MT-TE,50,4,-0.00030422210693359375
14684,C,T,0,MT-TE,50,4,0.00402522087097168
14709,T,C,1,MT-TE,50,4,-0.0016254186630249023
15894,G,A,0,MT-TT,50,4,-0.01241612434387207
15904,C,T,0,MT-TT,50,4,0.000986337661743164
15907,A,G,0,MT-TT,50,4,-0.0005373954772949219
15923,A,G,1,MT-TT,50,4,-0.011913537979125977
15924,A,G,0,MT-TT,50,4,-0.001981377601623535
15928,G,A,0,MT-TT,50,4,-0.0018084049224853516
15990,C,T,1,MT-TP,50,4,-0.0029888153076171875
591,C,T,1,MT-TF,50,5,0.005966544151306152
616,T,C,1,MT-TF,50,5,-0.010881185531616211
629,T,C,0,MT-TF,50,5,0.002056121826171875
1624,C,T,1,MT-TV,50,5,-0.0015635490417480469
1644,G,A,1,MT-TV,50,5,-0.003947257995605469
3242,G,A,1,MT-TL1,50,5,-0.00557255744934082
3243,A,G,1,MT-TL1,50,5,-0.029595375061035156
3243,A,T,1,MT-TL1,50,5,-0.027731657028198242
3251,A,G,1,MT-TL1,50,5,-0.00411677360534668
3252,A,G,1,MT-TL1,50,5,-0.007282257080078125
3255,G,A,1,MT-TL1,50,5,-0.0079193115234375
3256,C,T,1,MT-TL1,50,5,-0.008608579635620117
3258,T,C,1,MT-TL1,50,5,-0.005264997482299805
3260,A,G,1,MT-TL1,50,5,-0.005212545394897461
3271,T,C,1,MT-TL1,50,5,-0.0019958019256591797
3291,T,C,1,MT-TL1,50,5,-0.0015687942504882812
3302,A,G,1,MT-TL1,50,5,-0.0018347501754760742
3303,C,T,1,MT-TL1,50,5,-0.002809286117553711
4300,A,G,1,MT-TI,50,5,-0.00442051887512207
4336,T,C,0,MT-TQ,50,5,-0.0014363527297973633
4370,T,C,0,MT-TQ,50,5,-0.0025794506072998047
4450,G,A,1,MT-TM,50,5,-0.006186366081237793
4452,T,C,0,MT-TM,50,5,-0.0021784305572509766
5521,G,A,1,MT-TW,50,5,0.01173853874206543
5553,T,C,0,MT-TW,50,5,-0.0019001960754394531
5556,G,A,1,MT-TW,50,5,-0.004116058349609375
5650,G,A,1,MT-TA,50,5,-0.0023308992385864258
5690,A,G,1,MT-TN,50,5,-0.007580280303955078
5703,G,A,1,MT-TN,50,5,0.0002491474151611328
5728,T,C,1,MT-TN,50,5,-0.0014837980270385742
5814,T,C,0,MT-TC,50,5,-0.0028914213180541992
7453,G,A,1,MT-TS1,50,5,-0.0025267601013183594
7471,C,T,0,MT-TS1,50,5,0.00046563148498535156
7472,A,T,0,MT-TS1,50,5,-0.0005179643630981445
7476,C,T,0,MT-TS1,50,5,-0.00025534629821777344
7493,C,T,0,MT-TS1,50,5,0.0007892847061157227
7497,G,A,1,MT-TS1,50,5,0.0007770061492919922
7498,G,A,0,MT-TS1,50,5,-0.000865936279296875
7510,T,C,1,MT-TS1,50,5,-0.0004388093948364258
7511,T,C,1,MT-TS1,50,5,-0.0008329153060913086
7512,T,C,1,MT-TS1,50,5,-0.0012260675430297852
8313,G,A,1,MT-TK,50,5,-0.0013470649719238281
8340,G,A,1,MT-TK,50,5,-0.0036395788192749023
8344,A,G,1,MT-TK,50,5,-0.0012727975845336914
8348,A,G,0,MT-TK,50,5,-0.005274772644042969
8356,T,C,1,MT-TK,50,5,-0.003999233245849609
8363,G,A,1,MT-TK,50,5,-0.0032578706741333008
10007,T,C,0,MT-TG,50,5,0.0017476081848144531
10034,T,C,0,MT-TG,50,5,-0.0012493133544921875
10463,T,C,0,MT-TR,50,5,-0.0017794370651245117
12147,G,A,1,MT-TH,50,5,-0.005429267883300781
12201,T,C,1,MT-TH,50,5,-0.004530549049377441
12239,C,T,0,MT-TS2,50,5,-0.00041234493255615234
12258,C,A,1,MT-TS2,50,5,-0.010444283485412598
12276,G,A,1,MT-TL2,50,5,-0.013310790061950684
12308,A,G,0,MT-TL2,50,5,-0.0037316083908081055
12315,G,A,1,MT-TL2,50,5,-0.009627342224121094
14674,T,C,1,MT-TE,50,5,-0.002286195755004883
14684,C,T,0,MT-TE,50,5,0.008760809898376465
14709,T,C,1,MT-TE,50,5,-0.0015105009078979492
15894,G,A,0,MT-TT,50,5,-0.007890701293945312
15904,C,T,0,MT-TT,50,5,-6.759166717529297e-05
15907,A,G,0,MT-TT,50,5,-0.0024074316024780273
15923,A,G,1,MT-TT,50,5,-0.019382476806640625
15924,A,G,0,MT-TT,50,5,-0.001523733139038086
15928,G,A,0,MT-TT,50,5,-0.00034117698669433594
15990,C,T,1,MT-TP,50,5,-0.00012123584747314453
591,C,T,1,MT-TF,50,6,0.011210322380065918
616,T,C,1,MT-TF,50,6,-0.017461299896240234
629,T,C,0,MT-TF,50,6,-0.0009059906005859375
1624,C,T,1,MT-TV,50,6,-0.005536079406738281
1644,G,A,1,MT-TV,50,6,2.1219253540039062e-05
3242,G,A,1,MT-TL1,50,6,-0.016497135162353516
3243,A,G,1,MT-TL1,50,6,-0.03254961967468262
3243,A,T,1,MT-TL1,50,6,-0.03647446632385254
3251,A,G,1,MT-TL1,50,6,-0.004267454147338867
3252,A,G,1,MT-TL1,50,6,-0.00970923900604248
3255,G,A,1,MT-TL1,50,6,-0.007627010345458984
3256,C,T,1,MT-TL1,50,6,-0.006596922874450684
3258,T,C,1,MT-TL1,50,6,-0.004682064056396484
3260,A,G,1,MT-TL1,50,6,-0.005734920501708984
3271,T,C,1,MT-TL1,50,6,-0.004383444786071777
3291,T,C,1,MT-TL1,50,6,-0.0030739307403564453
3302,A,G,1,MT-TL1,50,6,-0.003376007080078125
3303,C,T,1,MT-TL1,50,6,-0.003580331802368164
4300,A,G,1,MT-TI,50,6,-0.00665128231048584
4336,T,C,0,MT-TQ,50,6,-0.002351045608520508
4370,T,C,0,MT-TQ,50,6,-0.000700831413269043
4450,G,A,1,MT-TM,50,6,-0.006773114204406738
4452,T,C,0,MT-TM,50,6,-0.0016614198684692383
5521,G,A,1,MT-TW,50,6,0.0020002126693725586
5553,T,C,0,MT-TW,50,6,-0.002041459083557129
5556,G,A,1,MT-TW,50,6,-0.0023136138916015625
5650,G,A,1,MT-TA,50,6,-0.0020873546600341797
5690,A,G,1,MT-TN,50,6,-0.011116266250610352
5703,G,A,1,MT-TN,50,6,-0.00029647350311279297
5728,T,C,1,MT-TN,50,6,-0.0012532472610473633
5814,T,C,0,MT-TC,50,6,-0.003173828125
7453,G,A,1,MT-TS1,50,6,-0.002849578857421875
7471,C,T,0,MT-TS1,50,6,0.003017425537109375
7472,A,T,0,MT-TS1,50,6,0.0007686614990234375
7476,C,T,0,MT-TS1,50,6,0.002001166343688965
7493,C,T,0,MT-TS1,50,6,-9.143352508544922e-05
7497,G,A,1,MT-TS1,50,6,0.002310514450073242
7498,G,A,0,MT-TS1,50,6,0.0006548166275024414
7510,T,C,1,MT-TS1,50,6,-0.0025131702423095703
7511,T,C,1,MT-TS1,50,6,-0.001685500144958496
7512,T,C,1,MT-TS1,50,6,-3.0994415283203125e-05
8313,G,A,1,MT-TK,50,6,-0.0035858154296875
8340,G,A,1,MT-TK,50,6,-0.003635883331298828
8344,A,G,1,MT-TK,50,6,-0.001353144645690918
8348,A,G,0,MT-TK,50,6,-0.0036058425903320312
8356,T,C,1,MT-TK,50,6,-0.0019026994705200195
8363,G,A,1,MT-TK,50,6,-0.0015366077423095703
10007,T,C,0,MT-TG,50,6,0.0030279159545898438
10034,T,C,0,MT-TG,50,6,-0.0023584365844726562
10463,T,C,0,MT-TR,50,6,0.0005358457565307617
12147,G,A,1,MT-TH,50,6,-0.0074263811111450195
12201,T,C,1,MT-TH,50,6,-0.0013681650161743164
12239,C,T,0,MT-TS2,50,6,-0.0007315874099731445
12258,C,A,1,MT-TS2,50,6,-0.0106126070022583
12276,G,A,1,MT-TL2,50,6,-0.007709503173828125
12308,A,G,0,MT-TL2,50,6,-0.004327535629272461
12315,G,A,1,MT-TL2,50,6,-0.0024423599243164062
14674,T,C,1,MT-TE,50,6,0.0005674362182617188
14684,C,T,0,MT-TE,50,6,0.00632321834564209
14709,T,C,1,MT-TE,50,6,-0.0028253793716430664
15894,G,A,0,MT-TT,50,6,-0.005855202674865723
15904,C,T,0,MT-TT,50,6,-3.0040740966796875e-05
15907,A,G,0,MT-TT,50,6,-0.00038611888885498047
15923,A,G,1,MT-TT,50,6,-0.011151313781738281
15924,A,G,0,MT-TT,50,6,-0.001890420913696289
15928,G,A,0,MT-TT,50,6,-0.0012011528015136719
15990,C,T,1,MT-TP,50,6,-0.0048035383224487305
591,C,T,1,MT-TF,50,7,0.004628181457519531
616,T,C,1,MT-TF,50,7,-0.0010862350463867188
629,T,C,0,MT-TF,50,7,0.0019077062606811523
1624,C,T,1,MT-TV,50,7,0.0009304285049438477
1644,G,A,1,MT-TV,50,7,0.00035703182220458984
3242,G,A,1,MT-TL1,50,7,-0.026610851287841797
3243,A,G,1,MT-TL1,50,7,-0.02992558479309082
3243,A,T,1,MT-TL1,50,7,-0.030762076377868652
3251,A,G,1,MT-TL1,50,7,-0.004088878631591797
3252,A,G,1,MT-TL1,50,7,-0.007464885711669922
3255,G,A,1,MT-TL1,50,7,-0.009285449981689453
3256,C,T,1,MT-TL1,50,7,-0.00819253921508789
3258,T,C,1,MT-TL1,50,7,-0.0050580501556396484
3260,A,G,1,MT-TL1,50,7,-0.004475593566894531
3271,T,C,1,MT-TL1,50,7,-0.0006656646728515625
3291,T,C,1,MT-TL1,50,7,-0.003034234046936035
3302,A,G,1,MT-TL1,50,7,-0.0023255348205566406
3303,C,T,1,MT-TL1,50,7,-0.0036417245864868164
4300,A,G,1,MT-TI,50,7,-0.0036133527755737305
4336,T,C,0,MT-TQ,50,7,-0.0013346672058105469
4370,T,C,0,MT-TQ,50,7,-0.0015524625778198242
4450,G,A,1,MT-TM,50,7,-0.0039023160934448242
4452,T,C,0,MT-TM,50,7,-0.0009946823120117188
5521,G,A,1,MT-TW,50,7,-0.000859379768371582
5553,T,C,0,MT-TW,50,7,-0.001990675926208496
5556,G,A,1,MT-TW,50,7,-0.0036622285842895508
5650,G,A,1,MT-TA,50,7,-0.0023354291915893555
5690,A,G,1,MT-TN,50,7,-0.007683277130126953
5703,G,A,1,MT-TN,50,7,-0.00020194053649902344
5728,T,C,1,MT-TN,50,7,0.00017368793487548828
5814,T,C,0,MT-TC,50,7,-0.0027135610580444336
7453,G,A,1,MT-TS1,50,7,-0.0015475749969482422
7471,C,T,0,MT-TS1,50,7,0.0031870603561401367
7472,A,T,0,MT-TS1,50,7,0.0005952119827270508
7476,C,T,0,MT-TS1,50,7,0.0020189285278320312
7493,C,T,0,MT-TS1,50,7,-0.001710653305053711
7497,G,A,1,MT-TS1,50,7,0.0013859272003173828
7498,G,A,0,MT-TS1,50,7,-0.0004966259002685547
7510,T,C,1,MT-TS1,50,7,-0.0011970996856689453
7511,T,C,1,MT-TS1,50,7,-0.0005649328231811523
7512,T,C,1,MT-TS1,50,7,-0.002837538719177246
8313,G,A,1,MT-TK,50,7,-0.01694774627685547
8340,G,A,1,MT-TK,50,7,-0.0031055212020874023
8344,A,G,1,MT-TK,50,7,-0.0009337663650512695
8348,A,G,0,MT-TK,50,7,-0.004323244094848633
8356,T,C,1,MT-TK,50,7,-0.0034694671630859375
8363,G,A,1,MT-TK,50,7,-0.0028831958770751953
10007,T,C,0,MT-TG,50,7,0.0016908645629882812
10034,T,C,0,MT-TG,50,7,-0.0016565322875976562
10463,T,C,0,MT-TR,50,7,0.0007113218307495117
12147,G,A,1,MT-TH,50,7,-0.012614250183105469
12201,T,C,1,MT-TH,50,7,-0.0027892589569091797
12239,C,T,0,MT-TS2,50,7,-0.0006333589553833008
12258,C,A,1,MT-TS2,50,7,-0.006188154220581055
12276,G,A,1,MT-TL2,50,7,-0.0017478466033935547
12308,A,G,0,MT-TL2,50,7,-0.005329251289367676
12315,G,A,1,MT-TL2,50,7,-0.0033092498779296875
14674,T,C,1,MT-TE,50,7,-0.0015740394592285156
14684,C,T,0,MT-TE,50,7,0.01532292366027832
14709,T,C,1,MT-TE,50,7,-0.0022188425064086914
15894,G,A,0,MT-TT,50,7,-0.0145949125289917
15904,C,T,0,MT-TT,50,7,0.00028073787689208984
15907,A,G,0,MT-TT,50,7,-0.0012013912200927734
15923,A,G,1,MT-TT,50,7,-0.011613130569458008
15924,A,G,0,MT-TT,50,7,-0.006249904632568359
15928,G,A,0,MT-TT,50,7,-0.001906275749206543
15990,C,T,1,MT-TP,50,7,-0.0024802684783935547
591,C,T,1,MT-TF,50,8,0.003292679786682129
616,T,C,1,MT-TF,50,8,-0.02219104766845703
629,T,C,0,MT-TF,50,8,0.0012017488479614258
1624,C,T,1,MT-TV,50,8,-0.003882765769958496
1644,G,A,1,MT-TV,50,8,-0.004568934440612793
3242,G,A,1,MT-TL1,50,8,-0.022841811180114746
3243,A,G,1,MT-TL1,50,8,-0.028876543045043945
3243,A,T,1,MT-TL1,50,8,-0.030846834182739258
3251,A,G,1,MT-TL1,50,8,-0.003535151481628418
3252,A,G,1,MT-TL1,50,8,-0.009441614151000977
3255,G,A,1,MT-TL1,50,8,-0.005413055419921875
3256,C,T,1,MT-TL1,50,8,-0.006245017051696777
3258,T,C,1,MT-TL1,50,8,-0.004569888114929199
3260,A,G,1,MT-TL1,50,8,-0.0064650774002075195
3271,T,C,1,MT-TL1,50,8,-0.0012433528900146484
3291,T,C,1,MT-TL1,50,8,-0.0033621788024902344
3302,A,G,1,MT-TL1,50,8,-0.0021975040435791016
3303,C,T,1,MT-TL1,50,8,-0.003642439842224121
4300,A,G,1,MT-TI,50,8,-0.004373788833618164
4336,T,C,0,MT-TQ,50,8,-0.000850677490234375
4370,T,C,0,MT-TQ,50,8,-0.0012134313583374023
4450,G,A,1,MT-TM,50,8,-0.007519245147705078
4452,T,C,0,MT-TM,50,8,-0.0008976459503173828
5521,G,A,1,MT-TW,50,8,0.0013682842254638672
5553,T,C,0,MT-TW,50,8,-0.0009188652038574219
5556,G,A,1,MT-TW,50,8,-0.0033926963806152344
5650,G,A,1,MT-TA,50,8,-0.0025599002838134766
5690,A,G,1,MT-TN,50,8,-0.005524158477783203
5703,G,A,1,MT-TN,50,8,0.0008957386016845703
5728,T,C,1,MT-TN,50,8,-0.001069784164428711
5814,T,C,0,MT-TC,50,8,-0.003542304039001465
7453,G,A,1,MT-TS1,50,8,-0.005939483642578125
7471,C,T,0,MT-TS1,50,8,0.0029747486114501953
7472,A,T,0,MT-TS1,50,8,0.000760197639465332
7476,C,T,0,MT-TS1,50,8,0.001742243766784668
7493,C,T,0,MT-TS1,50,8,-0.00011515617370605469
7497,G,A,1,MT-TS1,50,8,0.0012764930725097656
7498,G,A,0,MT-TS1,50,8,0.0001049041748046875
7510,T,C,1,MT-TS1,50,8,0.00019109249114990234
7511,T,C,1,MT-TS1,50,8,-0.003393411636352539
7512,T,C,1,MT-TS1,50,8,-0.0004513263702392578
8313,G,A,1,MT-TK,50,8,-0.004837989807128906
8340,G,A,1,MT-TK,50,8,-0.0034945011138916016
8344,A,G,1,MT-TK,50,8,-0.0003666877746582031
8348,A,G,0,MT-TK,50,8,-0.00414884090423584
8356,T,C,1,MT-TK,50,8,-0.0029349327087402344
8363,G,A,1,MT-TK,50,8,-0.0030183792114257812
10007,T,C,0,MT-TG,50,8,0.0030651092529296875
10034,T,C,0,MT-TG,50,8,-0.0006513595581054688
10463,T,C,0,MT-TR,50,8,0.0003820657730102539
12147,G,A,1,MT-TH,50,8,-0.022701740264892578
12201,T,C,1,MT-TH,50,8,-0.003007054328918457
12239,C,T,0,MT-TS2,50,8,-0.000995635986328125
12258,C,A,1,MT-TS2,50,8,-0.013745784759521484
12276,G,A,1,MT-TL2,50,8,-0.011010289192199707
12308,A,G,0,MT-TL2,50,8,-0.003142833709716797
12315,G,A,1,MT-TL2,50,8,-0.00858604907989502
14674,T,C,1,MT-TE,50,8,0.0004208087921142578
14684,C,T,0,MT-TE,50,8,0.004809260368347168
14709,T,C,1,MT-TE,50,8,-0.00042998790740966797
15894,G,A,0,MT-TT,50,8,-0.0027916431427001953
15904,C,T,0,MT-TT,50,8,3.2186508178710938e-06
15907,A,G,0,MT-TT,50,8,-0.0014276504516601562
15923,A,G,1,MT-TT,50,8,-0.00923013687133789
15924,A,G,0,MT-TT,50,8,-0.004606127738952637
15928,G,A,0,MT-TT,50,8,-0.0023500919342041016
15990,C,T,1,MT-TP,50,8,0.0008237361907958984
591,C,T,1,MT-TF,50,9,0.009282827377319336
616,T,C,1,MT-TF,50,9,-0.006479859352111816
629,T,C,0,MT-TF,50,9,0.0002181529998779297
1624,C,T,1,MT-TV,50,9,0.0007082223892211914
1644,G,A,1,MT-TV,50,9,-0.0023409128189086914
3242,G,A,1,MT-TL1,50,9,-0.024002790451049805
3243,A,G,1,MT-TL1,50,9,-0.027740001678466797
3243,A,T,1,MT-TL1,50,9,-0.032117247581481934
3251,A,G,1,MT-TL1,50,9,-0.00549626350402832
3252,A,G,1,MT-TL1,50,9,-0.010602235794067383
3255,G,A,1,MT-TL1,50,9,-0.009274840354919434
3256,C,T,1,MT-TL1,50,9,-0.009180068969726562
3258,T,C,1,MT-TL1,50,9,-0.0025315284729003906
3260,A,G,1,MT-TL1,50,9,-0.004242420196533203
3271,T,C,1,MT-TL1,50,9,-0.004971146583557129
3291,T,C,1,MT-TL1,50,9,-0.004256248474121094
3302,A,G,1,MT-TL1,50,9,-0.003070354461669922
3303,C,T,1,MT-TL1,50,9,-0.0021539926528930664
4300,A,G,1,MT-TI,50,9,0.0002961158752441406
4336,T,C,0,MT-TQ,50,9,-0.00012493133544921875
4370,T,C,0,MT-TQ,50,9,-0.0009882450103759766
4450,G,A,1,MT-TM,50,9,-0.008671402931213379
4452,T,C,0,MT-TM,50,9,-0.002746105194091797
5521,G,A,1,MT-TW,50,9,0.010261774063110352
5553,T,C,0,MT-TW,50,9,-0.003160834312438965
5556,G,A,1,MT-TW,50,9,-0.005723357200622559
5650,G,A,1,MT-TA,50,9,-0.0035725831985473633
5690,A,G,1,MT-TN,50,9,-0.010743141174316406
5703,G,A,1,MT-TN,50,9,0.00018274784088134766
5728,T,C,1,MT-TN,50,9,-0.0009763240814208984
5814,T,C,0,MT-TC,50,9,-0.0035425424575805664
7453,G,A,1,MT-TS1,50,9,-0.0034148693084716797
7471,C,T,0,MT-TS1,50,9,0.0031222105026245117
7472,A,T,0,MT-TS1,50,9,-0.0005929470062255859
7476,C,T,0,MT-TS1,50,9,0.0008399486541748047
7493,C,T,0,MT-TS1,50,9,-0.002566218376159668
7497,G,A,1,MT-TS1,50,9,0.0020613670349121094
7498,G,A,0,MT-TS1,50,9,0.0010616779327392578
7510,T,C,1,MT-TS1,50,9,-0.0010862350463867188
7511,T,C,1,MT-TS1,50,9,-0.0022107362747192383
7512,T,C,1,MT-TS1,50,9,-0.0002580881118774414
8313,G,A,1,MT-TK,50,9,-0.00434565544128418
8340,G,A,1,MT-TK,50,9,-0.0023092031478881836
8344,A,G,1,MT-TK,50,9,-0.00010478496551513672
8348,A,G,0,MT-TK,50,9,-0.0042732954025268555
8356,T,C,1,MT-TK,50,9,-0.0025527477264404297
8363,G,A,1,MT-TK,50,9,-0.002915501594543457
10007,T,C,0,MT-TG,50,9,0.007184505462646484
10034,T,C,0,MT-TG,50,9,-0.0024576187133789062
10463,T,C,0,MT-TR,50,9,-0.0009438991546630859
12147,G,A,1,MT-TH,50,9,-0.01684582233428955
12201,T,C,1,MT-TH,50,9,-0.000213623046875
12239,C,T,0,MT-TS2,50,9,-0.000538945198059082
12258,C,A,1,MT-TS2,50,9,-0.009395122528076172
12276,G,A,1,MT-TL2,50,9,0.000896453857421875
12308,A,G,0,MT-TL2,50,9,-0.004928708076477051
12315,G,A,1,MT-TL2,50,9,0.0008443593978881836
14674,T,C,1,MT-TE,50,9,-0.0012694597244262695
14684,C,T,0,MT-TE,50,9,0.009768366813659668
14709,T,C,1,MT-TE,50,9,-0.0005561113357543945
15894,G,A,0,MT-TT,50,9,-0.01708698272705078
15904,C,T,0,MT-TT,50,9,0.00019085407257080078
15907,A,G,0,MT-TT,50,9,-0.0012826919555664062
15923,A,G,1,MT-TT,50,9,-0.01619589328765869
15924,A,G,0,MT-TT,50,9,-0.002395153045654297
15928,G,A,0,MT-TT,50,9,-0.0011684894561767578
15990,C,T,1,MT-TP,50,9,-0.0017353296279907227
591,C,T,1,MT-TF,100,0,0.006685972213745117
616,T,C,1,MT-TF,100,0,-0.00566256046295166
629,T,C,0,MT-TF,100,0,0.0026079416275024414
1624,C,T,1,MT-TV,100,0,0.0013074874877929688
1644,G,A,1,MT-TV,100,0,0.00019073486328125
3242,G,A,1,MT-TL1,100,0,-0.024407386779785156
3243,A,G,1,MT-TL1,100,0,-0.03254091739654541
3243,A,T,1,MT-TL1,100,0,-0.03270423412322998
3251,A,G,1,MT-TL1,100,0,-0.004325985908508301
3252,A,G,1,MT-TL1,100,0,-0.00970149040222168
3255,G,A,1,MT-TL1,100,0,-0.0038803815841674805
3256,C,T,1,MT-TL1,100,0,-0.006415963172912598
3258,T,C,1,MT-TL1,100,0,-0.0039948225021362305
3260,A,G,1,MT-TL1,100,0,-0.007341265678405762
3271,T,C,1,MT-TL1,100,0,-0.0030045509338378906
3291,T,C,1,MT-TL1,100,0,-0.0016721487045288086
3302,A,G,1,MT-TL1,100,0,-0.004246711730957031
3303,C,T,1,MT-TL1,100,0,-0.004011869430541992
4300,A,G,1,MT-TI,100,0,-0.00410914421081543
4336,T,C,0,MT-TQ,100,0,-0.0025163888931274414
4370,T,C,0,MT-TQ,100,0,-0.0012180805206298828
4450,G,A,1,MT-TM,100,0,-0.005396127700805664
4452,T,C,0,MT-TM,100,0,-9.97781753540039e-05
5521,G,A,1,MT-TW,100,0,7.069110870361328e-05
5553,T,C,0,MT-TW,100,0,-0.0029958486557006836
5556,G,A,1,MT-TW,100,0,-0.004527449607849121
5650,G,A,1,MT-TA,100,0,-0.004441976547241211
5690,A,G,1,MT-TN,100,0,-0.00931239128112793
5703,G,A,1,MT-TN,100,0,0.0010782480239868164
5728,T,C,1,MT-TN,100,0,-0.0003228187561035156
5814,T,C,0,MT-TC,100,0,0.0006240606307983398
7453,G,A,1,MT-TS1,100,0,-0.0031224489212036133
7471,C,T,0,MT-TS1,100,0,0.0024985074996948242
7472,A,T,0,MT-TS1,100,0,-0.000746607780456543
7476,C,T,0,MT-TS1,100,0,-0.0003647804260253906
7493,C,T,0,MT-TS1,100,0,-0.0006334781646728516
7497,G,A,1,MT-TS1,100,0,0.0007631778717041016
7498,G,A,0,MT-TS1,100,0,0.0014110803604125977
7510,T,C,1,MT-TS1,100,0,-0.0008767843246459961
7511,T,C,1,MT-TS1,100,0,-0.0015200376510620117
7512,T,C,1,MT-TS1,100,0,-0.000777125358581543
8313,G,A,1,MT-TK,100,0,-0.004310965538024902
8340,G,A,1,MT-TK,100,0,-0.004054427146911621
8344,A,G,1,MT-TK,100,0,-0.0006628036499023438
8348,A,G,0,MT-TK,100,0,-0.003400444984436035
8356,T,C,1,MT-TK,100,0,-0.0018696784973144531
8363,G,A,1,MT-TK,100,0,-0.002554655075073242
10007,T,C,0,MT-TG,100,0,-0.00020968914031982422
10034,T,C,0,MT-TG,100,0,-0.0011057853698730469
10463,T,C,0,MT-TR,100,0,-0.0021017789840698242
12147,G,A,1,MT-TH,100,0,-0.024662017822265625
12201,T,C,1,MT-TH,100,0,-0.0010362863540649414
12239,C,T,0,MT-TS2,100,0,-0.0008592605590820312
12258,C,A,1,MT-TS2,100,0,-0.010758638381958008
12276,G,A,1,MT-TL2,100,0,-0.012373685836791992
12308,A,G,0,MT-TL2,100,0,-0.00629115104675293
12315,G,A,1,MT-TL2,100,0,-0.006208300590515137
14674,T,C,1,MT-TE,100,0,-0.002062082290649414
14684,C,T,0,MT-TE,100,0,0.004735589027404785
14709,T,C,1,MT-TE,100,0,-0.005445361137390137
15894,G,A,0,MT-TT,100,0,0.0019174814224243164
15904,C,T,0,MT-TT,100,0,0.0004534721374511719
15907,A,G,0,MT-TT,100,0,-0.002279520034790039
15923,A,G,1,MT-TT,100,0,-0.008027076721191406
15924,A,G,0,MT-TT,100,0,-0.004412174224853516
15928,G,A,0,MT-TT,100,0,-0.001531839370727539
15990,C,T,1,MT-TP,100,0,-0.007000923156738281
591,C,T,1,MT-TF,100,1,0.004599809646606445
616,T,C,1,MT-TF,100,1,-0.012042522430419922
629,T,C,0,MT-TF,100,1,0.0016449689865112305
1624,C,T,1,MT-TV,100,1,0.0004024505615234375
1644,G,A,1,MT-TV,100,1,-0.0002473592758178711
3242,G,A,1,MT-TL1,100,1,-0.010641694068908691
3243,A,G,1,MT-TL1,100,1,-0.026715993881225586
3243,A,T,1,MT-TL1,100,1,-0.03450882434844971
3251,A,G,1,MT-TL1,100,1,-0.005508899688720703
3252,A,G,1,MT-TL1,100,1,-0.00978696346282959
3255,G,A,1,MT-TL1,100,1,-0.008041977882385254
3256,C,T,1,MT-TL1,100,1,-0.00895237922668457
3258,T,C,1,MT-TL1,100,1,-0.004759430885314941
3260,A,G,1,MT-TL1,100,1,-0.0031173229217529297
3271,T,C,1,MT-TL1,100,1,-0.0021692514419555664
3291,T,C,1,MT-TL1,100,1,-0.002752542495727539
3302,A,G,1,MT-TL1,100,1,-0.003703594207763672
3303,C,T,1,MT-TL1,100,1,-0.003312826156616211
4300,A,G,1,MT-TI,100,1,-0.005323886871337891
4336,T,C,0,MT-TQ,100,1,-0.0017641782760620117
4370,T,C,0,MT-TQ,100,1,0.00024199485778808594
4450,G,A,1,MT-TM,100,1,-0.0054666996002197266
4452,T,C,0,MT-TM,100,1,-0.0009877681732177734
5521,G,A,1,MT-TW,100,1,-0.0024366378784179688
5553,T,C,0,MT-TW,100,1,-0.0022011995315551758
5556,G,A,1,MT-TW,100,1,-0.0060405731201171875
5650,G,A,1,MT-TA,100,1,-0.004713773727416992
5690,A,G,1,MT-TN,100,1,-0.010964155197143555
5703,G,A,1,MT-TN,100,1,0.0008533000946044922
5728,T,C,1,MT-TN,100,1,-0.001294851303100586
5814,T,C,0,MT-TC,100,1,0.00024831295013427734
7453,G,A,1,MT-TS1,100,1,-0.0024796724319458008
7471,C,T,0,MT-TS1,100,1,0.003164052963256836
7472,A,T,0,MT-TS1,100,1,0.0011113882064819336
7476,C,T,0,MT-TS1,100,1,-0.00010800361633300781
7493,C,T,0,MT-TS1,100,1,-0.000316619873046875
7497,G,A,1,MT-TS1,100,1,0.0007853507995605469
7498,G,A,0,MT-TS1,100,1,0.0007984638214111328
7510,T,C,1,MT-TS1,100,1,-0.0003979206085205078
7511,T,C,1,MT-TS1,100,1,-0.0007939338684082031
7512,T,C,1,MT-TS1,100,1,-0.00012576580047607422
8313,G,A,1,MT-TK,100,1,-0.004878878593444824
8340,G,A,1,MT-TK,100,1,-0.004972696304321289
8344,A,G,1,MT-TK,100,1,-0.0014607906341552734
8348,A,G,0,MT-TK,100,1,-0.003092527389526367
8356,T,C,1,MT-TK,100,1,-0.000832676887512207
8363,G,A,1,MT-TK,100,1,-0.00344693660736084
10007,T,C,0,MT-TG,100,1,0.0003679990768432617
10034,T,C,0,MT-TG,100,1,-0.0024608373641967773
10463,T,C,0,MT-TR,100,1,-0.0029075145721435547
12147,G,A,1,MT-TH,100,1,-0.009702563285827637
12201,T,C,1,MT-TH,100,1,0.0002818107604980469
12239,C,T,0,MT-TS2,100,1,-0.0005788803100585938
12258,C,A,1,MT-TS2,100,1,-0.01002204418182373
12276,G,A,1,MT-TL2,100,1,-0.01109468936920166
12308,A,G,0,MT-TL2,100,1,-0.007068514823913574
12315,G,A,1,MT-TL2,100,1,-0.0070029497146606445
14674,T,C,1,MT-TE,100,1,0.0009558200836181641
14684,C,T,0,MT-TE,100,1,0.0013568401336669922
14709,T,C,1,MT-TE,100,1,-0.0034803152084350586
15894,G,A,0,MT-TT,100,1,-0.0002459287643432617
15904,C,T,0,MT-TT,100,1,-0.0002709627151489258
15907,A,G,0,MT-TT,100,1,-0.0026404857635498047
15923,A,G,1,MT-TT,100,1,-0.006817460060119629
15924,A,G,0,MT-TT,100,1,-0.003373861312866211
15928,G,A,0,MT-TT,100,1,-0.00036966800689697266
15990,C,T,1,MT-TP,100,1,-0.00791168212890625
591,C,T,1,MT-TF,100,2,0.0046384334564208984
616,T,C,1,MT-TF,100,2,-0.009903907775878906
629,T,C,0,MT-TF,100,2,0.00041091442108154297
1624,C,T,1,MT-TV,100,2,0.002908468246459961
1644,G,A,1,MT-TV,100,2,-0.00222623348236084
3242,G,A,1,MT-TL1,100,2,-0.013729572296142578
3243,A,G,1,MT-TL1,100,2,-0.027894973754882812
3243,A,T,1,MT-TL1,100,2,-0.03204345703125
3251,A,G,1,MT-TL1,100,2,-0.004187107086181641
3252,A,G,1,MT-TL1,100,2,-0.00938725471496582
3255,G,A,1,MT-TL1,100,2,-0.008801579475402832
3256,C,T,1,MT-TL1,100,2,-0.007326841354370117
3258,T,C,1,MT-TL1,100,2,-0.0036907196044921875
3260,A,G,1,MT-TL1,100,2,-0.00526583194732666
3271,T,C,1,MT-TL1,100,2,-0.0019975900650024414
3291,T,C,1,MT-TL1,100,2,-0.0033686161041259766
3302,A,G,1,MT-TL1,100,2,-0.00038993358612060547
3303,C,T,1,MT-TL1,100,2,-0.002876758575439453
4300,A,G,1,MT-TI,100,2,-0.003139495849609375
4336,T,C,0,MT-TQ,100,2,-0.003682374954223633
4370,T,C,0,MT-TQ,100,2,-0.0004360675811767578
4450,G,A,1,MT-TM,100,2,-0.005044817924499512
4452,T,C,0,MT-TM,100,2,-0.0018669366836547852
5521,G,A,1,MT-TW,100,2,-0.0023415088653564453
5553,T,C,0,MT-TW,100,2,-0.0024728775024414062
5556,G,A,1,MT-TW,100,2,-0.007260799407958984
5650,G,A,1,MT-TA,100,2,-0.004698514938354492
5690,A,G,1,MT-TN,100,2,-0.0092393159866333
5703,G,A,1,MT-TN,100,2,0.000682830810546875
5728,T,C,1,MT-TN,100,2,-0.0010378360748291016
5814,T,C,0,MT-TC,100,2,-0.0010504722595214844
7453,G,A,1,MT-TS1,100,2,-0.0032515525817871094
7471,C,T,0,MT-TS1,100,2,0.003037571907043457
7472,A,T,0,MT-TS1,100,2,0.0004956722259521484
7476,C,T,0,MT-TS1,100,2,-0.0003058910369873047
7493,C,T,0,MT-TS1,100,2,0.001230001449584961
7497,G,A,1,MT-TS1,100,2,0.0011124610900878906
7498,G,A,0,MT-TS1,100,2,0.00014472007751464844
7510,T,C,1,MT-TS1,100,2,-0.0008664131164550781
7511,T,C,1,MT-TS1,100,2,-0.0023061037063598633
7512,T,C,1,MT-TS1,100,2,-0.0005190372467041016
8313,G,A,1,MT-TK,100,2,-0.005795121192932129
8340,G,A,1,MT-TK,100,2,-0.0032857656478881836
8344,A,G,1,MT-TK,100,2,-0.0008085966110229492
8348,A,G,0,MT-TK,100,2,-0.004654884338378906
8356,T,C,1,MT-TK,100,2,-0.0021562576293945312
8363,G,A,1,MT-TK,100,2,-0.003342151641845703
10007,T,C,0,MT-TG,100,2,-0.0034096240997314453
10034,T,C,0,MT-TG,100,2,-0.0026570558547973633
10463,T,C,0,MT-TR,100,2,-0.002318143844604492
12147,G,A,1,MT-TH,100,2,-0.013922691345214844
12201,T,C,1,MT-TH,100,2,0.00023555755615234375
12239,C,T,0,MT-TS2,100,2,-0.0025960206985473633
12258,C,A,1,MT-TS2,100,2,-0.01149129867553711
12276,G,A,1,MT-TL2,100,2,-0.011454343795776367
12308,A,G,0,MT-TL2,100,2,-0.0056046247482299805
12315,G,A,1,MT-TL2,100,2,-0.007077455520629883
14674,T,C,1,MT-TE,100,2,0.00018894672393798828
14684,C,T,0,MT-TE,100,2,-0.0011894702911376953
14709,T,C,1,MT-TE,100,2,-0.002283930778503418
15894,G,A,0,MT-TT,100,2,0.0006153583526611328
15904,C,T,0,MT-TT,100,2,0.0007410049438476562
15907,A,G,0,MT-TT,100,2,-0.0017101764678955078
15923,A,G,1,MT-TT,100,2,-0.01264643669128418
15924,A,G,0,MT-TT,100,2,-0.00289309024810791
15928,G,A,0,MT-TT,100,2,-0.0014605522155761719
15990,C,T,1,MT-TP,100,2,-0.005958080291748047
591,C,T,1,MT-TF,100,3,0.0052002668380737305
616,T,C,1,MT-TF,100,3,-0.011096954345703125
629,T,C,0,MT-TF,100,3,-0.0022069215774536133
1624,C,T,1,MT-TV,100,3,0.00596308708190918
1644,G,A,1,MT-TV,100,3,-0.0010018348693847656
3242,G,A,1,MT-TL1,100,3,-0.023290038108825684
3243,A,G,1,MT-TL1,100,3,-0.029277443885803223
3243,A,T,1,MT-TL1,100,3,-0.042023658752441406
3251,A,G,1,MT-TL1,100,3,-0.003937721252441406
3252,A,G,1,MT-TL1,100,3,-0.010768890380859375
3255,G,A,1,MT-TL1,100,3,-0.0058133602142333984
3256,C,T,1,MT-TL1,100,3,-0.007462501525878906
3258,T,C,1,MT-TL1,100,3,-0.0034638643264770508
3260,A,G,1,MT-TL1,100,3,-0.004672408103942871
3271,T,C,1,MT-TL1,100,3,-0.0016292333602905273
3291,T,C,1,MT-TL1,100,3,-0.0033228397369384766
3302,A,G,1,MT-TL1,100,3,-0.0020041465759277344
3303,C,T,1,MT-TL1,100,3,-0.002748727798461914
4300,A,G,1,MT-TI,100,3,-0.0031943321228027344
4336,T,C,0,MT-TQ,100,3,-0.0009802579879760742
4370,T,C,0,MT-TQ,100,3,-0.0007103681564331055
4450,G,A,1,MT-TM,100,3,-0.006049036979675293
4452,T,C,0,MT-TM,100,3,-0.00011944770812988281
5521,G,A,1,MT-TW,100,3,-0.0007187128067016602
5553,T,C,0,MT-TW,100,3,-0.0015056133270263672
5556,G,A,1,MT-TW,100,3,-0.0066416263580322266
5650,G,A,1,MT-TA,100,3,-0.005258083343505859
5690,A,G,1,MT-TN,100,3,-0.013696551322937012
5703,G,A,1,MT-TN,100,3,0.0007154941558837891
5728,T,C,1,MT-TN,100,3,-0.0003870725631713867
5814,T,C,0,MT-TC,100,3,-0.0007928609848022461
7453,G,A,1,MT-TS1,100,3,-0.003215312957763672
7471,C,T,0,MT-TS1,100,3,0.0026650428771972656
7472,A,T,0,MT-TS1,100,3,-0.0004903078079223633
7476,C,T,0,MT-TS1,100,3,0.0025342702865600586
7493,C,T,0,MT-TS1,100,3,-0.0012621879577636719
7497,G,A,1,MT-TS1,100,3,0.0009561777114868164
7498,G,A,0,MT-TS1,100,3,0.0006910562515258789
7510,T,C,1,MT-TS1,100,3,-0.0011532306671142578
7511,T,C,1,MT-TS1,100,3,-0.002262711524963379
7512,T,C,1,MT-TS1,100,3,-0.002357959747314453
8313,G,A,1,MT-TK,100,3,-0.006387591361999512
8340,G,A,1,MT-TK,100,3,-0.004898786544799805
8344,A,G,1,MT-TK,100,3,-0.001817941665649414
8348,A,G,0,MT-TK,100,3,-0.003801584243774414
8356,T,C,1,MT-TK,100,3,-0.002164602279663086
8363,G,A,1,MT-TK,100,3,-0.004612088203430176
10007,T,C,0,MT-TG,100,3,0.0016889572143554688
10034,T,C,0,MT-TG,100,3,-0.0005173683166503906
10463,T,C,0,MT-TR,100,3,-0.001651167869567871
12147,G,A,1,MT-TH,100,3,-0.014089584350585938
12201,T,C,1,MT-TH,100,3,-0.0013513565063476562
12239,C,T,0,MT-TS2,100,3,-0.000978708267211914
12258,C,A,1,MT-TS2,100,3,-0.010148406028747559
12276,G,A,1,MT-TL2,100,3,-0.016623377799987793
12308,A,G,0,MT-TL2,100,3,-0.007406353950500488
12315,G,A,1,MT-TL2,100,3,-0.005260825157165527
14674,T,C,1,MT-TE,100,3,-0.001150965690612793
14684,C,T,0,MT-TE,100,3,-0.0004929304122924805
14709,T,C,1,MT-TE,100,3,-0.006871461868286133
15894,G,A,0,MT-TT,100,3,-0.00043487548828125
15904,C,T,0,MT-TT,100,3,-1.5974044799804688e-05
15907,A,G,0,MT-TT,100,3,-0.0018333196640014648
15923,A,G,1,MT-TT,100,3,-0.009973764419555664
15924,A,G,0,MT-TT,100,3,-0.0041081905364990234
15928,G,A,0,MT-TT,100,3,-0.0009007453918457031
15990,C,T,1,MT-TP,100,3,-0.007128119468688965
591,C,T,1,MT-TF,100,4,0.0021886825561523438
616,T,C,1,MT-TF,100,4,-0.010918259620666504
629,T,C,0,MT-TF,100,4,0.001517653465270996
1624,C,T,1,MT-TV,100,4,0.0025408267974853516
1644,G,A,1,MT-TV,100,4,-0.0009777545928955078
3242,G,A,1,MT-TL1,100,4,-0.009685993194580078
3243,A,G,1,MT-TL1,100,4,-0.03627777099609375
3243,A,T,1,MT-TL1,100,4,-0.03597068786621094
3251,A,G,1,MT-TL1,100,4,-0.003888249397277832
3252,A,G,1,MT-TL1,100,4,-0.007475852966308594
3255,G,A,1,MT-TL1,100,4,-0.006567478179931641
3256,C,T,1,MT-TL1,100,4,-0.0076253414154052734
3258,T,C,1,MT-TL1,100,4,-0.0018786191940307617
3260,A,G,1,MT-TL1,100,4,-0.005811214447021484
3271,T,C,1,MT-TL1,100,4,-0.0012819766998291016
3291,T,C,1,MT-TL1,100,4,-0.002720475196838379
3302,A,G,1,MT-TL1,100,4,-0.0020140409469604492
3303,C,T,1,MT-TL1,100,4,-0.0018808841705322266
4300,A,G,1,MT-TI,100,4,-0.004010915756225586
4336,T,C,0,MT-TQ,100,4,-0.0018270015716552734
4370,T,C,0,MT-TQ,100,4,-0.0004630088806152344
4450,G,A,1,MT-TM,100,4,-0.007040500640869141
4452,T,C,0,MT-TM,100,4,-3.886222839355469e-05
5521,G,A,1,MT-TW,100,4,-0.0026209354400634766
5553,T,C,0,MT-TW,100,4,-0.0017392635345458984
5556,G,A,1,MT-TW,100,4,-0.005450248718261719
5650,G,A,1,MT-TA,100,4,-0.0036203861236572266
5690,A,G,1,MT-TN,100,4,-0.014493703842163086
5703,G,A,1,MT-TN,100,4,-9.059906005859375e-06
5728,T,C,1,MT-TN,100,4,-0.0004113912582397461
5814,T,C,0,MT-TC,100,4,-0.0006301403045654297
7453,G,A,1,MT-TS1,100,4,-0.0021321773529052734
7471,C,T,0,MT-TS1,100,4,0.003270268440246582
7472,A,T,0,MT-TS1,100,4,0.00021398067474365234
7476,C,T,0,MT-TS1,100,4,0.0009860992431640625
7493,C,T,0,MT-TS1,100,4,-0.0008525848388671875
7497,G,A,1,MT-TS1,100,4,0.0009393692016601562
7498,G,A,0,MT-TS1,100,4,-9.465217590332031e-05
7510,T,C,1,MT-TS1,100,4,-0.0020400285720825195
7511,T,C,1,MT-TS1,100,4,-0.0007314682006835938
7512,T,C,1,MT-TS1,100,4,-0.001733541488647461
8313,G,A,1,MT-TK,100,4,-0.006745457649230957
8340,G,A,1,MT-TK,100,4,-0.0036226511001586914
8344,A,G,1,MT-TK,100,4,-0.0020128488540649414
8348,A,G,0,MT-TK,100,4,-0.0034598112106323242
8356,T,C,1,MT-TK,100,4,-0.0018440485000610352
8363,G,A,1,MT-TK,100,4,-0.0027674436569213867
10007,T,C,0,MT-TG,100,4,-0.00038051605224609375
10034,T,C,0,MT-TG,100,4,-0.0019421577453613281
10463,T,C,0,MT-TR,100,4,-0.0020821094512939453
12147,G,A,1,MT-TH,100,4,-0.023089051246643066
12201,T,C,1,MT-TH,100,4,0.0009429454803466797
12239,C,T,0,MT-TS2,100,4,8.344650268554688e-05
12258,C,A,1,MT-TS2,100,4,-0.009618997573852539
12276,G,A,1,MT-TL2,100,4,-0.015758872032165527
12308,A,G,0,MT-TL2,100,4,-0.007678031921386719
12315,G,A,1,MT-TL2,100,4,-0.001598954200744629
14674,T,C,1,MT-TE,100,4,-9.608268737792969e-05
14684,C,T,0,MT-TE,100,4,-0.0011646747589111328
14709,T,C,1,MT-TE,100,4,-0.0019115209579467773
15894,G,A,0,MT-TT,100,4,0.0002799034118652344
15904,C,T,0,MT-TT,100,4,-0.00015985965728759766
15907,A,G,0,MT-TT,100,4,-0.0012053251266479492
15923,A,G,1,MT-TT,100,4,-0.01264047622680664
15924,A,G,0,MT-TT,100,4,-0.0034062862396240234
15928,G,A,0,MT-TT,100,4,-0.0006983280181884766
15990,C,T,1,MT-TP,100,4,-0.006204485893249512
591,C,T,1,MT-TF,100,5,0.004978299140930176
616,T,C,1,MT-TF,100,5,-0.00914621353149414
629,T,C,0,MT-TF,100,5,0.0006641149520874023
1624,C,T,1,MT-TV,100,5,-4.8041343688964844e-05
1644,G,A,1,MT-TV,100,5,-0.0025767087936401367
3242,G,A,1,MT-TL1,100,5,-0.024297595024108887
3243,A,G,1,MT-TL1,100,5,-0.037401437759399414
3243,A,T,1,MT-TL1,100,5,-0.03469240665435791
3251,A,G,1,MT-TL1,100,5,-0.005373358726501465
3252,A,G,1,MT-TL1,100,5,-0.008075475692749023
3255,G,A,1,MT-TL1,100,5,-0.0077332258224487305
3256,C,T,1,MT-TL1,100,5,-0.00811004638671875
3258,T,C,1,MT-TL1,100,5,-0.0027767419815063477
3260,A,G,1,MT-TL1,100,5,-0.005615830421447754
3271,T,C,1,MT-TL1,100,5,-0.003231644630432129
3291,T,C,1,MT-TL1,100,5,-0.003043651580810547
3302,A,G,1,MT-TL1,100,5,-0.0024813413619995117
3303,C,T,1,MT-TL1,100,5,-0.003712892532348633
4300,A,G,1,MT-TI,100,5,-0.004214286804199219
4336,T,C,0,MT-TQ,100,5,-0.0006937980651855469
4370,T,C,0,MT-TQ,100,5,-0.0005474090576171875
4450,G,A,1,MT-TM,100,5,-0.0057582855224609375
4452,T,C,0,MT-TM,100,5,9.250640869140625e-05
5521,G,A,1,MT-TW,100,5,-0.004649758338928223
5553,T,C,0,MT-TW,100,5,-0.002026200294494629
5556,G,A,1,MT-TW,100,5,-0.006118059158325195
5650,G,A,1,MT-TA,100,5,-0.004130959510803223
5690,A,G,1,MT-TN,100,5,-0.011155843734741211
5703,G,A,1,MT-TN,100,5,-1.0013580322265625e-05
5728,T,C,1,MT-TN,100,5,-0.0019712448120117188
5814,T,C,0,MT-TC,100,5,-0.0002218484878540039
7453,G,A,1,MT-TS1,100,5,-0.003856062889099121
7471,C,T,0,MT-TS1,100,5,0.002066373825073242
7472,A,T,0,MT-TS1,100,5,-0.0008007287979125977
7476,C,T,0,MT-TS1,100,5,0.001119852066040039
7493,C,T,0,MT-TS1,100,5,-3.612041473388672e-05
7497,G,A,1,MT-TS1,100,5,0.0008205175399780273
7498,G,A,0,MT-TS1,100,5,0.0011745691299438477
7510,T,C,1,MT-TS1,100,5,-0.0006153583526611328
7511,T,C,1,MT-TS1,100,5,-0.0006424188613891602
7512,T,C,1,MT-TS1,100,5,4.482269287109375e-05
8313,G,A,1,MT-TK,100,5,-0.006219983100891113
8340,G,A,1,MT-TK,100,5,-0.003688812255859375
8344,A,G,1,MT-TK,100,5,-0.0006320476531982422
8348,A,G,0,MT-TK,100,5,-0.003195524215698242
8356,T,C,1,MT-TK,100,5,-0.003260374069213867
8363,G,A,1,MT-TK,100,5,-0.0016933679580688477
10007,T,C,0,MT-TG,100,5,0.009726285934448242
10034,T,C,0,MT-TG,100,5,-0.0019152164459228516
10463,T,C,0,MT-TR,100,5,-0.002675175666809082
12147,G,A,1,MT-TH,100,5,-0.018041610717773438
12201,T,C,1,MT-TH,100,5,-2.09808349609375e-05
12239,C,T,0,MT-TS2,100,5,-0.001794576644897461
12258,C,A,1,MT-TS2,100,5,-0.009398102760314941
12276,G,A,1,MT-TL2,100,5,-0.011761665344238281
12308,A,G,0,MT-TL2,100,5,-0.008050918579101562
12315,G,A,1,MT-TL2,100,5,-0.0033301115036010742
14674,T,C,1,MT-TE,100,5,0.00034928321838378906
14684,C,T,0,MT-TE,100,5,0.001894235610961914
14709,T,C,1,MT-TE,100,5,-0.0036541223526000977
15894,G,A,0,MT-TT,100,5,-0.0018496513366699219
15904,C,T,0,MT-TT,100,5,0.000859379768371582
15907,A,G,0,MT-TT,100,5,-0.0019185543060302734
15923,A,G,1,MT-TT,100,5,-0.0198746919631958
15924,A,G,0,MT-TT,100,5,-0.0013000965118408203
15928,G,A,0,MT-TT,100,5,-0.0012928247451782227
15990,C,T,1,MT-TP,100,5,-0.006284356117248535
591,C,T,1,MT-TF,100,6,0.005235195159912109
616,T,C,1,MT-TF,100,6,-0.004540920257568359
629,T,C,0,MT-TF,100,6,0.0008723735809326172
1624,C,T,1,MT-TV,100,6,0.001753687858581543
1644,G,A,1,MT-TV,100,6,0.002318263053894043
3242,G,A,1,MT-TL1,100,6,-0.02158486843109131
3243,A,G,1,MT-TL1,100,6,-0.03251445293426514
3243,A,T,1,MT-TL1,100,6,-0.03484010696411133
3251,A,G,1,MT-TL1,100,6,-0.00626683235168457
3252,A,G,1,MT-TL1,100,6,-0.009114861488342285
3255,G,A,1,MT-TL1,100,6,-0.00872802734375
3256,C,T,1,MT-TL1,100,6,-0.009410262107849121
3258,T,C,1,MT-TL1,100,6,-0.006025552749633789
3260,A,G,1,MT-TL1,100,6,-0.004713535308837891
3271,T,C,1,MT-TL1,100,6,-0.0026644468307495117
3291,T,C,1,MT-TL1,100,6,-0.0012656450271606445
3302,A,G,1,MT-TL1,100,6,-0.004026293754577637
3303,C,T,1,MT-TL1,100,6,-0.004110097885131836
4300,A,G,1,MT-TI,100,6,-0.0038491487503051758
4336,T,C,0,MT-TQ,100,6,-0.0009521245956420898
4370,T,C,0,MT-TQ,100,6,-0.0006574392318725586
4450,G,A,1,MT-TM,100,6,-0.007934808731079102
4452,T,C,0,MT-TM,100,6,-0.001894831657409668
5521,G,A,1,MT-TW,100,6,-0.002461552619934082
5553,T,C,0,MT-TW,100,6,-0.0017980337142944336
5556,G,A,1,MT-TW,100,6,-0.0064089298248291016
5650,G,A,1,MT-TA,100,6,-0.003435492515563965
5690,A,G,1,MT-TN,100,6,-0.01061105728149414
5703,G,A,1,MT-TN,100,6,0.0004665851593017578
5728,T,C,1,MT-TN,100,6,-0.0009932518005371094
5814,T,C,0,MT-TC,100,6,-0.002133607864379883
7453,G,A,1,MT-TS1,100,6,-0.0018835067749023438
7471,C,T,0,MT-TS1,100,6,0.0021888017654418945
7472,A,T,0,MT-TS1,100,6,0.00048339366912841797
7476,C,T,0,MT-TS1,100,6,0.0007729530334472656
7493,C,T,0,MT-TS1,100,6,0.0004963874816894531
7497,G,A,1,MT-TS1,100,6,0.0012059211730957031
7498,G,A,0,MT-TS1,100,6,-0.0002865791320800781
7510,T,C,1,MT-TS1,100,6,-0.0005266666412353516
7511,T,C,1,MT-TS1,100,6,-0.0005830526351928711
7512,T,C,1,MT-TS1,100,6,-0.0005915164947509766
8313,G,A,1,MT-TK,100,6,-0.004084110260009766
8340,G,A,1,MT-TK,100,6,-0.004332900047302246
8344,A,G,1,MT-TK,100,6,-0.001117706298828125
8348,A,G,0,MT-TK,100,6,-0.0039594173431396484
8356,T,C,1,MT-TK,100,6,-0.001458883285522461
8363,G,A,1,MT-TK,100,6,-0.0032385587692260742
10007,T,C,0,MT-TG,100,6,-0.0013580322265625
10034,T,C,0,MT-TG,100,6,0.0005316734313964844
10463,T,C,0,MT-TR,100,6,-0.0023221969604492188
12147,G,A,1,MT-TH,100,6,-0.013434290885925293
12201,T,C,1,MT-TH,100,6,0.0009621381759643555
12239,C,T,0,MT-TS2,100,6,-0.0015308856964111328
12258,C,A,1,MT-TS2,100,6,-0.008485913276672363
12276,G,A,1,MT-TL2,100,6,-0.012030243873596191
12308,A,G,0,MT-TL2,100,6,-0.0043256282806396484
12315,G,A,1,MT-TL2,100,6,-0.003971099853515625
14674,T,C,1,MT-TE,100,6,-3.9458274841308594e-05
14684,C,T,0,MT-TE,100,6,0.0002536773681640625
14709,T,C,1,MT-TE,100,6,-0.004687666893005371
15894,G,A,0,MT-TT,100,6,-0.0010280609130859375
15904,C,T,0,MT-TT,100,6,0.0010582208633422852
15907,A,G,0,MT-TT,100,6,-0.0030542612075805664
15923,A,G,1,MT-TT,100,6,-0.01089787483215332
15924,A,G,0,MT-TT,100,6,-0.004239320755004883
15928,G,A,0,MT-TT,100,6,-0.0019701719284057617
15990,C,T,1,MT-TP,100,6,-0.005609273910522461
591,C,T,1,MT-TF,100,7,0.003986477851867676
616,T,C,1,MT-TF,100,7,-0.011751890182495117
629,T,C,0,MT-TF,100,7,0.0011067390441894531
1624,C,T,1,MT-TV,100,7,0.001956939697265625
1644,G,A,1,MT-TV,100,7,0.0025017261505126953
3242,G,A,1,MT-TL1,100,7,-0.025206804275512695
3243,A,G,1,MT-TL1,100,7,-0.033115386962890625
3243,A,T,1,MT-TL1,100,7,-0.028360843658447266
3251,A,G,1,MT-TL1,100,7,-0.006295680999755859
3252,A,G,1,MT-TL1,100,7,-0.011194825172424316
3255,G,A,1,MT-TL1,100,7,-0.0039740800857543945
3256,C,T,1,MT-TL1,100,7,-0.009541869163513184
3258,T,C,1,MT-TL1,100,7,-0.004790544509887695
3260,A,G,1,MT-TL1,100,7,-0.004370689392089844
3271,T,C,1,MT-TL1,100,7,-0.0017408132553100586
3291,T,C,1,MT-TL1,100,7,-0.00395965576171875
3302,A,G,1,MT-TL1,100,7,-0.004249930381774902
3303,C,T,1,MT-TL1,100,7,-0.0024955272674560547
4300,A,G,1,MT-TI,100,7,-0.0051097869873046875
4336,T,C,0,MT-TQ,100,7,-0.0011060237884521484
4370,T,C,0,MT-TQ,100,7,-3.528594970703125e-05
4450,G,A,1,MT-TM,100,7,-0.007084846496582031
4452,T,C,0,MT-TM,100,7,-0.0009539127349853516
5521,G,A,1,MT-TW,100,7,-0.0008696317672729492
5553,T,C,0,MT-TW,100,7,-0.0022881031036376953
5556,G,A,1,MT-TW,100,7,-0.00591588020324707
5650,G,A,1,MT-TA,100,7,-0.0038917064666748047
5690,A,G,1,MT-TN,100,7,-0.009153485298156738
5703,G,A,1,MT-TN,100,7,-0.0003426074981689453
5728,T,C,1,MT-TN,100,7,-0.00048339366912841797
5814,T,C,0,MT-TC,100,7,-0.0008258819580078125
7453,G,A,1,MT-TS1,100,7,-0.0011184215545654297
7471,C,T,0,MT-TS1,100,7,0.0034183263778686523
7472,A,T,0,MT-TS1,100,7,-0.0012835264205932617
7476,C,T,0,MT-TS1,100,7,-0.0007230043411254883
7493,C,T,0,MT-TS1,100,7,-0.00018656253814697266
7497,G,A,1,MT-TS1,100,7,0.00235593318939209
7498,G,A,0,MT-TS1,100,7,0.0010737180709838867
7510,T,C,1,MT-TS1,100,7,-0.0012028217315673828
7511,T,C,1,MT-TS1,100,7,-0.001638650894165039
7512,T,C,1,MT-TS1,100,7,-0.0022094249725341797
8313,G,A,1,MT-TK,100,7,-0.004709959030151367
8340,G,A,1,MT-TK,100,7,-0.004014730453491211
8344,A,G,1,MT-TK,100,7,-0.0008339881896972656
8348,A,G,0,MT-TK,100,7,-0.004369497299194336
8356,T,C,1,MT-TK,100,7,-0.001652836799621582
8363,G,A,1,MT-TK,100,7,-0.0035364627838134766
10007,T,C,0,MT-TG,100,7,0.0034706592559814453
10034,T,C,0,MT-TG,100,7,-0.003467559814453125
10463,T,C,0,MT-TR,100,7,-0.0019730329513549805
12147,G,A,1,MT-TH,100,7,-0.015964984893798828
12201,T,C,1,MT-TH,100,7,-0.0006328821182250977
12239,C,T,0,MT-TS2,100,7,-0.0015990734100341797
12258,C,A,1,MT-TS2,100,7,-0.00871121883392334
12276,G,A,1,MT-TL2,100,7,-0.011651396751403809
12308,A,G,0,MT-TL2,100,7,-0.008669614791870117
12315,G,A,1,MT-TL2,100,7,-0.005123138427734375
14674,T,C,1,MT-TE,100,7,-0.00015938282012939453
14684,C,T,0,MT-TE,100,7,0.00024378299713134766
14709,T,C,1,MT-TE,100,7,-0.0033704042434692383
15894,G,A,0,MT-TT,100,7,-0.0028319358825683594
15904,C,T,0,MT-TT,100,7,0.0011184215545654297
15907,A,G,0,MT-TT,100,7,-0.002409815788269043
15923,A,G,1,MT-TT,100,7,-0.007927179336547852
15924,A,G,0,MT-TT,100,7,-0.003908872604370117
15928,G,A,0,MT-TT,100,7,-0.0008834600448608398
15990,C,T,1,MT-TP,100,7,-0.00755620002746582
591,C,T,1,MT-TF,100,8,0.007553577423095703
616,T,C,1,MT-TF,100,8,-0.010134696960449219
629,T,C,0,MT-TF,100,8,-0.00260770320892334
1624,C,T,1,MT-TV,100,8,0.001097559928894043
1644,G,A,1,MT-TV,100,8,-0.0002167224884033203
3242,G,A,1,MT-TL1,100,8,-0.03176140785217285
3243,A,G,1,MT-TL1,100,8,-0.02950596809387207
3243,A,T,1,MT-TL1,100,8,-0.03279292583465576
3251,A,G,1,MT-TL1,100,8,-0.005031585693359375
3252,A,G,1,MT-TL1,100,8,-0.01089322566986084
3255,G,A,1,MT-TL1,100,8,-0.006155133247375488
3256,C,T,1,MT-TL1,100,8,-0.006779193878173828
3258,T,C,1,MT-TL1,100,8,-0.004683852195739746
3260,A,G,1,MT-TL1,100,8,-0.0037451982498168945
3271,T,C,1,MT-TL1,100,8,-0.002975940704345703
3291,T,C,1,MT-TL1,100,8,-0.0022935867309570312
3302,A,G,1,MT-TL1,100,8,-0.00353240966796875
3303,C,T,1,MT-TL1,100,8,-0.004210472106933594
4300,A,G,1,MT-TI,100,8,-0.00549924373626709
4336,T,C,0,MT-TQ,100,8,-0.000989675521850586
4370,T,C,0,MT-TQ,100,8,-0.0016598701477050781
4450,G,A,1,MT-TM,100,8,-0.006766319274902344
4452,T,C,0,MT-TM,100,8,-0.0012362003326416016
5521,G,A,1,MT-TW,100,8,-0.0021562576293945312
5553,T,C,0,MT-TW,100,8,-0.0018308162689208984
5556,G,A,1,MT-TW,100,8,-0.0058029890060424805
5650,G,A,1,MT-TA,100,8,-0.0036840438842773438
5690,A,G,1,MT-TN,100,8,-0.010695695877075195
5703,G,A,1,MT-TN,100,8,0.0011168718338012695
5728,T,C,1,MT-TN,100,8,-0.0012208223342895508
5814,T,C,0,MT-TC,100,8,-0.0006761550903320312
7453,G,A,1,MT-TS1,100,8,-0.0024873018264770508
7471,C,T,0,MT-TS1,100,8,0.002262592315673828
7472,A,T,0,MT-TS1,100,8,0.00033032894134521484
7476,C,T,0,MT-TS1,100,8,0.0001087188720703125
7493,C,T,0,MT-TS1,100,8,9.846687316894531e-05
7497,G,A,1,MT-TS1,100,8,0.0011714696884155273
7498,G,A,0,MT-TS1,100,8,-0.0004417896270751953
7510,T,C,1,MT-TS1,100,8,-0.00116729736328125
7511,T,C,1,MT-TS1,100,8,-0.00018072128295898438
7512,T,C,1,MT-TS1,100,8,-0.0018131732940673828
8313,G,A,1,MT-TK,100,8,-0.003971576690673828
8340,G,A,1,MT-TK,100,8,-0.0036951303482055664
8344,A,G,1,MT-TK,100,8,-0.0005143880844116211
8348,A,G,0,MT-TK,100,8,-0.004486203193664551
8356,T,C,1,MT-TK,100,8,-0.0017328262329101562
8363,G,A,1,MT-TK,100,8,-0.004057168960571289
10007,T,C,0,MT-TG,100,8,-0.0005395412445068359
10034,T,C,0,MT-TG,100,8,-0.001797318458557129
10463,T,C,0,MT-TR,100,8,-0.0030128955841064453
12147,G,A,1,MT-TH,100,8,-0.008622884750366211
12201,T,C,1,MT-TH,100,8,-0.0006682872772216797
12239,C,T,0,MT-TS2,100,8,-0.0007959604263305664
12258,C,A,1,MT-TS2,100,8,-0.008605241775512695
12276,G,A,1,MT-TL2,100,8,-0.012497425079345703
12308,A,G,0,MT-TL2,100,8,-0.004163146018981934
12315,G,A,1,MT-TL2,100,8,-0.007670164108276367
14674,T,C,1,MT-TE,100,8,0.0009546279907226562
14684,C,T,0,MT-TE,100,8,0.0009170770645141602
14709,T,C,1,MT-TE,100,8,-0.004042983055114746
15894,G,A,0,MT-TT,100,8,-0.0021082162857055664
15904,C,T,0,MT-TT,100,8,4.744529724121094e-05
15907,A,G,0,MT-TT,100,8,-0.0024902820587158203
15923,A,G,1,MT-TT,100,8,-0.012762904167175293
15924,A,G,0,MT-TT,100,8,-0.00267636775970459
15928,G,A,0,MT-TT,100,8,-0.0017113685607910156
15990,C,T,1,MT-TP,100,8,-0.007133960723876953
591,C,T,1,MT-TF,100,9,0.009139299392700195
616,T,C,1,MT-TF,100,9,-0.002844691276550293
629,T,C,0,MT-TF,100,9,-0.001904129981994629
1624,C,T,1,MT-TV,100,9,0.0016932487487792969
1644,G,A,1,MT-TV,100,9,-0.0035037994384765625
3242,G,A,1,MT-TL1,100,9,-0.014817953109741211
3243,A,G,1,MT-TL1,100,9,-0.03228604793548584
3243,A,T,1,MT-TL1,100,9,-0.03061974048614502
3251,A,G,1,MT-TL1,100,9,-0.004504799842834473
3252,A,G,1,MT-TL1,100,9,-0.011633992195129395
3255,G,A,1,MT-TL1,100,9,-0.00632631778717041
3256,C,T,1,MT-TL1,100,9,-0.006963849067687988
3258,T,C,1,MT-TL1,100,9,-0.005686044692993164
3260,A,G,1,MT-TL1,100,9,-0.0048629045486450195
3271,T,C,1,MT-TL1,100,9,-0.0015244483947753906
3291,T,C,1,MT-TL1,100,9,-0.0033284425735473633
3302,A,G,1,MT-TL1,100,9,-0.0002608299255371094
3303,C,T,1,MT-TL1,100,9,-0.0026226043701171875
4300,A,G,1,MT-TI,100,9,-0.003978252410888672
4336,T,C,0,MT-TQ,100,9,-0.0021158456802368164
4370,T,C,0,MT-TQ,100,9,-0.0011419057846069336
4450,G,A,1,MT-TM,100,9,-0.007744431495666504
4452,T,C,0,MT-TM,100,9,-0.0009750127792358398
5521,G,A,1,MT-TW,100,9,-0.0020579099655151367
5553,T,C,0,MT-TW,100,9,-0.0017175674438476562
5556,G,A,1,MT-TW,100,9,-0.0039598941802978516
5650,G,A,1,MT-TA,100,9,-0.005256772041320801
5690,A,G,1,MT-TN,100,9,-0.008777618408203125
5703,G,A,1,MT-TN,100,9,0.0008515119552612305
5728,T,C,1,MT-TN,100,9,-0.0003415346145629883
5814,T,C,0,MT-TC,100,9,-0.0014793872833251953
7453,G,A,1,MT-TS1,100,9,-0.0043267011642456055
7471,C,T,0,MT-TS1,100,9,0.004064440727233887
7472,A,T,0,MT-TS1,100,9,-0.0011879205703735352
7476,C,T,0,MT-TS1,100,9,0.0030483007431030273
7493,C,T,0,MT-TS1,100,9,0.0009129047393798828
7497,G,A,1,MT-TS1,100,9,0.0006624460220336914
7498,G,A,0,MT-TS1,100,9,0.0016003847122192383
7510,T,C,1,MT-TS1,100,9,-0.0004341602325439453
7511,T,C,1,MT-TS1,100,9,-0.001081228256225586
7512,T,C,1,MT-TS1,100,9,-0.0001685619354248047
8313,G,A,1,MT-TK,100,9,-0.0019649267196655273
8340,G,A,1,MT-TK,100,9,-0.003029942512512207
8344,A,G,1,MT-TK,100,9,-0.00043702125549316406
8348,A,G,0,MT-TK,100,9,-0.005172014236450195
8356,T,C,1,MT-TK,100,9,-0.0011464357376098633
8363,G,A,1,MT-TK,100,9,-0.004386305809020996
10007,T,C,0,MT-TG,100,9,0.00038683414459228516
10034,T,C,0,MT-TG,100,9,-0.0014200210571289062
10463,T,C,0,MT-TR,100,9,-0.0017025470733642578
12147,G,A,1,MT-TH,100,9,-0.026216506958007812
12201,T,C,1,MT-TH,100,9,-9.417533874511719e-05
12239,C,T,0,MT-TS2,100,9,-0.0008279085159301758
12258,C,A,1,MT-TS2,100,9,-0.007284641265869141
12276,G,A,1,MT-TL2,100,9,-0.012157559394836426
12308,A,G,0,MT-TL2,100,9,-0.005504965782165527
12315,G,A,1,MT-TL2,100,9,-0.003674626350402832
14674,T,C,1,MT-TE,100,9,0.00029277801513671875
14684,C,T,0,MT-TE,100,9,-0.0008729696273803711
14709,T,C,1,MT-TE,100,9,-0.005704283714294434
15894,G,A,0,MT-TT,100,9,-0.0011436939239501953
15904,C,T,0,MT-TT,100,9,0.0011239051818847656
15907,A,G,0,MT-TT,100,9,-0.0015393495559692383
15923,A,G,1,MT-TT,100,9,-0.01792120933532715
15924,A,G,0,MT-TT,100,9,-0.0021712779998779297
15928,G,A,0,MT-TT,100,9,-0.0007265806198120117
15990,C,T,1,MT-TP,100,9,-0.006003141403198242
591,C,T,1,MT-TF,200,0,0.005815267562866211
616,T,C,1,MT-TF,200,0,-0.015566587448120117
629,T,C,0,MT-TF,200,0,0.0022335052490234375
1624,C,T,1,MT-TV,200,0,0.00039899349212646484
1644,G,A,1,MT-TV,200,0,-0.002357959747314453
3242,G,A,1,MT-TL1,200,0,-0.008018434047698975
3243,A,G,1,MT-TL1,200,0,-0.012571096420288086
3243,A,T,1,MT-TL1,200,0,-0.028226494789123535
3251,A,G,1,MT-TL1,200,0,-0.005557894706726074
3252,A,G,1,MT-TL1,200,0,-0.004990696907043457
3255,G,A,1,MT-TL1,200,0,-0.008792877197265625
3256,C,T,1,MT-TL1,200,0,-0.00904381275177002
3258,T,C,1,MT-TL1,200,0,-0.002245306968688965
3260,A,G,1,MT-TL1,200,0,-0.008697748184204102
3271,T,C,1,MT-TL1,200,0,-0.0035135746002197266
3291,T,C,1,MT-TL1,200,0,-0.0038576126098632812
3302,A,G,1,MT-TL1,200,0,-0.0017919540405273438
3303,C,T,1,MT-TL1,200,0,-0.006576955318450928
4300,A,G,1,MT-TI,200,0,-0.004815459251403809
4336,T,C,0,MT-TQ,200,0,-0.0025339126586914062
4370,T,C,0,MT-TQ,200,0,-0.0014094710350036621
4450,G,A,1,MT-TM,200,0,-0.004697322845458984
4452,T,C,0,MT-TM,200,0,0.0004907846450805664
5521,G,A,1,MT-TW,200,0,-0.004662036895751953
5553,T,C,0,MT-TW,200,0,-0.0025910139083862305
5556,G,A,1,MT-TW,200,0,-0.005213022232055664
5650,G,A,1,MT-TA,200,0,-0.005463719367980957
5690,A,G,1,MT-TN,200,0,-0.009183645248413086
5703,G,A,1,MT-TN,200,0,0.0012017488479614258
5728,T,C,1,MT-TN,200,0,-0.0009438991546630859
5814,T,C,0,MT-TC,200,0,-0.001252293586730957
7453,G,A,1,MT-TS1,200,0,-0.0022852420806884766
7471,C,T,0,MT-TS1,200,0,0.0033916234970092773
7472,A,T,0,MT-TS1,200,0,-0.0007711648941040039
7476,C,T,0,MT-TS1,200,0,0.0013138055801391602
7493,C,T,0,MT-TS1,200,0,0.0004718303680419922
7497,G,A,1,MT-TS1,200,0,0.0010818243026733398
7498,G,A,0,MT-TS1,200,0,0.0005096197128295898
7510,T,C,1,MT-TS1,200,0,0.0002824068069458008
7511,T,C,1,MT-TS1,200,0,-0.001135110855102539
7512,T,C,1,MT-TS1,200,0,-7.033348083496094e-05
8313,G,A,1,MT-TK,200,0,-0.0037126541137695312
8340,G,A,1,MT-TK,200,0,-0.0029916763305664062
8344,A,G,1,MT-TK,200,0,-0.0011801719665527344
8348,A,G,0,MT-TK,200,0,-0.00063323974609375
8356,T,C,1,MT-TK,200,0,-0.0008275508880615234
8363,G,A,1,MT-TK,200,0,-0.006646156311035156
10007,T,C,0,MT-TG,200,0,-0.0034377574920654297
10034,T,C,0,MT-TG,200,0,-0.0010833740234375
10463,T,C,0,MT-TR,200,0,-0.002933502197265625
12147,G,A,1,MT-TH,200,0,-0.009716033935546875
12201,T,C,1,MT-TH,200,0,-0.0019161701202392578
12239,C,T,0,MT-TS2,200,0,-0.0008664131164550781
12258,C,A,1,MT-TS2,200,0,-0.008552908897399902
12276,G,A,1,MT-TL2,200,0,-0.012624740600585938
12308,A,G,0,MT-TL2,200,0,-0.004713177680969238
12315,G,A,1,MT-TL2,200,0,-0.006003737449645996
14674,T,C,1,MT-TE,200,0,-0.00016057491302490234
14684,C,T,0,MT-TE,200,0,0.0017518997192382812
14709,T,C,1,MT-TE,200,0,-0.0053021907806396484
15894,G,A,0,MT-TT,200,0,-0.0011371374130249023
15904,C,T,0,MT-TT,200,0,0.0012166500091552734
15907,A,G,0,MT-TT,200,0,-0.003678441047668457
15923,A,G,1,MT-TT,200,0,-0.005828857421875
15924,A,G,0,MT-TT,200,0,-0.001821756362915039
15928,G,A,0,MT-TT,200,0,-0.0027567148208618164
15990,C,T,1,MT-TP,200,0,-0.0068389177322387695
591,C,T,1,MT-TF,200,1,0.009568452835083008
616,T,C,1,MT-TF,200,1,-0.0073773860931396484
629,T,C,0,MT-TF,200,1,0.0020461082458496094
1624,C,T,1,MT-TV,200,1,-0.00026285648345947266
1644,G,A,1,MT-TV,200,1,-0.0035407543182373047
3242,G,A,1,MT-TL1,200,1,-0.005913972854614258
3243,A,G,1,MT-TL1,200,1,-0.012180685997009277
3243,A,T,1,MT-TL1,200,1,-0.02727329730987549
3251,A,G,1,MT-TL1,200,1,-0.00617748498916626
3252,A,G,1,MT-TL1,200,1,-0.00442737340927124
3255,G,A,1,MT-TL1,200,1,-0.00751805305480957
3256,C,T,1,MT-TL1,200,1,-0.008153080940246582
3258,T,C,1,MT-TL1,200,1,-0.0024023056030273438
3260,A,G,1,MT-TL1,200,1,-0.007993578910827637
3271,T,C,1,MT-TL1,200,1,-0.00300443172454834
3291,T,C,1,MT-TL1,200,1,-0.0011529326438903809
3302,A,G,1,MT-TL1,200,1,0.00026428699493408203
3303,C,T,1,MT-TL1,200,1,-0.007128238677978516
4300,A,G,1,MT-TI,200,1,-0.0049866437911987305
4336,T,C,0,MT-TQ,200,1,-0.0006394386291503906
4370,T,C,0,MT-TQ,200,1,-0.0005216598510742188
4450,G,A,1,MT-TM,200,1,-0.0052356719970703125
4452,T,C,0,MT-TM,200,1,-0.0003459453582763672
5521,G,A,1,MT-TW,200,1,-0.002454042434692383
5553,T,C,0,MT-TW,200,1,-0.0019996166229248047
5556,G,A,1,MT-TW,200,1,-0.006257772445678711
5650,G,A,1,MT-TA,200,1,-0.004749417304992676
5690,A,G,1,MT-TN,200,1,-0.007136821746826172
5703,G,A,1,MT-TN,200,1,0.00016021728515625
5728,T,C,1,MT-TN,200,1,-0.002253293991088867
5814,T,C,0,MT-TC,200,1,-0.00124281644821167
7453,G,A,1,MT-TS1,200,1,-0.0016673803329467773
7471,C,T,0,MT-TS1,200,1,0.0026972293853759766
7472,A,T,0,MT-TS1,200,1,-0.0016196966171264648
7476,C,T,0,MT-TS1,200,1,-8.761882781982422e-05
7493,C,T,0,MT-TS1,200,1,-0.0001316070556640625
7497,G,A,1,MT-TS1,200,1,0.0008732080459594727
7498,G,A,0,MT-TS1,200,1,0.0014688968658447266
7510,T,C,1,MT-TS1,200,1,-0.002506256103515625
7511,T,C,1,MT-TS1,200,1,-0.0015995502471923828
7512,T,C,1,MT-TS1,200,1,0.0017147064208984375
8313,G,A,1,MT-TK,200,1,-0.004702925682067871
8340,G,A,1,MT-TK,200,1,-0.0034656524658203125
8344,A,G,1,MT-TK,200,1,-0.0008437633514404297
8348,A,G,0,MT-TK,200,1,-0.00255739688873291
8356,T,C,1,MT-TK,200,1,-0.0027846097946166992
8363,G,A,1,MT-TK,200,1,-0.00629425048828125
10007,T,C,0,MT-TG,200,1,-0.002513885498046875
10034,T,C,0,MT-TG,200,1,-0.0013693571090698242
10463,T,C,0,MT-TR,200,1,-0.0010852813720703125
12147,G,A,1,MT-TH,200,1,-0.008287787437438965
12201,T,C,1,MT-TH,200,1,9.179115295410156e-05
12239,C,T,0,MT-TS2,200,1,-0.0004118680953979492
12258,C,A,1,MT-TS2,200,1,-0.008967995643615723
12276,G,A,1,MT-TL2,200,1,-0.013259172439575195
12308,A,G,0,MT-TL2,200,1,-0.004655003547668457
12315,G,A,1,MT-TL2,200,1,-0.006986856460571289
14674,T,C,1,MT-TE,200,1,-0.0036551952362060547
14684,C,T,0,MT-TE,200,1,0.0004979372024536133
14709,T,C,1,MT-TE,200,1,-0.0038160085678100586
15894,G,A,0,MT-TT,200,1,-0.0005235671997070312
15904,C,T,0,MT-TT,200,1,0.001503586769104004
15907,A,G,0,MT-TT,200,1,-0.0031387805938720703
15923,A,G,1,MT-TT,200,1,-0.006658673286437988
15924,A,G,0,MT-TT,200,1,-0.0015912055969238281
15928,G,A,0,MT-TT,200,1,-0.0016366243362426758
15990,C,T,1,MT-TP,200,1,-0.007668972015380859
591,C,T,1,MT-TF,200,2,0.0004355907440185547
616,T,C,1,MT-TF,200,2,-0.010404586791992188
629,T,C,0,MT-TF,200,2,0.002335190773010254
1624,C,T,1,MT-TV,200,2,0.0001785755157470703
1644,G,A,1,MT-TV,200,2,-0.0013557672500610352
3242,G,A,1,MT-TL1,200,2,-0.010642170906066895
3243,A,G,1,MT-TL1,200,2,-0.013122379779815674
3243,A,T,1,MT-TL1,200,2,-0.03168797492980957
3251,A,G,1,MT-TL1,200,2,-0.006091475486755371
3252,A,G,1,MT-TL1,200,2,-0.002492189407348633
3255,G,A,1,MT-TL1,200,2,-0.008180499076843262
3256,C,T,1,MT-TL1,200,2,-0.010103225708007812
3258,T,C,1,MT-TL1,200,2,-0.0026885271072387695
3260,A,G,1,MT-TL1,200,2,-0.007308006286621094
3271,T,C,1,MT-TL1,200,2,-0.003450751304626465
3291,T,C,1,MT-TL1,200,2,-0.0021907687187194824
3302,A,G,1,MT-TL1,200,2,-0.0021914243698120117
3303,C,T,1,MT-TL1,200,2,-0.006566345691680908
4300,A,G,1,MT-TI,200,2,-0.005670785903930664
4336,T,C,0,MT-TQ,200,2,-0.00267946720123291
4370,T,C,0,MT-TQ,200,2,-0.0019572973251342773
4450,G,A,1,MT-TM,200,2,-0.004322648048400879
4452,T,C,0,MT-TM,200,2,-0.0010159015655517578
5521,G,A,1,MT-TW,200,2,-0.005045890808105469
5553,T,C,0,MT-TW,200,2,-0.0011516809463500977
5556,G,A,1,MT-TW,200,2,-0.0052754878997802734
5650,G,A,1,MT-TA,200,2,-0.00451350212097168
5690,A,G,1,MT-TN,200,2,-0.006393074989318848
5703,G,A,1,MT-TN,200,2,0.0011928081512451172
5728,T,C,1,MT-TN,200,2,-0.001918792724609375
5814,T,C,0,MT-TC,200,2,-0.0009086728096008301
7453,G,A,1,MT-TS1,200,2,-0.0016478300094604492
7471,C,T,0,MT-TS1,200,2,0.0035135746002197266
7472,A,T,0,MT-TS1,200,2,0.0010235309600830078
7476,C,T,0,MT-TS1,200,2,0.0002200603485107422
7493,C,T,0,MT-TS1,200,2,-0.001591801643371582
7497,G,A,1,MT-TS1,200,2,0.0017578601837158203
7498,G,A,0,MT-TS1,200,2,0.0006721019744873047
7510,T,C,1,MT-TS1,200,2,-0.0011252164840698242
7511,T,C,1,MT-TS1,200,2,-0.0022960901260375977
7512,T,C,1,MT-TS1,200,2,0.0010428428649902344
8313,G,A,1,MT-TK,200,2,-0.0049163103103637695
8340,G,A,1,MT-TK,200,2,-0.003154754638671875
8344,A,G,1,MT-TK,200,2,-0.001295328140258789
8348,A,G,0,MT-TK,200,2,-0.0022057294845581055
8356,T,C,1,MT-TK,200,2,-0.0021709203720092773
8363,G,A,1,MT-TK,200,2,-0.006032466888427734
10007,T,C,0,MT-TG,200,2,-0.0019230842590332031
10034,T,C,0,MT-TG,200,2,-0.0018981695175170898
10463,T,C,0,MT-TR,200,2,-0.0022428035736083984
12147,G,A,1,MT-TH,200,2,-0.017357349395751953
12201,T,C,1,MT-TH,200,2,-0.0007789134979248047
12239,C,T,0,MT-TS2,200,2,-0.0007249116897583008
12258,C,A,1,MT-TS2,200,2,-0.009359240531921387
12276,G,A,1,MT-TL2,200,2,-0.012560248374938965
12308,A,G,0,MT-TL2,200,2,-0.005983710289001465
12315,G,A,1,MT-TL2,200,2,-0.006744861602783203
14674,T,C,1,MT-TE,200,2,-0.001393437385559082
14684,C,T,0,MT-TE,200,2,-0.0006960630416870117
14709,T,C,1,MT-TE,200,2,-0.005054593086242676
15894,G,A,0,MT-TT,200,2,-0.0009149312973022461
15904,C,T,0,MT-TT,200,2,0.0013892650604248047
15907,A,G,0,MT-TT,200,2,-0.0024764537811279297
15923,A,G,1,MT-TT,200,2,-0.006363034248352051
15924,A,G,0,MT-TT,200,2,-0.0030145645141601562
15928,G,A,0,MT-TT,200,2,-0.0029429197311401367
15990,C,T,1,MT-TP,200,2,-0.009102582931518555
591,C,T,1,MT-TF,200,3,0.0037581920623779297
616,T,C,1,MT-TF,200,3,-0.020037412643432617
629,T,C,0,MT-TF,200,3,0.0018849372863769531
1624,C,T,1,MT-TV,200,3,0.00036525726318359375
1644,G,A,1,MT-TV,200,3,-0.004117012023925781
3242,G,A,1,MT-TL1,200,3,-0.0074920654296875
3243,A,G,1,MT-TL1,200,3,-0.012063741683959961
3243,A,T,1,MT-TL1,200,3,-0.03638029098510742
3251,A,G,1,MT-TL1,200,3,-0.006491422653198242
3252,A,G,1,MT-TL1,200,3,-0.0038671493530273438
3255,G,A,1,MT-TL1,200,3,-0.007903337478637695
3256,C,T,1,MT-TL1,200,3,-0.011800050735473633
3258,T,C,1,MT-TL1,200,3,-0.0037273764610290527
3260,A,G,1,MT-TL1,200,3,-0.009188055992126465
3271,T,C,1,MT-TL1,200,3,-0.002037942409515381
3291,T,C,1,MT-TL1,200,3,-0.0024793148040771484
3302,A,G,1,MT-TL1,200,3,-0.00206071138381958
3303,C,T,1,MT-TL1,200,3,-0.006137073040008545
4300,A,G,1,MT-TI,200,3,-0.00448155403137207
4336,T,C,0,MT-TQ,200,3,-7.033348083496094e-05
4370,T,C,0,MT-TQ,200,3,-0.0014841556549072266
4450,G,A,1,MT-TM,200,3,-0.0039958953857421875
4452,T,C,0,MT-TM,200,3,-0.0005270242691040039
5521,G,A,1,MT-TW,200,3,-0.0029104948043823242
5553,T,C,0,MT-TW,200,3,-0.001109480857849121
5556,G,A,1,MT-TW,200,3,-0.0066155195236206055
5650,G,A,1,MT-TA,200,3,-0.005483031272888184
5690,A,G,1,MT-TN,200,3,-0.009032726287841797
5703,G,A,1,MT-TN,200,3,0.0002865791320800781
5728,T,C,1,MT-TN,200,3,-0.0023844242095947266
5814,T,C,0,MT-TC,200,3,-0.0012763738632202148
7453,G,A,1,MT-TS1,200,3,-0.0030336380004882812
7471,C,T,0,MT-TS1,200,3,0.00348663330078125
7472,A,T,0,MT-TS1,200,3,-0.001196146011352539
7476,C,T,0,MT-TS1,200,3,0.00039577484130859375
7493,C,T,0,MT-TS1,200,3,-0.0010483264923095703
7497,G,A,1,MT-TS1,200,3,0.0019409656524658203
7498,G,A,0,MT-TS1,200,3,0.0025777816772460938
7510,T,C,1,MT-TS1,200,3,-0.0014890432357788086
7511,T,C,1,MT-TS1,200,3,-0.0010765790939331055
7512,T,C,1,MT-TS1,200,3,2.7418136596679688e-05
8313,G,A,1,MT-TK,200,3,-0.004473209381103516
8340,G,A,1,MT-TK,200,3,-0.004712700843811035
8344,A,G,1,MT-TK,200,3,-0.001352548599243164
8348,A,G,0,MT-TK,200,3,-0.0021114349365234375
8356,T,C,1,MT-TK,200,3,-0.0026607513427734375
8363,G,A,1,MT-TK,200,3,-0.005175590515136719
10007,T,C,0,MT-TG,200,3,-0.002285480499267578
10034,T,C,0,MT-TG,200,3,-0.0008758306503295898
10463,T,C,0,MT-TR,200,3,-0.0009175539016723633
12147,G,A,1,MT-TH,200,3,-0.016041994094848633
12201,T,C,1,MT-TH,200,3,-0.0011876821517944336
12239,C,T,0,MT-TS2,200,3,0.0003439188003540039
12258,C,A,1,MT-TS2,200,3,-0.008482694625854492
12276,G,A,1,MT-TL2,200,3,-0.013975381851196289
12308,A,G,0,MT-TL2,200,3,-0.00565338134765625
12315,G,A,1,MT-TL2,200,3,-0.008035898208618164
14674,T,C,1,MT-TE,200,3,-0.0021709203720092773
14684,C,T,0,MT-TE,200,3,0.00013375282287597656
14709,T,C,1,MT-TE,200,3,-0.004706978797912598
15894,G,A,0,MT-TT,200,3,-0.0012018680572509766
15904,C,T,0,MT-TT,200,3,0.00017082691192626953
15907,A,G,0,MT-TT,200,3,-0.00265347957611084
15923,A,G,1,MT-TT,200,3,-0.005868673324584961
15924,A,G,0,MT-TT,200,3,-0.0012265443801879883
15928,G,A,0,MT-TT,200,3,-0.0011816024780273438
15990,C,T,1,MT-TP,200,3,-0.007466912269592285
591,C,T,1,MT-TF,200,4,0.005488872528076172
616,T,C,1,MT-TF,200,4,-0.013572335243225098
629,T,C,0,MT-TF,200,4,0.0036313533782958984
1624,C,T,1,MT-TV,200,4,-0.000580906867980957
1644,G,A,1,MT-TV,200,4,-0.004342913627624512
3242,G,A,1,MT-TL1,200,4,-0.00789731740951538
3243,A,G,1,MT-TL1,200,4,-0.013133704662322998
3243,A,T,1,MT-TL1,200,4,-0.03151571750640869
3251,A,G,1,MT-TL1,200,4,-0.005235493183135986
3252,A,G,1,MT-TL1,200,4,-0.005074441432952881
3255,G,A,1,MT-TL1,200,4,-0.007109582424163818
3256,C,T,1,MT-TL1,200,4,-0.0083656907081604
3258,T,C,1,MT-TL1,200,4,-0.0018925070762634277
3260,A,G,1,MT-TL1,200,4,-0.0071059465408325195
3271,T,C,1,MT-TL1,200,4,-0.0016617774963378906
3291,T,C,1,MT-TL1,200,4,-0.0022425055503845215
3302,A,G,1,MT-TL1,200,4,-0.003126084804534912
3303,C,T,1,MT-TL1,200,4,-0.0055201053619384766
4300,A,G,1,MT-TI,200,4,-0.004872679710388184
4336,T,C,0,MT-TQ,200,4,0.00043201446533203125
4370,T,C,0,MT-TQ,200,4,-0.0003656148910522461
4450,G,A,1,MT-TM,200,4,-0.0046651363372802734
4452,T,C,0,MT-TM,200,4,-0.0015859603881835938
5521,G,A,1,MT-TW,200,4,-0.004359245300292969
5553,T,C,0,MT-TW,200,4,-0.002711057662963867
5556,G,A,1,MT-TW,200,4,-0.00471186637878418
5650,G,A,1,MT-TA,200,4,-0.0061495304107666016
5690,A,G,1,MT-TN,200,4,-0.008231520652770996
5703,G,A,1,MT-TN,200,4,0.0010807514190673828
5728,T,C,1,MT-TN,200,4,-0.002713322639465332
5814,T,C,0,MT-TC,200,4,-0.0016139745712280273
7453,G,A,1,MT-TS1,200,4,-0.002334117889404297
7471,C,T,0,MT-TS1,200,4,0.0018851757049560547
7472,A,T,0,MT-TS1,200,4,0.0007460117340087891
7476,C,T,0,MT-TS1,200,4,-0.0012807846069335938
7493,C,T,0,MT-TS1,200,4,0.0006412267684936523
7497,G,A,1,MT-TS1,200,4,-0.0008916854858398438
7498,G,A,0,MT-TS1,200,4,0.0019339323043823242
7510,T,C,1,MT-TS1,200,4,-0.0002682209014892578
7511,T,C,1,MT-TS1,200,4,-0.0004353523254394531
7512,T,C,1,MT-TS1,200,4,0.0003421306610107422
8313,G,A,1,MT-TK,200,4,-0.00440526008605957
8340,G,A,1,MT-TK,200,4,-0.004518389701843262
8344,A,G,1,MT-TK,200,4,-0.0012646913528442383
8348,A,G,0,MT-TK,200,4,-0.002703547477722168
8356,T,C,1,MT-TK,200,4,-0.0022590160369873047
8363,G,A,1,MT-TK,200,4,-0.005928516387939453
10007,T,C,0,MT-TG,200,4,-0.0028076171875
10034,T,C,0,MT-TG,200,4,-0.0004094839096069336
10463,T,C,0,MT-TR,200,4,-0.0013682842254638672
12147,G,A,1,MT-TH,200,4,-0.02413320541381836
12201,T,C,1,MT-TH,200,4,-0.0008658170700073242
12239,C,T,0,MT-TS2,200,4,-0.0008331537246704102
12258,C,A,1,MT-TS2,200,4,-0.008603572845458984
12276,G,A,1,MT-TL2,200,4,-0.012502670288085938
12308,A,G,0,MT-TL2,200,4,-0.006572127342224121
12315,G,A,1,MT-TL2,200,4,-0.007118105888366699
14674,T,C,1,MT-TE,200,4,-0.001468062400817871
14684,C,T,0,MT-TE,200,4,-0.0007668733596801758
14709,T,C,1,MT-TE,200,4,-0.005401730537414551
15894,G,A,0,MT-TT,200,4,-0.0017676353454589844
15904,C,T,0,MT-TT,200,4,0.002172231674194336
15907,A,G,0,MT-TT,200,4,-0.0024138689041137695
15923,A,G,1,MT-TT,200,4,-0.006482124328613281
15924,A,G,0,MT-TT,200,4,-0.0019341707229614258
15928,G,A,0,MT-TT,200,4,-0.0019050836563110352
15990,C,T,1,MT-TP,200,4,-0.006466269493103027
591,C,T,1,MT-TF,200,5,0.009234905242919922
616,T,C,1,MT-TF,200,5,-0.004295468330383301
629,T,C,0,MT-TF,200,5,0.004156231880187988
1624,C,T,1,MT-TV,200,5,-0.0004868507385253906
1644,G,A,1,MT-TV,200,5,-0.002556324005126953
3242,G,A,1,MT-TL1,200,5,-0.009383440017700195
3243,A,G,1,MT-TL1,200,5,-0.01333993673324585
3243,A,T,1,MT-TL1,200,5,-0.03345894813537598
3251,A,G,1,MT-TL1,200,5,-0.006215035915374756
3252,A,G,1,MT-TL1,200,5,-0.002006232738494873
3255,G,A,1,MT-TL1,200,5,-0.00692671537399292
3256,C,T,1,MT-TL1,200,5,-0.008910536766052246
3258,T,C,1,MT-TL1,200,5,-0.002959311008453369
3260,A,G,1,MT-TL1,200,5,-0.007661163806915283
3271,T,C,1,MT-TL1,200,5,-0.003842294216156006
3291,T,C,1,MT-TL1,200,5,-0.0025587081909179688
3302,A,G,1,MT-TL1,200,5,-0.0016994476318359375
3303,C,T,1,MT-TL1,200,5,-0.006309568881988525
4300,A,G,1,MT-TI,200,5,-0.0043184757232666016
4336,T,C,0,MT-TQ,200,5,-0.002262115478515625
4370,T,C,0,MT-TQ,200,5,-0.0009763240814208984
4450,G,A,1,MT-TM,200,5,-0.004762530326843262
4452,T,C,0,MT-TM,200,5,-0.0005457401275634766
5521,G,A,1,MT-TW,200,5,-0.004176974296569824
5553,T,C,0,MT-TW,200,5,-0.0007500648498535156
5556,G,A,1,MT-TW,200,5,-0.0064318180084228516
5650,G,A,1,MT-TA,200,5,-0.004822373390197754
5690,A,G,1,MT-TN,200,5,-0.006649017333984375
5703,G,A,1,MT-TN,200,5,0.0013191699981689453
5728,T,C,1,MT-TN,200,5,-0.0005514621734619141
5814,T,C,0,MT-TC,200,5,-0.0013648271560668945
7453,G,A,1,MT-TS1,200,5,-0.0016834735870361328
7471,C,T,0,MT-TS1,200,5,0.0033229589462280273
7472,A,T,0,MT-TS1,200,5,9.381771087646484e-05
7476,C,T,0,MT-TS1,200,5,-0.0012886524200439453
7493,C,T,0,MT-TS1,200,5,0.0012693405151367188
7497,G,A,1,MT-TS1,200,5,-0.0002694129943847656
7498,G,A,0,MT-TS1,200,5,-9.572505950927734e-05
7510,T,C,1,MT-TS1,200,5,-1.1324882507324219e-05
7511,T,C,1,MT-TS1,200,5,-0.0009006261825561523
7512,T,C,1,MT-TS1,200,5,-0.0005779266357421875
8313,G,A,1,MT-TK,200,5,-0.005938053131103516
8340,G,A,1,MT-TK,200,5,-0.0032410621643066406
8344,A,G,1,MT-TK,200,5,-0.0021399259567260742
8348,A,G,0,MT-TK,200,5,-0.003742218017578125
8356,T,C,1,MT-TK,200,5,-0.0020003318786621094
8363,G,A,1,MT-TK,200,5,-0.005585312843322754
10007,T,C,0,MT-TG,200,5,-0.002244710922241211
10034,T,C,0,MT-TG,200,5,0.0003336668014526367
10463,T,C,0,MT-TR,200,5,-0.0031037330627441406
12147,G,A,1,MT-TH,200,5,-0.018940210342407227
12201,T,C,1,MT-TH,200,5,5.269050598144531e-05
12239,C,T,0,MT-TS2,200,5,7.343292236328125e-05
12258,C,A,1,MT-TS2,200,5,-0.007293581962585449
12276,G,A,1,MT-TL2,200,5,-0.012381315231323242
12308,A,G,0,MT-TL2,200,5,-0.005312681198120117
12315,G,A,1,MT-TL2,200,5,-0.0061571598052978516
14674,T,C,1,MT-TE,200,5,-7.11679458618164e-05
14684,C,T,0,MT-TE,200,5,-0.0003274679183959961
14709,T,C,1,MT-TE,200,5,-0.004821419715881348
15894,G,A,0,MT-TT,200,5,0.00029921531677246094
15904,C,T,0,MT-TT,200,5,0.0009360313415527344
15907,A,G,0,MT-TT,200,5,-0.002215743064880371
15923,A,G,1,MT-TT,200,5,-0.006882786750793457
15924,A,G,0,MT-TT,200,5,-0.0020656585693359375
15928,G,A,0,MT-TT,200,5,-0.0007635354995727539
15990,C,T,1,MT-TP,200,5,-0.00698399543762207
591,C,T,1,MT-TF,200,6,0.0062007904052734375
616,T,C,1,MT-TF,200,6,-0.02089548110961914
629,T,C,0,MT-TF,200,6,0.004218578338623047
1624,C,T,1,MT-TV,200,6,0.00031304359436035156
1644,G,A,1,MT-TV,200,6,-0.002749919891357422
3242,G,A,1,MT-TL1,200,6,-0.005682945251464844
3243,A,G,1,MT-TL1,200,6,-0.010873675346374512
3243,A,T,1,MT-TL1,200,6,-0.025642752647399902
3251,A,G,1,MT-TL1,200,6,-0.007240593433380127
3252,A,G,1,MT-TL1,200,6,-0.004490017890930176
3255,G,A,1,MT-TL1,200,6,-0.009192347526550293
3256,C,T,1,MT-TL1,200,6,-0.010769128799438477
3258,T,C,1,MT-TL1,200,6,-0.001503586769104004
3260,A,G,1,MT-TL1,200,6,-0.007020354270935059
3271,T,C,1,MT-TL1,200,6,-0.0034281015396118164
3291,T,C,1,MT-TL1,200,6,-0.001658320426940918
3302,A,G,1,MT-TL1,200,6,-0.0021222829818725586
3303,C,T,1,MT-TL1,200,6,-0.004866540431976318
4300,A,G,1,MT-TI,200,6,-0.005451083183288574
4336,T,C,0,MT-TQ,200,6,-0.0012601613998413086
4370,T,C,0,MT-TQ,200,6,0.0007975101470947266
4450,G,A,1,MT-TM,200,6,-0.004941821098327637
4452,T,C,0,MT-TM,200,6,-0.0009148120880126953
5521,G,A,1,MT-TW,200,6,-0.0010870695114135742
5553,T,C,0,MT-TW,200,6,-0.0021227598190307617
5556,G,A,1,MT-TW,200,6,-0.005687713623046875
5650,G,A,1,MT-TA,200,6,-0.005365490913391113
5690,A,G,1,MT-TN,200,6,-0.006314635276794434
5703,G,A,1,MT-TN,200,6,0.00013530254364013672
5728,T,C,1,MT-TN,200,6,-0.0016884803771972656
5814,T,C,0,MT-TC,200,6,-0.0017011165618896484
7453,G,A,1,MT-TS1,200,6,-0.0024329423904418945
7471,C,T,0,MT-TS1,200,6,0.002560257911682129
7472,A,T,0,MT-TS1,200,6,-0.0019093751907348633
7476,C,T,0,MT-TS1,200,6,-7.867813110351562e-05
7493,C,T,0,MT-TS1,200,6,-0.0011463165283203125
7497,G,A,1,MT-TS1,200,6,0.0010833740234375
7498,G,A,0,MT-TS1,200,6,0.0011796951293945312
7510,T,C,1,MT-TS1,200,6,9.5367431640625e-05
7511,T,C,1,MT-TS1,200,6,0.0001685619354248047
7512,T,C,1,MT-TS1,200,6,-0.00024628639221191406
8313,G,A,1,MT-TK,200,6,-0.0054242610931396484
8340,G,A,1,MT-TK,200,6,-0.002417922019958496
8344,A,G,1,MT-TK,200,6,-0.001999974250793457
8348,A,G,0,MT-TK,200,6,-0.0018367767333984375
8356,T,C,1,MT-TK,200,6,-0.00286865234375
8363,G,A,1,MT-TK,200,6,-0.006592512130737305
10007,T,C,0,MT-TG,200,6,-0.003290534019470215
10034,T,C,0,MT-TG,200,6,-0.0015158653259277344
10463,T,C,0,MT-TR,200,6,-0.0013973712921142578
12147,G,A,1,MT-TH,200,6,-0.008417725563049316
12201,T,C,1,MT-TH,200,6,-0.0001308917999267578
12239,C,T,0,MT-TS2,200,6,-0.0006878376007080078
12258,C,A,1,MT-TS2,200,6,-0.00892794132232666
12276,G,A,1,MT-TL2,200,6,-0.011939167976379395
12308,A,G,0,MT-TL2,200,6,-0.0034564733505249023
12315,G,A,1,MT-TL2,200,6,-0.00762486457824707
14674,T,C,1,MT-TE,200,6,-0.0018002986907958984
14684,C,T,0,MT-TE,200,6,0.0005565881729125977
14709,T,C,1,MT-TE,200,6,-0.0038269758224487305
15894,G,A,0,MT-TT,200,6,-0.0019559860229492188
15904,C,T,0,MT-TT,200,6,0.0006089210510253906
15907,A,G,0,MT-TT,200,6,-0.0023338794708251953
15923,A,G,1,MT-TT,200,6,-0.0076323747634887695
15924,A,G,0,MT-TT,200,6,-0.0015774965286254883
15928,G,A,0,MT-TT,200,6,-0.0015628337860107422
15990,C,T,1,MT-TP,200,6,-0.010180950164794922
591,C,T,1,MT-TF,200,7,0.0037735700607299805
616,T,C,1,MT-TF,200,7,-0.012424230575561523
629,T,C,0,MT-TF,200,7,-0.0008510351181030273
1624,C,T,1,MT-TV,200,7,-0.0006982088088989258
1644,G,A,1,MT-TV,200,7,-0.0025824308395385742
3242,G,A,1,MT-TL1,200,7,-0.005679011344909668
3243,A,G,1,MT-TL1,200,7,-0.012183964252471924
3243,A,T,1,MT-TL1,200,7,-0.030504167079925537
3251,A,G,1,MT-TL1,200,7,-0.006274521350860596
3252,A,G,1,MT-TL1,200,7,-0.003296792507171631
3255,G,A,1,MT-TL1,200,7,-0.008209705352783203
3256,C,T,1,MT-TL1,200,7,-0.008422374725341797
3258,T,C,1,MT-TL1,200,7,-0.0025305747985839844
3260,A,G,1,MT-TL1,200,7,-0.007760167121887207
3271,T,C,1,MT-TL1,200,7,-0.003590703010559082
3291,T,C,1,MT-TL1,200,7,-0.00244903564453125
3302,A,G,1,MT-TL1,200,7,-0.0014359354972839355
3303,C,T,1,MT-TL1,200,7,-0.0071225762367248535
4300,A,G,1,MT-TI,200,7,-0.005809187889099121
4336,T,C,0,MT-TQ,200,7,-0.0020352602005004883
4370,T,C,0,MT-TQ,200,7,-0.0014846324920654297
4450,G,A,1,MT-TM,200,7,-0.0053757429122924805
4452,T,C,0,MT-TM,200,7,-0.0015094280242919922
5521,G,A,1,MT-TW,200,7,-0.004423975944519043
5553,T,C,0,MT-TW,200,7,-0.002552032470703125
5556,G,A,1,MT-TW,200,7,-0.007209181785583496
5650,G,A,1,MT-TA,200,7,-0.0033578872680664062
5690,A,G,1,MT-TN,200,7,-0.007664918899536133
5703,G,A,1,MT-TN,200,7,0.0007369518280029297
5728,T,C,1,MT-TN,200,7,-0.0023794174194335938
5814,T,C,0,MT-TC,200,7,-0.0015730857849121094
7453,G,A,1,MT-TS1,200,7,-0.0038361549377441406
7471,C,T,0,MT-TS1,200,7,0.0031135082244873047
7472,A,T,0,MT-TS1,200,7,-0.004160761833190918
7476,C,T,0,MT-TS1,200,7,-0.00017189979553222656
7493,C,T,0,MT-TS1,200,7,-0.0018640756607055664
7497,G,A,1,MT-TS1,200,7,-0.0012472867965698242
7498,G,A,0,MT-TS1,200,7,0.00024247169494628906
7510,T,C,1,MT-TS1,200,7,-0.0020751953125
7511,T,C,1,MT-TS1,200,7,-0.0007271766662597656
7512,T,C,1,MT-TS1,200,7,0.001315474510192871
8313,G,A,1,MT-TK,200,7,-0.0029392242431640625
8340,G,A,1,MT-TK,200,7,-0.0029715299606323242
8344,A,G,1,MT-TK,200,7,-0.0029366016387939453
8348,A,G,0,MT-TK,200,7,-0.0022919178009033203
8356,T,C,1,MT-TK,200,7,-0.0011866092681884766
8363,G,A,1,MT-TK,200,7,-0.0050934553146362305
10007,T,C,0,MT-TG,200,7,-0.00214993953704834
10034,T,C,0,MT-TG,200,7,-0.0015692710876464844
10463,T,C,0,MT-TR,200,7,0.00014448165893554688
12147,G,A,1,MT-TH,200,7,-0.008967399597167969
12201,T,C,1,MT-TH,200,7,-0.0012660026550292969
12239,C,T,0,MT-TS2,200,7,-0.00030875205993652344
12258,C,A,1,MT-TS2,200,7,-0.010509967803955078
12276,G,A,1,MT-TL2,200,7,-0.013543009757995605
12308,A,G,0,MT-TL2,200,7,-0.005210995674133301
12315,G,A,1,MT-TL2,200,7,-0.007814884185791016
14674,T,C,1,MT-TE,200,7,-0.00019216537475585938
14684,C,T,0,MT-TE,200,7,0.001053452491760254
14709,T,C,1,MT-TE,200,7,-0.00480341911315918
15894,G,A,0,MT-TT,200,7,-0.0014767646789550781
15904,C,T,0,MT-TT,200,7,0.0014473199844360352
15907,A,G,0,MT-TT,200,7,-0.0026510953903198242
15923,A,G,1,MT-TT,200,7,-0.007282733917236328
15924,A,G,0,MT-TT,200,7,-0.00213623046875
15928,G,A,0,MT-TT,200,7,-0.0016404390335083008
15990,C,T,1,MT-TP,200,7,-0.00807046890258789
591,C,T,1,MT-TF,200,8,0.0063141584396362305
616,T,C,1,MT-TF,200,8,-0.017522335052490234
629,T,C,0,MT-TF,200,8,0.0012422800064086914
1624,C,T,1,MT-TV,200,8,0.0016559362411499023
1644,G,A,1,MT-TV,200,8,-0.002736210823059082
3242,G,A,1,MT-TL1,200,8,-0.00785893201828003
3243,A,G,1,MT-TL1,200,8,-0.01389533281326294
3243,A,T,1,MT-TL1,200,8,-0.03346651792526245
3251,A,G,1,MT-TL1,200,8,-0.005549311637878418
3252,A,G,1,MT-TL1,200,8,-0.0025250911712646484
3255,G,A,1,MT-TL1,200,8,-0.006842613220214844
3256,C,T,1,MT-TL1,200,8,-0.009365260601043701
3258,T,C,1,MT-TL1,200,8,-0.0009434819221496582
3260,A,G,1,MT-TL1,200,8,-0.009176254272460938
3271,T,C,1,MT-TL1,200,8,-0.004718005657196045
3291,T,C,1,MT-TL1,200,8,-0.0004966855049133301
3302,A,G,1,MT-TL1,200,8,-0.00193709135055542
3303,C,T,1,MT-TL1,200,8,-0.005919218063354492
4300,A,G,1,MT-TI,200,8,-0.005544185638427734
4336,T,C,0,MT-TQ,200,8,-0.0013753175735473633
4370,T,C,0,MT-TQ,200,8,-0.0005308389663696289
4450,G,A,1,MT-TM,200,8,-0.004049181938171387
4452,T,C,0,MT-TM,200,8,-0.0006262063980102539
5521,G,A,1,MT-TW,200,8,-0.003291606903076172
5553,T,C,0,MT-TW,200,8,-0.0009777545928955078
5556,G,A,1,MT-TW,200,8,-0.006505727767944336
5650,G,A,1,MT-TA,200,8,-0.00480198860168457
5690,A,G,1,MT-TN,200,8,-0.006158709526062012
5703,G,A,1,MT-TN,200,8,0.0015347003936767578
5728,T,C,1,MT-TN,200,8,-0.0017206668853759766
5814,T,C,0,MT-TC,200,8,-0.0014877915382385254
7453,G,A,1,MT-TS1,200,8,-0.0009337663650512695
7471,C,T,0,MT-TS1,200,8,0.003010392189025879
7472,A,T,0,MT-TS1,200,8,-0.0003604888916015625
7476,C,T,0,MT-TS1,200,8,-0.0009688138961791992
7493,C,T,0,MT-TS1,200,8,-0.0001819133758544922
7497,G,A,1,MT-TS1,200,8,0.0013386011123657227
7498,G,A,0,MT-TS1,200,8,0.0003635883331298828
7510,T,C,1,MT-TS1,200,8,-0.0005044937133789062
7511,T,C,1,MT-TS1,200,8,-0.0011963844299316406
7512,T,C,1,MT-TS1,200,8,0.0006371736526489258
8313,G,A,1,MT-TK,200,8,-0.0039119720458984375
8340,G,A,1,MT-TK,200,8,-0.003816366195678711
8344,A,G,1,MT-TK,200,8,-0.0019855499267578125
8348,A,G,0,MT-TK,200,8,-0.002855658531188965
8356,T,C,1,MT-TK,200,8,-0.0034945011138916016
8363,G,A,1,MT-TK,200,8,-0.006008267402648926
10007,T,C,0,MT-TG,200,8,-0.0020966529846191406
10034,T,C,0,MT-TG,200,8,-0.0021386146545410156
10463,T,C,0,MT-TR,200,8,-0.0006678104400634766
12147,G,A,1,MT-TH,200,8,-0.008083105087280273
12201,T,C,1,MT-TH,200,8,0.0009413957595825195
12239,C,T,0,MT-TS2,200,8,-0.000316619873046875
12258,C,A,1,MT-TS2,200,8,-0.010452985763549805
12276,G,A,1,MT-TL2,200,8,-0.012125611305236816
12308,A,G,0,MT-TL2,200,8,-0.004559636116027832
12315,G,A,1,MT-TL2,200,8,-0.0077321529388427734
14674,T,C,1,MT-TE,200,8,0.0005005598068237305
14684,C,T,0,MT-TE,200,8,0.002357959747314453
14709,T,C,1,MT-TE,200,8,-0.005547642707824707
15894,G,A,0,MT-TT,200,8,-0.002350926399230957
15904,C,T,0,MT-TT,200,8,0.0009667873382568359
15907,A,G,0,MT-TT,200,8,-0.002429366111755371
15923,A,G,1,MT-TT,200,8,-0.006422877311706543
15924,A,G,0,MT-TT,200,8,-0.0024291276931762695
15928,G,A,0,MT-TT,200,8,-0.0021420717239379883
15990,C,T,1,MT-TP,200,8,-0.009382009506225586
591,C,T,1,MT-TF,200,9,0.009781122207641602
616,T,C,1,MT-TF,200,9,-0.010527253150939941
629,T,C,0,MT-TF,200,9,0.002596139907836914
1624,C,T,1,MT-TV,200,9,0.0009943246841430664
1644,G,A,1,MT-TV,200,9,-0.0010755062103271484
3242,G,A,1,MT-TL1,200,9,-0.008761584758758545
3243,A,G,1,MT-TL1,200,9,-0.01316368579864502
3243,A,T,1,MT-TL1,200,9,-0.03175640106201172
3251,A,G,1,MT-TL1,200,9,-0.006644487380981445
3252,A,G,1,MT-TL1,200,9,-0.004360198974609375
3255,G,A,1,MT-TL1,200,9,-0.008025765419006348
3256,C,T,1,MT-TL1,200,9,-0.006882429122924805
3258,T,C,1,MT-TL1,200,9,-0.0030533671379089355
3260,A,G,1,MT-TL1,200,9,-0.006638288497924805
3271,T,C,1,MT-TL1,200,9,-0.0031397342681884766
3291,T,C,1,MT-TL1,200,9,-0.0013750195503234863
3302,A,G,1,MT-TL1,200,9,-0.0017480850219726562
3303,C,T,1,MT-TL1,200,9,-0.005162179470062256
4300,A,G,1,MT-TI,200,9,-0.006836652755737305
4336,T,C,0,MT-TQ,200,9,-0.0027697086334228516
4370,T,C,0,MT-TQ,200,9,-0.0008609294891357422
4450,G,A,1,MT-TM,200,9,-0.005122184753417969
4452,T,C,0,MT-TM,200,9,-0.00084686279296875
5521,G,A,1,MT-TW,200,9,-0.004518747329711914
5553,T,C,0,MT-TW,200,9,-0.003162384033203125
5556,G,A,1,MT-TW,200,9,-0.0071239471435546875
5650,G,A,1,MT-TA,200,9,-0.004333972930908203
5690,A,G,1,MT-TN,200,9,-0.00816798210144043
5703,G,A,1,MT-TN,200,9,0.00028967857360839844
5728,T,C,1,MT-TN,200,9,-0.0022156238555908203
5814,T,C,0,MT-TC,200,9,-0.00039565563201904297
7453,G,A,1,MT-TS1,200,9,-0.0035234689712524414
7471,C,T,0,MT-TS1,200,9,0.003056645393371582
7472,A,T,0,MT-TS1,200,9,-0.001125335693359375
7476,C,T,0,MT-TS1,200,9,-0.00041615962982177734
7493,C,T,0,MT-TS1,200,9,-0.0018591880798339844
7497,G,A,1,MT-TS1,200,9,0.0002574920654296875
7498,G,A,0,MT-TS1,200,9,0.0012084245681762695
7510,T,C,1,MT-TS1,200,9,-0.0020714998245239258
7511,T,C,1,MT-TS1,200,9,-0.0026772022247314453
7512,T,C,1,MT-TS1,200,9,0.001546621322631836
8313,G,A,1,MT-TK,200,9,-0.003531932830810547
8340,G,A,1,MT-TK,200,9,-0.003704667091369629
8344,A,G,1,MT-TK,200,9,-0.0016422271728515625
8348,A,G,0,MT-TK,200,9,-0.0033441781997680664
8356,T,C,1,MT-TK,200,9,-0.002153158187866211
8363,G,A,1,MT-TK,200,9,-0.004729509353637695
10007,T,C,0,MT-TG,200,9,-0.003257155418395996
10034,T,C,0,MT-TG,200,9,-0.001986980438232422
10463,T,C,0,MT-TR,200,9,-0.0015529394149780273
12147,G,A,1,MT-TH,200,9,-0.017650604248046875
12201,T,C,1,MT-TH,200,9,-0.0017919540405273438
12239,C,T,0,MT-TS2,200,9,-0.0004813671112060547
12258,C,A,1,MT-TS2,200,9,-0.00936746597290039
12276,G,A,1,MT-TL2,200,9,-0.012826204299926758
12308,A,G,0,MT-TL2,200,9,-0.005095362663269043
12315,G,A,1,MT-TL2,200,9,-0.006480216979980469
14674,T,C,1,MT-TE,200,9,-0.001088261604309082
14684,C,T,0,MT-TE,200,9,-0.0004252195358276367
14709,T,C,1,MT-TE,200,9,-0.00486302375793457
15894,G,A,0,MT-TT,200,9,-0.00258481502532959
15904,C,T,0,MT-TT,200,9,0.0010325908660888672
15907,A,G,0,MT-TT,200,9,-0.0028014183044433594
15923,A,G,1,MT-TT,200,9,-0.005371689796447754
15924,A,G,0,MT-TT,200,9,-0.0013103485107421875
15928,G,A,0,MT-TT,200,9,-0.0011528730392456055
15990,C,T,1,MT-TP,200,9,-0.00816798210144043
591,C,T,1,MT-TF,300,0,0.008975028991699219
616,T,C,1,MT-TF,300,0,-0.017436504364013672
629,T,C,0,MT-TF,300,0,0.0018410682678222656
1624,C,T,1,MT-TV,300,0,0.0014481544494628906
1644,G,A,1,MT-TV,300,0,-0.0019521713256835938
3242,G,A,1,MT-TL1,300,0,-0.010816037654876709
3243,A,G,1,MT-TL1,300,0,-0.013521194458007812
3243,A,T,1,MT-TL1,300,0,-0.033216655254364014
3251,A,G,1,MT-TL1,300,0,-0.0035026073455810547
3252,A,G,1,MT-TL1,300,0,-0.003974735736846924
3255,G,A,1,MT-TL1,300,0,-0.0070095062255859375
3256,C,T,1,MT-TL1,300,0,-0.009195685386657715
3258,T,C,1,MT-TL1,300,0,-0.0035191774368286133
3260,A,G,1,MT-TL1,300,0,-0.006903469562530518
3271,T,C,1,MT-TL1,300,0,-0.0029747486114501953
3291,T,C,1,MT-TL1,300,0,-0.001903235912322998
3302,A,G,1,MT-TL1,300,0,-0.0004671812057495117
3303,C,T,1,MT-TL1,300,0,-0.006580948829650879
4300,A,G,1,MT-TI,300,0,-0.0050688982009887695
4336,T,C,0,MT-TQ,300,0,0.0002402663230895996
4370,T,C,0,MT-TQ,300,0,-0.0006129145622253418
4450,G,A,1,MT-TM,300,0,-0.00560915470123291
4452,T,C,0,MT-TM,300,0,-0.002097487449645996
5521,G,A,1,MT-TW,300,0,-0.005908668041229248
5553,T,C,0,MT-TW,300,0,-0.002958357334136963
5556,G,A,1,MT-TW,300,0,-0.007961094379425049
5650,G,A,1,MT-TA,300,0,-0.004506886005401611
5690,A,G,1,MT-TN,300,0,-0.008850157260894775
5703,G,A,1,MT-TN,300,0,0.0011342763900756836
5728,T,C,1,MT-TN,300,0,-0.001618802547454834
5814,T,C,0,MT-TC,300,0,-0.001363992691040039
7453,G,A,1,MT-TS1,300,0,-0.0027434229850769043
7471,C,T,0,MT-TS1,300,0,0.0056119561195373535
7472,A,T,0,MT-TS1,300,0,0.00043714046478271484
7476,C,T,0,MT-TS1,300,0,-0.0004096031188964844
7493,C,T,0,MT-TS1,300,0,-0.0015982985496520996
7497,G,A,1,MT-TS1,300,0,-0.00027573108673095703
7498,G,A,0,MT-TS1,300,0,0.0014444589614868164
7510,T,C,1,MT-TS1,300,0,-0.0009438991546630859
7511,T,C,1,MT-TS1,300,0,-0.0016292929649353027
7512,T,C,1,MT-TS1,300,0,0.00026488304138183594
8313,G,A,1,MT-TK,300,0,-0.0073659420013427734
8340,G,A,1,MT-TK,300,0,-0.0025957822799682617
8344,A,G,1,MT-TK,300,0,-0.0021491050720214844
8348,A,G,0,MT-TK,300,0,-0.003695249557495117
8356,T,C,1,MT-TK,300,0,-0.0016632080078125
8363,G,A,1,MT-TK,300,0,-0.0066792964935302734
10007,T,C,0,MT-TG,300,0,-0.002362966537475586
10034,T,C,0,MT-TG,300,0,-0.001152336597442627
10463,T,C,0,MT-TR,300,0,-0.0024379491806030273
12147,G,A,1,MT-TH,300,0,-0.011007308959960938
12201,T,C,1,MT-TH,300,0,-0.003935098648071289
12239,C,T,0,MT-TS2,300,0,-0.0022215843200683594
12258,C,A,1,MT-TS2,300,0,-0.010177254676818848
12276,G,A,1,MT-TL2,300,0,-0.013368487358093262
12308,A,G,0,MT-TL2,300,0,-0.006145119667053223
12315,G,A,1,MT-TL2,300,0,-0.007356166839599609
14674,T,C,1,MT-TE,300,0,-0.004098713397979736
14684,C,T,0,MT-TE,300,0,-0.0022116899490356445
14709,T,C,1,MT-TE,300,0,-0.003760993480682373
15894,G,A,0,MT-TT,300,0,-0.003508448600769043
15904,C,T,0,MT-TT,300,0,0.002405881881713867
15907,A,G,0,MT-TT,300,0,-0.0015579462051391602
15923,A,G,1,MT-TT,300,0,-0.003749847412109375
15924,A,G,0,MT-TT,300,0,-0.0007594823837280273
15928,G,A,0,MT-TT,300,0,-0.002332448959350586
15990,C,T,1,MT-TP,300,0,-0.007512569427490234
591,C,T,1,MT-TF,300,1,0.011854290962219238
616,T,C,1,MT-TF,300,1,-0.013620495796203613
629,T,C,0,MT-TF,300,1,0.0002313852310180664
1624,C,T,1,MT-TV,300,1,-0.00023102760314941406
1644,G,A,1,MT-TV,300,1,-0.004015326499938965
3242,G,A,1,MT-TL1,300,1,-0.0093575119972229
3243,A,G,1,MT-TL1,300,1,-0.012209713459014893
3243,A,T,1,MT-TL1,300,1,-0.03252387046813965
3251,A,G,1,MT-TL1,300,1,-0.004392862319946289
3252,A,G,1,MT-TL1,300,1,-0.0043877363204956055
3255,G,A,1,MT-TL1,300,1,-0.007694721221923828
3256,C,T,1,MT-TL1,300,1,-0.009754359722137451
3258,T,C,1,MT-TL1,300,1,-0.0014774799346923828
3260,A,G,1,MT-TL1,300,1,-0.006590902805328369
3271,T,C,1,MT-TL1,300,1,-0.0025728344917297363
3291,T,C,1,MT-TL1,300,1,-0.0020792484283447266
3302,A,G,1,MT-TL1,300,1,-0.0016455650329589844
3303,C,T,1,MT-TL1,300,1,-0.0062046051025390625
4300,A,G,1,MT-TI,300,1,-0.004937410354614258
4336,T,C,0,MT-TQ,300,1,-0.00039273500442504883
4370,T,C,0,MT-TQ,300,1,0.00019055604934692383
4450,G,A,1,MT-TM,300,1,-0.004237949848175049
4452,T,C,0,MT-TM,300,1,-0.0020031332969665527
5521,G,A,1,MT-TW,300,1,-0.006155610084533691
5553,T,C,0,MT-TW,300,1,-0.0024132132530212402
5556,G,A,1,MT-TW,300,1,-0.004400193691253662
5650,G,A,1,MT-TA,300,1,-0.004597842693328857
5690,A,G,1,MT-TN,300,1,-0.007696390151977539
5703,G,A,1,MT-TN,300,1,0.0007264018058776855
5728,T,C,1,MT-TN,300,1,-0.0034286975860595703
5814,T,C,0,MT-TC,300,1,-0.0014979243278503418
7453,G,A,1,MT-TS1,300,1,-0.0018215179443359375
7471,C,T,0,MT-TS1,300,1,0.00235670804977417
7472,A,T,0,MT-TS1,300,1,-0.000551760196685791
7476,C,T,0,MT-TS1,300,1,0.0004666447639465332
7493,C,T,0,MT-TS1,300,1,-0.0022449493408203125
7497,G,A,1,MT-TS1,300,1,-0.0013001561164855957
7498,G,A,0,MT-TS1,300,1,0.0025154948234558105
7510,T,C,1,MT-TS1,300,1,-0.0025061368942260742
7511,T,C,1,MT-TS1,300,1,-0.0013763904571533203
7512,T,C,1,MT-TS1,300,1,0.0028101205825805664
8313,G,A,1,MT-TK,300,1,-0.0076770782470703125
8340,G,A,1,MT-TK,300,1,-0.003329634666442871
8344,A,G,1,MT-TK,300,1,6.794929504394531e-05
8348,A,G,0,MT-TK,300,1,-0.0009875297546386719
8356,T,C,1,MT-TK,300,1,-0.00047266483306884766
8363,G,A,1,MT-TK,300,1,-0.007210731506347656
10007,T,C,0,MT-TG,300,1,-0.0024204254150390625
10034,T,C,0,MT-TG,300,1,-0.0010478496551513672
10463,T,C,0,MT-TR,300,1,-0.0028122663497924805
12147,G,A,1,MT-TH,300,1,-0.009071111679077148
12201,T,C,1,MT-TH,300,1,-0.002916574478149414
12239,C,T,0,MT-TS2,300,1,-0.0007729530334472656
12258,C,A,1,MT-TS2,300,1,-0.010355710983276367
12276,G,A,1,MT-TL2,300,1,-0.013964414596557617
12308,A,G,0,MT-TL2,300,1,-0.006576657295227051
12315,G,A,1,MT-TL2,300,1,-0.007713675498962402
14674,T,C,1,MT-TE,300,1,-0.005059182643890381
14684,C,T,0,MT-TE,300,1,0.0020946860313415527
14709,T,C,1,MT-TE,300,1,-0.0036882758140563965
15894,G,A,0,MT-TT,300,1,-0.0027086734771728516
15904,C,T,0,MT-TT,300,1,0.0022263526916503906
15907,A,G,0,MT-TT,300,1,-0.002837061882019043
15923,A,G,1,MT-TT,300,1,-0.0038579702377319336
15924,A,G,0,MT-TT,300,1,-0.00018465518951416016
15928,G,A,0,MT-TT,300,1,-0.002350330352783203
15990,C,T,1,MT-TP,300,1,-0.006591200828552246
591,C,T,1,MT-TF,300,2,0.0074263811111450195
616,T,C,1,MT-TF,300,2,-0.011927366256713867
629,T,C,0,MT-TF,300,2,0.0024323463439941406
1624,C,T,1,MT-TV,300,2,-0.000789940357208252
1644,G,A,1,MT-TV,300,2,-0.0030750632286071777
3242,G,A,1,MT-TL1,300,2,-0.010340511798858643
3243,A,G,1,MT-TL1,300,2,-0.013993263244628906
3243,A,T,1,MT-TL1,300,2,-0.03169655799865723
3251,A,G,1,MT-TL1,300,2,-0.005966007709503174
3252,A,G,1,MT-TL1,300,2,-0.003999531269073486
3255,G,A,1,MT-TL1,300,2,-0.007453441619873047
3256,C,T,1,MT-TL1,300,2,-0.00835651159286499
3258,T,C,1,MT-TL1,300,2,-0.001026451587677002
3260,A,G,1,MT-TL1,300,2,-0.006846427917480469
3271,T,C,1,MT-TL1,300,2,-0.0022043585777282715
3291,T,C,1,MT-TL1,300,2,-0.0004500150680541992
3302,A,G,1,MT-TL1,300,2,-0.0005196332931518555
3303,C,T,1,MT-TL1,300,2,-0.006430566310882568
4300,A,G,1,MT-TI,300,2,-0.00557476282119751
4336,T,C,0,MT-TQ,300,2,0.00030410289764404297
4370,T,C,0,MT-TQ,300,2,-0.0013296008110046387
4450,G,A,1,MT-TM,300,2,-0.0032188892364501953
4452,T,C,0,MT-TM,300,2,-0.0012476444244384766
5521,G,A,1,MT-TW,300,2,-0.0049746036529541016
5553,T,C,0,MT-TW,300,2,-0.0024853944778442383
5556,G,A,1,MT-TW,300,2,-0.0057915449142456055
5650,G,A,1,MT-TA,300,2,-0.003892242908477783
5690,A,G,1,MT-TN,300,2,-0.007013976573944092
5703,G,A,1,MT-TN,300,2,5.233287811279297e-05
5728,T,C,1,MT-TN,300,2,-0.0021604299545288086
5814,T,C,0,MT-TC,300,2,-0.0011523962020874023
7453,G,A,1,MT-TS1,300,2,-0.003367304801940918
7471,C,T,0,MT-TS1,300,2,0.0020904541015625
7472,A,T,0,MT-TS1,300,2,0.0010123252868652344
7476,C,T,0,MT-TS1,300,2,-0.0008100271224975586
7493,C,T,0,MT-TS1,300,2,-0.0008698701858520508
7497,G,A,1,MT-TS1,300,2,-0.0008130073547363281
7498,G,A,0,MT-TS1,300,2,0.001298069953918457
7510,T,C,1,MT-TS1,300,2,-0.002134561538696289
7511,T,C,1,MT-TS1,300,2,-0.0023040175437927246
7512,T,C,1,MT-TS1,300,2,0.0016449689865112305
8313,G,A,1,MT-TK,300,2,-0.008165121078491211
8340,G,A,1,MT-TK,300,2,-0.002725958824157715
8344,A,G,1,MT-TK,300,2,0.000803828239440918
8348,A,G,0,MT-TK,300,2,-0.0025292634963989258
8356,T,C,1,MT-TK,300,2,-0.002584099769592285
8363,G,A,1,MT-TK,300,2,-0.006124258041381836
10007,T,C,0,MT-TG,300,2,-0.002167999744415283
10034,T,C,0,MT-TG,300,2,-0.0021142959594726562
10463,T,C,0,MT-TR,300,2,-0.0027413368225097656
12147,G,A,1,MT-TH,300,2,-0.007561922073364258
12201,T,C,1,MT-TH,300,2,-0.0022666454315185547
12239,C,T,0,MT-TS2,300,2,0.00030344724655151367
12258,C,A,1,MT-TS2,300,2,-0.011249661445617676
12276,G,A,1,MT-TL2,300,2,-0.011897087097167969
12308,A,G,0,MT-TL2,300,2,-0.005329132080078125
12315,G,A,1,MT-TL2,300,2,-0.007212638854980469
14674,T,C,1,MT-TE,300,2,-0.005326211452484131
14684,C,T,0,MT-TE,300,2,-0.001342475414276123
14709,T,C,1,MT-TE,300,2,-0.005555272102355957
15894,G,A,0,MT-TT,300,2,-0.004699587821960449
15904,C,T,0,MT-TT,300,2,0.0008151531219482422
15907,A,G,0,MT-TT,300,2,-0.0031374692916870117
15923,A,G,1,MT-TT,300,2,-0.0056018829345703125
15924,A,G,0,MT-TT,300,2,0.0009080171585083008
15928,G,A,0,MT-TT,300,2,-0.001551985740661621
15990,C,T,1,MT-TP,300,2,-0.0073004961013793945
591,C,T,1,MT-TF,300,3,0.0093003511428833
616,T,C,1,MT-TF,300,3,-0.01681685447692871
629,T,C,0,MT-TF,300,3,0.0024172067642211914
1624,C,T,1,MT-TV,300,3,0.00023436546325683594
1644,G,A,1,MT-TV,300,3,-0.00408172607421875
3242,G,A,1,MT-TL1,300,3,-0.011726140975952148
3243,A,G,1,MT-TL1,300,3,-0.013546586036682129
3243,A,T,1,MT-TL1,300,3,-0.027169525623321533
3251,A,G,1,MT-TL1,300,3,-0.007616817951202393
3252,A,G,1,MT-TL1,300,3,-0.00460660457611084
3255,G,A,1,MT-TL1,300,3,-0.007440149784088135
3256,C,T,1,MT-TL1,300,3,-0.0072762370109558105
3258,T,C,1,MT-TL1,300,3,-0.0022599101066589355
3260,A,G,1,MT-TL1,300,3,-0.007459878921508789
3271,T,C,1,MT-TL1,300,3,-0.0022965669631958008
3291,T,C,1,MT-TL1,300,3,-0.0021432042121887207
3302,A,G,1,MT-TL1,300,3,-0.0005243420600891113
3303,C,T,1,MT-TL1,300,3,-0.005971848964691162
4300,A,G,1,MT-TI,300,3,-0.00557941198348999
4336,T,C,0,MT-TQ,300,3,-0.0006211996078491211
4370,T,C,0,MT-TQ,300,3,-0.0029708147048950195
4450,G,A,1,MT-TM,300,3,-0.00477445125579834
4452,T,C,0,MT-TM,300,3,1.2516975402832031e-05
5521,G,A,1,MT-TW,300,3,-0.006709694862365723
5553,T,C,0,MT-TW,300,3,-0.0034732818603515625
5556,G,A,1,MT-TW,300,3,-0.0058484673500061035
5650,G,A,1,MT-TA,300,3,-0.004445850849151611
5690,A,G,1,MT-TN,300,3,-0.006832003593444824
5703,G,A,1,MT-TN,300,3,0.0006653666496276855
5728,T,C,1,MT-TN,300,3,-0.0011244416236877441
5814,T,C,0,MT-TC,300,3,-0.002032756805419922
7453,G,A,1,MT-TS1,300,3,-0.002683579921722412
7471,C,T,0,MT-TS1,300,3,0.002491593360900879
7472,A,T,0,MT-TS1,300,3,0.00036585330963134766
7476,C,T,0,MT-TS1,300,3,-0.0006825923919677734
7493,C,T,0,MT-TS1,300,3,-0.00311434268951416
7497,G,A,1,MT-TS1,300,3,0.000979304313659668
7498,G,A,0,MT-TS1,300,3,0.001010298728942871
7510,T,C,1,MT-TS1,300,3,-5.817413330078125e-05
7511,T,C,1,MT-TS1,300,3,-0.0006920099258422852
7512,T,C,1,MT-TS1,300,3,0.0009986162185668945
8313,G,A,1,MT-TK,300,3,-0.005300283432006836
8340,G,A,1,MT-TK,300,3,-0.0039626359939575195
8344,A,G,1,MT-TK,300,3,-0.0012600421905517578
8348,A,G,0,MT-TK,300,3,-0.003942370414733887
8356,T,C,1,MT-TK,300,3,-0.0024546384811401367
8363,G,A,1,MT-TK,300,3,-0.005952119827270508
10007,T,C,0,MT-TG,300,3,-0.002459108829498291
10034,T,C,0,MT-TG,300,3,-0.00040215253829956055
10463,T,C,0,MT-TR,300,3,-0.0028731226921081543
12147,G,A,1,MT-TH,300,3,-0.009008049964904785
12201,T,C,1,MT-TH,300,3,-0.0022842884063720703
12239,C,T,0,MT-TS2,300,3,-0.0007054805755615234
12258,C,A,1,MT-TS2,300,3,-0.009081244468688965
12276,G,A,1,MT-TL2,300,3,-0.013358235359191895
12308,A,G,0,MT-TL2,300,3,-0.005291461944580078
12315,G,A,1,MT-TL2,300,3,-0.007880687713623047
14674,T,C,1,MT-TE,300,3,-0.0037074685096740723
14684,C,T,0,MT-TE,300,3,-0.0002582073211669922
14709,T,C,1,MT-TE,300,3,-0.005335330963134766
15894,G,A,0,MT-TT,300,3,-0.003956913948059082
15904,C,T,0,MT-TT,300,3,0.001535654067993164
15907,A,G,0,MT-TT,300,3,-0.003455519676208496
15923,A,G,1,MT-TT,300,3,-0.0049179792404174805
15924,A,G,0,MT-TT,300,3,-0.0005110502243041992
15928,G,A,0,MT-TT,300,3,-0.0020265579223632812
15990,C,T,1,MT-TP,300,3,-0.00902259349822998
591,C,T,1,MT-TF,300,4,0.006972789764404297
616,T,C,1,MT-TF,300,4,-0.01511847972869873
629,T,C,0,MT-TF,300,4,0.0012125968933105469
1624,C,T,1,MT-TV,300,4,0.0009548068046569824
1644,G,A,1,MT-TV,300,4,-0.0029767751693725586
3242,G,A,1,MT-TL1,300,4,-0.01082831621170044
3243,A,G,1,MT-TL1,300,4,-0.011928737163543701
3243,A,T,1,MT-TL1,300,4,-0.03462451696395874
3251,A,G,1,MT-TL1,300,4,-0.0023802518844604492
3252,A,G,1,MT-TL1,300,4,-0.004271388053894043
3255,G,A,1,MT-TL1,300,4,-0.006641745567321777
3256,C,T,1,MT-TL1,300,4,-0.00899815559387207
3258,T,C,1,MT-TL1,300,4,-0.0017322897911071777
3260,A,G,1,MT-TL1,300,4,-0.005893349647521973
3271,T,C,1,MT-TL1,300,4,-0.004095137119293213
3291,T,C,1,MT-TL1,300,4,-0.0027697086334228516
3302,A,G,1,MT-TL1,300,4,-0.0010738372802734375
3303,C,T,1,MT-TL1,300,4,-0.00752788782119751
4300,A,G,1,MT-TI,300,4,-0.004900038242340088
4336,T,C,0,MT-TQ,300,4,0.0010883212089538574
4370,T,C,0,MT-TQ,300,4,-0.00026786327362060547
4450,G,A,1,MT-TM,300,4,-0.004410684108734131
4452,T,C,0,MT-TM,300,4,-0.001332402229309082
5521,G,A,1,MT-TW,300,4,-0.007212698459625244
5553,T,C,0,MT-TW,300,4,-0.0024814605712890625
5556,G,A,1,MT-TW,300,4,-0.004378020763397217
5650,G,A,1,MT-TA,300,4,-0.005973517894744873
5690,A,G,1,MT-TN,300,4,-0.006496071815490723
5703,G,A,1,MT-TN,300,4,0.0010151267051696777
5728,T,C,1,MT-TN,300,4,-0.000670015811920166
5814,T,C,0,MT-TC,300,4,-0.0025080442428588867
7453,G,A,1,MT-TS1,300,4,-0.0022193193435668945
7471,C,T,0,MT-TS1,300,4,0.0030445456504821777
7472,A,T,0,MT-TS1,300,4,-0.00018775463104248047
7476,C,T,0,MT-TS1,300,4,-0.0009971857070922852
7493,C,T,0,MT-TS1,300,4,-0.001489877700805664
7497,G,A,1,MT-TS1,300,4,0.0004608631134033203
7498,G,A,0,MT-TS1,300,4,0.0009442567825317383
7510,T,C,1,MT-TS1,300,4,-0.0011419057846069336
7511,T,C,1,MT-TS1,300,4,-0.0008554458618164062
7512,T,C,1,MT-TS1,300,4,0.0020511746406555176
8313,G,A,1,MT-TK,300,4,-0.005873203277587891
8340,G,A,1,MT-TK,300,4,-0.0020569562911987305
8344,A,G,1,MT-TK,300,4,-0.0019637346267700195
8348,A,G,0,MT-TK,300,4,-0.001697540283203125
8356,T,C,1,MT-TK,300,4,-0.0014886856079101562
8363,G,A,1,MT-TK,300,4,-0.007019758224487305
10007,T,C,0,MT-TG,300,4,-0.002017080783843994
10034,T,C,0,MT-TG,300,4,-0.0013208389282226562
10463,T,C,0,MT-TR,300,4,-0.0029876232147216797
12147,G,A,1,MT-TH,300,4,-0.007456779479980469
12201,T,C,1,MT-TH,300,4,-0.0031050443649291992
12239,C,T,0,MT-TS2,300,4,-0.001373887062072754
12258,C,A,1,MT-TS2,300,4,-0.009976863861083984
12276,G,A,1,MT-TL2,300,4,-0.012490272521972656
12308,A,G,0,MT-TL2,300,4,-0.0057604312896728516
12315,G,A,1,MT-TL2,300,4,-0.005636930465698242
14674,T,C,1,MT-TE,300,4,-0.0021543502807617188
14684,C,T,0,MT-TE,300,4,-0.0013762712478637695
14709,T,C,1,MT-TE,300,4,-0.004686951637268066
15894,G,A,0,MT-TT,300,4,-0.005376577377319336
15904,C,T,0,MT-TT,300,4,0.0008513927459716797
15907,A,G,0,MT-TT,300,4,-0.003559708595275879
15923,A,G,1,MT-TT,300,4,-0.005360841751098633
15924,A,G,0,MT-TT,300,4,-0.001628875732421875
15928,G,A,0,MT-TT,300,4,-0.0019102096557617188
15990,C,T,1,MT-TP,300,4,-0.006369590759277344
591,C,T,1,MT-TF,300,5,0.008532404899597168
616,T,C,1,MT-TF,300,5,-0.014550924301147461
629,T,C,0,MT-TF,300,5,0.0008279085159301758
1624,C,T,1,MT-TV,300,5,-0.0015444755554199219
1644,G,A,1,MT-TV,300,5,-0.002988100051879883
3242,G,A,1,MT-TL1,300,5,-0.012175679206848145
3243,A,G,1,MT-TL1,300,5,-0.013323426246643066
3243,A,T,1,MT-TL1,300,5,-0.033429741859436035
3251,A,G,1,MT-TL1,300,5,-0.006528496742248535
3252,A,G,1,MT-TL1,300,5,-0.004565894603729248
3255,G,A,1,MT-TL1,300,5,-0.009423792362213135
3256,C,T,1,MT-TL1,300,5,-0.009359955787658691
3258,T,C,1,MT-TL1,300,5,-0.0017591118812561035
3260,A,G,1,MT-TL1,300,5,-0.007245123386383057
3271,T,C,1,MT-TL1,300,5,-0.002561628818511963
3291,T,C,1,MT-TL1,300,5,-0.002857983112335205
3302,A,G,1,MT-TL1,300,5,-0.0016019344329833984
3303,C,T,1,MT-TL1,300,5,-0.00797659158706665
4300,A,G,1,MT-TI,300,5,-0.005139768123626709
4336,T,C,0,MT-TQ,300,5,-0.001225113868713379
4370,T,C,0,MT-TQ,300,5,-0.0019184350967407227
4450,G,A,1,MT-TM,300,5,-0.00476384162902832
4452,T,C,0,MT-TM,300,5,-0.0011935234069824219
5521,G,A,1,MT-TW,300,5,-0.009449660778045654
5553,T,C,0,MT-TW,300,5,-0.0028348565101623535
5556,G,A,1,MT-TW,300,5,-0.00567781925201416
5650,G,A,1,MT-TA,300,5,-0.005810141563415527
5690,A,G,1,MT-TN,300,5,-0.00796520709991455
5703,G,A,1,MT-TN,300,5,0.0007833242416381836
5728,T,C,1,MT-TN,300,5,-0.0016741752624511719
5814,T,C,0,MT-TC,300,5,-0.0023528337478637695
7453,G,A,1,MT-TS1,300,5,-0.001823723316192627
7471,C,T,0,MT-TS1,300,5,0.002651691436767578
7472,A,T,0,MT-TS1,300,5,0.0017744898796081543
7476,C,T,0,MT-TS1,300,5,0.0001698136329650879
7493,C,T,0,MT-TS1,300,5,-0.0021141767501831055
7497,G,A,1,MT-TS1,300,5,-0.00041496753692626953
7498,G,A,0,MT-TS1,300,5,0.0028513073921203613
7510,T,C,1,MT-TS1,300,5,-0.002087414264678955
7511,T,C,1,MT-TS1,300,5,-0.0017628669738769531
7512,T,C,1,MT-TS1,300,5,-8.493661880493164e-05
8313,G,A,1,MT-TK,300,5,-0.007357954978942871
8340,G,A,1,MT-TK,300,5,-0.003495454788208008
8344,A,G,1,MT-TK,300,5,-0.0027288198471069336
8348,A,G,0,MT-TK,300,5,-0.0012011528015136719
8356,T,C,1,MT-TK,300,5,-0.0022385120391845703
8363,G,A,1,MT-TK,300,5,-0.006707668304443359
10007,T,C,0,MT-TG,300,5,-0.001703500747680664
10034,T,C,0,MT-TG,300,5,-0.0012077093124389648
10463,T,C,0,MT-TR,300,5,-0.002492189407348633
12147,G,A,1,MT-TH,300,5,-0.00851130485534668
12201,T,C,1,MT-TH,300,5,-0.0017848014831542969
12239,C,T,0,MT-TS2,300,5,-0.00021135807037353516
12258,C,A,1,MT-TS2,300,5,-0.011000633239746094
12276,G,A,1,MT-TL2,300,5,-0.013280034065246582
12308,A,G,0,MT-TL2,300,5,-0.00506138801574707
12315,G,A,1,MT-TL2,300,5,-0.007574796676635742
14674,T,C,1,MT-TE,300,5,-0.0011206269264221191
14684,C,T,0,MT-TE,300,5,0.00025278329849243164
14709,T,C,1,MT-TE,300,5,-0.0038034915924072266
15894,G,A,0,MT-TT,300,5,-0.003129243850708008
15904,C,T,0,MT-TT,300,5,-2.872943878173828e-05
15907,A,G,0,MT-TT,300,5,-0.001134634017944336
15923,A,G,1,MT-TT,300,5,-0.004726290702819824
15924,A,G,0,MT-TT,300,5,-0.0015151500701904297
15928,G,A,0,MT-TT,300,5,-0.0029479265213012695
15990,C,T,1,MT-TP,300,5,-0.005273580551147461
591,C,T,1,MT-TF,300,6,0.006093263626098633
616,T,C,1,MT-TF,300,6,-0.005940794944763184
629,T,C,0,MT-TF,300,6,-0.0004336833953857422
1624,C,T,1,MT-TV,300,6,-0.0009721517562866211
1644,G,A,1,MT-TV,300,6,-0.004884243011474609
3242,G,A,1,MT-TL1,300,6,-0.01004040241241455
3243,A,G,1,MT-TL1,300,6,-0.013283252716064453
3243,A,T,1,MT-TL1,300,6,-0.03372675180435181
3251,A,G,1,MT-TL1,300,6,-0.0065495967864990234
3252,A,G,1,MT-TL1,300,6,-0.0037845969200134277
3255,G,A,1,MT-TL1,300,6,-0.008278965950012207
3256,C,T,1,MT-TL1,300,6,-0.0074967145919799805
3258,T,C,1,MT-TL1,300,6,-0.0018027424812316895
3260,A,G,1,MT-TL1,300,6,-0.004464149475097656
3271,T,C,1,MT-TL1,300,6,-0.0031824707984924316
3291,T,C,1,MT-TL1,300,6,-0.0013793110847473145
3302,A,G,1,MT-TL1,300,6,-0.0023754239082336426
3303,C,T,1,MT-TL1,300,6,-0.006179153919219971
4300,A,G,1,MT-TI,300,6,-0.004446983337402344
4336,T,C,0,MT-TQ,300,6,-0.0012170076370239258
4370,T,C,0,MT-TQ,300,6,-0.0023093223571777344
4450,G,A,1,MT-TM,300,6,-0.004831790924072266
4452,T,C,0,MT-TM,300,6,-0.0010753273963928223
5521,G,A,1,MT-TW,300,6,-0.008850634098052979
5553,T,C,0,MT-TW,300,6,-0.0010542869567871094
5556,G,A,1,MT-TW,300,6,-0.006482601165771484
5650,G,A,1,MT-TA,300,6,-0.004034459590911865
5690,A,G,1,MT-TN,300,6,-0.00764089822769165
5703,G,A,1,MT-TN,300,6,0.0002536773681640625
5728,T,C,1,MT-TN,300,6,-0.0011500120162963867
5814,T,C,0,MT-TC,300,6,-0.0015481114387512207
7453,G,A,1,MT-TS1,300,6,-0.001532912254333496
7471,C,T,0,MT-TS1,300,6,0.002378702163696289
7472,A,T,0,MT-TS1,300,6,-0.0009388923645019531
7476,C,T,0,MT-TS1,300,6,0.0012665987014770508
7493,C,T,0,MT-TS1,300,6,-0.002035975456237793
7497,G,A,1,MT-TS1,300,6,0.0006213188171386719
7498,G,A,0,MT-TS1,300,6,0.0019006133079528809
7510,T,C,1,MT-TS1,300,6,-0.001493215560913086
7511,T,C,1,MT-TS1,300,6,-0.0012540221214294434
7512,T,C,1,MT-TS1,300,6,0.00061798095703125
8313,G,A,1,MT-TK,300,6,-0.008366942405700684
8340,G,A,1,MT-TK,300,6,-0.0033663511276245117
8344,A,G,1,MT-TK,300,6,-0.0018596649169921875
8348,A,G,0,MT-TK,300,6,-0.0007150173187255859
8356,T,C,1,MT-TK,300,6,-0.0013828277587890625
8363,G,A,1,MT-TK,300,6,-0.0046460628509521484
10007,T,C,0,MT-TG,300,6,-0.002596735954284668
10034,T,C,0,MT-TG,300,6,-0.0008688569068908691
10463,T,C,0,MT-TR,300,6,-0.002119719982147217
12147,G,A,1,MT-TH,300,6,-0.008402466773986816
12201,T,C,1,MT-TH,300,6,-0.0035206079483032227
12239,C,T,0,MT-TS2,300,6,-1.0728836059570312e-06
12258,C,A,1,MT-TS2,300,6,-0.007804751396179199
12276,G,A,1,MT-TL2,300,6,-0.012789011001586914
12308,A,G,0,MT-TL2,300,6,-0.005165219306945801
12315,G,A,1,MT-TL2,300,6,-0.0069969892501831055
14674,T,C,1,MT-TE,300,6,-0.005169808864593506
14684,C,T,0,MT-TE,300,6,-0.0015366673469543457
14709,T,C,1,MT-TE,300,6,-0.004222750663757324
15894,G,A,0,MT-TT,300,6,-0.0027582645416259766
15904,C,T,0,MT-TT,300,6,0.0008730888366699219
15907,A,G,0,MT-TT,300,6,-0.0033135414123535156
15923,A,G,1,MT-TT,300,6,-0.00521540641784668
15924,A,G,0,MT-TT,300,6,-0.0007709264755249023
15928,G,A,0,MT-TT,300,6,-0.0008660554885864258
15990,C,T,1,MT-TP,300,6,-0.006731986999511719
591,C,T,1,MT-TF,300,7,0.011597752571105957
616,T,C,1,MT-TF,300,7,-0.015784502029418945
629,T,C,0,MT-TF,300,7,0.00027239322662353516
1624,C,T,1,MT-TV,300,7,-0.00023049116134643555
1644,G,A,1,MT-TV,300,7,-0.0021279454231262207
3242,G,A,1,MT-TL1,300,7,-0.010450422763824463
3243,A,G,1,MT-TL1,300,7,-0.013905644416809082
3243,A,T,1,MT-TL1,300,7,-0.03125417232513428
3251,A,G,1,MT-TL1,300,7,-0.006455123424530029
3252,A,G,1,MT-TL1,300,7,-0.004002928733825684
3255,G,A,1,MT-TL1,300,7,-0.009533047676086426
3256,C,T,1,MT-TL1,300,7,-0.01002967357635498
3258,T,C,1,MT-TL1,300,7,-0.003795444965362549
3260,A,G,1,MT-TL1,300,7,-0.007312178611755371
3271,T,C,1,MT-TL1,300,7,-0.0016964077949523926
3291,T,C,1,MT-TL1,300,7,-0.00031429529190063477
3302,A,G,1,MT-TL1,300,7,-0.0002931952476501465
3303,C,T,1,MT-TL1,300,7,-0.005504488945007324
4300,A,G,1,MT-TI,300,7,-0.008760929107666016
4336,T,C,0,MT-TQ,300,7,-0.0015669465065002441
4370,T,C,0,MT-TQ,300,7,-0.0015704035758972168
4450,G,A,1,MT-TM,300,7,-0.006000638008117676
4452,T,C,0,MT-TM,300,7,-0.0008635520935058594
5521,G,A,1,MT-TW,300,7,-0.00850135087966919
5553,T,C,0,MT-TW,300,7,-0.002838730812072754
5556,G,A,1,MT-TW,300,7,-0.006110548973083496
5650,G,A,1,MT-TA,300,7,-0.0038771629333496094
5690,A,G,1,MT-TN,300,7,-0.006810963153839111
5703,G,A,1,MT-TN,300,7,-0.0011282563209533691
5728,T,C,1,MT-TN,300,7,-0.0014911293983459473
5814,T,C,0,MT-TC,300,7,-0.0018267035484313965
7453,G,A,1,MT-TS1,300,7,-0.002961277961730957
7471,C,T,0,MT-TS1,300,7,0.0037909746170043945
7472,A,T,0,MT-TS1,300,7,0.001465916633605957
7476,C,T,0,MT-TS1,300,7,-0.0008388161659240723
7493,C,T,0,MT-TS1,300,7,-0.002307415008544922
7497,G,A,1,MT-TS1,300,7,8.249282836914062e-05
7498,G,A,0,MT-TS1,300,7,0.0018968582153320312
7510,T,C,1,MT-TS1,300,7,-0.0014192461967468262
7511,T,C,1,MT-TS1,300,7,-0.0026434659957885742
7512,T,C,1,MT-TS1,300,7,0.0015440583229064941
8313,G,A,1,MT-TK,300,7,-0.008980035781860352
8340,G,A,1,MT-TK,300,7,-0.0021104812622070312
8344,A,G,1,MT-TK,300,7,-0.0027559995651245117
8348,A,G,0,MT-TK,300,7,-0.0017096996307373047
8356,T,C,1,MT-TK,300,7,-0.0024290084838867188
8363,G,A,1,MT-TK,300,7,-0.007121682167053223
10007,T,C,0,MT-TG,300,7,-0.0016679763793945312
10034,T,C,0,MT-TG,300,7,-0.0013998746871948242
10463,T,C,0,MT-TR,300,7,-0.0025032758712768555
12147,G,A,1,MT-TH,300,7,-0.007483720779418945
12201,T,C,1,MT-TH,300,7,-0.002368330955505371
12239,C,T,0,MT-TS2,300,7,-0.0010732412338256836
12258,C,A,1,MT-TS2,300,7,-0.009839653968811035
12276,G,A,1,MT-TL2,300,7,-0.012894153594970703
12308,A,G,0,MT-TL2,300,7,-0.004846453666687012
12315,G,A,1,MT-TL2,300,7,-0.007256150245666504
14674,T,C,1,MT-TE,300,7,-0.004730284214019775
14684,C,T,0,MT-TE,300,7,0.00044292211532592773
14709,T,C,1,MT-TE,300,7,-0.006374239921569824
15894,G,A,0,MT-TT,300,7,-0.006411314010620117
15904,C,T,0,MT-TT,300,7,0.001998305320739746
15907,A,G,0,MT-TT,300,7,-0.0031499862670898438
15923,A,G,1,MT-TT,300,7,-0.004161953926086426
15924,A,G,0,MT-TT,300,7,-0.002695322036743164
15928,G,A,0,MT-TT,300,7,-0.0018961429595947266
15990,C,T,1,MT-TP,300,7,-0.006880998611450195
591,C,T,1,MT-TF,300,8,0.010593652725219727
616,T,C,1,MT-TF,300,8,-0.01124262809753418
629,T,C,0,MT-TF,300,8,0.0016226768493652344
1624,C,T,1,MT-TV,300,8,0.00014728307723999023
1644,G,A,1,MT-TV,300,8,-0.0037549734115600586
3242,G,A,1,MT-TL1,300,8,-0.00853729248046875
3243,A,G,1,MT-TL1,300,8,-0.012540996074676514
3243,A,T,1,MT-TL1,300,8,-0.029404640197753906
3251,A,G,1,MT-TL1,300,8,-0.0067331790924072266
3252,A,G,1,MT-TL1,300,8,-0.003573596477508545
3255,G,A,1,MT-TL1,300,8,-0.008855879306793213
3256,C,T,1,MT-TL1,300,8,-0.00720900297164917
3258,T,C,1,MT-TL1,300,8,-0.0007824301719665527
3260,A,G,1,MT-TL1,300,8,-0.0054923295974731445
3271,T,C,1,MT-TL1,300,8,-0.002816319465637207
3291,T,C,1,MT-TL1,300,8,-0.0025882720947265625
3302,A,G,1,MT-TL1,300,8,-0.0019044280052185059
3303,C,T,1,MT-TL1,300,8,-0.006865262985229492
4300,A,G,1,MT-TI,300,8,-0.0033644437789916992
4336,T,C,0,MT-TQ,300,8,0.000815272331237793
4370,T,C,0,MT-TQ,300,8,-0.0006357431411743164
4450,G,A,1,MT-TM,300,8,-0.005071282386779785
4452,T,C,0,MT-TM,300,8,-0.000519871711730957
5521,G,A,1,MT-TW,300,8,-0.007285714149475098
5553,T,C,0,MT-TW,300,8,-0.0023383498191833496
5556,G,A,1,MT-TW,300,8,-0.005551338195800781
5650,G,A,1,MT-TA,300,8,-0.004918456077575684
5690,A,G,1,MT-TN,300,8,-0.007337987422943115
5703,G,A,1,MT-TN,300,8,0.0017111897468566895
5728,T,C,1,MT-TN,300,8,-0.0019245743751525879
5814,T,C,0,MT-TC,300,8,-0.001241445541381836
7453,G,A,1,MT-TS1,300,8,-0.0019546151161193848
7471,C,T,0,MT-TS1,300,8,0.0008133649826049805
7472,A,T,0,MT-TS1,300,8,-0.00047320127487182617
7476,C,T,0,MT-TS1,300,8,0.0008122920989990234
7493,C,T,0,MT-TS1,300,8,-0.0017924904823303223
7497,G,A,1,MT-TS1,300,8,-0.00016248226165771484
7498,G,A,0,MT-TS1,300,8,0.0006580948829650879
7510,T,C,1,MT-TS1,300,8,-0.0012038350105285645
7511,T,C,1,MT-TS1,300,8,-0.0020276308059692383
7512,T,C,1,MT-TS1,300,8,0.0005930066108703613
8313,G,A,1,MT-TK,300,8,-0.009331345558166504
8340,G,A,1,MT-TK,300,8,-0.004131913185119629
8344,A,G,1,MT-TK,300,8,-0.0017731189727783203
8348,A,G,0,MT-TK,300,8,-0.0016357898712158203
8356,T,C,1,MT-TK,300,8,-0.002558588981628418
8363,G,A,1,MT-TK,300,8,-0.00646364688873291
10007,T,C,0,MT-TG,300,8,-0.0028891563415527344
10034,T,C,0,MT-TG,300,8,-0.0016169548034667969
10463,T,C,0,MT-TR,300,8,-0.005500435829162598
12147,G,A,1,MT-TH,300,8,-0.009579122066497803
12201,T,C,1,MT-TH,300,8,-0.003004312515258789
12239,C,T,0,MT-TS2,300,8,-0.0012285709381103516
12258,C,A,1,MT-TS2,300,8,-0.010825276374816895
12276,G,A,1,MT-TL2,300,8,-0.011000633239746094
12308,A,G,0,MT-TL2,300,8,-0.004598140716552734
12315,G,A,1,MT-TL2,300,8,-0.005521893501281738
14674,T,C,1,MT-TE,300,8,-0.003705263137817383
14684,C,T,0,MT-TE,300,8,0.0021370649337768555
14709,T,C,1,MT-TE,300,8,-0.004411637783050537
15894,G,A,0,MT-TT,300,8,-0.0032824277877807617
15904,C,T,0,MT-TT,300,8,-0.0003782510757446289
15907,A,G,0,MT-TT,300,8,-0.003201127052307129
15923,A,G,1,MT-TT,300,8,-0.0072612762451171875
15924,A,G,0,MT-TT,300,8,-0.0014023780822753906
15928,G,A,0,MT-TT,300,8,-0.002905130386352539
15990,C,T,1,MT-TP,300,8,-0.006355166435241699
591,C,T,1,MT-TF,300,9,0.015638351440429688
616,T,C,1,MT-TF,300,9,-0.01453864574432373
629,T,C,0,MT-TF,300,9,0.00039649009704589844
1624,C,T,1,MT-TV,300,9,-0.0014386177062988281
1644,G,A,1,MT-TV,300,9,-0.0037195682525634766
3242,G,A,1,MT-TL1,300,9,-0.01207888126373291
3243,A,G,1,MT-TL1,300,9,-0.014008641242980957
3243,A,T,1,MT-TL1,300,9,-0.03287363052368164
3251,A,G,1,MT-TL1,300,9,-0.005576670169830322
3252,A,G,1,MT-TL1,300,9,-0.004973411560058594
3255,G,A,1,MT-TL1,300,9,-0.008211731910705566
3256,C,T,1,MT-TL1,300,9,-0.010047733783721924
3258,T,C,1,MT-TL1,300,9,-0.002877354621887207
3260,A,G,1,MT-TL1,300,9,-0.007579982280731201
3271,T,C,1,MT-TL1,300,9,-0.0014408230781555176
3291,T,C,1,MT-TL1,300,9,-0.0025246739387512207
3302,A,G,1,MT-TL1,300,9,-0.002417266368865967
3303,C,T,1,MT-TL1,300,9,-0.004553377628326416
4300,A,G,1,MT-TI,300,9,-0.005712449550628662
4336,T,C,0,MT-TQ,300,9,-0.0010394454002380371
4370,T,C,0,MT-TQ,300,9,-0.00016307830810546875
4450,G,A,1,MT-TM,300,9,-0.005008578300476074
4452,T,C,0,MT-TM,300,9,-0.0011054277420043945
5521,G,A,1,MT-TW,300,9,-0.0072942376136779785
5553,T,C,0,MT-TW,300,9,-0.0021483898162841797
5556,G,A,1,MT-TW,300,9,-0.0065277814865112305
5650,G,A,1,MT-TA,300,9,-0.005312085151672363
5690,A,G,1,MT-TN,300,9,-0.0073621273040771484
5703,G,A,1,MT-TN,300,9,-9.334087371826172e-05
5728,T,C,1,MT-TN,300,9,-0.0013120174407958984
5814,T,C,0,MT-TC,300,9,-0.0023482441902160645
7453,G,A,1,MT-TS1,300,9,-0.003679633140563965
7471,C,T,0,MT-TS1,300,9,0.003154277801513672
7472,A,T,0,MT-TS1,300,9,-0.0013668537139892578
7476,C,T,0,MT-TS1,300,9,-0.0001690387725830078
7493,C,T,0,MT-TS1,300,9,-0.0016759037971496582
7497,G,A,1,MT-TS1,300,9,-0.0008156299591064453
7498,G,A,0,MT-TS1,300,9,0.0028434395790100098
7510,T,C,1,MT-TS1,300,9,-0.0011290311813354492
7511,T,C,1,MT-TS1,300,9,-0.001339733600616455
7512,T,C,1,MT-TS1,300,9,0.0003954768180847168
8313,G,A,1,MT-TK,300,9,-0.008453845977783203
8340,G,A,1,MT-TK,300,9,-0.0019080638885498047
8344,A,G,1,MT-TK,300,9,-0.0012934207916259766
8348,A,G,0,MT-TK,300,9,-0.0011979341506958008
8356,T,C,1,MT-TK,300,9,-0.004076242446899414
8363,G,A,1,MT-TK,300,9,-0.006121277809143066
10007,T,C,0,MT-TG,300,9,-0.0016598105430603027
10034,T,C,0,MT-TG,300,9,-0.0015693306922912598
10463,T,C,0,MT-TR,300,9,-0.0032392144203186035
12147,G,A,1,MT-TH,300,9,-0.00720822811126709
12201,T,C,1,MT-TH,300,9,-0.002335786819458008
12239,C,T,0,MT-TS2,300,9,-0.002177000045776367
12258,C,A,1,MT-TS2,300,9,-0.00938403606414795
12276,G,A,1,MT-TL2,300,9,-0.011237859725952148
12308,A,G,0,MT-TL2,300,9,-0.005089759826660156
12315,G,A,1,MT-TL2,300,9,-0.007282137870788574
14674,T,C,1,MT-TE,300,9,-0.002747654914855957
14684,C,T,0,MT-TE,300,9,-0.001124262809753418
14709,T,C,1,MT-TE,300,9,-0.005649209022521973
15894,G,A,0,MT-TT,300,9,-0.0038994550704956055
15904,C,T,0,MT-TT,300,9,0.0005403757095336914
15907,A,G,0,MT-TT,300,9,-0.0019099712371826172
15923,A,G,1,MT-TT,300,9,-0.005778193473815918
15924,A,G,0,MT-TT,300,9,-0.0028227567672729492
15928,G,A,0,MT-TT,300,9,-0.0020599365234375
15990,C,T,1,MT-TP,300,9,-0.0072367191314697266
591,C,T,1,MT-TF,400,0,0.0075858235359191895
616,T,C,1,MT-TF,400,0,-0.011625945568084717
629,T,C,0,MT-TF,400,0,0.001953721046447754
1624,C,T,1,MT-TV,400,0,-0.00018608570098876953
1644,G,A,1,MT-TV,400,0,-0.0034590959548950195
3242,G,A,1,MT-TL1,400,0,-0.010328114032745361
3243,A,G,1,MT-TL1,400,0,-0.011090636253356934
3243,A,T,1,MT-TL1,400,0,-0.030422866344451904
3251,A,G,1,MT-TL1,400,0,-0.005811452865600586
3252,A,G,1,MT-TL1,400,0,-0.003510415554046631
3255,G,A,1,MT-TL1,400,0,-0.00946033000946045
3256,C,T,1,MT-TL1,400,0,-0.007642030715942383
3258,T,C,1,MT-TL1,400,0,-0.00467151403427124
3260,A,G,1,MT-TL1,400,0,-0.007157027721405029
3271,T,C,1,MT-TL1,400,0,-0.002034485340118408
3291,T,C,1,MT-TL1,400,0,-0.0019240379333496094
3302,A,G,1,MT-TL1,400,0,-0.002376377582550049
3303,C,T,1,MT-TL1,400,0,-0.003832101821899414
4300,A,G,1,MT-TI,400,0,-0.005405604839324951
4336,T,C,0,MT-TQ,400,0,0.00012010335922241211
4370,T,C,0,MT-TQ,400,0,-0.0012493729591369629
4450,G,A,1,MT-TM,400,0,-0.004599034786224365
4452,T,C,0,MT-TM,400,0,-0.001734614372253418
5521,G,A,1,MT-TW,400,0,-0.008373022079467773
5553,T,C,0,MT-TW,400,0,-0.0027237534523010254
5556,G,A,1,MT-TW,400,0,-0.006337165832519531
5650,G,A,1,MT-TA,400,0,-0.0061528682708740234
5690,A,G,1,MT-TN,400,0,-0.006918132305145264
5703,G,A,1,MT-TN,400,0,0.0006149411201477051
5728,T,C,1,MT-TN,400,0,-0.002186000347137451
5814,T,C,0,MT-TC,400,0,-0.0019478201866149902
7453,G,A,1,MT-TS1,400,0,-0.004478037357330322
7471,C,T,0,MT-TS1,400,0,0.0017952919006347656
7472,A,T,0,MT-TS1,400,0,0.00018066167831420898
7476,C,T,0,MT-TS1,400,0,-0.002911210060119629
7493,C,T,0,MT-TS1,400,0,-0.0012645721435546875
7497,G,A,1,MT-TS1,400,0,0.0013276934623718262
7498,G,A,0,MT-TS1,400,0,0.003914952278137207
7510,T,C,1,MT-TS1,400,0,-0.0024574995040893555
7511,T,C,1,MT-TS1,400,0,-0.001553177833557129
7512,T,C,1,MT-TS1,400,0,0.0015933513641357422
8313,G,A,1,MT-TK,400,0,-0.008706390857696533
8340,G,A,1,MT-TK,400,0,-0.0029630064964294434
8344,A,G,1,MT-TK,400,0,-0.0010166764259338379
8348,A,G,0,MT-TK,400,0,-0.0015221238136291504
8356,T,C,1,MT-TK,400,0,-0.0017657279968261719
8363,G,A,1,MT-TK,400,0,-0.007307469844818115
10007,T,C,0,MT-TG,400,0,0.00033795833587646484
10034,T,C,0,MT-TG,400,0,-0.0008748769760131836
10463,T,C,0,MT-TR,400,0,-0.0016402006149291992
12147,G,A,1,MT-TH,400,0,-0.007516920566558838
12201,T,C,1,MT-TH,400,0,-0.002682626247406006
12239,C,T,0,MT-TS2,400,0,-0.001914381980895996
12258,C,A,1,MT-TS2,400,0,-0.009674072265625
12276,G,A,1,MT-TL2,400,0,-0.010557055473327637
12308,A,G,0,MT-TL2,400,0,-0.005149126052856445
12315,G,A,1,MT-TL2,400,0,-0.007562458515167236
14674,T,C,1,MT-TE,400,0,-0.004647731781005859
14684,C,T,0,MT-TE,400,0,-0.00045925378799438477
14709,T,C,1,MT-TE,400,0,-0.005354821681976318
15894,G,A,0,MT-TT,400,0,-0.005212545394897461
15904,C,T,0,MT-TT,400,0,0.0009863972663879395
15907,A,G,0,MT-TT,400,0,-0.00506746768951416
15923,A,G,1,MT-TT,400,0,-0.004576981067657471
15924,A,G,0,MT-TT,400,0,-0.0008150935173034668
15928,G,A,0,MT-TT,400,0,-0.0028356313705444336
15990,C,T,1,MT-TP,400,0,-0.00868833065032959
591,C,T,1,MT-TF,400,1,0.01407390832901001
616,T,C,1,MT-TF,400,1,-0.008887708187103271
629,T,C,0,MT-TF,400,1,0.004655122756958008
1624,C,T,1,MT-TV,400,1,0.0003147721290588379
1644,G,A,1,MT-TV,400,1,-0.004000186920166016
3242,G,A,1,MT-TL1,400,1,-0.01039665937423706
3243,A,G,1,MT-TL1,400,1,-0.013151049613952637
3243,A,T,1,MT-TL1,400,1,-0.03267389535903931
3251,A,G,1,MT-TL1,400,1,-0.006525635719299316
3252,A,G,1,MT-TL1,400,1,-0.0037728548049926758
3255,G,A,1,MT-TL1,400,1,-0.006944537162780762
3256,C,T,1,MT-TL1,400,1,-0.006173908710479736
3258,T,C,1,MT-TL1,400,1,-0.005013823509216309
3260,A,G,1,MT-TL1,400,1,-0.006411314010620117
3271,T,C,1,MT-TL1,400,1,-0.005652189254760742
3291,T,C,1,MT-TL1,400,1,-0.0015317201614379883
3302,A,G,1,MT-TL1,400,1,-0.0003712177276611328
3303,C,T,1,MT-TL1,400,1,-0.008749961853027344
4300,A,G,1,MT-TI,400,1,-0.005711615085601807
4336,T,C,0,MT-TQ,400,1,0.0003325343132019043
4370,T,C,0,MT-TQ,400,1,-0.0022713541984558105
4450,G,A,1,MT-TM,400,1,-0.004327297210693359
4452,T,C,0,MT-TM,400,1,-0.0008684396743774414
5521,G,A,1,MT-TW,400,1,-0.006975293159484863
5553,T,C,0,MT-TW,400,1,-0.0014289617538452148
5556,G,A,1,MT-TW,400,1,-0.0061075687408447266
5650,G,A,1,MT-TA,400,1,-0.0053664445877075195
5690,A,G,1,MT-TN,400,1,-0.008170843124389648
5703,G,A,1,MT-TN,400,1,0.0017272233963012695
5728,T,C,1,MT-TN,400,1,-0.003561556339263916
5814,T,C,0,MT-TC,400,1,-0.0018175840377807617
7453,G,A,1,MT-TS1,400,1,-0.007705271244049072
7471,C,T,0,MT-TS1,400,1,0.002367854118347168
7472,A,T,0,MT-TS1,400,1,-0.0015860795974731445
7476,C,T,0,MT-TS1,400,1,-0.0007518529891967773
7493,C,T,0,MT-TS1,400,1,-0.0014647841453552246
7497,G,A,1,MT-TS1,400,1,-0.0005197525024414062
7498,G,A,0,MT-TS1,400,1,0.0019020438194274902
7510,T,C,1,MT-TS1,400,1,-0.0018255114555358887
7511,T,C,1,MT-TS1,400,1,-0.0012249946594238281
7512,T,C,1,MT-TS1,400,1,0.0013537406921386719
8313,G,A,1,MT-TK,400,1,-0.009338676929473877
8340,G,A,1,MT-TK,400,1,-0.004540145397186279
8344,A,G,1,MT-TK,400,1,-0.0018327832221984863
8348,A,G,0,MT-TK,400,1,-0.001682281494140625
8356,T,C,1,MT-TK,400,1,-0.001842498779296875
8363,G,A,1,MT-TK,400,1,-0.00766909122467041
10007,T,C,0,MT-TG,400,1,-0.003128528594970703
10034,T,C,0,MT-TG,400,1,-0.0017496347427368164
10463,T,C,0,MT-TR,400,1,-0.0019083619117736816
12147,G,A,1,MT-TH,400,1,-0.007251083850860596
12201,T,C,1,MT-TH,400,1,-0.0030307769775390625
12239,C,T,0,MT-TS2,400,1,-0.0011064410209655762
12258,C,A,1,MT-TS2,400,1,-0.009292125701904297
12276,G,A,1,MT-TL2,400,1,-0.011131346225738525
12308,A,G,0,MT-TL2,400,1,-0.00397801399230957
12315,G,A,1,MT-TL2,400,1,-0.006058812141418457
14674,T,C,1,MT-TE,400,1,-0.005305051803588867
14684,C,T,0,MT-TE,400,1,-0.0026727914810180664
14709,T,C,1,MT-TE,400,1,-0.004179120063781738
15894,G,A,0,MT-TT,400,1,-0.004640758037567139
15904,C,T,0,MT-TT,400,1,0.0005872845649719238
15907,A,G,0,MT-TT,400,1,-0.0046152472496032715
15923,A,G,1,MT-TT,400,1,-0.00410836935043335
15924,A,G,0,MT-TT,400,1,0.0006076693534851074
15928,G,A,0,MT-TT,400,1,-0.0017690658569335938
15990,C,T,1,MT-TP,400,1,-0.00955355167388916
591,C,T,1,MT-TF,400,2,0.008491754531860352
616,T,C,1,MT-TF,400,2,-0.02245718240737915
629,T,C,0,MT-TF,400,2,0.0022130608558654785
1624,C,T,1,MT-TV,400,2,-0.002151787281036377
1644,G,A,1,MT-TV,400,2,-0.0014002323150634766
3242,G,A,1,MT-TL1,400,2,-0.01054757833480835
3243,A,G,1,MT-TL1,400,2,-0.014471888542175293
3243,A,T,1,MT-TL1,400,2,-0.030787885189056396
3251,A,G,1,MT-TL1,400,2,-0.004783034324645996
3252,A,G,1,MT-TL1,400,2,-0.0034055113792419434
3255,G,A,1,MT-TL1,400,2,-0.010516703128814697
3256,C,T,1,MT-TL1,400,2,-0.008303046226501465
3258,T,C,1,MT-TL1,400,2,-0.002807438373565674
3260,A,G,1,MT-TL1,400,2,-0.00840616226196289
3271,T,C,1,MT-TL1,400,2,-0.002843797206878662
3291,T,C,1,MT-TL1,400,2,-0.0030993223190307617
3302,A,G,1,MT-TL1,400,2,-0.0015819072723388672
3303,C,T,1,MT-TL1,400,2,-0.006733715534210205
4300,A,G,1,MT-TI,400,2,-0.0042626261711120605
4336,T,C,0,MT-TQ,400,2,0.0003762245178222656
4370,T,C,0,MT-TQ,400,2,-0.0012651681900024414
4450,G,A,1,MT-TM,400,2,-0.003581404685974121
4452,T,C,0,MT-TM,400,2,-9.989738464355469e-05
5521,G,A,1,MT-TW,400,2,-0.008224070072174072
5553,T,C,0,MT-TW,400,2,-0.0012502074241638184
5556,G,A,1,MT-TW,400,2,-0.005923807621002197
5650,G,A,1,MT-TA,400,2,-0.003813326358795166
5690,A,G,1,MT-TN,400,2,-0.007363796234130859
5703,G,A,1,MT-TN,400,2,0.001511693000793457
5728,T,C,1,MT-TN,400,2,-0.002388596534729004
5814,T,C,0,MT-TC,400,2,-0.0010243654251098633
7453,G,A,1,MT-TS1,400,2,-0.00382155179977417
7471,C,T,0,MT-TS1,400,2,0.0027069449424743652
7472,A,T,0,MT-TS1,400,2,-0.0010963678359985352
7476,C,T,0,MT-TS1,400,2,-0.00013554096221923828
7493,C,T,0,MT-TS1,400,2,-6.705522537231445e-05
7497,G,A,1,MT-TS1,400,2,-0.0007015466690063477
7498,G,A,0,MT-TS1,400,2,0.0027054548263549805
7510,T,C,1,MT-TS1,400,2,-0.0007283687591552734
7511,T,C,1,MT-TS1,400,2,-0.001623988151550293
7512,T,C,1,MT-TS1,400,2,0.002279818058013916
8313,G,A,1,MT-TK,400,2,-0.008395493030548096
8340,G,A,1,MT-TK,400,2,-0.0014772415161132812
8344,A,G,1,MT-TK,400,2,-0.0012676715850830078
8348,A,G,0,MT-TK,400,2,-0.0020774006843566895
8356,T,C,1,MT-TK,400,2,-0.0025342702865600586
8363,G,A,1,MT-TK,400,2,-0.006182491779327393
10007,T,C,0,MT-TG,400,2,-0.0021659135818481445
10034,T,C,0,MT-TG,400,2,-0.0010997653007507324
10463,T,C,0,MT-TR,400,2,-0.004009425640106201
12147,G,A,1,MT-TH,400,2,-0.00937187671661377
12201,T,C,1,MT-TH,400,2,-0.0029706358909606934
12239,C,T,0,MT-TS2,400,2,0.000688016414642334
12258,C,A,1,MT-TS2,400,2,-0.008999168872833252
12276,G,A,1,MT-TL2,400,2,-0.01326131820678711
12308,A,G,0,MT-TL2,400,2,-0.005329787731170654
12315,G,A,1,MT-TL2,400,2,-0.006801784038543701
14674,T,C,1,MT-TE,400,2,-0.0048983097076416016
14684,C,T,0,MT-TE,400,2,-0.0005856156349182129
14709,T,C,1,MT-TE,400,2,-0.0038107633590698242
15894,G,A,0,MT-TT,400,2,-0.005218088626861572
15904,C,T,0,MT-TT,400,2,0.001441359519958496
15907,A,G,0,MT-TT,400,2,-0.005206644535064697
15923,A,G,1,MT-TT,400,2,-0.004161655902862549
15924,A,G,0,MT-TT,400,2,-3.635883331298828e-06
15928,G,A,0,MT-TT,400,2,-0.003032088279724121
15990,C,T,1,MT-TP,400,2,-0.009753227233886719
591,C,T,1,MT-TF,400,3,0.013898789882659912
616,T,C,1,MT-TF,400,3,-0.010576903820037842
629,T,C,0,MT-TF,400,3,-0.0005924701690673828
1624,C,T,1,MT-TV,400,3,-0.002231597900390625
1644,G,A,1,MT-TV,400,3,-0.00251847505569458
3242,G,A,1,MT-TL1,400,3,-0.009026765823364258
3243,A,G,1,MT-TL1,400,3,-0.010915040969848633
3243,A,T,1,MT-TL1,400,3,-0.031067311763763428
3251,A,G,1,MT-TL1,400,3,-0.004825949668884277
3252,A,G,1,MT-TL1,400,3,-0.004372239112854004
3255,G,A,1,MT-TL1,400,3,-0.008024275302886963
3256,C,T,1,MT-TL1,400,3,-0.008131206035614014
3258,T,C,1,MT-TL1,400,3,-0.0019366145133972168
3260,A,G,1,MT-TL1,400,3,-0.008091866970062256
3271,T,C,1,MT-TL1,400,3,-0.0021135807037353516
3291,T,C,1,MT-TL1,400,3,-0.00157928466796875
3302,A,G,1,MT-TL1,400,3,-0.0021593570709228516
3303,C,T,1,MT-TL1,400,3,-0.006713688373565674
4300,A,G,1,MT-TI,400,3,-0.0036533474922180176
4336,T,C,0,MT-TQ,400,3,-0.0006794333457946777
4370,T,C,0,MT-TQ,400,3,-0.001660764217376709
4450,G,A,1,MT-TM,400,3,-0.0030150413513183594
4452,T,C,0,MT-TM,400,3,-0.0010156035423278809
5521,G,A,1,MT-TW,400,3,-0.007436215877532959
5553,T,C,0,MT-TW,400,3,-0.0035692453384399414
5556,G,A,1,MT-TW,400,3,-0.006719112396240234
5650,G,A,1,MT-TA,400,3,-0.004011213779449463
5690,A,G,1,MT-TN,400,3,-0.009240984916687012
5703,G,A,1,MT-TN,400,3,0.0020923614501953125
5728,T,C,1,MT-TN,400,3,-0.0021590590476989746
5814,T,C,0,MT-TC,400,3,-0.0006485581398010254
7453,G,A,1,MT-TS1,400,3,-0.007875442504882812
7471,C,T,0,MT-TS1,400,3,0.0023488402366638184
7472,A,T,0,MT-TS1,400,3,-0.0017316937446594238
7476,C,T,0,MT-TS1,400,3,-0.0002409219741821289
7493,C,T,0,MT-TS1,400,3,-0.0011824369430541992
7497,G,A,1,MT-TS1,400,3,0.0010758638381958008
7498,G,A,0,MT-TS1,400,3,0.002246677875518799
7510,T,C,1,MT-TS1,400,3,-0.002019047737121582
7511,T,C,1,MT-TS1,400,3,-0.0014061331748962402
7512,T,C,1,MT-TS1,400,3,0.0037199854850769043
8313,G,A,1,MT-TK,400,3,-0.007756531238555908
8340,G,A,1,MT-TK,400,3,-0.0033469796180725098
8344,A,G,1,MT-TK,400,3,-0.0026000142097473145
8348,A,G,0,MT-TK,400,3,-0.0019241571426391602
8356,T,C,1,MT-TK,400,3,-0.0036143064498901367
8363,G,A,1,MT-TK,400,3,-0.007192134857177734
10007,T,C,0,MT-TG,400,3,-0.0019855499267578125
10034,T,C,0,MT-TG,400,3,-0.0016497373580932617
10463,T,C,0,MT-TR,400,3,-0.002461373805999756
12147,G,A,1,MT-TH,400,3,-0.006062507629394531
12201,T,C,1,MT-TH,400,3,-0.0026793479919433594
12239,C,T,0,MT-TS2,400,3,-0.0009548664093017578
12258,C,A,1,MT-TS2,400,3,-0.009592711925506592
12276,G,A,1,MT-TL2,400,3,-0.01184999942779541
12308,A,G,0,MT-TL2,400,3,-0.0041817426681518555
12315,G,A,1,MT-TL2,400,3,-0.007056474685668945
14674,T,C,1,MT-TE,400,3,-0.005402624607086182
14684,C,T,0,MT-TE,400,3,-0.0025682449340820312
14709,T,C,1,MT-TE,400,3,-0.004084765911102295
15894,G,A,0,MT-TT,400,3,-0.005982100963592529
15904,C,T,0,MT-TT,400,3,0.00030177831649780273
15907,A,G,0,MT-TT,400,3,-0.005156517028808594
15923,A,G,1,MT-TT,400,3,-0.0032051801681518555
15924,A,G,0,MT-TT,400,3,-0.0008336901664733887
15928,G,A,0,MT-TT,400,3,-0.0020600557327270508
15990,C,T,1,MT-TP,400,3,-0.008198857307434082
591,C,T,1,MT-TF,400,4,0.010807275772094727
616,T,C,1,MT-TF,400,4,-0.013096153736114502
629,T,C,0,MT-TF,400,4,0.0001779794692993164
1624,C,T,1,MT-TV,400,4,0.0009422898292541504
1644,G,A,1,MT-TV,400,4,-0.0029125213623046875
3242,G,A,1,MT-TL1,400,4,-0.013436079025268555
3243,A,G,1,MT-TL1,400,4,-0.012102246284484863
3243,A,T,1,MT-TL1,400,4,-0.035622358322143555
3251,A,G,1,MT-TL1,400,4,-0.00647205114364624
3252,A,G,1,MT-TL1,400,4,-0.004691064357757568
3255,G,A,1,MT-TL1,400,4,-0.007155179977416992
3256,C,T,1,MT-TL1,400,4,-0.009372889995574951
3258,T,C,1,MT-TL1,400,4,-0.0034059882164001465
3260,A,G,1,MT-TL1,400,4,-0.007666528224945068
3271,T,C,1,MT-TL1,400,4,-0.0032062530517578125
3291,T,C,1,MT-TL1,400,4,-0.0026634931564331055
3302,A,G,1,MT-TL1,400,4,-0.0015268921852111816
3303,C,T,1,MT-TL1,400,4,-0.005134701728820801
4300,A,G,1,MT-TI,400,4,-0.005563676357269287
4336,T,C,0,MT-TQ,400,4,-0.0014199018478393555
4370,T,C,0,MT-TQ,400,4,-0.0010483264923095703
4450,G,A,1,MT-TM,400,4,-0.0048830509185791016
4452,T,C,0,MT-TM,400,4,-0.0010901689529418945
5521,G,A,1,MT-TW,400,4,-0.008446335792541504
5553,T,C,0,MT-TW,400,4,-0.004593908786773682
5556,G,A,1,MT-TW,400,4,-0.004687190055847168
5650,G,A,1,MT-TA,400,4,-0.004359245300292969
5690,A,G,1,MT-TN,400,4,-0.006444275379180908
5703,G,A,1,MT-TN,400,4,0.0017266273498535156
5728,T,C,1,MT-TN,400,4,-0.002688109874725342
5814,T,C,0,MT-TC,400,4,-0.0017864704132080078
7453,G,A,1,MT-TS1,400,4,-0.005765795707702637
7471,C,T,0,MT-TS1,400,4,0.002471745014190674
7472,A,T,0,MT-TS1,400,4,-0.000943303108215332
7476,C,T,0,MT-TS1,400,4,-0.0006334781646728516
7493,C,T,0,MT-TS1,400,4,-0.001329660415649414
7497,G,A,1,MT-TS1,400,4,0.0016088485717773438
7498,G,A,0,MT-TS1,400,4,0.0008370876312255859
7510,T,C,1,MT-TS1,400,4,-0.0014736652374267578
7511,T,C,1,MT-TS1,400,4,-0.004153609275817871
7512,T,C,1,MT-TS1,400,4,-0.0013769865036010742
8313,G,A,1,MT-TK,400,4,-0.010124683380126953
8340,G,A,1,MT-TK,400,4,-0.003245830535888672
8344,A,G,1,MT-TK,400,4,-0.0007744431495666504
8348,A,G,0,MT-TK,400,4,-0.002642214298248291
8356,T,C,1,MT-TK,400,4,-0.001706242561340332
8363,G,A,1,MT-TK,400,4,-0.006313979625701904
10007,T,C,0,MT-TG,400,4,-0.002851724624633789
10034,T,C,0,MT-TG,400,4,-0.002349376678466797
10463,T,C,0,MT-TR,400,4,-0.002858400344848633
12147,G,A,1,MT-TH,400,4,-0.00826406478881836
12201,T,C,1,MT-TH,400,4,-0.0022245049476623535
12239,C,T,0,MT-TS2,400,4,-0.0016984939575195312
12258,C,A,1,MT-TS2,400,4,-0.00880289077758789
12276,G,A,1,MT-TL2,400,4,-0.013095974922180176
12308,A,G,0,MT-TL2,400,4,-0.007287144660949707
12315,G,A,1,MT-TL2,400,4,-0.005393803119659424
14674,T,C,1,MT-TE,400,4,-0.0030840635299682617
14684,C,T,0,MT-TE,400,4,-0.0005361437797546387
14709,T,C,1,MT-TE,400,4,-0.005282759666442871
15894,G,A,0,MT-TT,400,4,-0.006150960922241211
15904,C,T,0,MT-TT,400,4,0.0027463436126708984
15907,A,G,0,MT-TT,400,4,-0.0043939948081970215
15923,A,G,1,MT-TT,400,4,-0.0033054351806640625
15924,A,G,0,MT-TT,400,4,-0.0017095208168029785
15928,G,A,0,MT-TT,400,4,-0.0029810667037963867
15990,C,T,1,MT-TP,400,4,-0.007837414741516113
591,C,T,1,MT-TF,400,5,0.008559226989746094
616,T,C,1,MT-TF,400,5,-0.010721147060394287
629,T,C,0,MT-TF,400,5,0.0004519224166870117
1624,C,T,1,MT-TV,400,5,-0.00020140409469604492
1644,G,A,1,MT-TV,400,5,-0.0014214515686035156
3242,G,A,1,MT-TL1,400,5,-0.009225606918334961
3243,A,G,1,MT-TL1,400,5,-0.015193462371826172
3243,A,T,1,MT-TL1,400,5,-0.02942115068435669
3251,A,G,1,MT-TL1,400,5,-0.006262838840484619
3252,A,G,1,MT-TL1,400,5,-0.005533099174499512
3255,G,A,1,MT-TL1,400,5,-0.006365597248077393
3256,C,T,1,MT-TL1,400,5,-0.007811784744262695
3258,T,C,1,MT-TL1,400,5,-0.0015745162963867188
3260,A,G,1,MT-TL1,400,5,-0.005942642688751221
3271,T,C,1,MT-TL1,400,5,-0.0031245946884155273
3291,T,C,1,MT-TL1,400,5,-0.0034064650535583496
3302,A,G,1,MT-TL1,400,5,-0.001677095890045166
3303,C,T,1,MT-TL1,400,5,-0.008077740669250488
4300,A,G,1,MT-TI,400,5,-0.005043387413024902
4336,T,C,0,MT-TQ,400,5,-0.0023824572563171387
4370,T,C,0,MT-TQ,400,5,-0.0033988356590270996
4450,G,A,1,MT-TM,400,5,-0.00466233491897583
4452,T,C,0,MT-TM,400,5,0.0002123713493347168
5521,G,A,1,MT-TW,400,5,-0.006552159786224365
5553,T,C,0,MT-TW,400,5,-0.0032192468643188477
5556,G,A,1,MT-TW,400,5,-0.006172358989715576
5650,G,A,1,MT-TA,400,5,-0.0056917667388916016
5690,A,G,1,MT-TN,400,5,-0.008037328720092773
5703,G,A,1,MT-TN,400,5,0.0009047985076904297
5728,T,C,1,MT-TN,400,5,-0.001510322093963623
5814,T,C,0,MT-TC,400,5,-0.0017541050910949707
7453,G,A,1,MT-TS1,400,5,-0.005738556385040283
7471,C,T,0,MT-TS1,400,5,0.002251744270324707
7472,A,T,0,MT-TS1,400,5,-0.00031125545501708984
7476,C,T,0,MT-TS1,400,5,-0.00019794702529907227
7493,C,T,0,MT-TS1,400,5,-0.0008551478385925293
7497,G,A,1,MT-TS1,400,5,7.62939453125e-05
7498,G,A,0,MT-TS1,400,5,0.0027634501457214355
7510,T,C,1,MT-TS1,400,5,-0.0009257793426513672
7511,T,C,1,MT-TS1,400,5,-0.0028018951416015625
7512,T,C,1,MT-TS1,400,5,-0.00025326013565063477
8313,G,A,1,MT-TK,400,5,-0.007604002952575684
8340,G,A,1,MT-TK,400,5,-0.003663003444671631
8344,A,G,1,MT-TK,400,5,-0.0017876625061035156
8348,A,G,0,MT-TK,400,5,-0.0021903514862060547
8356,T,C,1,MT-TK,400,5,-0.0017871856689453125
8363,G,A,1,MT-TK,400,5,-0.006402134895324707
10007,T,C,0,MT-TG,400,5,-0.001247704029083252
10034,T,C,0,MT-TG,400,5,-0.001623988151550293
10463,T,C,0,MT-TR,400,5,-0.001894533634185791
12147,G,A,1,MT-TH,400,5,-0.007976293563842773
12201,T,C,1,MT-TH,400,5,-0.0021951794624328613
12239,C,T,0,MT-TS2,400,5,-0.0026587247848510742
12258,C,A,1,MT-TS2,400,5,-0.010283827781677246
12276,G,A,1,MT-TL2,400,5,-0.010751903057098389
12308,A,G,0,MT-TL2,400,5,-0.006988942623138428
12315,G,A,1,MT-TL2,400,5,-0.005739092826843262
14674,T,C,1,MT-TE,400,5,-0.00405120849609375
14684,C,T,0,MT-TE,400,5,-0.0020702481269836426
14709,T,C,1,MT-TE,400,5,-0.004764914512634277
15894,G,A,0,MT-TT,400,5,-0.005878627300262451
15904,C,T,0,MT-TT,400,5,0.0017302632331848145
15907,A,G,0,MT-TT,400,5,-0.003924369812011719
15923,A,G,1,MT-TT,400,5,-0.004176795482635498
15924,A,G,0,MT-TT,400,5,-0.002152562141418457
15928,G,A,0,MT-TT,400,5,-0.001810312271118164
15990,C,T,1,MT-TP,400,5,-0.007381916046142578
591,C,T,1,MT-TF,400,6,0.010701298713684082
616,T,C,1,MT-TF,400,6,-0.011599063873291016
629,T,C,0,MT-TF,400,6,0.0022597312927246094
1624,C,T,1,MT-TV,400,6,0.00043451786041259766
1644,G,A,1,MT-TV,400,6,-0.0017060637474060059
3242,G,A,1,MT-TL1,400,6,-0.009456515312194824
3243,A,G,1,MT-TL1,400,6,-0.014150142669677734
3243,A,T,1,MT-TL1,400,6,-0.030415058135986328
3251,A,G,1,MT-TL1,400,6,-0.004646360874176025
3252,A,G,1,MT-TL1,400,6,-0.005889296531677246
3255,G,A,1,MT-TL1,400,6,-0.007499873638153076
3256,C,T,1,MT-TL1,400,6,-0.009923219680786133
3258,T,C,1,MT-TL1,400,6,-0.0038352012634277344
3260,A,G,1,MT-TL1,400,6,-0.00812751054763794
3271,T,C,1,MT-TL1,400,6,-0.0012724995613098145
3291,T,C,1,MT-TL1,400,6,-0.001588582992553711
3302,A,G,1,MT-TL1,400,6,-0.0027074217796325684
3303,C,T,1,MT-TL1,400,6,-0.0074280500411987305
4300,A,G,1,MT-TI,400,6,-0.00477147102355957
4336,T,C,0,MT-TQ,400,6,-0.0001703500747680664
4370,T,C,0,MT-TQ,400,6,-0.001125037670135498
4450,G,A,1,MT-TM,400,6,-0.004973709583282471
4452,T,C,0,MT-TM,400,6,-0.0004762411117553711
5521,G,A,1,MT-TW,400,6,-0.007763028144836426
5553,T,C,0,MT-TW,400,6,-0.002556025981903076
5556,G,A,1,MT-TW,400,6,-0.00544428825378418
5650,G,A,1,MT-TA,400,6,-0.006570696830749512
5690,A,G,1,MT-TN,400,6,-0.008804678916931152
5703,G,A,1,MT-TN,400,6,0.00032764673233032227
5728,T,C,1,MT-TN,400,6,-0.002475261688232422
5814,T,C,0,MT-TC,400,6,-0.0018091201782226562
7453,G,A,1,MT-TS1,400,6,-0.006853759288787842
7471,C,T,0,MT-TS1,400,6,0.0022034645080566406
7472,A,T,0,MT-TS1,400,6,-0.0006465315818786621
7476,C,T,0,MT-TS1,400,6,0.001054525375366211
7493,C,T,0,MT-TS1,400,6,-0.0009775757789611816
7497,G,A,1,MT-TS1,400,6,-0.0012845993041992188
7498,G,A,0,MT-TS1,400,6,0.003293335437774658
7510,T,C,1,MT-TS1,400,6,-0.004167437553405762
7511,T,C,1,MT-TS1,400,6,-0.0010418891906738281
7512,T,C,1,MT-TS1,400,6,0.0004024505615234375
8313,G,A,1,MT-TK,400,6,-0.00634765625
8340,G,A,1,MT-TK,400,6,-0.0013749003410339355
8344,A,G,1,MT-TK,400,6,-0.0004831552505493164
8348,A,G,0,MT-TK,400,6,-0.0018196702003479004
8356,T,C,1,MT-TK,400,6,-0.002383291721343994
8363,G,A,1,MT-TK,400,6,-0.006106555461883545
10007,T,C,0,MT-TG,400,6,-0.0007538795471191406
10034,T,C,0,MT-TG,400,6,-0.002031087875366211
10463,T,C,0,MT-TR,400,6,-0.002635478973388672
12147,G,A,1,MT-TH,400,6,-0.008219122886657715
12201,T,C,1,MT-TH,400,6,-0.0034455060958862305
12239,C,T,0,MT-TS2,400,6,-0.0011621713638305664
12258,C,A,1,MT-TS2,400,6,-0.008785903453826904
12276,G,A,1,MT-TL2,400,6,-0.012937724590301514
12308,A,G,0,MT-TL2,400,6,-0.007435858249664307
12315,G,A,1,MT-TL2,400,6,-0.005976617336273193
14674,T,C,1,MT-TE,400,6,-0.004242658615112305
14684,C,T,0,MT-TE,400,6,-0.0016613006591796875
14709,T,C,1,MT-TE,400,6,-0.004673123359680176
15894,G,A,0,MT-TT,400,6,-0.005628049373626709
15904,C,T,0,MT-TT,400,6,0.0009639263153076172
15907,A,G,0,MT-TT,400,6,-0.0043256282806396484
15923,A,G,1,MT-TT,400,6,-0.002502918243408203
15924,A,G,0,MT-TT,400,6,-0.001456916332244873
15928,G,A,0,MT-TT,400,6,-0.0016240477561950684
15990,C,T,1,MT-TP,400,6,-0.007834672927856445
591,C,T,1,MT-TF,400,7,0.010662853717803955
616,T,C,1,MT-TF,400,7,-0.019748032093048096
629,T,C,0,MT-TF,400,7,0.0022887587547302246
1624,C,T,1,MT-TV,400,7,0.00041043758392333984
1644,G,A,1,MT-TV,400,7,-0.002702176570892334
3242,G,A,1,MT-TL1,400,7,-0.010791897773742676
3243,A,G,1,MT-TL1,400,7,-0.012002289295196533
3243,A,T,1,MT-TL1,400,7,-0.03106689453125
3251,A,G,1,MT-TL1,400,7,-0.007276296615600586
3252,A,G,1,MT-TL1,400,7,-0.005032718181610107
3255,G,A,1,MT-TL1,400,7,-0.007158935070037842
3256,C,T,1,MT-TL1,400,7,-0.007696628570556641
3258,T,C,1,MT-TL1,400,7,-0.002420961856842041
3260,A,G,1,MT-TL1,400,7,-0.009806811809539795
3271,T,C,1,MT-TL1,400,7,-0.0031218528747558594
3291,T,C,1,MT-TL1,400,7,-0.0006112456321716309
3302,A,G,1,MT-TL1,400,7,-0.0008817911148071289
3303,C,T,1,MT-TL1,400,7,-0.006761431694030762
4300,A,G,1,MT-TI,400,7,-0.00621795654296875
4336,T,C,0,MT-TQ,400,7,-0.0006583333015441895
4370,T,C,0,MT-TQ,400,7,-0.002736508846282959
4450,G,A,1,MT-TM,400,7,-0.005052745342254639
4452,T,C,0,MT-TM,400,7,-0.0003247857093811035
5521,G,A,1,MT-TW,400,7,-0.007831215858459473
5553,T,C,0,MT-TW,400,7,-0.0037544965744018555
5556,G,A,1,MT-TW,400,7,-0.004152238368988037
5650,G,A,1,MT-TA,400,7,-0.005483150482177734
5690,A,G,1,MT-TN,400,7,-0.007501482963562012
5703,G,A,1,MT-TN,400,7,0.000579535961151123
5728,T,C,1,MT-TN,400,7,-0.0025954246520996094
5814,T,C,0,MT-TC,400,7,-0.001399695873260498
7453,G,A,1,MT-TS1,400,7,-0.006501376628875732
7471,C,T,0,MT-TS1,400,7,0.003023982048034668
7472,A,T,0,MT-TS1,400,7,0.0002231001853942871
7476,C,T,0,MT-TS1,400,7,-5.131959915161133e-05
7493,C,T,0,MT-TS1,400,7,0.0005027651786804199
7497,G,A,1,MT-TS1,400,7,-0.00018614530563354492
7498,G,A,0,MT-TS1,400,7,0.003402411937713623
7510,T,C,1,MT-TS1,400,7,-0.0019266605377197266
7511,T,C,1,MT-TS1,400,7,-0.0002638697624206543
7512,T,C,1,MT-TS1,400,7,0.001109004020690918
8313,G,A,1,MT-TK,400,7,-0.008867979049682617
8340,G,A,1,MT-TK,400,7,-0.002671658992767334
8344,A,G,1,MT-TK,400,7,-0.0027532577514648438
8348,A,G,0,MT-TK,400,7,-0.0023183822631835938
8356,T,C,1,MT-TK,400,7,-0.0025884509086608887
8363,G,A,1,MT-TK,400,7,-0.006892383098602295
10007,T,C,0,MT-TG,400,7,-0.003286302089691162
10034,T,C,0,MT-TG,400,7,-0.0011734962463378906
10463,T,C,0,MT-TR,400,7,-0.00285184383392334
12147,G,A,1,MT-TH,400,7,-0.007909178733825684
12201,T,C,1,MT-TH,400,7,-0.0032695531845092773
12239,C,T,0,MT-TS2,400,7,-0.0013775229454040527
12258,C,A,1,MT-TS2,400,7,-0.009417533874511719
12276,G,A,1,MT-TL2,400,7,-0.009720325469970703
12308,A,G,0,MT-TL2,400,7,-0.0058629512786865234
12315,G,A,1,MT-TL2,400,7,-0.005989193916320801
14674,T,C,1,MT-TE,400,7,-0.003259718418121338
14684,C,T,0,MT-TE,400,7,-0.0012961030006408691
14709,T,C,1,MT-TE,400,7,-0.003543078899383545
15894,G,A,0,MT-TT,400,7,-0.005514383316040039
15904,C,T,0,MT-TT,400,7,0.0005277395248413086
15907,A,G,0,MT-TT,400,7,-0.0037110447883605957
15923,A,G,1,MT-TT,400,7,-0.0027220845222473145
15924,A,G,0,MT-TT,400,7,-0.0010787248611450195
15928,G,A,0,MT-TT,400,7,-0.0026963353157043457
15990,C,T,1,MT-TP,400,7,-0.008811712265014648
591,C,T,1,MT-TF,400,8,0.005088388919830322
616,T,C,1,MT-TF,400,8,-0.009652256965637207
629,T,C,0,MT-TF,400,8,0.003197789192199707
1624,C,T,1,MT-TV,400,8,-0.001522064208984375
1644,G,A,1,MT-TV,400,8,-0.003513634204864502
3242,G,A,1,MT-TL1,400,8,-0.010918915271759033
3243,A,G,1,MT-TL1,400,8,-0.013120770454406738
3243,A,T,1,MT-TL1,400,8,-0.03502851724624634
3251,A,G,1,MT-TL1,400,8,-0.004590272903442383
3252,A,G,1,MT-TL1,400,8,-0.006245017051696777
3255,G,A,1,MT-TL1,400,8,-0.006601095199584961
3256,C,T,1,MT-TL1,400,8,-0.009390652179718018
3258,T,C,1,MT-TL1,400,8,-0.004634737968444824
3260,A,G,1,MT-TL1,400,8,-0.0071523189544677734
3271,T,C,1,MT-TL1,400,8,-0.0022101402282714844
3291,T,C,1,MT-TL1,400,8,-0.002094745635986328
3302,A,G,1,MT-TL1,400,8,-0.0022423267364501953
3303,C,T,1,MT-TL1,400,8,-0.007459700107574463
4300,A,G,1,MT-TI,400,8,-0.005944967269897461
4336,T,C,0,MT-TQ,400,8,-0.000775754451751709
4370,T,C,0,MT-TQ,400,8,5.02467155456543e-05
4450,G,A,1,MT-TM,400,8,-0.002957761287689209
4452,T,C,0,MT-TM,400,8,-0.0015418529510498047
5521,G,A,1,MT-TW,400,8,-0.007441222667694092
5553,T,C,0,MT-TW,400,8,-0.003175497055053711
5556,G,A,1,MT-TW,400,8,-0.003963649272918701
5650,G,A,1,MT-TA,400,8,-0.005570054054260254
5690,A,G,1,MT-TN,400,8,-0.007185041904449463
5703,G,A,1,MT-TN,400,8,-6.80685043334961e-05
5728,T,C,1,MT-TN,400,8,-0.004168868064880371
5814,T,C,0,MT-TC,400,8,-0.0016425848007202148
7453,G,A,1,MT-TS1,400,8,-0.005767941474914551
7471,C,T,0,MT-TS1,400,8,0.004635930061340332
7472,A,T,0,MT-TS1,400,8,-0.00015866756439208984
7476,C,T,0,MT-TS1,400,8,0.0011464953422546387
7493,C,T,0,MT-TS1,400,8,-0.00019884109497070312
7497,G,A,1,MT-TS1,400,8,0.0004106760025024414
7498,G,A,0,MT-TS1,400,8,0.0034505128860473633
7510,T,C,1,MT-TS1,400,8,-0.0007401704788208008
7511,T,C,1,MT-TS1,400,8,-0.0004521012306213379
7512,T,C,1,MT-TS1,400,8,0.0004488825798034668
8313,G,A,1,MT-TK,400,8,-0.008654654026031494
8340,G,A,1,MT-TK,400,8,-0.0020189881324768066
8344,A,G,1,MT-TK,400,8,-0.0025051236152648926
8348,A,G,0,MT-TK,400,8,-0.0016955733299255371
8356,T,C,1,MT-TK,400,8,-0.0023120641708374023
8363,G,A,1,MT-TK,400,8,-0.007907390594482422
10007,T,C,0,MT-TG,400,8,-0.0031428933143615723
10034,T,C,0,MT-TG,400,8,-0.0005502104759216309
10463,T,C,0,MT-TR,400,8,-0.0029143691062927246
12147,G,A,1,MT-TH,400,8,-0.007325887680053711
12201,T,C,1,MT-TH,400,8,-0.00397038459777832
12239,C,T,0,MT-TS2,400,8,-0.001011490821838379
12258,C,A,1,MT-TS2,400,8,-0.009260892868041992
12276,G,A,1,MT-TL2,400,8,-0.010372161865234375
12308,A,G,0,MT-TL2,400,8,-0.006618201732635498
12315,G,A,1,MT-TL2,400,8,-0.003614187240600586
14674,T,C,1,MT-TE,400,8,-0.004495203495025635
14684,C,T,0,MT-TE,400,8,-0.0009418725967407227
14709,T,C,1,MT-TE,400,8,-0.005221962928771973
15894,G,A,0,MT-TT,400,8,-0.005566537380218506
15904,C,T,0,MT-TT,400,8,0.002017676830291748
15907,A,G,0,MT-TT,400,8,-0.004312753677368164
15923,A,G,1,MT-TT,400,8,-0.005197405815124512
15924,A,G,0,MT-TT,400,8,-0.0008269548416137695
15928,G,A,0,MT-TT,400,8,-0.0024603605270385742
15990,C,T,1,MT-TP,400,8,-0.009069085121154785
591,C,T,1,MT-TF,400,9,0.013195812702178955
616,T,C,1,MT-TF,400,9,-0.015762031078338623
629,T,C,0,MT-TF,400,9,0.0002447962760925293
1624,C,T,1,MT-TV,400,9,0.000648200511932373
1644,G,A,1,MT-TV,400,9,-0.0038628578186035156
3242,G,A,1,MT-TL1,400,9,-0.009128391742706299
3243,A,G,1,MT-TL1,400,9,-0.01156681776046753
3243,A,T,1,MT-TL1,400,9,-0.02988111972808838
3251,A,G,1,MT-TL1,400,9,-0.0063610076904296875
3252,A,G,1,MT-TL1,400,9,-0.004525959491729736
3255,G,A,1,MT-TL1,400,9,-0.010078847408294678
3256,C,T,1,MT-TL1,400,9,-0.0077315568923950195
3258,T,C,1,MT-TL1,400,9,-0.0025450587272644043
3260,A,G,1,MT-TL1,400,9,-0.00686490535736084
3271,T,C,1,MT-TL1,400,9,-0.0023376941680908203
3291,T,C,1,MT-TL1,400,9,-0.0012767910957336426
3302,A,G,1,MT-TL1,400,9,-0.0021669864654541016
3303,C,T,1,MT-TL1,400,9,-0.006874799728393555
4300,A,G,1,MT-TI,400,9,-0.003422856330871582
4336,T,C,0,MT-TQ,400,9,-0.0009442567825317383
4370,T,C,0,MT-TQ,400,9,-0.0015499591827392578
4450,G,A,1,MT-TM,400,9,-0.0037200450897216797
4452,T,C,0,MT-TM,400,9,-0.00014793872833251953
5521,G,A,1,MT-TW,400,9,-0.006596028804779053
5553,T,C,0,MT-TW,400,9,-0.004122138023376465
5556,G,A,1,MT-TW,400,9,-0.00620192289352417
5650,G,A,1,MT-TA,400,9,-0.005845546722412109
5690,A,G,1,MT-TN,400,9,-0.006145894527435303
5703,G,A,1,MT-TN,400,9,0.0007327795028686523
5728,T,C,1,MT-TN,400,9,-0.0019513964653015137
5814,T,C,0,MT-TC,400,9,-0.0024686455726623535
7453,G,A,1,MT-TS1,400,9,-0.005532503128051758
7471,C,T,0,MT-TS1,400,9,0.003965497016906738
7472,A,T,0,MT-TS1,400,9,0.0006677508354187012
7476,C,T,0,MT-TS1,400,9,-0.0002944469451904297
7493,C,T,0,MT-TS1,400,9,-0.001292586326599121
7497,G,A,1,MT-TS1,400,9,-0.00032454729080200195
7498,G,A,0,MT-TS1,400,9,0.0017105340957641602
7510,T,C,1,MT-TS1,400,9,-0.001548171043395996
7511,T,C,1,MT-TS1,400,9,-0.0016559362411499023
7512,T,C,1,MT-TS1,400,9,0.0028256773948669434
8313,G,A,1,MT-TK,400,9,-0.009701013565063477
8340,G,A,1,MT-TK,400,9,-0.0025649070739746094
8344,A,G,1,MT-TK,400,9,-0.0016087889671325684
8348,A,G,0,MT-TK,400,9,-0.002491593360900879
8356,T,C,1,MT-TK,400,9,-0.0022845864295959473
8363,G,A,1,MT-TK,400,9,-0.007409632205963135
10007,T,C,0,MT-TG,400,9,-0.000980079174041748
10034,T,C,0,MT-TG,400,9,-0.001249551773071289
10463,T,C,0,MT-TR,400,9,-0.0033687353134155273
12147,G,A,1,MT-TH,400,9,-0.005696773529052734
12201,T,C,1,MT-TH,400,9,-0.003509700298309326
12239,C,T,0,MT-TS2,400,9,0.0003319978713989258
12258,C,A,1,MT-TS2,400,9,-0.009605348110198975
12276,G,A,1,MT-TL2,400,9,-0.01351320743560791
12308,A,G,0,MT-TL2,400,9,-0.006184995174407959
12315,G,A,1,MT-TL2,400,9,-0.0074999332427978516
14674,T,C,1,MT-TE,400,9,-0.004405617713928223
14684,C,T,0,MT-TE,400,9,0.0003063678741455078
14709,T,C,1,MT-TE,400,9,-0.005597472190856934
15894,G,A,0,MT-TT,400,9,-0.0057953596115112305
15904,C,T,0,MT-TT,400,9,0.001210927963256836
15907,A,G,0,MT-TT,400,9,-0.005079388618469238
15923,A,G,1,MT-TT,400,9,-0.0020259618759155273
15924,A,G,0,MT-TT,400,9,-0.0016574859619140625
15928,G,A,0,MT-TT,400,9,-0.002144455909729004
15990,C,T,1,MT-TP,400,9,-0.008776307106018066
