pos,ref,alt,label,gene,radius,seed,delta
591,C,T,1,MT-TF,-1,-1,0.0021026134490966797
616,T,C,1,MT-TF,-1,-1,-0.006552636623382568
629,T,C,0,MT-TF,-1,-1,-0.0004470348358154297
1624,C,T,1,MT-TV,-1,-1,-9.328126907348633e-05
1644,G,A,1,MT-TV,-1,-1,-0.0007062554359436035
3242,G,A,1,MT-TL1,-1,-1,-0.0025284886360168457
3243,A,G,1,MT-TL1,-1,-1,-0.003882497549057007
3243,A,T,1,MT-TL1,-1,-1,-0.00852087140083313
3251,A,G,1,MT-TL1,-1,-1,-0.0017291009426116943
3252,A,G,1,MT-TL1,-1,-1,-0.00221368670463562
3255,G,A,1,MT-TL1,-1,-1,-0.0024926960468292236
3256,C,T,1,MT-TL1,-1,-1,-0.0028685331344604492
3258,T,C,1,MT-TL1,-1,-1,-0.0006087422370910645
3260,A,G,1,MT-TL1,-1,-1,-0.0021459758281707764
3271,T,C,1,MT-TL1,-1,-1,-3.9190053939819336e-05
3291,T,C,1,MT-TL1,-1,-1,-6.347894668579102e-05
3302,A,G,1,MT-TL1,-1,-1,-0.0009648799896240234
3303,C,T,1,MT-TL1,-1,-1,-0.001911759376525879
4300,A,G,1,MT-TI,-1,-1,-0.0012130141258239746
4336,T,C,0,MT-TQ,-1,-1,-0.0004393458366394043
4370,T,C,0,MT-TQ,-1,-1,0.0001646280288696289
4450,G,A,1,MT-TM,-1,-1,-0.000894397497177124
4452,T,C,0,MT-TM,-1,-1,-0.0004284679889678955
5521,G,A,1,MT-TW,-1,-1,-0.0017525255680084229
5553,T,C,0,MT-TW,-1,-1,-0.0004138350486755371
5556,G,A,1,MT-TW,-1,-1,-0.0007116198539733887
5650,G,A,1,MT-TA,-1,-1,-0.001406162977218628
5690,A,G,1,MT-TN,-1,-1,-0.0019764304161071777
5703,G,A,1,MT-TN,-1,-1,-0.0009431838989257812
5728,T,C,1,MT-TN,-1,-1,-0.0012112259864807129
5814,T,C,0,MT-TC,-1,-1,-0.00046375393867492676
7453,G,A,1,MT-TS1,-1,-1,-0.0020859241485595703
7471,C,T,0,MT-TS1,-1,-1,0.0013833045959472656
7472,A,T,0,MT-TS1,-1,-1,-0.0001417100429534912
7476,C,T,0,MT-TS1,-1,-1,7.075071334838867e-05
7493,C,T,0,MT-TS1,-1,-1,0.00010225176811218262
7497,G,A,1,MT-TS1,-1,-1,0.0001792311668395996
7498,G,A,0,MT-TS1,-1,-1,0.0005736649036407471
7510,T,C,1,MT-TS1,-1,-1,-0.0011993050575256348
7511,T,C,1,MT-TS1,-1,-1,-0.00027698278427124023
7512,T,C,1,MT-TS1,-1,-1,0.00013899803161621094
8313,G,A,1,MT-TK,-1,-1,-0.0018242597579956055
8340,G,A,1,MT-TK,-1,-1,-0.0007781684398651123
8344,A,G,1,MT-TK,-1,-1,-0.0005148053169250488
8348,A,G,0,MT-TK,-1,-1,-0.0009428858757019043
8356,T,C,1,MT-TK,-1,-1,-0.00037348270416259766
8363,G,A,1,MT-TK,-1,-1,-0.0016017556190490723
10007,T,C,0,MT-TG,-1,-1,-0.00032019615173339844
10034,T,C,0,MT-TG,-1,-1,-0.0007061958312988281
10463,T,C,0,MT-TR,-1,-1,-0.000596463680267334
12147,G,A,1,MT-TH,-1,-1,-0.002100646495819092
12201,T,C,1,MT-TH,-1,-1,-0.001499950885772705
12239,C,T,0,MT-TS2,-1,-1,-0.0004633665084838867
12258,C,A,1,MT-TS2,-1,-1,-0.002461671829223633
12276,G,A,1,MT-TL2,-1,-1,-0.0028867721557617188
12308,A,G,0,MT-TL2,-1,-1,-0.001391768455505371
12315,G,A,1,MT-TL2,-1,-1,-0.0018520951271057129
14674,T,C,1,MT-TE,-1,-1,-0.001299440860748291
14684,C,T,0,MT-TE,-1,-1,0.00012826919555664062
14709,T,C,1,MT-TE,-1,-1,-0.0014232397079467773
15894,G,A,0,MT-TT,-1,-1,-0.0016900300979614258
15904,C,T,0,MT-TT,-1,-1,0.00041961669921875
15907,A,G,0,MT-TT,-1,-1,-0.0017174482345581055
15923,A,G,1,MT-TT,-1,-1,-3.552436828613281e-05
15924,A,G,0,MT-TT,-1,-1,-0.00040596723556518555
15928,G,A,0,MT-TT,-1,-1,-0.0005474090576171875
15990,C,T,1,MT-TP,-1,-1,-0.00025713443756103516
591,C,T,1,MT-TF,0,0,0.0006506443023681641
616,T,C,1,MT-TF,0,0,-0.0005133152008056641
629,T,C,0,MT-TF,0,0,-0.0003457069396972656
1624,C,T,1,MT-TV,0,0,-0.001354217529296875
1644,G,A,1,MT-TV,0,0,-0.0010876655578613281
3242,G,A,1,MT-TL1,0,0,-0.005486488342285156
3243,A,G,1,MT-TL1,0,0,-0.007170915603637695
3243,A,T,1,MT-TL1,0,0,-0.009133577346801758
3251,A,G,1,MT-TL1,0,0,-0.0004930496215820312
3252,A,G,1,MT-TL1,0,0,-0.001986384391784668
3255,G,A,1,MT-TL1,0,0,-0.0023767948150634766
3256,C,T,1,MT-TL1,0,0,-0.0015081167221069336
3258,T,C,1,MT-TL1,0,0,-0.0009407997131347656
3260,A,G,1,MT-TL1,0,0,-0.0016260147094726562
3271,T,C,1,MT-TL1,0,0,-0.0005234479904174805
3291,T,C,1,MT-TL1,0,0,-0.0004712343215942383
3302,A,G,1,MT-TL1,0,0,-0.000613093376159668
3303,C,T,1,MT-TL1,0,0,-0.00040435791015625
4300,A,G,1,MT-TI,0,0,-0.0004649162292480469
4336,T,C,0,MT-TQ,0,0,-0.00032317638397216797
4370,T,C,0,MT-TQ,0,0,-0.00022101402282714844
4450,G,A,1,MT-TM,0,0,-0.0011955499649047852
4452,T,C,0,MT-TM,0,0,-0.0003834962844848633
5521,G,A,1,MT-TW,0,0,0.0004640817642211914
5553,T,C,0,MT-TW,0,0,-0.00045680999755859375
5556,G,A,1,MT-TW,0,0,-0.0005010366439819336
5650,G,A,1,MT-TA,0,0,-0.0006984472274780273
5690,A,G,1,MT-TN,0,0,-0.0020639896392822266
5703,G,A,1,MT-TN,0,0,8.511543273925781e-05
5728,T,C,1,MT-TN,0,0,-0.0003647804260253906
5814,T,C,0,MT-TC,0,0,-0.0007135868072509766
7453,G,A,1,MT-TS1,0,0,-0.00024497509002685547
7471,C,T,0,MT-TS1,0,0,0.00040781497955322266
7472,A,T,0,MT-TS1,0,0,0.0010896921157836914
7476,C,T,0,MT-TS1,0,0,0.0001392364501953125
7493,C,T,0,MT-TS1,0,0,0.00024700164794921875
7497,G,A,1,MT-TS1,0,0,0.00030541419982910156
7498,G,A,0,MT-TS1,0,0,9.083747863769531e-05
7510,T,C,1,MT-TS1,0,0,0.00032532215118408203
7511,T,C,1,MT-TS1,0,0,-0.0009033679962158203
7512,T,C,1,MT-TS1,0,0,-0.00028204917907714844
8313,G,A,1,MT-TK,0,0,-0.00081634521484375
8340,G,A,1,MT-TK,0,0,-0.0006403923034667969
8344,A,G,1,MT-TK,0,0,-1.3828277587890625e-05
8348,A,G,0,MT-TK,0,0,-0.0003457069396972656
8356,T,C,1,MT-TK,0,0,-0.0007741451263427734
8363,G,A,1,MT-TK,0,0,-0.0005304813385009766
10007,T,C,0,MT-TG,0,0,0.0014759302139282227
10034,T,C,0,MT-TG,0,0,-0.0005151033401489258
10463,T,C,0,MT-TR,0,0,0.00047338008880615234
12147,G,A,1,MT-TH,0,0,-0.001425623893737793
12201,T,C,1,MT-TH,0,0,-0.0009546279907226562
12239,C,T,0,MT-TS2,0,0,-0.00017452239990234375
12258,C,A,1,MT-TS2,0,0,-0.0010104179382324219
12276,G,A,1,MT-TL2,0,0,-0.0001010894775390625
12308,A,G,0,MT-TL2,0,0,-0.001422882080078125
12315,G,A,1,MT-TL2,0,0,-0.0010838508605957031
14674,T,C,1,MT-TE,0,0,0.00040721893310546875
14684,C,T,0,MT-TE,0,0,0.0009403228759765625
14709,T,C,1,MT-TE,0,0,0.00012183189392089844
15894,G,A,0,MT-TT,0,0,-0.001887202262878418
15904,C,T,0,MT-TT,0,0,0.000844120979309082
15907,A,G,0,MT-TT,0,0,-0.0002048015594482422
15923,A,G,1,MT-TT,0,0,-0.00021314620971679688
15924,A,G,0,MT-TT,0,0,-0.00037419795989990234
15928,G,A,0,MT-TT,0,0,-0.0002511739730834961
15990,C,T,1,MT-TP,0,0,0.0011938810348510742
591,C,T,1,MT-TF,0,1,0.0012007951736450195
616,T,C,1,MT-TF,0,1,-1.2874603271484375e-05
629,T,C,0,MT-TF,0,1,0.00012254714965820312
1624,C,T,1,MT-TV,0,1,-0.00206601619720459
1644,G,A,1,MT-TV,0,1,-0.00032711029052734375
3242,G,A,1,MT-TL1,0,1,-0.0012611150741577148
3243,A,G,1,MT-TL1,0,1,-0.007278800010681152
3243,A,T,1,MT-TL1,0,1,-0.005300164222717285
3251,A,G,1,MT-TL1,0,1,-0.0024595260620117188
3252,A,G,1,MT-TL1,0,1,-0.0004909038543701172
3255,G,A,1,MT-TL1,0,1,-0.00015747547149658203
3256,C,T,1,MT-TL1,0,1,3.838539123535156e-05
3258,T,C,1,MT-TL1,0,1,-0.0012046098709106445
3260,A,G,1,MT-TL1,0,1,0.0009559392929077148
3271,T,C,1,MT-TL1,0,1,-0.00040793418884277344
3291,T,C,1,MT-TL1,0,1,-0.0005525350570678711
3302,A,G,1,MT-TL1,0,1,-0.0005717277526855469
3303,C,T,1,MT-TL1,0,1,-0.0004980564117431641
4300,A,G,1,MT-TI,0,1,-0.00107574462890625
4336,T,C,0,MT-TQ,0,1,-9.799003601074219e-05
4370,T,C,0,MT-TQ,0,1,-0.0003108978271484375
4450,G,A,1,MT-TM,0,1,-0.0006922483444213867
4452,T,C,0,MT-TM,0,1,8.034706115722656e-05
5521,G,A,1,MT-TW,0,1,0.0002307891845703125
5553,T,C,0,MT-TW,0,1,-0.0004773139953613281
5556,G,A,1,MT-TW,0,1,-0.0007321834564208984
5650,G,A,1,MT-TA,0,1,-0.00033473968505859375
5690,A,G,1,MT-TN,0,1,-0.0022439956665039062
5703,G,A,1,MT-TN,0,1,-0.00010347366333007812
5728,T,C,1,MT-TN,0,1,-0.0004627704620361328
5814,T,C,0,MT-TC,0,1,-0.0005872249603271484
7453,G,A,1,MT-TS1,0,1,-0.0006301403045654297
7471,C,T,0,MT-TS1,0,1,0.00035572052001953125
7472,A,T,0,MT-TS1,0,1,0.0004305839538574219
7476,C,T,0,MT-TS1,0,1,0.0003387928009033203
7493,C,T,0,MT-TS1,0,1,-1.9073486328125e-05
7497,G,A,1,MT-TS1,0,1,0.0001404285430908203
7498,G,A,0,MT-TS1,0,1,0.00017976760864257812
7510,T,C,1,MT-TS1,0,1,-0.000718235969543457
7511,T,C,1,MT-TS1,0,1,-0.0006046295166015625
7512,T,C,1,MT-TS1,0,1,-0.00044405460357666016
8313,G,A,1,MT-TK,0,1,-0.0003616809844970703
8340,G,A,1,MT-TK,0,1,-0.0008933544158935547
8344,A,G,1,MT-TK,0,1,0.0001131296157836914
8348,A,G,0,MT-TK,0,1,-0.0006442070007324219
8356,T,C,1,MT-TK,0,1,-0.001195073127746582
8363,G,A,1,MT-TK,0,1,-0.0004674196243286133
10007,T,C,0,MT-TG,0,1,0.0010223388671875
10034,T,C,0,MT-TG,0,1,-0.0005295276641845703
10463,T,C,0,MT-TR,0,1,0.0002892017364501953
12147,G,A,1,MT-TH,0,1,-0.003429889678955078
12201,T,C,1,MT-TH,0,1,-0.0011845827102661133
12239,C,T,0,MT-TS2,0,1,-0.0006887912750244141
12258,C,A,1,MT-TS2,0,1,-0.002299666404724121
12276,G,A,1,MT-TL2,0,1,-0.004774212837219238
12308,A,G,0,MT-TL2,0,1,-0.000637054443359375
12315,G,A,1,MT-TL2,0,1,-0.0012788772583007812
14674,T,C,1,MT-TE,0,1,6.914138793945312e-05
14684,C,T,0,MT-TE,0,1,-0.00020515918731689453
14709,T,C,1,MT-TE,0,1,-0.00011718273162841797
15894,G,A,0,MT-TT,0,1,-0.00014090538024902344
15904,C,T,0,MT-TT,0,1,-9.5367431640625e-06
15907,A,G,0,MT-TT,0,1,-3.266334533691406e-05
15923,A,G,1,MT-TT,0,1,-0.0012984275817871094
15924,A,G,0,MT-TT,0,1,-0.0006619691848754883
15928,G,A,0,MT-TT,0,1,-0.0005993843078613281
15990,C,T,1,MT-TP,0,1,-0.00017821788787841797
591,C,T,1,MT-TF,0,2,0.0003428459167480469
616,T,C,1,MT-TF,0,2,-0.000843048095703125
629,T,C,0,MT-TF,0,2,0.000316619873046875
1624,C,T,1,MT-TV,0,2,-0.0010442733764648438
1644,G,A,1,MT-TV,0,2,-0.00019490718841552734
3242,G,A,1,MT-TL1,0,2,-0.006392002105712891
3243,A,G,1,MT-TL1,0,2,-0.00644373893737793
3243,A,T,1,MT-TL1,0,2,-0.005229592323303223
3251,A,G,1,MT-TL1,0,2,-0.0007321834564208984
3252,A,G,1,MT-TL1,0,2,-0.001303553581237793
3255,G,A,1,MT-TL1,0,2,0.00010061264038085938
3256,C,T,1,MT-TL1,0,2,-0.0005066394805908203
3258,T,C,1,MT-TL1,0,2,-0.0005867481231689453
3260,A,G,1,MT-TL1,0,2,-0.0005691051483154297
3271,T,C,1,MT-TL1,0,2,-0.0007795095443725586
3291,T,C,1,MT-TL1,0,2,-0.000274658203125
3302,A,G,1,MT-TL1,0,2,-0.0006389617919921875
3303,C,T,1,MT-TL1,0,2,-0.0008171796798706055
4300,A,G,1,MT-TI,0,2,-0.0008575916290283203
4336,T,C,0,MT-TQ,0,2,-9.09566879272461e-05
4370,T,C,0,MT-TQ,0,2,2.5272369384765625e-05
4450,G,A,1,MT-TM,0,2,-0.0010960102081298828
4452,T,C,0,MT-TM,0,2,-0.000597834587097168
5521,G,A,1,MT-TW,0,2,0.0003535747528076172
5553,T,C,0,MT-TW,0,2,-0.0001704692840576172
5556,G,A,1,MT-TW,0,2,-0.00047469139099121094
5650,G,A,1,MT-TA,0,2,-0.0006170272827148438
5690,A,G,1,MT-TN,0,2,-0.0027298927307128906
5703,G,A,1,MT-TN,0,2,-0.00015044212341308594
5728,T,C,1,MT-TN,0,2,-0.00046503543853759766
5814,T,C,0,MT-TC,0,2,-0.0007119178771972656
7453,G,A,1,MT-TS1,0,2,-8.428096771240234e-05
7471,C,T,0,MT-TS1,0,2,0.0006365776062011719
7472,A,T,0,MT-TS1,0,2,0.00038874149322509766
7476,C,T,0,MT-TS1,0,2,9.620189666748047e-05
7493,C,T,0,MT-TS1,0,2,-0.00021076202392578125
7497,G,A,1,MT-TS1,0,2,0.0006194114685058594
7498,G,A,0,MT-TS1,0,2,0.00033485889434814453
7510,T,C,1,MT-TS1,0,2,-0.0004601478576660156
7511,T,C,1,MT-TS1,0,2,-0.00031554698944091797
7512,T,C,1,MT-TS1,0,2,-0.0003451108932495117
8313,G,A,1,MT-TK,0,2,-0.0002943277359008789
8340,G,A,1,MT-TK,0,2,-0.0007159709930419922
8344,A,G,1,MT-TK,0,2,5.269050598144531e-05
8348,A,G,0,MT-TK,0,2,-0.0005805492401123047
8356,T,C,1,MT-TK,0,2,-0.0006040334701538086
8363,G,A,1,MT-TK,0,2,0.00016164779663085938
10007,T,C,0,MT-TG,0,2,0.0007169246673583984
10034,T,C,0,MT-TG,0,2,-0.0004914999008178711
10463,T,C,0,MT-TR,0,2,8.416175842285156e-05
12147,G,A,1,MT-TH,0,2,4.184246063232422e-05
12201,T,C,1,MT-TH,0,2,-0.0008668899536132812
12239,C,T,0,MT-TS2,0,2,-0.0013282299041748047
12258,C,A,1,MT-TS2,0,2,-0.0009504556655883789
12276,G,A,1,MT-TL2,0,2,0.00015497207641601562
12308,A,G,0,MT-TL2,0,2,-0.0008221864700317383
12315,G,A,1,MT-TL2,0,2,-0.0018678903579711914
14674,T,C,1,MT-TE,0,2,6.008148193359375e-05
14684,C,T,0,MT-TE,0,2,0.0003757476806640625
14709,T,C,1,MT-TE,0,2,0.00011408329010009766
15894,G,A,0,MT-TT,0,2,0.00018334388732910156
15904,C,T,0,MT-TT,0,2,9.107589721679688e-05
15907,A,G,0,MT-TT,0,2,-0.000725865364074707
15923,A,G,1,MT-TT,0,2,-0.0013842582702636719
15924,A,G,0,MT-TT,0,2,-0.0009740591049194336
15928,G,A,0,MT-TT,0,2,-0.0001481771469116211
15990,C,T,1,MT-TP,0,2,0.0006300210952758789
591,C,T,1,MT-TF,0,3,0.0009235143661499023
616,T,C,1,MT-TF,0,3,-0.0004048347473144531
629,T,C,0,MT-TF,0,3,-0.00030601024627685547
1624,C,T,1,MT-TV,0,3,-0.00154876708984375
1644,G,A,1,MT-TV,0,3,0.00014591217041015625
3242,G,A,1,MT-TL1,0,3,-0.002880096435546875
3243,A,G,1,MT-TL1,0,3,-0.006310224533081055
3243,A,T,1,MT-TL1,0,3,-0.00565338134765625
3251,A,G,1,MT-TL1,0,3,0.0002875328063964844
3252,A,G,1,MT-TL1,0,3,-0.0012392997741699219
3255,G,A,1,MT-TL1,0,3,-0.0014667510986328125
3256,C,T,1,MT-TL1,0,3,-0.0008840560913085938
3258,T,C,1,MT-TL1,0,3,-0.0005178451538085938
3260,A,G,1,MT-TL1,0,3,-0.0006203651428222656
3271,T,C,1,MT-TL1,0,3,-0.0006921291351318359
3291,T,C,1,MT-TL1,0,3,-0.00033593177795410156
3302,A,G,1,MT-TL1,0,3,-0.0011050701141357422
3303,C,T,1,MT-TL1,0,3,-0.0006151199340820312
4300,A,G,1,MT-TI,0,3,-0.0006916522979736328
4336,T,C,0,MT-TQ,0,3,0.0002999305725097656
4370,T,C,0,MT-TQ,0,3,-0.0003647804260253906
4450,G,A,1,MT-TM,0,3,-0.0005135536193847656
4452,T,C,0,MT-TM,0,3,-0.0003120899200439453
5521,G,A,1,MT-TW,0,3,0.00037348270416259766
5553,T,C,0,MT-TW,0,3,6.747245788574219e-05
5556,G,A,1,MT-TW,0,3,-6.496906280517578e-05
5650,G,A,1,MT-TA,0,3,-1.2874603271484375e-05
5690,A,G,1,MT-TN,0,3,-0.002568483352661133
5703,G,A,1,MT-TN,0,3,0.0002790689468383789
5728,T,C,1,MT-TN,0,3,-0.0005203485488891602
5814,T,C,0,MT-TC,0,3,-0.0006389617919921875
7453,G,A,1,MT-TS1,0,3,-5.924701690673828e-05
7471,C,T,0,MT-TS1,0,3,0.0008829832077026367
7472,A,T,0,MT-TS1,0,3,0.0002955198287963867
7476,C,T,0,MT-TS1,0,3,0.0004572868347167969
7493,C,T,0,MT-TS1,0,3,-0.0001308917999267578
7497,G,A,1,MT-TS1,0,3,-7.152557373046875e-07
7498,G,A,0,MT-TS1,0,3,-0.00011301040649414062
7510,T,C,1,MT-TS1,0,3,-0.0006350278854370117
7511,T,C,1,MT-TS1,0,3,-0.0008771419525146484
7512,T,C,1,MT-TS1,0,3,-0.0004909038543701172
8313,G,A,1,MT-TK,0,3,-0.00015473365783691406
8340,G,A,1,MT-TK,0,3,-0.0008730888366699219
8344,A,G,1,MT-TK,0,3,-0.00011086463928222656
8348,A,G,0,MT-TK,0,3,-0.0009762048721313477
8356,T,C,1,MT-TK,0,3,-0.00046634674072265625
8363,G,A,1,MT-TK,0,3,-0.0007407665252685547
10007,T,C,0,MT-TG,0,3,-0.0003135204315185547
10034,T,C,0,MT-TG,0,3,-0.0002827644348144531
10463,T,C,0,MT-TR,0,3,0.0005061626434326172
12147,G,A,1,MT-TH,0,3,-0.0015718936920166016
12201,T,C,1,MT-TH,0,3,-0.0009592771530151367
12239,C,T,0,MT-TS2,0,3,-0.00046765804290771484
12258,C,A,1,MT-TS2,0,3,-0.0013045072555541992
12276,G,A,1,MT-TL2,0,3,-5.435943603515625e-05
12308,A,G,0,MT-TL2,0,3,-0.0009251832962036133
12315,G,A,1,MT-TL2,0,3,-0.0015897750854492188
14674,T,C,1,MT-TE,0,3,0.00035309791564941406
14684,C,T,0,MT-TE,0,3,0.00015294551849365234
14709,T,C,1,MT-TE,0,3,4.2319297790527344e-05
15894,G,A,0,MT-TT,0,3,-0.0006383657455444336
15904,C,T,0,MT-TT,0,3,7.796287536621094e-05
15907,A,G,0,MT-TT,0,3,-0.00014066696166992188
15923,A,G,1,MT-TT,0,3,-0.0021054744720458984
15924,A,G,0,MT-TT,0,3,-0.0005091428756713867
15928,G,A,0,MT-TT,0,3,-0.0002881288528442383
15990,C,T,1,MT-TP,0,3,-0.000841975212097168
591,C,T,1,MT-TF,0,4,-6.4849853515625e-05
616,T,C,1,MT-TF,0,4,-0.0012832880020141602
629,T,C,0,MT-TF,0,4,-0.00012493133544921875
1624,C,T,1,MT-TV,0,4,-0.0013790130615234375
1644,G,A,1,MT-TV,0,4,-0.0008722543716430664
3242,G,A,1,MT-TL1,0,4,-0.0033589601516723633
3243,A,G,1,MT-TL1,0,4,-0.007489323616027832
3243,A,T,1,MT-TL1,0,4,-0.005722641944885254
3251,A,G,1,MT-TL1,0,4,-0.0029993057250976562
3252,A,G,1,MT-TL1,0,4,-0.0011123418807983398
3255,G,A,1,MT-TL1,0,4,-0.001401066780090332
3256,C,T,1,MT-TL1,0,4,-0.0015790462493896484
3258,T,C,1,MT-TL1,0,4,-0.00039589405059814453
3260,A,G,1,MT-TL1,0,4,-0.0014351606369018555
3271,T,C,1,MT-TL1,0,4,-0.0008673667907714844
3291,T,C,1,MT-TL1,0,4,-0.0007128715515136719
3302,A,G,1,MT-TL1,0,4,-0.0007138252258300781
3303,C,T,1,MT-TL1,0,4,-0.0009655952453613281
4300,A,G,1,MT-TI,0,4,-0.0005928277969360352
4336,T,C,0,MT-TQ,0,4,-0.0002390146255493164
4370,T,C,0,MT-TQ,0,4,-0.0002231597900390625
4450,G,A,1,MT-TM,0,4,-0.0014717578887939453
4452,T,C,0,MT-TM,0,4,-0.00013136863708496094
5521,G,A,1,MT-TW,0,4,-0.0002957582473754883
5553,T,C,0,MT-TW,0,4,-0.0005495548248291016
5556,G,A,1,MT-TW,0,4,-0.00044143199920654297
5650,G,A,1,MT-TA,0,4,-0.00046372413635253906
5690,A,G,1,MT-TN,0,4,-0.0022548437118530273
5703,G,A,1,MT-TN,0,4,3.0875205993652344e-05
5728,T,C,1,MT-TN,0,4,-8.153915405273438e-05
5814,T,C,0,MT-TC,0,4,-0.0004153251647949219
7453,G,A,1,MT-TS1,0,4,0.00017952919006347656
7471,C,T,0,MT-TS1,0,4,0.0004940032958984375
7472,A,T,0,MT-TS1,0,4,0.0003110170364379883
7476,C,T,0,MT-TS1,0,4,-2.0623207092285156e-05
7493,C,T,0,MT-TS1,0,4,-0.00031363964080810547
7497,G,A,1,MT-TS1,0,4,0.00019943714141845703
7498,G,A,0,MT-TS1,0,4,0.0002733469009399414
7510,T,C,1,MT-TS1,0,4,-0.00019741058349609375
7511,T,C,1,MT-TS1,0,4,-0.0006538629531860352
7512,T,C,1,MT-TS1,0,4,-0.0005377531051635742
8313,G,A,1,MT-TK,0,4,0.0006494522094726562
8340,G,A,1,MT-TK,0,4,-0.0009174346923828125
8344,A,G,1,MT-TK,0,4,5.0067901611328125e-05
8348,A,G,0,MT-TK,0,4,-0.00011789798736572266
8356,T,C,1,MT-TK,0,4,-0.0010988712310791016
8363,G,A,1,MT-TK,0,4,-0.000667572021484375
10007,T,C,0,MT-TG,0,4,0.0012137889862060547
10034,T,C,0,MT-TG,0,4,-0.0005619525909423828
10463,T,C,0,MT-TR,0,4,-0.00013506412506103516
12147,G,A,1,MT-TH,0,4,-0.0020248889923095703
12201,T,C,1,MT-TH,0,4,-0.0006834268569946289
12239,C,T,0,MT-TS2,0,4,-2.5033950805664062e-05
12258,C,A,1,MT-TS2,0,4,-0.001508474349975586
12276,G,A,1,MT-TL2,0,4,-0.0017162561416625977
12308,A,G,0,MT-TL2,0,4,-0.001118302345275879
12315,G,A,1,MT-TL2,0,4,-0.0010237693786621094
14674,T,C,1,MT-TE,0,4,0.00026535987854003906
14684,C,T,0,MT-TE,0,4,0.00027382373809814453
14709,T,C,1,MT-TE,0,4,3.254413604736328e-05
15894,G,A,0,MT-TT,0,4,-0.0006867647171020508
15904,C,T,0,MT-TT,0,4,0.00038123130798339844
15907,A,G,0,MT-TT,0,4,-0.0002071857452392578
15923,A,G,1,MT-TT,0,4,-0.002047419548034668
15924,A,G,0,MT-TT,0,4,-0.0009214878082275391
15928,G,A,0,MT-TT,0,4,-0.0001615285873413086
15990,C,T,1,MT-TP,0,4,-0.0008697509765625
591,C,T,1,MT-TF,0,5,0.0005354881286621094
616,T,C,1,MT-TF,0,5,-0.0007345676422119141
629,T,C,0,MT-TF,0,5,-0.0006878376007080078
1624,C,T,1,MT-TV,0,5,-0.0009846687316894531
1644,G,A,1,MT-TV,0,5,-0.0007290840148925781
3242,G,A,1,MT-TL1,0,5,-0.0037883520126342773
3243,A,G,1,MT-TL1,0,5,-0.006787300109863281
3243,A,T,1,MT-TL1,0,5,-0.0062454938888549805
3251,A,G,1,MT-TL1,0,5,-0.003432750701904297
3252,A,G,1,MT-TL1,0,5,-0.0010677576065063477
3255,G,A,1,MT-TL1,0,5,-0.0012041330337524414
3256,C,T,1,MT-TL1,0,5,-0.001146554946899414
3258,T,C,1,MT-TL1,0,5,-0.001050114631652832
3260,A,G,1,MT-TL1,0,5,-0.0008455514907836914
3271,T,C,1,MT-TL1,0,5,-0.00013709068298339844
3291,T,C,1,MT-TL1,0,5,-0.0008214712142944336
3302,A,G,1,MT-TL1,0,5,-0.0006544589996337891
3303,C,T,1,MT-TL1,0,5,-0.00047087669372558594
4300,A,G,1,MT-TI,0,5,-0.0002853870391845703
4336,T,C,0,MT-TQ,0,5,0.00024044513702392578
4370,T,C,0,MT-TQ,0,5,-0.00017595291137695312
4450,G,A,1,MT-TM,0,5,-0.0011633634567260742
4452,T,C,0,MT-TM,0,5,-0.0006145238876342773
5521,G,A,1,MT-TW,0,5,-0.0006780624389648438
5553,T,C,0,MT-TW,0,5,-0.00046539306640625
5556,G,A,1,MT-TW,0,5,-3.9577484130859375e-05
5650,G,A,1,MT-TA,0,5,-0.0008511543273925781
5690,A,G,1,MT-TN,0,5,-0.003191232681274414
5703,G,A,1,MT-TN,0,5,-9.822845458984375e-05
5728,T,C,1,MT-TN,0,5,-0.00044536590576171875
5814,T,C,0,MT-TC,0,5,-0.0013557672500610352
7453,G,A,1,MT-TS1,0,5,-0.0006135702133178711
7471,C,T,0,MT-TS1,0,5,0.0005332231521606445
7472,A,T,0,MT-TS1,0,5,0.0005805492401123047
7476,C,T,0,MT-TS1,0,5,-0.000118255615234375
7493,C,T,0,MT-TS1,0,5,-0.00012552738189697266
7497,G,A,1,MT-TS1,0,5,6.341934204101562e-05
7498,G,A,0,MT-TS1,0,5,-7.343292236328125e-05
7510,T,C,1,MT-TS1,0,5,-0.00010538101196289062
7511,T,C,1,MT-TS1,0,5,-0.0004557371139526367
7512,T,C,1,MT-TS1,0,5,-0.00042128562927246094
8313,G,A,1,MT-TK,0,5,-0.0018570423126220703
8340,G,A,1,MT-TK,0,5,-0.0010200738906860352
8344,A,G,1,MT-TK,0,5,-0.0001894235610961914
8348,A,G,0,MT-TK,0,5,-0.0005598068237304688
8356,T,C,1,MT-TK,0,5,-0.0005555152893066406
8363,G,A,1,MT-TK,0,5,-0.00031054019927978516
10007,T,C,0,MT-TG,0,5,0.0001499652862548828
10034,T,C,0,MT-TG,0,5,-0.0006009340286254883
10463,T,C,0,MT-TR,0,5,-5.6743621826171875e-05
12147,G,A,1,MT-TH,0,5,-0.0020661354064941406
12201,T,C,1,MT-TH,0,5,-0.0009423494338989258
12239,C,T,0,MT-TS2,0,5,-0.0004856586456298828
12258,C,A,1,MT-TS2,0,5,-0.0011026859283447266
12276,G,A,1,MT-TL2,0,5,-0.002183198928833008
12308,A,G,0,MT-TL2,0,5,-0.001336216926574707
12315,G,A,1,MT-TL2,0,5,-0.0005763769149780273
14674,T,C,1,MT-TE,0,5,-2.0384788513183594e-05
14684,C,T,0,MT-TE,0,5,0.0001900196075439453
14709,T,C,1,MT-TE,0,5,0.00033164024353027344
15894,G,A,0,MT-TT,0,5,-0.00011229515075683594
15904,C,T,0,MT-TT,0,5,8.7738037109375e-05
15907,A,G,0,MT-TT,0,5,-0.00014209747314453125
15923,A,G,1,MT-TT,0,5,-0.0013110637664794922
15924,A,G,0,MT-TT,0,5,-0.0001513957977294922
15928,G,A,0,MT-TT,0,5,-0.00029397010803222656
15990,C,T,1,MT-TP,0,5,0.000517725944519043
591,C,T,1,MT-TF,0,6,-6.818771362304688e-05
616,T,C,1,MT-TF,0,6,-0.0002288818359375
629,T,C,0,MT-TF,0,6,-0.00030350685119628906
1624,C,T,1,MT-TV,0,6,-0.0008616447448730469
1644,G,A,1,MT-TV,0,6,-0.0004410743713378906
3242,G,A,1,MT-TL1,0,6,-0.0027937889099121094
3243,A,G,1,MT-TL1,0,6,-0.006079673767089844
3243,A,T,1,MT-TL1,0,6,-0.007282137870788574
3251,A,G,1,MT-TL1,0,6,-0.002448439598083496
3252,A,G,1,MT-TL1,0,6,-0.0009980201721191406
3255,G,A,1,MT-TL1,0,6,-0.0006082057952880859
3256,C,T,1,MT-TL1,0,6,-0.0004385709762573242
3258,T,C,1,MT-TL1,0,6,-0.0015703439712524414
3260,A,G,1,MT-TL1,0,6,-0.0011377334594726562
3271,T,C,1,MT-TL1,0,6,-0.0006103515625
3291,T,C,1,MT-TL1,0,6,-0.0005338191986083984
3302,A,G,1,MT-TL1,0,6,-0.0006198883056640625
3303,C,T,1,MT-TL1,0,6,-0.0005300045013427734
4300,A,G,1,MT-TI,0,6,-0.0005944967269897461
4336,T,C,0,MT-TQ,0,6,0.0004671812057495117
4370,T,C,0,MT-TQ,0,6,2.944469451904297e-05
4450,G,A,1,MT-TM,0,6,-0.0011017322540283203
4452,T,C,0,MT-TM,0,6,-0.00030481815338134766
5521,G,A,1,MT-TW,0,6,0.0014435052871704102
5553,T,C,0,MT-TW,0,6,-0.0006091594696044922
5556,G,A,1,MT-TW,0,6,-0.0006239414215087891
5650,G,A,1,MT-TA,0,6,-8.177757263183594e-05
5690,A,G,1,MT-TN,0,6,-0.0026619434356689453
5703,G,A,1,MT-TN,0,6,-3.62396240234375e-05
5728,T,C,1,MT-TN,0,6,-0.0006215572357177734
5814,T,C,0,MT-TC,0,6,-0.0001424551010131836
7453,G,A,1,MT-TS1,0,6,-0.0002206563949584961
7471,C,T,0,MT-TS1,0,6,0.0003197193145751953
7472,A,T,0,MT-TS1,0,6,0.0004913806915283203
7476,C,T,0,MT-TS1,0,6,-0.00013899803161621094
7493,C,T,0,MT-TS1,0,6,9.608268737792969e-05
7497,G,A,1,MT-TS1,0,6,7.534027099609375e-05
7498,G,A,0,MT-TS1,0,6,-0.00014209747314453125
7510,T,C,1,MT-TS1,0,6,-0.0004905462265014648
7511,T,C,1,MT-TS1,0,6,-0.0007001161575317383
7512,T,C,1,MT-TS1,0,6,-0.00037479400634765625
8313,G,A,1,MT-TK,0,6,-7.486343383789062e-05
8340,G,A,1,MT-TK,0,6,-0.0007750988006591797
8344,A,G,1,MT-TK,0,6,4.291534423828125e-05
8348,A,G,0,MT-TK,0,6,-0.0006821155548095703
8356,T,C,1,MT-TK,0,6,-0.0003783702850341797
8363,G,A,1,MT-TK,0,6,0.00011980533599853516
10007,T,C,0,MT-TG,0,6,0.0004131793975830078
10034,T,C,0,MT-TG,0,6,-0.000826716423034668
10463,T,C,0,MT-TR,0,6,0.0003986358642578125
12147,G,A,1,MT-TH,0,6,-0.0020904541015625
12201,T,C,1,MT-TH,0,6,-0.00036263465881347656
12239,C,T,0,MT-TS2,0,6,7.987022399902344e-06
12258,C,A,1,MT-TS2,0,6,-0.0012030601501464844
12276,G,A,1,MT-TL2,0,6,-0.0006833076477050781
12308,A,G,0,MT-TL2,0,6,-0.0010422468185424805
12315,G,A,1,MT-TL2,0,6,-0.0017766952514648438
14674,T,C,1,MT-TE,0,6,-1.6570091247558594e-05
14684,C,T,0,MT-TE,0,6,0.0006465911865234375
14709,T,C,1,MT-TE,0,6,-5.459785461425781e-05
15894,G,A,0,MT-TT,0,6,-0.0006793737411499023
15904,C,T,0,MT-TT,0,6,0.00019824504852294922
15907,A,G,0,MT-TT,0,6,8.58306884765625e-06
15923,A,G,1,MT-TT,0,6,-0.0013947486877441406
15924,A,G,0,MT-TT,0,6,-0.0003311634063720703
15928,G,A,0,MT-TT,0,6,-0.00023794174194335938
15990,C,T,1,MT-TP,0,6,-0.002216815948486328
591,C,T,1,MT-TF,0,7,-0.0001914501190185547
616,T,C,1,MT-TF,0,7,-0.00013303756713867188
629,T,C,0,MT-TF,0,7,0.0003952980041503906
1624,C,T,1,MT-TV,0,7,-0.000102996826171875
1644,G,A,1,MT-TV,0,7,-0.00026226043701171875
3242,G,A,1,MT-TL1,0,7,-0.0031512975692749023
3243,A,G,1,MT-TL1,0,7,-0.006159782409667969
3243,A,T,1,MT-TL1,0,7,-0.006045103073120117
3251,A,G,1,MT-TL1,0,7,-0.0009903907775878906
3252,A,G,1,MT-TL1,0,7,-0.002097606658935547
3255,G,A,1,MT-TL1,0,7,-0.0008012056350708008
3256,C,T,1,MT-TL1,0,7,-0.0014657974243164062
3258,T,C,1,MT-TL1,0,7,-0.0009076595306396484
3260,A,G,1,MT-TL1,0,7,-0.00030422210693359375
3271,T,C,1,MT-TL1,0,7,0.0005102157592773438
3291,T,C,1,MT-TL1,0,7,-0.0005481243133544922
3302,A,G,1,MT-TL1,0,7,-0.0006425380706787109
3303,C,T,1,MT-TL1,0,7,-0.0009298324584960938
4300,A,G,1,MT-TI,0,7,0.00019550323486328125
4336,T,C,0,MT-TQ,0,7,1.9550323486328125e-05
4370,T,C,0,MT-TQ,0,7,-0.0002372264862060547
4450,G,A,1,MT-TM,0,7,-0.0008065700531005859
4452,T,C,0,MT-TM,0,7,-2.396106719970703e-05
5521,G,A,1,MT-TW,0,7,0.0007764101028442383
5553,T,C,0,MT-TW,0,7,-0.0005998611450195312
5556,G,A,1,MT-TW,0,7,0.00038611888885498047
5650,G,A,1,MT-TA,0,7,-0.00052642822265625
5690,A,G,1,MT-TN,0,7,-0.0032705068588256836
5703,G,A,1,MT-TN,0,7,2.0503997802734375e-05
5728,T,C,1,MT-TN,0,7,-0.000712275505065918
5814,T,C,0,MT-TC,0,7,-0.0006330013275146484
7453,G,A,1,MT-TS1,0,7,0.00013363361358642578
7471,C,T,0,MT-TS1,0,7,0.00024712085723876953
7472,A,T,0,MT-TS1,0,7,0.0004793405532836914
7476,C,T,0,MT-TS1,0,7,0.00013899803161621094
7493,C,T,0,MT-TS1,0,7,-0.00011849403381347656
7497,G,A,1,MT-TS1,0,7,0.00032770633697509766
7498,G,A,0,MT-TS1,0,7,-0.00021159648895263672
7510,T,C,1,MT-TS1,0,7,-0.00036656856536865234
7511,T,C,1,MT-TS1,0,7,-0.000492095947265625
7512,T,C,1,MT-TS1,0,7,-0.00039076805114746094
8313,G,A,1,MT-TK,0,7,-0.00011098384857177734
8340,G,A,1,MT-TK,0,7,-0.0007894039154052734
8344,A,G,1,MT-TK,0,7,-5.8770179748535156e-05
8348,A,G,0,MT-TK,0,7,-0.0005141496658325195
8356,T,C,1,MT-TK,0,7,-0.0006300210952758789
8363,G,A,1,MT-TK,0,7,-0.0006122589111328125
10007,T,C,0,MT-TG,0,7,0.0006406307220458984
10034,T,C,0,MT-TG,0,7,-0.0005524158477783203
10463,T,C,0,MT-TR,0,7,0.0003046989440917969
12147,G,A,1,MT-TH,0,7,-0.002164006233215332
12201,T,C,1,MT-TH,0,7,-0.0005890130996704102
12239,C,T,0,MT-TS2,0,7,-0.0008729696273803711
12258,C,A,1,MT-TS2,0,7,-0.0013469457626342773
12276,G,A,1,MT-TL2,0,7,-0.00036025047302246094
12308,A,G,0,MT-TL2,0,7,-0.001119375228881836
12315,G,A,1,MT-TL2,0,7,-0.001405477523803711
14674,T,C,1,MT-TE,0,7,-8.881092071533203e-05
14684,C,T,0,MT-TE,0,7,0.00021708011627197266
14709,T,C,1,MT-TE,0,7,-3.886222839355469e-05
15894,G,A,0,MT-TT,0,7,-0.0003895759582519531
15904,C,T,0,MT-TT,0,7,0.0002669095993041992
15907,A,G,0,MT-TT,0,7,-0.0002741813659667969
15923,A,G,1,MT-TT,0,7,-0.0026265382766723633
15924,A,G,0,MT-TT,0,7,-4.649162292480469e-05
15928,G,A,0,MT-TT,0,7,-5.7220458984375e-05
15990,C,T,1,MT-TP,0,7,0.00019538402557373047
591,C,T,1,MT-TF,0,8,0.0016863346099853516
616,T,C,1,MT-TF,0,8,-0.0005636215209960938
629,T,C,0,MT-TF,0,8,0.0003447532653808594
1624,C,T,1,MT-TV,0,8,-0.00034999847412109375
1644,G,A,1,MT-TV,0,8,2.574920654296875e-05
3242,G,A,1,MT-TL1,0,8,-0.007104396820068359
3243,A,G,1,MT-TL1,0,8,-0.005324125289916992
3243,A,T,1,MT-TL1,0,8,-0.0005228519439697266
3251,A,G,1,MT-TL1,0,8,-0.00026214122772216797
3252,A,G,1,MT-TL1,0,8,-0.0013628005981445312
3255,G,A,1,MT-TL1,0,8,-0.0006897449493408203
3256,C,T,1,MT-TL1,0,8,-0.0001201629638671875
3258,T,C,1,MT-TL1,0,8,-0.00037109851837158203
3260,A,G,1,MT-TL1,0,8,-0.0017496347427368164
3271,T,C,1,MT-TL1,0,8,-0.001242995262145996
3291,T,C,1,MT-TL1,0,8,-0.0005985498428344727
3302,A,G,1,MT-TL1,0,8,-0.000513911247253418
3303,C,T,1,MT-TL1,0,8,-0.0009708404541015625
4300,A,G,1,MT-TI,0,8,-0.00021541118621826172
4336,T,C,0,MT-TQ,0,8,0.00033485889434814453
4370,T,C,0,MT-TQ,0,8,-0.0003020763397216797
4450,G,A,1,MT-TM,0,8,-0.0007913112640380859
4452,T,C,0,MT-TM,0,8,-0.0003917217254638672
5521,G,A,1,MT-TW,0,8,-0.0014358758926391602
5553,T,C,0,MT-TW,0,8,-0.00029659271240234375
5556,G,A,1,MT-TW,0,8,-0.00024318695068359375
5650,G,A,1,MT-TA,0,8,-0.0006794929504394531
5690,A,G,1,MT-TN,0,8,-0.0024923086166381836
5703,G,A,1,MT-TN,0,8,-0.0002613067626953125
5728,T,C,1,MT-TN,0,8,-0.0004981756210327148
5814,T,C,0,MT-TC,0,8,-0.0006612539291381836
7453,G,A,1,MT-TS1,0,8,-0.0005037784576416016
7471,C,T,0,MT-TS1,0,8,0.0008294582366943359
7472,A,T,0,MT-TS1,0,8,0.0001913309097290039
7476,C,T,0,MT-TS1,0,8,-0.00035071372985839844
7493,C,T,0,MT-TS1,0,8,0.00011110305786132812
7497,G,A,1,MT-TS1,0,8,0.00044846534729003906
7498,G,A,0,MT-TS1,0,8,6.687641143798828e-05
7510,T,C,1,MT-TS1,0,8,-0.0004391670227050781
7511,T,C,1,MT-TS1,0,8,-0.0009404420852661133
7512,T,C,1,MT-TS1,0,8,-0.0004330873489379883
8313,G,A,1,MT-TK,0,8,0.0004220008850097656
8340,G,A,1,MT-TK,0,8,-0.0008777379989624023
8344,A,G,1,MT-TK,0,8,-0.00033974647521972656
8348,A,G,0,MT-TK,0,8,-0.0007468461990356445
8356,T,C,1,MT-TK,0,8,-0.0008411407470703125
8363,G,A,1,MT-TK,0,8,4.780292510986328e-05
10007,T,C,0,MT-TG,0,8,-4.315376281738281e-05
10034,T,C,0,MT-TG,0,8,-0.0005497932434082031
10463,T,C,0,MT-TR,0,8,0.00015306472778320312
12147,G,A,1,MT-TH,0,8,-0.002832174301147461
12201,T,C,1,MT-TH,0,8,-0.001210927963256836
12239,C,T,0,MT-TS2,0,8,-1.0013580322265625e-05
12258,C,A,1,MT-TS2,0,8,-0.001514434814453125
12276,G,A,1,MT-TL2,0,8,-0.00013518333435058594
12308,A,G,0,MT-TL2,0,8,-0.0007431507110595703
12315,G,A,1,MT-TL2,0,8,-0.0008263587951660156
14674,T,C,1,MT-TE,0,8,-0.00016570091247558594
14684,C,T,0,MT-TE,0,8,3.0040740966796875e-05
14709,T,C,1,MT-TE,0,8,0.0002454519271850586
15894,G,A,0,MT-TT,0,8,-0.000301361083984375
15904,C,T,0,MT-TT,0,8,0.0005035400390625
15907,A,G,0,MT-TT,0,8,-0.0001347064971923828
15923,A,G,1,MT-TT,0,8,-0.0011042356491088867
15924,A,G,0,MT-TT,0,8,0.00011324882507324219
15928,G,A,0,MT-TT,0,8,-0.0004918575286865234
15990,C,T,1,MT-TP,0,8,-0.0006215572357177734
591,C,T,1,MT-TF,0,9,2.6941299438476562e-05
616,T,C,1,MT-TF,0,9,0.00010585784912109375
629,T,C,0,MT-TF,0,9,0.00026035308837890625
1624,C,T,1,MT-TV,0,9,-0.00026607513427734375
1644,G,A,1,MT-TV,0,9,-0.0003361701965332031
3242,G,A,1,MT-TL1,0,9,-0.0028696060180664062
3243,A,G,1,MT-TL1,0,9,-0.007921576499938965
3243,A,T,1,MT-TL1,0,9,-0.0060443878173828125
3251,A,G,1,MT-TL1,0,9,-0.0010712146759033203
3252,A,G,1,MT-TL1,0,9,-0.000722050666809082
3255,G,A,1,MT-TL1,0,9,-0.0010857582092285156
3256,C,T,1,MT-TL1,0,9,-0.0012927055358886719
3258,T,C,1,MT-TL1,0,9,-0.0009028911590576172
3260,A,G,1,MT-TL1,0,9,-0.001274704933166504
3271,T,C,1,MT-TL1,0,9,-0.0001417398452758789
3291,T,C,1,MT-TL1,0,9,-0.0004322528839111328
3302,A,G,1,MT-TL1,0,9,-0.0007647275924682617
3303,C,T,1,MT-TL1,0,9,-0.0010418891906738281
4300,A,G,1,MT-TI,0,9,7.3909759521484375e-06
4336,T,C,0,MT-TQ,0,9,0.00031280517578125
4370,T,C,0,MT-TQ,0,9,1.7404556274414062e-05
4450,G,A,1,MT-TM,0,9,-0.0005280971527099609
4452,T,C,0,MT-TM,0,9,-0.00021314620971679688
5521,G,A,1,MT-TW,0,9,0.0012576580047607422
5553,T,C,0,MT-TW,0,9,-0.000614166259765625
5556,G,A,1,MT-TW,0,9,0.0001302957534790039
5650,G,A,1,MT-TA,0,9,-0.0005052089691162109
5690,A,G,1,MT-TN,0,9,-0.0025348663330078125
5703,G,A,1,MT-TN,0,9,-0.0001882314682006836
5728,T,C,1,MT-TN,0,9,-0.0011413097381591797
5814,T,C,0,MT-TC,0,9,-0.00035071372985839844
7453,G,A,1,MT-TS1,0,9,-0.00030171871185302734
7471,C,T,0,MT-TS1,0,9,0.0009921789169311523
7472,A,T,0,MT-TS1,0,9,0.0006120204925537109
7476,C,T,0,MT-TS1,0,9,-0.00012874603271484375
7493,C,T,0,MT-TS1,0,9,-0.0002219676971435547
7497,G,A,1,MT-TS1,0,9,0.00019621849060058594
7498,G,A,0,MT-TS1,0,9,-8.559226989746094e-05
7510,T,C,1,MT-TS1,0,9,-0.0006159543991088867
7511,T,C,1,MT-TS1,0,9,-0.00021708011627197266
7512,T,C,1,MT-TS1,0,9,-1.430511474609375e-06
8313,G,A,1,MT-TK,0,9,-0.0008182525634765625
8340,G,A,1,MT-TK,0,9,-0.0007033348083496094
8344,A,G,1,MT-TK,0,9,-7.617473602294922e-05
8348,A,G,0,MT-TK,0,9,-0.0006219148635864258
8356,T,C,1,MT-TK,0,9,-0.000469207763671875
8363,G,A,1,MT-TK,0,9,0.00015115737915039062
10007,T,C,0,MT-TG,0,9,0.00034046173095703125
10034,T,C,0,MT-TG,0,9,-0.0003662109375
10463,T,C,0,MT-TR,0,9,0.00027298927307128906
12147,G,A,1,MT-TH,0,9,-0.002559065818786621
12201,T,C,1,MT-TH,0,9,-0.0013376474380493164
12239,C,T,0,MT-TS2,0,9,-0.00067138671875
12258,C,A,1,MT-TS2,0,9,-0.0014286041259765625
12276,G,A,1,MT-TL2,0,9,-0.0004023313522338867
12308,A,G,0,MT-TL2,0,9,-0.0009026527404785156
12315,G,A,1,MT-TL2,0,9,-0.0010535717010498047
14674,T,C,1,MT-TE,0,9,0.00015354156494140625
14684,C,T,0,MT-TE,0,9,-0.00022864341735839844
14709,T,C,1,MT-TE,0,9,0.000746607780456543
15894,G,A,0,MT-TT,0,9,-0.0004661083221435547
15904,C,T,0,MT-TT,0,9,0.0003421306610107422
15907,A,G,0,MT-TT,0,9,1.3828277587890625e-05
15923,A,G,1,MT-TT,0,9,-0.001485586166381836
15924,A,G,0,MT-TT,0,9,-0.0004891157150268555
15928,G,A,0,MT-TT,0,9,-0.00021147727966308594
15990,C,T,1,MT-TP,0,9,-0.00026106834411621094
591,C,T,1,MT-TF,50,0,0.0010074377059936523
616,T,C,1,MT-TF,50,0,-0.001507878303527832
629,T,C,0,MT-TF,50,0,-0.00010538101196289062
1624,C,T,1,MT-TV,50,0,6.270408630371094e-05
1644,G,A,1,MT-TV,50,0,-0.00020742416381835938
3242,G,A,1,MT-TL1,50,0,-0.004941344261169434
3243,A,G,1,MT-TL1,50,0,-0.0062503814697265625
3243,A,T,1,MT-TL1,50,0,-0.010025382041931152
3251,A,G,1,MT-TL1,50,0,-0.0017870664596557617
3252,A,G,1,MT-TL1,50,0,-0.002115607261657715
3255,G,A,1,MT-TL1,50,0,-0.001580953598022461
3256,C,T,1,MT-TL1,50,0,-0.0021262168884277344
3258,T,C,1,MT-TL1,50,0,-0.0015853643417358398
3260,A,G,1,MT-TL1,50,0,-0.0014183521270751953
3271,T,C,1,MT-TL1,50,0,-0.00063323974609375
3291,T,C,1,MT-TL1,50,0,-0.0007259845733642578
3302,A,G,1,MT-TL1,50,0,-0.00041282176971435547
3303,C,T,1,MT-TL1,50,0,-0.0008943080902099609
4300,A,G,1,MT-TI,50,0,-0.0012679100036621094
4336,T,C,0,MT-TQ,50,0,-9.179115295410156e-05
4370,T,C,0,MT-TQ,50,0,-0.0004533529281616211
4450,G,A,1,MT-TM,50,0,-0.0019068717956542969
4452,T,C,0,MT-TM,50,0,-0.0005850791931152344
5521,G,A,1,MT-TW,50,0,0.0013475418090820312
5553,T,C,0,MT-TW,50,0,-0.0005955696105957031
5556,G,A,1,MT-TW,50,0,-0.0009466409683227539
5650,G,A,1,MT-TA,50,0,-0.00019693374633789062
5690,A,G,1,MT-TN,50,0,-0.003849029541015625
5703,G,A,1,MT-TN,50,0,0.00026869773864746094
5728,T,C,1,MT-TN,50,0,-0.0007648468017578125
5814,T,C,0,MT-TC,50,0,-0.00017213821411132812
7453,G,A,1,MT-TS1,50,0,-0.0008671283721923828
7471,C,T,0,MT-TS1,50,0,0.0007381439208984375
7472,A,T,0,MT-TS1,50,0,-0.0001671314239501953
7476,C,T,0,MT-TS1,50,0,-3.6716461181640625e-05
7493,C,T,0,MT-TS1,50,0,0.0002199411392211914
7497,G,A,1,MT-TS1,50,0,-6.985664367675781e-05
7498,G,A,0,MT-TS1,50,0,0.00017404556274414062
7510,T,C,1,MT-TS1,50,0,-0.00013947486877441406
7511,T,C,1,MT-TS1,50,0,7.987022399902344e-06
7512,T,C,1,MT-TS1,50,0,-0.00016582012176513672
8313,G,A,1,MT-TK,50,0,-0.0006734132766723633
8340,G,A,1,MT-TK,50,0,-0.000843048095703125
8344,A,G,1,MT-TK,50,0,-0.00033593177795410156
8348,A,G,0,MT-TK,50,0,-0.00081634521484375
8356,T,C,1,MT-TK,50,0,-0.0004825592041015625
8363,G,A,1,MT-TK,50,0,-0.000764012336730957
10007,T,C,0,MT-TG,50,0,0.0009921789169311523
10034,T,C,0,MT-TG,50,0,-0.0010418891906738281
10463,T,C,0,MT-TR,50,0,-9.906291961669922e-05
12147,G,A,1,MT-TH,50,0,-0.004323244094848633
12201,T,C,1,MT-TH,50,0,1.9788742065429688e-05
12239,C,T,0,MT-TS2,50,0,-0.00048232078552246094
12258,C,A,1,MT-TS2,50,0,-0.0027037858963012695
12276,G,A,1,MT-TL2,50,0,-0.0019731521606445312
12308,A,G,0,MT-TL2,50,0,-0.0009448528289794922
12315,G,A,1,MT-TL2,50,0,-0.000558018684387207
14674,T,C,1,MT-TE,50,0,-7.975101470947266e-05
14684,C,T,0,MT-TE,50,0,0.001875162124633789
14709,T,C,1,MT-TE,50,0,-0.0004889965057373047
15894,G,A,0,MT-TT,50,0,-0.0016531944274902344
15904,C,T,0,MT-TT,50,0,-0.00023221969604492188
15907,A,G,0,MT-TT,50,0,0.00023293495178222656
15923,A,G,1,MT-TT,50,0,-0.004570484161376953
15924,A,G,0,MT-TT,50,0,-0.0008634328842163086
15928,G,A,0,MT-TT,50,0,-0.0001424551010131836
15990,C,T,1,MT-TP,50,0,-0.0006376504898071289
591,C,T,1,MT-TF,50,1,0.0008274316787719727
616,T,C,1,MT-TF,50,1,-0.0008627176284790039
629,T,C,0,MT-TF,50,1,-0.0006430149078369141
1624,C,T,1,MT-TV,50,1,-0.00013744831085205078
1644,G,A,1,MT-TV,50,1,-0.00025331974029541016
3242,G,A,1,MT-TL1,50,1,-0.0033620595932006836
3243,A,G,1,MT-TL1,50,1,-0.008960366249084473
3243,A,T,1,MT-TL1,50,1,-0.009632229804992676
3251,A,G,1,MT-TL1,50,1,-0.0013475418090820312
3252,A,G,1,MT-TL1,50,1,-0.00212252140045166
3255,G,A,1,MT-TL1,50,1,-0.002539515495300293
3256,C,T,1,MT-TL1,50,1,-0.0019161701202392578
3258,T,C,1,MT-TL1,50,1,-0.0012691020965576172
3260,A,G,1,MT-TL1,50,1,-0.0012458562850952148
3271,T,C,1,MT-TL1,50,1,-0.0010277032852172852
3291,T,C,1,MT-TL1,50,1,-0.000964045524597168
3302,A,G,1,MT-TL1,50,1,-0.0005353689193725586
3303,C,T,1,MT-TL1,50,1,-0.0006964206695556641
4300,A,G,1,MT-TI,50,1,-0.0013434886932373047
4336,T,C,0,MT-TQ,50,1,-0.00020956993103027344
4370,T,C,0,MT-TQ,50,1,-0.00017321109771728516
4450,G,A,1,MT-TM,50,1,-0.001410365104675293
4452,T,C,0,MT-TM,50,1,-2.002716064453125e-05
5521,G,A,1,MT-TW,50,1,0.0017296075820922852
5553,T,C,0,MT-TW,50,1,-0.0003489255905151367
5556,G,A,1,MT-TW,50,1,-0.0004521608352661133
5650,G,A,1,MT-TA,50,1,-0.00048613548278808594
5690,A,G,1,MT-TN,50,1,-0.003822922706604004
5703,G,A,1,MT-TN,50,1,0.0004966259002685547
5728,T,C,1,MT-TN,50,1,-0.0004914999008178711
5814,T,C,0,MT-TC,50,1,-0.0008409023284912109
7453,G,A,1,MT-TS1,50,1,-0.00045287609100341797
7471,C,T,0,MT-TS1,50,1,0.0001533031463623047
7472,A,T,0,MT-TS1,50,1,0.00043010711669921875
7476,C,T,0,MT-TS1,50,1,0.0003027915954589844
7493,C,T,0,MT-TS1,50,1,-9.655952453613281e-06
7497,G,A,1,MT-TS1,50,1,4.506111145019531e-05
7498,G,A,0,MT-TS1,50,1,0.0005797147750854492
7510,T,C,1,MT-TS1,50,1,-0.00015842914581298828
7511,T,C,1,MT-TS1,50,1,0.0003103017807006836
7512,T,C,1,MT-TS1,50,1,-0.000588536262512207
8313,G,A,1,MT-TK,50,1,-0.0010521411895751953
8340,G,A,1,MT-TK,50,1,-0.0008904933929443359
8344,A,G,1,MT-TK,50,1,-0.00033915042877197266
8348,A,G,0,MT-TK,50,1,-0.0010192394256591797
8356,T,C,1,MT-TK,50,1,-0.0006299018859863281
8363,G,A,1,MT-TK,50,1,-0.0007371902465820312
10007,T,C,0,MT-TG,50,1,0.0024088621139526367
10034,T,C,0,MT-TG,50,1,-0.0006511211395263672
10463,T,C,0,MT-TR,50,1,-1.7762184143066406e-05
12147,G,A,1,MT-TH,50,1,-0.003325343132019043
12201,T,C,1,MT-TH,50,1,-0.0001252889633178711
12239,C,T,0,MT-TS2,50,1,-0.00018846988677978516
12258,C,A,1,MT-TS2,50,1,-0.0029703378677368164
12276,G,A,1,MT-TL2,50,1,-0.002583026885986328
12308,A,G,0,MT-TL2,50,1,-0.0018858909606933594
12315,G,A,1,MT-TL2,50,1,-0.0023735761642456055
14674,T,C,1,MT-TE,50,1,0.00022125244140625
14684,C,T,0,MT-TE,50,1,0.00222623348236084
14709,T,C,1,MT-TE,50,1,-6.115436553955078e-05
15894,G,A,0,MT-TT,50,1,-0.0008352994918823242
15904,C,T,0,MT-TT,50,1,0.0001055002212524414
15907,A,G,0,MT-TT,50,1,-0.00036585330963134766
15923,A,G,1,MT-TT,50,1,-0.002709031105041504
15924,A,G,0,MT-TT,50,1,-0.0008225440979003906
15928,G,A,0,MT-TT,50,1,-0.0002923011779785156
15990,C,T,1,MT-TP,50,1,0.0002340078353881836
591,C,T,1,MT-TF,50,2,0.0013958215713500977
616,T,C,1,MT-TF,50,2,-0.0012917518615722656
629,T,C,0,MT-TF,50,2,-0.0009094476699829102
1624,C,T,1,MT-TV,50,2,-0.00023603439331054688
1644,G,A,1,MT-TV,50,2,-0.0006778240203857422
3242,G,A,1,MT-TL1,50,2,-0.0025343894958496094
3243,A,G,1,MT-TL1,50,2,-0.008795619010925293
3243,A,T,1,MT-TL1,50,2,-0.008964061737060547
3251,A,G,1,MT-TL1,50,2,-0.001204371452331543
3252,A,G,1,MT-TL1,50,2,-0.002674579620361328
3255,G,A,1,MT-TL1,50,2,-0.0012744665145874023
3256,C,T,1,MT-TL1,50,2,-0.002066373825073242
3258,T,C,1,MT-TL1,50,2,-0.0012667179107666016
3260,A,G,1,MT-TL1,50,2,-0.0010471343994140625
3271,T,C,1,MT-TL1,50,2,-0.0006934404373168945
3291,T,C,1,MT-TL1,50,2,-0.0007879734039306641
3302,A,G,1,MT-TL1,50,2,-0.0008512735366821289
3303,C,T,1,MT-TL1,50,2,-0.0009517669677734375
4300,A,G,1,MT-TI,50,2,-0.0013893842697143555
4336,T,C,0,MT-TQ,50,2,-0.00013267993927001953
4370,T,C,0,MT-TQ,50,2,-0.0003885030746459961
4450,G,A,1,MT-TM,50,2,-0.002131342887878418
4452,T,C,0,MT-TM,50,2,-0.00040280818939208984
5521,G,A,1,MT-TW,50,2,0.0020647048950195312
5553,T,C,0,MT-TW,50,2,-0.0005278587341308594
5556,G,A,1,MT-TW,50,2,-0.0010981559753417969
5650,G,A,1,MT-TA,50,2,-0.0006949901580810547
5690,A,G,1,MT-TN,50,2,-0.00311279296875
5703,G,A,1,MT-TN,50,2,0.00013244152069091797
5728,T,C,1,MT-TN,50,2,-4.673004150390625e-05
5814,T,C,0,MT-TC,50,2,-0.0007973909378051758
7453,G,A,1,MT-TS1,50,2,-0.0005575418472290039
7471,C,T,0,MT-TS1,50,2,0.0003540515899658203
7472,A,T,0,MT-TS1,50,2,0.00032532215118408203
7476,C,T,0,MT-TS1,50,2,-2.4437904357910156e-05
7493,C,T,0,MT-TS1,50,2,9.059906005859375e-06
7497,G,A,1,MT-TS1,50,2,0.00030624866485595703
7498,G,A,0,MT-TS1,50,2,0.00016033649444580078
7510,T,C,1,MT-TS1,50,2,-0.00028908252716064453
7511,T,C,1,MT-TS1,50,2,1.239776611328125e-05
7512,T,C,1,MT-TS1,50,2,-0.0002359151840209961
8313,G,A,1,MT-TK,50,2,-0.00042259693145751953
8340,G,A,1,MT-TK,50,2,-0.0008752346038818359
8344,A,G,1,MT-TK,50,2,-0.0002434253692626953
8348,A,G,0,MT-TK,50,2,-0.0007568597793579102
8356,T,C,1,MT-TK,50,2,-0.00036537647247314453
8363,G,A,1,MT-TK,50,2,-8.308887481689453e-05
10007,T,C,0,MT-TG,50,2,0.0036531686782836914
10034,T,C,0,MT-TG,50,2,-0.0002874135971069336
10463,T,C,0,MT-TR,50,2,-0.00028955936431884766
12147,G,A,1,MT-TH,50,2,-0.004577040672302246
12201,T,C,1,MT-TH,50,2,-0.0001304149627685547
12239,C,T,0,MT-TS2,50,2,0.00015163421630859375
12258,C,A,1,MT-TS2,50,2,-0.002319931983947754
12276,G,A,1,MT-TL2,50,2,-0.002126455307006836
12308,A,G,0,MT-TL2,50,2,-0.0017008781433105469
12315,G,A,1,MT-TL2,50,2,-0.0012999773025512695
14674,T,C,1,MT-TE,50,2,-0.0002695322036743164
14684,C,T,0,MT-TE,50,2,0.003119826316833496
14709,T,C,1,MT-TE,50,2,0.00027740001678466797
15894,G,A,0,MT-TT,50,2,-0.0031156539916992188
15904,C,T,0,MT-TT,50,2,-9.846687316894531e-05
15907,A,G,0,MT-TT,50,2,-0.0005143880844116211
15923,A,G,1,MT-TT,50,2,-0.0035017728805541992
15924,A,G,0,MT-TT,50,2,-0.0008647441864013672
15928,G,A,0,MT-TT,50,2,-0.0001188516616821289
15990,C,T,1,MT-TP,50,2,-0.0005440711975097656
591,C,T,1,MT-TF,50,3,0.0009660720825195312
616,T,C,1,MT-TF,50,3,-0.0005099773406982422
629,T,C,0,MT-TF,50,3,0.00011098384857177734
1624,C,T,1,MT-TV,50,3,-0.00043380260467529297
1644,G,A,1,MT-TV,50,3,-5.14984130859375e-05
3242,G,A,1,MT-TL1,50,3,-0.0031052827835083008
3243,A,G,1,MT-TL1,50,3,-0.008181095123291016
3243,A,T,1,MT-TL1,50,3,-0.008677124977111816
3251,A,G,1,MT-TL1,50,3,-0.001275181770324707
3252,A,G,1,MT-TL1,50,3,-0.0017532110214233398
3255,G,A,1,MT-TL1,50,3,-0.002176642417907715
3256,C,T,1,MT-TL1,50,3,-0.0021851062774658203
3258,T,C,1,MT-TL1,50,3,-0.0016533136367797852
3260,A,G,1,MT-TL1,50,3,-0.0016976594924926758
3271,T,C,1,MT-TL1,50,3,-0.0008169412612915039
3291,T,C,1,MT-TL1,50,3,-0.0008676052093505859
3302,A,G,1,MT-TL1,50,3,-0.0007978677749633789
3303,C,T,1,MT-TL1,50,3,-0.0009468793869018555
4300,A,G,1,MT-TI,50,3,-0.0012698173522949219
4336,T,C,0,MT-TQ,50,3,-0.0002307891845703125
4370,T,C,0,MT-TQ,50,3,-0.0002993345260620117
4450,G,A,1,MT-TM,50,3,-0.0019092559814453125
4452,T,C,0,MT-TM,50,3,0.00016820430755615234
5521,G,A,1,MT-TW,50,3,0.0015337467193603516
5553,T,C,0,MT-TW,50,3,-0.0004595518112182617
5556,G,A,1,MT-TW,50,3,-0.000584721565246582
5650,G,A,1,MT-TA,50,3,-8.559226989746094e-05
5690,A,G,1,MT-TN,50,3,-0.003975510597229004
5703,G,A,1,MT-TN,50,3,0.0002492666244506836
5728,T,C,1,MT-TN,50,3,-0.00043654441833496094
5814,T,C,0,MT-TC,50,3,-0.0006922483444213867
7453,G,A,1,MT-TS1,50,3,0.00019657611846923828
7471,C,T,0,MT-TS1,50,3,0.0004175901412963867
7472,A,T,0,MT-TS1,50,3,0.0003458261489868164
7476,C,T,0,MT-TS1,50,3,1.3470649719238281e-05
7493,C,T,0,MT-TS1,50,3,-0.00025773048400878906
7497,G,A,1,MT-TS1,50,3,0.0001347064971923828
7498,G,A,0,MT-TS1,50,3,0.00033164024353027344
7510,T,C,1,MT-TS1,50,3,4.315376281738281e-05
7511,T,C,1,MT-TS1,50,3,-0.0007423162460327148
7512,T,C,1,MT-TS1,50,3,-0.0002459287643432617
8313,G,A,1,MT-TK,50,3,-0.0016646385192871094
8340,G,A,1,MT-TK,50,3,-0.0011472702026367188
8344,A,G,1,MT-TK,50,3,-0.00045013427734375
8348,A,G,0,MT-TK,50,3,-0.0010797977447509766
8356,T,C,1,MT-TK,50,3,-0.0007957220077514648
8363,G,A,1,MT-TK,50,3,-0.0008480548858642578
10007,T,C,0,MT-TG,50,3,0.004455685615539551
10034,T,C,0,MT-TG,50,3,-0.0005509853363037109
10463,T,C,0,MT-TR,50,3,-0.0006242990493774414
12147,G,A,1,MT-TH,50,3,-0.002791166305541992
12201,T,C,1,MT-TH,50,3,7.843971252441406e-05
12239,C,T,0,MT-TS2,50,3,-4.649162292480469e-06
12258,C,A,1,MT-TS2,50,3,-0.002804279327392578
12276,G,A,1,MT-TL2,50,3,-0.0019621849060058594
12308,A,G,0,MT-TL2,50,3,-0.0011473894119262695
12315,G,A,1,MT-TL2,50,3,-0.001645803451538086
14674,T,C,1,MT-TE,50,3,5.5789947509765625e-05
14684,C,T,0,MT-TE,50,3,0.0015012025833129883
14709,T,C,1,MT-TE,50,3,-0.00016427040100097656
15894,G,A,0,MT-TT,50,3,-0.0032367706298828125
15904,C,T,0,MT-TT,50,3,-9.119510650634766e-05
15907,A,G,0,MT-TT,50,3,-0.00035858154296875
15923,A,G,1,MT-TT,50,3,-0.0024782419204711914
15924,A,G,0,MT-TT,50,3,-0.0006264448165893555
15928,G,A,0,MT-TT,50,3,-0.00040161609649658203
15990,C,T,1,MT-TP,50,3,-0.0007643699645996094
591,C,T,1,MT-TF,50,4,0.0008959770202636719
616,T,C,1,MT-TF,50,4,-0.002408266067504883
629,T,C,0,MT-TF,50,4,0.00037539005279541016
1624,C,T,1,MT-TV,50,4,-0.0002620220184326172
1644,G,A,1,MT-TV,50,4,0.0003377199172973633
3242,G,A,1,MT-TL1,50,4,-0.0022155046463012695
3243,A,G,1,MT-TL1,50,4,-0.007625937461853027
3243,A,T,1,MT-TL1,50,4,-0.00932466983795166
3251,A,G,1,MT-TL1,50,4,-0.0015592575073242188
3252,A,G,1,MT-TL1,50,4,-0.0023766756057739258
3255,G,A,1,MT-TL1,50,4,-0.0021071434020996094
3256,C,T,1,MT-TL1,50,4,-0.0016998052597045898
3258,T,C,1,MT-TL1,50,4,-0.001177072525024414
3260,A,G,1,MT-TL1,50,4,-0.0010874271392822266
3271,T,C,1,MT-TL1,50,4,-0.0007948875427246094
3291,T,C,1,MT-TL1,50,4,-0.0004436969757080078
3302,A,G,1,MT-TL1,50,4,-0.000737309455871582
3303,C,T,1,MT-TL1,50,4,-0.0005882978439331055
4300,A,G,1,MT-TI,50,4,-0.00037360191345214844
4336,T,C,0,MT-TQ,50,4,5.602836608886719e-05
4370,T,C,0,MT-TQ,50,4,-0.000530242919921875
4450,G,A,1,MT-TM,50,4,-0.002560853958129883
4452,T,C,0,MT-TM,50,4,-0.0001035928726196289
5521,G,A,1,MT-TW,50,4,-0.0004724264144897461
5553,T,C,0,MT-TW,50,4,-0.0001093149185180664
5556,G,A,1,MT-TW,50,4,-0.0009281635284423828
5650,G,A,1,MT-TA,50,4,-0.0008896589279174805
5690,A,G,1,MT-TN,50,4,-0.0035043954849243164
5703,G,A,1,MT-TN,50,4,0.00032961368560791016
5728,T,C,1,MT-TN,50,4,-5.8770179748535156e-05
5814,T,C,0,MT-TC,50,4,-0.0004590749740600586
7453,G,A,1,MT-TS1,50,4,-0.0007623434066772461
7471,C,T,0,MT-TS1,50,4,0.0006364583969116211
7472,A,T,0,MT-TS1,50,4,-0.00010800361633300781
7476,C,T,0,MT-TS1,50,4,3.4689903259277344e-05
7493,C,T,0,MT-TS1,50,4,-0.0001615285873413086
7497,G,A,1,MT-TS1,50,4,0.00029587745666503906
7498,G,A,0,MT-TS1,50,4,0.0001538991928100586
7510,T,C,1,MT-TS1,50,4,0.0004194974899291992
7511,T,C,1,MT-TS1,50,4,-7.283687591552734e-05
7512,T,C,1,MT-TS1,50,4,-0.0005699396133422852
8313,G,A,1,MT-TK,50,4,-0.0014450550079345703
8340,G,A,1,MT-TK,50,4,-0.0010416507720947266
8344,A,G,1,MT-TK,50,4,-6.639957427978516e-05
8348,A,G,0,MT-TK,50,4,-0.001277327537536621
8356,T,C,1,MT-TK,50,4,-0.000635981559753418
8363,G,A,1,MT-TK,50,4,-0.0008816719055175781
10007,T,C,0,MT-TG,50,4,0.003761768341064453
10034,T,C,0,MT-TG,50,4,-0.0005276203155517578
10463,T,C,0,MT-TR,50,4,-5.888938903808594e-05
12147,G,A,1,MT-TH,50,4,-0.002889394760131836
12201,T,C,1,MT-TH,50,4,0.0006657838821411133
12239,C,T,0,MT-TS2,50,4,0.0001531839370727539
12258,C,A,1,MT-TS2,50,4,-0.00206756591796875
12276,G,A,1,MT-TL2,50,4,-0.0012536048889160156
12308,A,G,0,MT-TL2,50,4,-0.0011222362518310547
12315,G,A,1,MT-TL2,50,4,-0.001695394515991211
14674,T,C,1,MT-TE,50,4,0.00013494491577148438
14684,C,T,0,MT-TE,50,4,0.002813577651977539
14709,T,C,1,MT-TE,50,4,-0.0003198385238647461
15894,G,A,0,MT-TT,50,4,-0.0031425952911376953
15904,C,T,0,MT-TT,50,4,6.175041198730469e-05
15907,A,G,0,MT-TT,50,4,5.173683166503906e-05
15923,A,G,1,MT-TT,50,4,-0.002351999282836914
15924,A,G,0,MT-TT,50,4,-0.0009766817092895508
15928,G,A,0,MT-TT,50,4,-0.0004220008850097656
15990,C,T,1,MT-TP,50,4,-0.0006101131439208984
591,C,T,1,MT-TF,50,5,0.00023090839385986328
616,T,C,1,MT-TF,50,5,-0.0017199516296386719
629,T,C,0,MT-TF,50,5,-0.00011849403381347656
1624,C,T,1,MT-TV,50,5,7.545948028564453e-05
1644,G,A,1,MT-TV,50,5,1.5974044799804688e-05
3242,G,A,1,MT-TL1,50,5,-0.003084421157836914
3243,A,G,1,MT-TL1,50,5,-0.007946610450744629
3243,A,T,1,MT-TL1,50,5,-0.009550094604492188
3251,A,G,1,MT-TL1,50,5,-0.0010155439376831055
3252,A,G,1,MT-TL1,50,5,-0.0019903182983398438
3255,G,A,1,MT-TL1,50,5,-0.001623988151550293
3256,C,T,1,MT-TL1,50,5,-0.002118349075317383
3258,T,C,1,MT-TL1,50,5,-0.0012447834014892578
3260,A,G,1,MT-TL1,50,5,-0.0011897087097167969
3271,T,C,1,MT-TL1,50,5,-0.00038301944732666016
3291,T,C,1,MT-TL1,50,5,-0.0002753734588623047
3302,A,G,1,MT-TL1,50,5,-0.0008671283721923828
3303,C,T,1,MT-TL1,50,5,-0.0009276866912841797
4300,A,G,1,MT-TI,50,5,-0.0012927055358886719
4336,T,C,0,MT-TQ,50,5,-1.9073486328125e-06
4370,T,C,0,MT-TQ,50,5,-0.0001169443130493164
4450,G,A,1,MT-TM,50,5,-0.0019794702529907227
4452,T,C,0,MT-TM,50,5,-0.00040924549102783203
5521,G,A,1,MT-TW,50,5,0.0020056962966918945
5553,T,C,0,MT-TW,50,5,-0.00023639202117919922
5556,G,A,1,MT-TW,50,5,-0.001315474510192871
5650,G,A,1,MT-TA,50,5,-0.0009223222732543945
5690,A,G,1,MT-TN,50,5,-0.004242539405822754
5703,G,A,1,MT-TN,50,5,0.0005017518997192383
5728,T,C,1,MT-TN,50,5,-0.0003896951675415039
5814,T,C,0,MT-TC,50,5,-0.0005608797073364258
7453,G,A,1,MT-TS1,50,5,-0.0012476444244384766
7471,C,T,0,MT-TS1,50,5,0.0007065534591674805
7472,A,T,0,MT-TS1,50,5,0.0004763603210449219
7476,C,T,0,MT-TS1,50,5,-0.00015783309936523438
7493,C,T,0,MT-TS1,50,5,-0.00014829635620117188
7497,G,A,1,MT-TS1,50,5,0.00014221668243408203
7498,G,A,0,MT-TS1,50,5,0.00016355514526367188
7510,T,C,1,MT-TS1,50,5,0.00031244754791259766
7511,T,C,1,MT-TS1,50,5,-0.00017976760864257812
7512,T,C,1,MT-TS1,50,5,-0.0005587339401245117
8313,G,A,1,MT-TK,50,5,-0.00035953521728515625
8340,G,A,1,MT-TK,50,5,-0.001208662986755371
8344,A,G,1,MT-TK,50,5,-0.00038373470306396484
8348,A,G,0,MT-TK,50,5,-0.0004869699478149414
8356,T,C,1,MT-TK,50,5,-0.0005466938018798828
8363,G,A,1,MT-TK,50,5,-0.0005996227264404297
10007,T,C,0,MT-TG,50,5,0.003740549087524414
10034,T,C,0,MT-TG,50,5,-0.0005707740783691406
10463,T,C,0,MT-TR,50,5,-0.00029730796813964844
12147,G,A,1,MT-TH,50,5,-0.004299640655517578
12201,T,C,1,MT-TH,50,5,-0.0007224082946777344
12239,C,T,0,MT-TS2,50,5,4.839897155761719e-05
12258,C,A,1,MT-TS2,50,5,-0.002475261688232422
12276,G,A,1,MT-TL2,50,5,-0.0020433664321899414
12308,A,G,0,MT-TL2,50,5,-0.0010834932327270508
12315,G,A,1,MT-TL2,50,5,-0.0005649328231811523
14674,T,C,1,MT-TE,50,5,0.00016772747039794922
14684,C,T,0,MT-TE,50,5,0.003960967063903809
14709,T,C,1,MT-TE,50,5,-0.0005421638488769531
15894,G,A,0,MT-TT,50,5,0.0001983642578125
15904,C,T,0,MT-TT,50,5,0.0004343986511230469
15907,A,G,0,MT-TT,50,5,-0.0004355907440185547
15923,A,G,1,MT-TT,50,5,-0.002009749412536621
15924,A,G,0,MT-TT,50,5,-0.0004583597183227539
15928,G,A,0,MT-TT,50,5,-0.0003285408020019531
15990,C,T,1,MT-TP,50,5,-6.890296936035156e-05
591,C,T,1,MT-TF,50,6,0.0004677772521972656
616,T,C,1,MT-TF,50,6,-0.0009597539901733398
629,T,C,0,MT-TF,50,6,1.5497207641601562e-06
1624,C,T,1,MT-TV,50,6,-0.0002453327178955078
1644,G,A,1,MT-TV,50,6,-0.00024139881134033203
3242,G,A,1,MT-TL1,50,6,-0.0030325651168823242
3243,A,G,1,MT-TL1,50,6,-0.008005976676940918
3243,A,T,1,MT-TL1,50,6,-0.009398818016052246
3251,A,G,1,MT-TL1,50,6,-0.0017924308776855469
3252,A,G,1,MT-TL1,50,6,-0.0024802684783935547
3255,G,A,1,MT-TL1,50,6,-0.0024787187576293945
3256,C,T,1,MT-TL1,50,6,-0.0019278526306152344
3258,T,C,1,MT-TL1,50,6,-0.001538991928100586
3260,A,G,1,MT-TL1,50,6,-0.0009180307388305664
3271,T,C,1,MT-TL1,50,6,-0.001117706298828125
3291,T,C,1,MT-TL1,50,6,-0.0005891323089599609
3302,A,G,1,MT-TL1,50,6,-0.0006347894668579102
3303,C,T,1,MT-TL1,50,6,-0.0009276866912841797
4300,A,G,1,MT-TI,50,6,-0.0010683536529541016
4336,T,C,0,MT-TQ,50,6,7.915496826171875e-05
4370,T,C,0,MT-TQ,50,6,-0.000396728515625
4450,G,A,1,MT-TM,50,6,-0.0018193721771240234
4452,T,C,0,MT-TM,50,6,-0.0002987384796142578
5521,G,A,1,MT-TW,50,6,-4.971027374267578e-05
5553,T,C,0,MT-TW,50,6,-0.0003273487091064453
5556,G,A,1,MT-TW,50,6,-0.0009073019027709961
5650,G,A,1,MT-TA,50,6,-0.0007877349853515625
5690,A,G,1,MT-TN,50,6,-0.003518342971801758
5703,G,A,1,MT-TN,50,6,0.0002771615982055664
5728,T,C,1,MT-TN,50,6,-6.914138793945312e-05
5814,T,C,0,MT-TC,50,6,-0.0006442070007324219
7453,G,A,1,MT-TS1,50,6,-0.0006562471389770508
7471,C,T,0,MT-TS1,50,6,0.0005222558975219727
7472,A,T,0,MT-TS1,50,6,-0.00023543834686279297
7476,C,T,0,MT-TS1,50,6,0.0006186962127685547
7493,C,T,0,MT-TS1,50,6,0.0001322031021118164
7497,G,A,1,MT-TS1,50,6,-0.0002530813217163086
7498,G,A,0,MT-TS1,50,6,0.0002993345260620117
7510,T,C,1,MT-TS1,50,6,9.59634780883789e-05
7511,T,C,1,MT-TS1,50,6,-0.0003012418746948242
7512,T,C,1,MT-TS1,50,6,-0.0005636215209960938
8313,G,A,1,MT-TK,50,6,-0.0011150836944580078
8340,G,A,1,MT-TK,50,6,-0.0011832714080810547
8344,A,G,1,MT-TK,50,6,-6.413459777832031e-05
8348,A,G,0,MT-TK,50,6,-0.001143336296081543
8356,T,C,1,MT-TK,50,6,-0.0005811452865600586
8363,G,A,1,MT-TK,50,6,-0.0005513429641723633
10007,T,C,0,MT-TG,50,6,0.00560760498046875
10034,T,C,0,MT-TG,50,6,-0.0005637407302856445
10463,T,C,0,MT-TR,50,6,-0.0002396106719970703
12147,G,A,1,MT-TH,50,6,-0.0050737857818603516
12201,T,C,1,MT-TH,50,6,9.1552734375e-05
12239,C,T,0,MT-TS2,50,6,0.0002607107162475586
12258,C,A,1,MT-TS2,50,6,-0.0023157596588134766
12276,G,A,1,MT-TL2,50,6,-0.001967191696166992
12308,A,G,0,MT-TL2,50,6,-0.001007676124572754
12315,G,A,1,MT-TL2,50,6,-0.00266420841217041
14674,T,C,1,MT-TE,50,6,-0.00018656253814697266
14684,C,T,0,MT-TE,50,6,0.003136873245239258
14709,T,C,1,MT-TE,50,6,-0.00015616416931152344
15894,G,A,0,MT-TT,50,6,-0.0036121606826782227
15904,C,T,0,MT-TT,50,6,5.078315734863281e-05
15907,A,G,0,MT-TT,50,6,0.00033152103424072266
15923,A,G,1,MT-TT,50,6,-0.0040291547775268555
15924,A,G,0,MT-TT,50,6,-0.0010251998901367188
15928,G,A,0,MT-TT,50,6,-0.00014352798461914062
15990,C,T,1,MT-TP,50,6,-0.0004787445068359375
591,C,T,1,MT-TF,50,7,0.0014030933380126953
616,T,C,1,MT-TF,50,7,-0.0014748573303222656
629,T,C,0,MT-TF,50,7,-0.0006388425827026367
1624,C,T,1,MT-TV,50,7,-0.0011086463928222656
1644,G,A,1,MT-TV,50,7,-7.915496826171875e-05
3242,G,A,1,MT-TL1,50,7,-0.0031713247299194336
3243,A,G,1,MT-TL1,50,7,-0.008276939392089844
3243,A,T,1,MT-TL1,50,7,-0.00931704044342041
3251,A,G,1,MT-TL1,50,7,-0.0017224550247192383
3252,A,G,1,MT-TL1,50,7,-0.0019729137420654297
3255,G,A,1,MT-TL1,50,7,-0.002239704132080078
3256,C,T,1,MT-TL1,50,7,-0.0020225048065185547
3258,T,C,1,MT-TL1,50,7,-0.001392364501953125
3260,A,G,1,MT-TL1,50,7,-0.001021742820739746
3271,T,C,1,MT-TL1,50,7,-0.0007394552230834961
3291,T,C,1,MT-TL1,50,7,-0.0006884336471557617
3302,A,G,1,MT-TL1,50,7,-0.0006841421127319336
3303,C,T,1,MT-TL1,50,7,-0.0008127689361572266
4300,A,G,1,MT-TI,50,7,-0.0007981061935424805
4336,T,C,0,MT-TQ,50,7,0.00010323524475097656
4370,T,C,0,MT-TQ,50,7,-1.728534698486328e-05
4450,G,A,1,MT-TM,50,7,-0.001142263412475586
4452,T,C,0,MT-TM,50,7,-5.8650970458984375e-05
5521,G,A,1,MT-TW,50,7,-0.00016379356384277344
5553,T,C,0,MT-TW,50,7,-0.0007202625274658203
5556,G,A,1,MT-TW,50,7,-0.0007737874984741211
5650,G,A,1,MT-TA,50,7,-0.0008198022842407227
5690,A,G,1,MT-TN,50,7,-0.002482891082763672
5703,G,A,1,MT-TN,50,7,0.00010657310485839844
5728,T,C,1,MT-TN,50,7,7.224082946777344e-05
5814,T,C,0,MT-TC,50,7,-0.00016808509826660156
7453,G,A,1,MT-TS1,50,7,-0.0010035037994384766
7471,C,T,0,MT-TS1,50,7,0.0006567239761352539
7472,A,T,0,MT-TS1,50,7,-0.00025069713592529297
7476,C,T,0,MT-TS1,50,7,3.6835670471191406e-05
7493,C,T,0,MT-TS1,50,7,-3.9577484130859375e-05
7497,G,A,1,MT-TS1,50,7,0.0003058910369873047
7498,G,A,0,MT-TS1,50,7,0.0002846717834472656
7510,T,C,1,MT-TS1,50,7,-0.000362396240234375
7511,T,C,1,MT-TS1,50,7,5.650520324707031e-05
7512,T,C,1,MT-TS1,50,7,-0.00038695335388183594
8313,G,A,1,MT-TK,50,7,-0.0007489919662475586
8340,G,A,1,MT-TK,50,7,-0.0009138584136962891
8344,A,G,1,MT-TK,50,7,-0.00037026405334472656
8348,A,G,0,MT-TK,50,7,-0.0008116960525512695
8356,T,C,1,MT-TK,50,7,-0.0007569789886474609
8363,G,A,1,MT-TK,50,7,-0.0006026029586791992
10007,T,C,0,MT-TG,50,7,0.0037071704864501953
10034,T,C,0,MT-TG,50,7,-0.0008870363235473633
10463,T,C,0,MT-TR,50,7,0.00010335445404052734
12147,G,A,1,MT-TH,50,7,-0.003744959831237793
12201,T,C,1,MT-TH,50,7,0.0003974437713623047
12239,C,T,0,MT-TS2,50,7,-0.00021338462829589844
12258,C,A,1,MT-TS2,50,7,-0.002794027328491211
12276,G,A,1,MT-TL2,50,7,-0.0026551485061645508
12308,A,G,0,MT-TL2,50,7,-0.0013686418533325195
12315,G,A,1,MT-TL2,50,7,2.7894973754882812e-05
14674,T,C,1,MT-TE,50,7,-0.00010788440704345703
14684,C,T,0,MT-TE,50,7,0.002944350242614746
14709,T,C,1,MT-TE,50,7,-0.0007448196411132812
15894,G,A,0,MT-TT,50,7,-0.0007965564727783203
15904,C,T,0,MT-TT,50,7,-9.918212890625e-05
15907,A,G,0,MT-TT,50,7,-0.0002733469009399414
15923,A,G,1,MT-TT,50,7,-0.002626180648803711
15924,A,G,0,MT-TT,50,7,-0.0005670785903930664
15928,G,A,0,MT-TT,50,7,-0.00026619434356689453
15990,C,T,1,MT-TP,50,7,-1.1563301086425781e-05
591,C,T,1,MT-TF,50,8,0.0007399320602416992
616,T,C,1,MT-TF,50,8,-0.002072930335998535
629,T,C,0,MT-TF,50,8,8.559226989746094e-05
1624,C,T,1,MT-TV,50,8,-0.0004432201385498047
1644,G,A,1,MT-TV,50,8,-0.0001926422119140625
3242,G,A,1,MT-TL1,50,8,-0.003404378890991211
3243,A,G,1,MT-TL1,50,8,-0.00896000862121582
3243,A,T,1,MT-TL1,50,8,-0.009553790092468262
3251,A,G,1,MT-TL1,50,8,-0.0015560388565063477
3252,A,G,1,MT-TL1,50,8,-0.003131270408630371
3255,G,A,1,MT-TL1,50,8,-0.0018025636672973633
3256,C,T,1,MT-TL1,50,8,-0.001864314079284668
3258,T,C,1,MT-TL1,50,8,-0.001032114028930664
3260,A,G,1,MT-TL1,50,8,-0.0019533634185791016
3271,T,C,1,MT-TL1,50,8,-0.000514984130859375
3291,T,C,1,MT-TL1,50,8,-0.0004208087921142578
3302,A,G,1,MT-TL1,50,8,-0.0007781982421875
3303,C,T,1,MT-TL1,50,8,-0.0007536411285400391
4300,A,G,1,MT-TI,50,8,-0.001314401626586914
4336,T,C,0,MT-TQ,50,8,-0.00025081634521484375
4370,T,C,0,MT-TQ,50,8,-0.00011014938354492188
4450,G,A,1,MT-TM,50,8,-0.0015821456909179688
4452,T,C,0,MT-TM,50,8,-0.00018417835235595703
5521,G,A,1,MT-TW,50,8,0.0006740093231201172
5553,T,C,0,MT-TW,50,8,-0.0002607107162475586
5556,G,A,1,MT-TW,50,8,-0.0009744167327880859
5650,G,A,1,MT-TA,50,8,-0.0005882978439331055
5690,A,G,1,MT-TN,50,8,-0.0023266077041625977
5703,G,A,1,MT-TN,50,8,0.00015497207641601562
5728,T,C,1,MT-TN,50,8,-0.0003502368927001953
5814,T,C,0,MT-TC,50,8,-0.0006086826324462891
7453,G,A,1,MT-TS1,50,8,-0.0004762411117553711
7471,C,T,0,MT-TS1,50,8,0.00029277801513671875
7472,A,T,0,MT-TS1,50,8,0.0005338191986083984
7476,C,T,0,MT-TS1,50,8,0.0002149343490600586
7493,C,T,0,MT-TS1,50,8,-0.0003777742385864258
7497,G,A,1,MT-TS1,50,8,0.00019180774688720703
7498,G,A,0,MT-TS1,50,8,-7.43865966796875e-05
7510,T,C,1,MT-TS1,50,8,-0.00042057037353515625
7511,T,C,1,MT-TS1,50,8,-0.00016498565673828125
7512,T,C,1,MT-TS1,50,8,-0.0004940032958984375
8313,G,A,1,MT-TK,50,8,-0.002024412155151367
8340,G,A,1,MT-TK,50,8,-0.0014116764068603516
8344,A,G,1,MT-TK,50,8,-0.00023102760314941406
8348,A,G,0,MT-TK,50,8,-0.0012934207916259766
8356,T,C,1,MT-TK,50,8,-0.0006021261215209961
8363,G,A,1,MT-TK,50,8,-0.0010584592819213867
10007,T,C,0,MT-TG,50,8,0.0014882087707519531
10034,T,C,0,MT-TG,50,8,-0.0006188154220581055
10463,T,C,0,MT-TR,50,8,0.0002796649932861328
12147,G,A,1,MT-TH,50,8,-0.0023583173751831055
12201,T,C,1,MT-TH,50,8,-0.00026154518127441406
12239,C,T,0,MT-TS2,50,8,-0.00034248828887939453
12258,C,A,1,MT-TS2,50,8,-0.002283334732055664
12276,G,A,1,MT-TL2,50,8,-0.0017244815826416016
12308,A,G,0,MT-TL2,50,8,-0.0010546445846557617
12315,G,A,1,MT-TL2,50,8,-0.0015838146209716797
14674,T,C,1,MT-TE,50,8,5.078315734863281e-05
14684,C,T,0,MT-TE,50,8,0.0025185346603393555
14709,T,C,1,MT-TE,50,8,0.00028777122497558594
15894,G,A,0,MT-TT,50,8,-0.00298464298248291
15904,C,T,0,MT-TT,50,8,0.0002067089080810547
15907,A,G,0,MT-TT,50,8,-0.00013637542724609375
15923,A,G,1,MT-TT,50,8,-0.002725839614868164
15924,A,G,0,MT-TT,50,8,-0.0006742477416992188
15928,G,A,0,MT-TT,50,8,-0.000255584716796875
15990,C,T,1,MT-TP,50,8,-0.00038504600524902344
591,C,T,1,MT-TF,50,9,0.001110076904296875
616,T,C,1,MT-TF,50,9,-0.0009636878967285156
629,T,C,0,MT-TF,50,9,8.344650268554688e-06
1624,C,T,1,MT-TV,50,9,-0.00045180320739746094
1644,G,A,1,MT-TV,50,9,-0.00047600269317626953
3242,G,A,1,MT-TL1,50,9,-0.0030760765075683594
3243,A,G,1,MT-TL1,50,9,-0.008080244064331055
3243,A,T,1,MT-TL1,50,9,-0.008871078491210938
3251,A,G,1,MT-TL1,50,9,-0.0011348724365234375
3252,A,G,1,MT-TL1,50,9,-0.0025396347045898438
3255,G,A,1,MT-TL1,50,9,-0.002242565155029297
3256,C,T,1,MT-TL1,50,9,-0.0020742416381835938
3258,T,C,1,MT-TL1,50,9,-0.0012297630310058594
3260,A,G,1,MT-TL1,50,9,-0.0017772912979125977
3271,T,C,1,MT-TL1,50,9,-0.0007815361022949219
3291,T,C,1,MT-TL1,50,9,-0.0007257461547851562
3302,A,G,1,MT-TL1,50,9,-0.0006707906723022461
3303,C,T,1,MT-TL1,50,9,-0.0005745887756347656
4300,A,G,1,MT-TI,50,9,-0.0010426044464111328
4336,T,C,0,MT-TQ,50,9,-0.00015616416931152344
4370,T,C,0,MT-TQ,50,9,-8.440017700195312e-05
4450,G,A,1,MT-TM,50,9,-0.0018624067306518555
4452,T,C,0,MT-TM,50,9,-0.00028526782989501953
5521,G,A,1,MT-TW,50,9,-0.00029850006103515625
5553,T,C,0,MT-TW,50,9,-0.00021588802337646484
5556,G,A,1,MT-TW,50,9,-0.0010313987731933594
5650,G,A,1,MT-TA,50,9,-0.0012601613998413086
5690,A,G,1,MT-TN,50,9,-0.002153635025024414
5703,G,A,1,MT-TN,50,9,0.00018131732940673828
5728,T,C,1,MT-TN,50,9,-0.00021910667419433594
5814,T,C,0,MT-TC,50,9,-0.00042188167572021484
7453,G,A,1,MT-TS1,50,9,-0.00017774105072021484
7471,C,T,0,MT-TS1,50,9,0.0007091760635375977
7472,A,T,0,MT-TS1,50,9,-0.0001227855682373047
7476,C,T,0,MT-TS1,50,9,-0.00039064884185791016
7493,C,T,0,MT-TS1,50,9,0.00011038780212402344
7497,G,A,1,MT-TS1,50,9,0.00023806095123291016
7498,G,A,0,MT-TS1,50,9,0.0003027915954589844
7510,T,C,1,MT-TS1,50,9,8.177757263183594e-05
7511,T,C,1,MT-TS1,50,9,-6.651878356933594e-05
7512,T,C,1,MT-TS1,50,9,-0.0007139444351196289
8313,G,A,1,MT-TK,50,9,-0.0005110502243041992
8340,G,A,1,MT-TK,50,9,-0.0006529092788696289
8344,A,G,1,MT-TK,50,9,-2.1219253540039062e-05
8348,A,G,0,MT-TK,50,9,-0.0011445283889770508
8356,T,C,1,MT-TK,50,9,-0.0008480548858642578
8363,G,A,1,MT-TK,50,9,-0.0007528066635131836
10007,T,C,0,MT-TG,50,9,0.0020821094512939453
10034,T,C,0,MT-TG,50,9,-0.0005316734313964844
10463,T,C,0,MT-TR,50,9,0.0004544258117675781
12147,G,A,1,MT-TH,50,9,-0.002388477325439453
12201,T,C,1,MT-TH,50,9,0.00019884109497070312
12239,C,T,0,MT-TS2,50,9,-3.8743019104003906e-05
12258,C,A,1,MT-TS2,50,9,-0.0025458335876464844
12276,G,A,1,MT-TL2,50,9,-0.002251863479614258
12308,A,G,0,MT-TL2,50,9,-0.0004267692565917969
12315,G,A,1,MT-TL2,50,9,-0.0023241043090820312
14674,T,C,1,MT-TE,50,9,3.266334533691406e-05
14684,C,T,0,MT-TE,50,9,0.0022324323654174805
14709,T,C,1,MT-TE,50,9,-3.2067298889160156e-05
15894,G,A,0,MT-TT,50,9,-0.0033065080642700195
15904,C,T,0,MT-TT,50,9,-0.00018334388732910156
15907,A,G,0,MT-TT,50,9,-0.0002551078796386719
15923,A,G,1,MT-TT,50,9,-0.0035393238067626953
15924,A,G,0,MT-TT,50,9,-0.0008871555328369141
15928,G,A,0,MT-TT,50,9,-0.00025153160095214844
15990,C,T,1,MT-TP,50,9,0.00013077259063720703
591,C,T,1,MT-TF,100,0,0.0004730224609375
616,T,C,1,MT-TF,100,0,-0.0011813640594482422
629,T,C,0,MT-TF,100,0,-7.355213165283203e-05
1624,C,T,1,MT-TV,100,0,0.0008549690246582031
1644,G,A,1,MT-TV,100,0,0.0006996393203735352
3242,G,A,1,MT-TL1,100,0,-0.003046274185180664
3243,A,G,1,MT-TL1,100,0,-0.009547710418701172
3243,A,T,1,MT-TL1,100,0,-0.009497642517089844
3251,A,G,1,MT-TL1,100,0,-0.0018707513809204102
3252,A,G,1,MT-TL1,100,0,-0.0025587081909179688
3255,G,A,1,MT-TL1,100,0,-0.002023935317993164
3256,C,T,1,MT-TL1,100,0,-0.002238154411315918
3258,T,C,1,MT-TL1,100,0,-0.001028299331665039
3260,A,G,1,MT-TL1,100,0,-0.0016260147094726562
3271,T,C,1,MT-TL1,100,0,-0.00045037269592285156
3291,T,C,1,MT-TL1,100,0,-0.0008296966552734375
3302,A,G,1,MT-TL1,100,0,-0.0006567239761352539
3303,C,T,1,MT-TL1,100,0,-0.0007894039154052734
4300,A,G,1,MT-TI,100,0,-0.0012301206588745117
4336,T,C,0,MT-TQ,100,0,-0.000415802001953125
4370,T,C,0,MT-TQ,100,0,6.0439109802246094e-05
4450,G,A,1,MT-TM,100,0,-0.002387404441833496
4452,T,C,0,MT-TM,100,0,-0.0005354881286621094
5521,G,A,1,MT-TW,100,0,-0.0004913806915283203
5553,T,C,0,MT-TW,100,0,-0.0005083084106445312
5556,G,A,1,MT-TW,100,0,-0.0013234615325927734
5650,G,A,1,MT-TA,100,0,-0.0009322166442871094
5690,A,G,1,MT-TN,100,0,-0.003826141357421875
5703,G,A,1,MT-TN,100,0,0.0006167888641357422
5728,T,C,1,MT-TN,100,0,-0.00017642974853515625
5814,T,C,0,MT-TC,100,0,-0.0004900693893432617
7453,G,A,1,MT-TS1,100,0,-0.00046753883361816406
7471,C,T,0,MT-TS1,100,0,0.0006246566772460938
7472,A,T,0,MT-TS1,100,0,0.0003660917282104492
7476,C,T,0,MT-TS1,100,0,0.00015473365783691406
7493,C,T,0,MT-TS1,100,0,4.172325134277344e-06
7497,G,A,1,MT-TS1,100,0,-0.0003814697265625
7498,G,A,0,MT-TS1,100,0,0.00020182132720947266
7510,T,C,1,MT-TS1,100,0,-0.0006095170974731445
7511,T,C,1,MT-TS1,100,0,0.0002658367156982422
7512,T,C,1,MT-TS1,100,0,-0.0007096529006958008
8313,G,A,1,MT-TK,100,0,-0.0015718936920166016
8340,G,A,1,MT-TK,100,0,-0.0007982254028320312
8344,A,G,1,MT-TK,100,0,-0.00047981739044189453
8348,A,G,0,MT-TK,100,0,-0.0008063316345214844
8356,T,C,1,MT-TK,100,0,-0.0004489421844482422
8363,G,A,1,MT-TK,100,0,-0.0006504058837890625
10007,T,C,0,MT-TG,100,0,0.002338409423828125
10034,T,C,0,MT-TG,100,0,-0.0009139776229858398
10463,T,C,0,MT-TR,100,0,-0.0006911754608154297
12147,G,A,1,MT-TH,100,0,-0.0025272369384765625
12201,T,C,1,MT-TH,100,0,-7.152557373046875e-07
12239,C,T,0,MT-TS2,100,0,4.410743713378906e-05
12258,C,A,1,MT-TS2,100,0,-0.002171754837036133
12276,G,A,1,MT-TL2,100,0,-0.0031080245971679688
12308,A,G,0,MT-TL2,100,0,-0.0018329620361328125
12315,G,A,1,MT-TL2,100,0,-0.0012240409851074219
14674,T,C,1,MT-TE,100,0,9.143352508544922e-05
14684,C,T,0,MT-TE,100,0,0.0013535022735595703
14709,T,C,1,MT-TE,100,0,-0.0009838342666625977
15894,G,A,0,MT-TT,100,0,-0.00038993358612060547
15904,C,T,0,MT-TT,100,0,9.584426879882812e-05
15907,A,G,0,MT-TT,100,0,-0.00019097328186035156
15923,A,G,1,MT-TT,100,0,-0.003507256507873535
15924,A,G,0,MT-TT,100,0,-0.0006799697875976562
15928,G,A,0,MT-TT,100,0,-0.0003666877746582031
15990,C,T,1,MT-TP,100,0,-0.0011281967163085938
591,C,T,1,MT-TF,100,1,0.002853870391845703
616,T,C,1,MT-TF,100,1,-0.002006053924560547
629,T,C,0,MT-TF,100,1,-0.0005400180816650391
1624,C,T,1,MT-TV,100,1,-5.435943603515625e-05
1644,G,A,1,MT-TV,100,1,-0.00021886825561523438
3242,G,A,1,MT-TL1,100,1,-0.002514481544494629
3243,A,G,1,MT-TL1,100,1,-0.008192658424377441
3243,A,T,1,MT-TL1,100,1,-0.010277628898620605
3251,A,G,1,MT-TL1,100,1,-0.0016372203826904297
3252,A,G,1,MT-TL1,100,1,-0.003004789352416992
3255,G,A,1,MT-TL1,100,1,-0.0023626089096069336
3256,C,T,1,MT-TL1,100,1,-0.0027403831481933594
3258,T,C,1,MT-TL1,100,1,-0.0014750957489013672
3260,A,G,1,MT-TL1,100,1,-0.0013031959533691406
3271,T,C,1,MT-TL1,100,1,-0.0007447004318237305
3291,T,C,1,MT-TL1,100,1,-0.0004999637603759766
3302,A,G,1,MT-TL1,100,1,-0.0008168220520019531
3303,C,T,1,MT-TL1,100,1,-0.0009597539901733398
4300,A,G,1,MT-TI,100,1,-0.0010936260223388672
4336,T,C,0,MT-TQ,100,1,-6.890296936035156e-05
4370,T,C,0,MT-TQ,100,1,-0.0002149343490600586
4450,G,A,1,MT-TM,100,1,-0.0016736984252929688
4452,T,C,0,MT-TM,100,1,-7.152557373046875e-07
5521,G,A,1,MT-TW,100,1,-0.0008740425109863281
5553,T,C,0,MT-TW,100,1,-0.0002956390380859375
5556,G,A,1,MT-TW,100,1,-0.0014262199401855469
5650,G,A,1,MT-TA,100,1,-0.0008113384246826172
5690,A,G,1,MT-TN,100,1,-0.004080772399902344
5703,G,A,1,MT-TN,100,1,-0.00030159950256347656
5728,T,C,1,MT-TN,100,1,0.0003415346145629883
5814,T,C,0,MT-TC,100,1,-0.0001634359359741211
7453,G,A,1,MT-TS1,100,1,-0.00020647048950195312
7471,C,T,0,MT-TS1,100,1,0.0008537769317626953
7472,A,T,0,MT-TS1,100,1,8.928775787353516e-05
7476,C,T,0,MT-TS1,100,1,0.0004355907440185547
7493,C,T,0,MT-TS1,100,1,0.0002830028533935547
7497,G,A,1,MT-TS1,100,1,0.0003864765167236328
7498,G,A,0,MT-TS1,100,1,0.00014388561248779297
7510,T,C,1,MT-TS1,100,1,-0.0005868673324584961
7511,T,C,1,MT-TS1,100,1,-0.0002332925796508789
7512,T,C,1,MT-TS1,100,1,0.0003218650817871094
8313,G,A,1,MT-TK,100,1,-0.0017200708389282227
8340,G,A,1,MT-TK,100,1,-0.0010617971420288086
8344,A,G,1,MT-TK,100,1,-0.0002911090850830078
8348,A,G,0,MT-TK,100,1,-0.0010907649993896484
8356,T,C,1,MT-TK,100,1,-0.00017547607421875
8363,G,A,1,MT-TK,100,1,-0.0006235837936401367
10007,T,C,0,MT-TG,100,1,0.00018286705017089844
10034,T,C,0,MT-TG,100,1,-0.0003783702850341797
10463,T,C,0,MT-TR,100,1,-0.0004665851593017578
12147,G,A,1,MT-TH,100,1,-0.005031108856201172
12201,T,C,1,MT-TH,100,1,0.00020396709442138672
12239,C,T,0,MT-TS2,100,1,0.00012540817260742188
12258,C,A,1,MT-TS2,100,1,-0.0023163557052612305
12276,G,A,1,MT-TL2,100,1,-0.003456711769104004
12308,A,G,0,MT-TL2,100,1,-0.0015673637390136719
12315,G,A,1,MT-TL2,100,1,-0.001328110694885254
14674,T,C,1,MT-TE,100,1,-0.0005489587783813477
14684,C,T,0,MT-TE,100,1,0.0005457401275634766
14709,T,C,1,MT-TE,100,1,-0.0006730556488037109
15894,G,A,0,MT-TT,100,1,-0.0002067089080810547
15904,C,T,0,MT-TT,100,1,-7.069110870361328e-05
15907,A,G,0,MT-TT,100,1,-0.00036144256591796875
15923,A,G,1,MT-TT,100,1,-0.0026067495346069336
15924,A,G,0,MT-TT,100,1,-0.0009889602661132812
15928,G,A,0,MT-TT,100,1,5.745887756347656e-05
15990,C,T,1,MT-TP,100,1,-0.0011546611785888672
591,C,T,1,MT-TF,100,2,0.001689314842224121
616,T,C,1,MT-TF,100,2,-0.0018310546875
629,T,C,0,MT-TF,100,2,-4.8160552978515625e-05
1624,C,T,1,MT-TV,100,2,0.0002734661102294922
1644,G,A,1,MT-TV,100,2,0.0011423826217651367
3242,G,A,1,MT-TL1,100,2,-0.002943277359008789
3243,A,G,1,MT-TL1,100,2,-0.008795022964477539
3243,A,T,1,MT-TL1,100,2,-0.009563088417053223
3251,A,G,1,MT-TL1,100,2,-0.0021108388900756836
3252,A,G,1,MT-TL1,100,2,-0.0027371644973754883
3255,G,A,1,MT-TL1,100,2,-0.002381563186645508
3256,C,T,1,MT-TL1,100,2,-0.001824021339416504
3258,T,C,1,MT-TL1,100,2,-0.0011686086654663086
3260,A,G,1,MT-TL1,100,2,-0.0012326240539550781
3271,T,C,1,MT-TL1,100,2,-0.0004467964172363281
3291,T,C,1,MT-TL1,100,2,-0.0005480051040649414
3302,A,G,1,MT-TL1,100,2,-0.0007832050323486328
3303,C,T,1,MT-TL1,100,2,-0.0010509490966796875
4300,A,G,1,MT-TI,100,2,-0.0007953643798828125
4336,T,C,0,MT-TQ,100,2,-0.0001354217529296875
4370,T,C,0,MT-TQ,100,2,-0.0006303787231445312
4450,G,A,1,MT-TM,100,2,-0.0021626949310302734
4452,T,C,0,MT-TM,100,2,-1.4781951904296875e-05
5521,G,A,1,MT-TW,100,2,-0.00023245811462402344
5553,T,C,0,MT-TW,100,2,-0.0004354715347290039
5556,G,A,1,MT-TW,100,2,-0.0017313957214355469
5650,G,A,1,MT-TA,100,2,-0.0007501840591430664
5690,A,G,1,MT-TN,100,2,-0.004888296127319336
5703,G,A,1,MT-TN,100,2,-9.322166442871094e-05
5728,T,C,1,MT-TN,100,2,-8.344650268554688e-05
5814,T,C,0,MT-TC,100,2,-0.0002512931823730469
7453,G,A,1,MT-TS1,100,2,-0.00027120113372802734
7471,C,T,0,MT-TS1,100,2,0.0005842447280883789
7472,A,T,0,MT-TS1,100,2,0.00027823448181152344
7476,C,T,0,MT-TS1,100,2,0.00024390220642089844
7493,C,T,0,MT-TS1,100,2,1.33514404296875e-05
7497,G,A,1,MT-TS1,100,2,2.7060508728027344e-05
7498,G,A,0,MT-TS1,100,2,0.00027751922607421875
7510,T,C,1,MT-TS1,100,2,-0.00020575523376464844
7511,T,C,1,MT-TS1,100,2,-0.00032842159271240234
7512,T,C,1,MT-TS1,100,2,-0.00027942657470703125
8313,G,A,1,MT-TK,100,2,-0.0016756057739257812
8340,G,A,1,MT-TK,100,2,-0.0009207725524902344
8344,A,G,1,MT-TK,100,2,-0.00023174285888671875
8348,A,G,0,MT-TK,100,2,-0.0011010169982910156
8356,T,C,1,MT-TK,100,2,-0.00012135505676269531
8363,G,A,1,MT-TK,100,2,-0.0010429620742797852
10007,T,C,0,MT-TG,100,2,-0.0006515979766845703
10034,T,C,0,MT-TG,100,2,-0.0010731220245361328
10463,T,C,0,MT-TR,100,2,-0.00044929981231689453
12147,G,A,1,MT-TH,100,2,-0.0025228261947631836
12201,T,C,1,MT-TH,100,2,0.0003402233123779297
12239,C,T,0,MT-TS2,100,2,0.00031447410583496094
12258,C,A,1,MT-TS2,100,2,-0.0021363496780395508
12276,G,A,1,MT-TL2,100,2,-0.0030150413513183594
12308,A,G,0,MT-TL2,100,2,-0.0017980337142944336
12315,G,A,1,MT-TL2,100,2,-0.0018101930618286133
14674,T,C,1,MT-TE,100,2,-0.00010347366333007812
14684,C,T,0,MT-TE,100,2,0.0006128549575805664
14709,T,C,1,MT-TE,100,2,-0.0008531808853149414
15894,G,A,0,MT-TT,100,2,-0.0002824068069458008
15904,C,T,0,MT-TT,100,2,0.00051116943359375
15907,A,G,0,MT-TT,100,2,-0.0007213354110717773
15923,A,G,1,MT-TT,100,2,-0.0036814212799072266
15924,A,G,0,MT-TT,100,2,-0.0003904104232788086
15928,G,A,0,MT-TT,100,2,-0.00018215179443359375
15990,C,T,1,MT-TP,100,2,-0.00027763843536376953
591,C,T,1,MT-TF,100,3,0.0013499259948730469
616,T,C,1,MT-TF,100,3,-0.0025931596755981445
629,T,C,0,MT-TF,100,3,9.1552734375e-05
1624,C,T,1,MT-TV,100,3,0.001145482063293457
1644,G,A,1,MT-TV,100,3,0.0004900693893432617
3242,G,A,1,MT-TL1,100,3,-0.00263822078704834
3243,A,G,1,MT-TL1,100,3,-0.009148478507995605
3243,A,T,1,MT-TL1,100,3,-0.009158134460449219
3251,A,G,1,MT-TL1,100,3,-0.0012056827545166016
3252,A,G,1,MT-TL1,100,3,-0.002107381820678711
3255,G,A,1,MT-TL1,100,3,-0.0023213624954223633
3256,C,T,1,MT-TL1,100,3,-0.0025490522384643555
3258,T,C,1,MT-TL1,100,3,-0.0014908313751220703
3260,A,G,1,MT-TL1,100,3,-0.0015130043029785156
3271,T,C,1,MT-TL1,100,3,-0.0010048151016235352
3291,T,C,1,MT-TL1,100,3,-0.000377655029296875
3302,A,G,1,MT-TL1,100,3,-0.0007325410842895508
3303,C,T,1,MT-TL1,100,3,-0.0006698369979858398
4300,A,G,1,MT-TI,100,3,-0.0012693405151367188
4336,T,C,0,MT-TQ,100,3,-0.00013971328735351562
4370,T,C,0,MT-TQ,100,3,-0.00012099742889404297
4450,G,A,1,MT-TM,100,3,-0.0019344091415405273
4452,T,C,0,MT-TM,100,3,-0.0003521442413330078
5521,G,A,1,MT-TW,100,3,0.0009174346923828125
5553,T,C,0,MT-TW,100,3,-0.00024259090423583984
5556,G,A,1,MT-TW,100,3,-0.0013115406036376953
5650,G,A,1,MT-TA,100,3,-0.0004190206527709961
5690,A,G,1,MT-TN,100,3,-0.004373788833618164
5703,G,A,1,MT-TN,100,3,0.0003827810287475586
5728,T,C,1,MT-TN,100,3,0.00034546852111816406
5814,T,C,0,MT-TC,100,3,-0.00037860870361328125
7453,G,A,1,MT-TS1,100,3,-0.00027358531951904297
7471,C,T,0,MT-TS1,100,3,0.0005979537963867188
7472,A,T,0,MT-TS1,100,3,-0.00012874603271484375
7476,C,T,0,MT-TS1,100,3,0.00021922588348388672
7493,C,T,0,MT-TS1,100,3,2.86102294921875e-06
7497,G,A,1,MT-TS1,100,3,-0.0002595186233520508
7498,G,A,0,MT-TS1,100,3,0.00024318695068359375
7510,T,C,1,MT-TS1,100,3,-0.00037407875061035156
7511,T,C,1,MT-TS1,100,3,-0.00032579898834228516
7512,T,C,1,MT-TS1,100,3,-0.00023567676544189453
8313,G,A,1,MT-TK,100,3,-0.0017235279083251953
8340,G,A,1,MT-TK,100,3,-0.001093149185180664
8344,A,G,1,MT-TK,100,3,-0.00026869773864746094
8348,A,G,0,MT-TK,100,3,-0.0010304450988769531
8356,T,C,1,MT-TK,100,3,-0.000540614128112793
8363,G,A,1,MT-TK,100,3,-0.0010275840759277344
10007,T,C,0,MT-TG,100,3,0.0013151168823242188
10034,T,C,0,MT-TG,100,3,-0.000708460807800293
10463,T,C,0,MT-TR,100,3,-0.0003522634506225586
12147,G,A,1,MT-TH,100,3,-0.0020340681076049805
12201,T,C,1,MT-TH,100,3,-0.00014793872833251953
12239,C,T,0,MT-TS2,100,3,0.000186920166015625
12258,C,A,1,MT-TS2,100,3,-0.002167940139770508
12276,G,A,1,MT-TL2,100,3,-0.0027440786361694336
12308,A,G,0,MT-TL2,100,3,-0.0012197494506835938
12315,G,A,1,MT-TL2,100,3,-0.001768946647644043
14674,T,C,1,MT-TE,100,3,-0.00036466121673583984
14684,C,T,0,MT-TE,100,3,0.0009162425994873047
14709,T,C,1,MT-TE,100,3,-0.0011404752731323242
15894,G,A,0,MT-TT,100,3,-0.00037479400634765625
15904,C,T,0,MT-TT,100,3,0.00011873245239257812
15907,A,G,0,MT-TT,100,3,-0.0006655454635620117
15923,A,G,1,MT-TT,100,3,-0.005019426345825195
15924,A,G,0,MT-TT,100,3,-0.0013554096221923828
15928,G,A,0,MT-TT,100,3,3.600120544433594e-05
15990,C,T,1,MT-TP,100,3,-0.0012285709381103516
591,C,T,1,MT-TF,100,4,0.0004646778106689453
616,T,C,1,MT-TF,100,4,-0.0023728609085083008
629,T,C,0,MT-TF,100,4,-0.00041365623474121094
1624,C,T,1,MT-TV,100,4,0.001080632209777832
1644,G,A,1,MT-TV,100,4,-5.7816505432128906e-05
3242,G,A,1,MT-TL1,100,4,-0.0027856826782226562
3243,A,G,1,MT-TL1,100,4,-0.008219480514526367
3243,A,T,1,MT-TL1,100,4,-0.009438157081604004
3251,A,G,1,MT-TL1,100,4,-0.0017347335815429688
3252,A,G,1,MT-TL1,100,4,-0.0023850202560424805
3255,G,A,1,MT-TL1,100,4,-0.0022478103637695312
3256,C,T,1,MT-TL1,100,4,-0.0019655227661132812
3258,T,C,1,MT-TL1,100,4,-0.0013277530670166016
3260,A,G,1,MT-TL1,100,4,-0.0010552406311035156
3271,T,C,1,MT-TL1,100,4,-0.0009002685546875
3291,T,C,1,MT-TL1,100,4,-0.0006765127182006836
3302,A,G,1,MT-TL1,100,4,-0.0007622241973876953
3303,C,T,1,MT-TL1,100,4,-0.0007017850875854492
4300,A,G,1,MT-TI,100,4,-0.0015381574630737305
4336,T,C,0,MT-TQ,100,4,6.115436553955078e-05
4370,T,C,0,MT-TQ,100,4,-0.00042235851287841797
4450,G,A,1,MT-TM,100,4,-0.0020492076873779297
4452,T,C,0,MT-TM,100,4,-0.0004963874816894531
5521,G,A,1,MT-TW,100,4,-0.0003038644790649414
5553,T,C,0,MT-TW,100,4,-0.0003173351287841797
5556,G,A,1,MT-TW,100,4,-0.0013707876205444336
5650,G,A,1,MT-TA,100,4,-0.0006279945373535156
5690,A,G,1,MT-TN,100,4,-0.0036829710006713867
5703,G,A,1,MT-TN,100,4,-5.8531761169433594e-05
5728,T,C,1,MT-TN,100,4,-5.507469177246094e-05
5814,T,C,0,MT-TC,100,4,-0.00034689903259277344
7453,G,A,1,MT-TS1,100,4,-0.0005539655685424805
7471,C,T,0,MT-TS1,100,4,0.0006422996520996094
7472,A,T,0,MT-TS1,100,4,0.0005440711975097656
7476,C,T,0,MT-TS1,100,4,-0.0002562999725341797
7493,C,T,0,MT-TS1,100,4,-0.0002199411392211914
7497,G,A,1,MT-TS1,100,4,-0.00028014183044433594
7498,G,A,0,MT-TS1,100,4,-0.00016570091247558594
7510,T,C,1,MT-TS1,100,4,-0.00037872791290283203
7511,T,C,1,MT-TS1,100,4,-0.0005519390106201172
7512,T,C,1,MT-TS1,100,4,-0.0003838539123535156
8313,G,A,1,MT-TK,100,4,-0.0019605159759521484
8340,G,A,1,MT-TK,100,4,-0.0010313987731933594
8344,A,G,1,MT-TK,100,4,-0.0003701448440551758
8348,A,G,0,MT-TK,100,4,-0.0011391639709472656
8356,T,C,1,MT-TK,100,4,-0.0004940032958984375
8363,G,A,1,MT-TK,100,4,-0.0010960102081298828
10007,T,C,0,MT-TG,100,4,-6.520748138427734e-05
10034,T,C,0,MT-TG,100,4,-0.0004181861877441406
10463,T,C,0,MT-TR,100,4,-0.0001035928726196289
12147,G,A,1,MT-TH,100,4,-0.0024300813674926758
12201,T,C,1,MT-TH,100,4,0.0004950761795043945
12239,C,T,0,MT-TS2,100,4,-0.00010073184967041016
12258,C,A,1,MT-TS2,100,4,-0.0018056631088256836
12276,G,A,1,MT-TL2,100,4,-0.0034046173095703125
12308,A,G,0,MT-TL2,100,4,-0.002053976058959961
12315,G,A,1,MT-TL2,100,4,-0.0015474557876586914
14674,T,C,1,MT-TE,100,4,-0.0005862712860107422
14684,C,T,0,MT-TE,100,4,0.004415154457092285
14709,T,C,1,MT-TE,100,4,-0.0008714199066162109
15894,G,A,0,MT-TT,100,4,-0.0010533332824707031
15904,C,T,0,MT-TT,100,4,0.0002828836441040039
15907,A,G,0,MT-TT,100,4,-0.0004061460494995117
15923,A,G,1,MT-TT,100,4,-0.0019078254699707031
15924,A,G,0,MT-TT,100,4,-0.0005356073379516602
15928,G,A,0,MT-TT,100,4,-0.00021266937255859375
15990,C,T,1,MT-TP,100,4,-0.0007251501083374023
591,C,T,1,MT-TF,100,5,0.0014331340789794922
616,T,C,1,MT-TF,100,5,-0.003003716468811035
629,T,C,0,MT-TF,100,5,-0.0006549358367919922
1624,C,T,1,MT-TV,100,5,6.4373016357421875e-06
1644,G,A,1,MT-TV,100,5,0.0010995864868164062
3242,G,A,1,MT-TL1,100,5,-0.0028944015502929688
3243,A,G,1,MT-TL1,100,5,-0.009863734245300293
3243,A,T,1,MT-TL1,100,5,-0.009960651397705078
3251,A,G,1,MT-TL1,100,5,-0.0014908313751220703
3252,A,G,1,MT-TL1,100,5,-0.0030940771102905273
3255,G,A,1,MT-TL1,100,5,-0.0020369291305541992
3256,C,T,1,MT-TL1,100,5,-0.001947641372680664
3258,T,C,1,MT-TL1,100,5,-0.0013380050659179688
3260,A,G,1,MT-TL1,100,5,-0.001541733741760254
3271,T,C,1,MT-TL1,100,5,-0.0005583763122558594
3291,T,C,1,MT-TL1,100,5,-0.0003933906555175781
3302,A,G,1,MT-TL1,100,5,-0.00055694580078125
3303,C,T,1,MT-TL1,100,5,-0.0009087324142456055
4300,A,G,1,MT-TI,100,5,-0.001118302345275879
4336,T,C,0,MT-TQ,100,5,-0.00040137767791748047
4370,T,C,0,MT-TQ,100,5,-0.0002199411392211914
4450,G,A,1,MT-TM,100,5,-0.0016264915466308594
4452,T,C,0,MT-TM,100,5,-0.0001380443572998047
5521,G,A,1,MT-TW,100,5,-0.0004296302795410156
5553,T,C,0,MT-TW,100,5,-0.00020956993103027344
5556,G,A,1,MT-TW,100,5,-0.0007138252258300781
5650,G,A,1,MT-TA,100,5,-0.000850677490234375
5690,A,G,1,MT-TN,100,5,-0.0038968324661254883
5703,G,A,1,MT-TN,100,5,0.00022137165069580078
5728,T,C,1,MT-TN,100,5,4.291534423828125e-05
5814,T,C,0,MT-TC,100,5,-0.00033485889434814453
7453,G,A,1,MT-TS1,100,5,-0.00034368038177490234
7471,C,T,0,MT-TS1,100,5,0.0009276866912841797
7472,A,T,0,MT-TS1,100,5,2.1576881408691406e-05
7476,C,T,0,MT-TS1,100,5,0.0003032684326171875
7493,C,T,0,MT-TS1,100,5,-3.993511199951172e-05
7497,G,A,1,MT-TS1,100,5,0.00024831295013427734
7498,G,A,0,MT-TS1,100,5,0.0002887248992919922
7510,T,C,1,MT-TS1,100,5,-0.00029850006103515625
7511,T,C,1,MT-TS1,100,5,0.00011718273162841797
7512,T,C,1,MT-TS1,100,5,-4.875659942626953e-05
8313,G,A,1,MT-TK,100,5,-0.0016777515411376953
8340,G,A,1,MT-TK,100,5,-0.0010194778442382812
8344,A,G,1,MT-TK,100,5,-0.00030481815338134766
8348,A,G,0,MT-TK,100,5,-0.0008294582366943359
8356,T,C,1,MT-TK,100,5,-0.0005679130554199219
8363,G,A,1,MT-TK,100,5,-0.0009195804595947266
10007,T,C,0,MT-TG,100,5,0.0006288290023803711
10034,T,C,0,MT-TG,100,5,-0.0007148981094360352
10463,T,C,0,MT-TR,100,5,-0.00044214725494384766
12147,G,A,1,MT-TH,100,5,-0.0021851062774658203
12201,T,C,1,MT-TH,100,5,0.00024890899658203125
12239,C,T,0,MT-TS2,100,5,1.5139579772949219e-05
12258,C,A,1,MT-TS2,100,5,-0.0022776126861572266
12276,G,A,1,MT-TL2,100,5,-0.0028215646743774414
12308,A,G,0,MT-TL2,100,5,-0.0012472867965698242
12315,G,A,1,MT-TL2,100,5,-0.0016047954559326172
14674,T,C,1,MT-TE,100,5,-0.0005038976669311523
14684,C,T,0,MT-TE,100,5,0.0011533498764038086
14709,T,C,1,MT-TE,100,5,-0.0011920928955078125
15894,G,A,0,MT-TT,100,5,-0.00017964839935302734
15904,C,T,0,MT-TT,100,5,-0.00020074844360351562
15907,A,G,0,MT-TT,100,5,-0.0005463361740112305
15923,A,G,1,MT-TT,100,5,-0.0025167465209960938
15924,A,G,0,MT-TT,100,5,-0.0006723403930664062
15928,G,A,0,MT-TT,100,5,-0.00018775463104248047
15990,C,T,1,MT-TP,100,5,-0.00013375282287597656
591,C,T,1,MT-TF,100,6,0.001306772232055664
616,T,C,1,MT-TF,100,6,-0.002946138381958008
629,T,C,0,MT-TF,100,6,-0.00011622905731201172
1624,C,T,1,MT-TV,100,6,-0.00029969215393066406
1644,G,A,1,MT-TV,100,6,0.0008993148803710938
3242,G,A,1,MT-TL1,100,6,-0.001918792724609375
3243,A,G,1,MT-TL1,100,6,-0.009227156639099121
3243,A,T,1,MT-TL1,100,6,-0.010251641273498535
3251,A,G,1,MT-TL1,100,6,-0.0012631416320800781
3252,A,G,1,MT-TL1,100,6,-0.0023987293243408203
3255,G,A,1,MT-TL1,100,6,-0.0023229122161865234
3256,C,T,1,MT-TL1,100,6,-0.0017719268798828125
3258,T,C,1,MT-TL1,100,6,-0.0013079643249511719
3260,A,G,1,MT-TL1,100,6,-0.0015202760696411133
3271,T,C,1,MT-TL1,100,6,-0.0005227327346801758
3291,T,C,1,MT-TL1,100,6,-0.0007581710815429688
3302,A,G,1,MT-TL1,100,6,-0.0007586479187011719
3303,C,T,1,MT-TL1,100,6,-0.0008213520050048828
4300,A,G,1,MT-TI,100,6,-0.0010548830032348633
4336,T,C,0,MT-TQ,100,6,-0.00040733814239501953
4370,T,C,0,MT-TQ,100,6,0.00015282630920410156
4450,G,A,1,MT-TM,100,6,-0.0013222694396972656
4452,T,C,0,MT-TM,100,6,-0.000347137451171875
5521,G,A,1,MT-TW,100,6,0.00010073184967041016
5553,T,C,0,MT-TW,100,6,-0.0002766847610473633
5556,G,A,1,MT-TW,100,6,-0.0014961957931518555
5650,G,A,1,MT-TA,100,6,-0.0004788637161254883
5690,A,G,1,MT-TN,100,6,-0.003400444984436035
5703,G,A,1,MT-TN,100,6,-4.279613494873047e-05
5728,T,C,1,MT-TN,100,6,-9.715557098388672e-05
5814,T,C,0,MT-TC,100,6,-0.0004639625549316406
7453,G,A,1,MT-TS1,100,6,-0.00015938282012939453
7471,C,T,0,MT-TS1,100,6,0.001218557357788086
7472,A,T,0,MT-TS1,100,6,0.0006047487258911133
7476,C,T,0,MT-TS1,100,6,0.00015532970428466797
7493,C,T,0,MT-TS1,100,6,-0.00018131732940673828
7497,G,A,1,MT-TS1,100,6,0.00016200542449951172
7498,G,A,0,MT-TS1,100,6,0.00027763843536376953
7510,T,C,1,MT-TS1,100,6,5.4955482482910156e-05
7511,T,C,1,MT-TS1,100,6,-0.00011587142944335938
7512,T,C,1,MT-TS1,100,6,-0.00037026405334472656
8313,G,A,1,MT-TK,100,6,-0.0016094446182250977
8340,G,A,1,MT-TK,100,6,-0.0010471343994140625
8344,A,G,1,MT-TK,100,6,-0.00013625621795654297
8348,A,G,0,MT-TK,100,6,-0.0010802745819091797
8356,T,C,1,MT-TK,100,6,-0.00047266483306884766
8363,G,A,1,MT-TK,100,6,-0.0005509853363037109
10007,T,C,0,MT-TG,100,6,-0.0008826255798339844
10034,T,C,0,MT-TG,100,6,-0.0001837015151977539
10463,T,C,0,MT-TR,100,6,-0.00046944618225097656
12147,G,A,1,MT-TH,100,6,-0.0031125545501708984
12201,T,C,1,MT-TH,100,6,-3.910064697265625e-05
12239,C,T,0,MT-TS2,100,6,0.00017189979553222656
12258,C,A,1,MT-TS2,100,6,-0.0016736984252929688
12276,G,A,1,MT-TL2,100,6,-0.00205838680267334
12308,A,G,0,MT-TL2,100,6,-0.0014115571975708008
12315,G,A,1,MT-TL2,100,6,-0.0013861656188964844
14674,T,C,1,MT-TE,100,6,-0.0006679296493530273
14684,C,T,0,MT-TE,100,6,0.0004177093505859375
14709,T,C,1,MT-TE,100,6,-0.0005931854248046875
15894,G,A,0,MT-TT,100,6,-0.0003437995910644531
15904,C,T,0,MT-TT,100,6,2.562999725341797e-05
15907,A,G,0,MT-TT,100,6,-0.0005134344100952148
15923,A,G,1,MT-TT,100,6,-0.0047217607498168945
15924,A,G,0,MT-TT,100,6,-0.0009812116622924805
15928,G,A,0,MT-TT,100,6,-0.0002919435501098633
15990,C,T,1,MT-TP,100,6,-0.0009964704513549805
591,C,T,1,MT-TF,100,7,0.0015254020690917969
616,T,C,1,MT-TF,100,7,-0.0016067028045654297
629,T,C,0,MT-TF,100,7,-0.0005692243576049805
1624,C,T,1,MT-TV,100,7,-0.00035500526428222656
1644,G,A,1,MT-TV,100,7,0.00023674964904785156
3242,G,A,1,MT-TL1,100,7,-0.0028085708618164062
3243,A,G,1,MT-TL1,100,7,-0.00930476188659668
3243,A,T,1,MT-TL1,100,7,-0.009530782699584961
3251,A,G,1,MT-TL1,100,7,-0.0014346837997436523
3252,A,G,1,MT-TL1,100,7,-0.002853870391845703
3255,G,A,1,MT-TL1,100,7,-0.002124309539794922
3256,C,T,1,MT-TL1,100,7,-0.0021489858627319336
3258,T,C,1,MT-TL1,100,7,-0.0015773773193359375
3260,A,G,1,MT-TL1,100,7,-0.0009826421737670898
3271,T,C,1,MT-TL1,100,7,-0.00086212158203125
3291,T,C,1,MT-TL1,100,7,-0.0010678768157958984
3302,A,G,1,MT-TL1,100,7,-0.0007060766220092773
3303,C,T,1,MT-TL1,100,7,-0.0008982419967651367
4300,A,G,1,MT-TI,100,7,-0.0012354850769042969
4336,T,C,0,MT-TQ,100,7,-0.00037026405334472656
4370,T,C,0,MT-TQ,100,7,-0.00039076805114746094
4450,G,A,1,MT-TM,100,7,-0.0015780925750732422
4452,T,C,0,MT-TM,100,7,-0.0003954172134399414
5521,G,A,1,MT-TW,100,7,0.0005015134811401367
5553,T,C,0,MT-TW,100,7,-0.00015664100646972656
5556,G,A,1,MT-TW,100,7,-0.0012263059616088867
5650,G,A,1,MT-TA,100,7,-0.0009210109710693359
5690,A,G,1,MT-TN,100,7,-0.004110217094421387
5703,G,A,1,MT-TN,100,7,-5.53131103515625e-05
5728,T,C,1,MT-TN,100,7,0.0001817941665649414
5814,T,C,0,MT-TC,100,7,-0.00034308433532714844
7453,G,A,1,MT-TS1,100,7,-0.00025522708892822266
7471,C,T,0,MT-TS1,100,7,0.0010825395584106445
7472,A,T,0,MT-TS1,100,7,-4.088878631591797e-05
7476,C,T,0,MT-TS1,100,7,8.440017700195312e-05
7493,C,T,0,MT-TS1,100,7,-0.00014388561248779297
7497,G,A,1,MT-TS1,100,7,0.0002993345260620117
7498,G,A,0,MT-TS1,100,7,-0.00011670589447021484
7510,T,C,1,MT-TS1,100,7,-2.181529998779297e-05
7511,T,C,1,MT-TS1,100,7,-0.0005209445953369141
7512,T,C,1,MT-TS1,100,7,-9.1552734375e-05
8313,G,A,1,MT-TK,100,7,-0.0010857582092285156
8340,G,A,1,MT-TK,100,7,-0.0008827447891235352
8344,A,G,1,MT-TK,100,7,-0.0002541542053222656
8348,A,G,0,MT-TK,100,7,-0.0009676218032836914
8356,T,C,1,MT-TK,100,7,-0.00022983551025390625
8363,G,A,1,MT-TK,100,7,-0.0009387731552124023
10007,T,C,0,MT-TG,100,7,-0.0004963874816894531
10034,T,C,0,MT-TG,100,7,-0.000844120979309082
10463,T,C,0,MT-TR,100,7,-0.0006135702133178711
12147,G,A,1,MT-TH,100,7,-0.002115488052368164
12201,T,C,1,MT-TH,100,7,0.00025832653045654297
12239,C,T,0,MT-TS2,100,7,2.5510787963867188e-05
12258,C,A,1,MT-TS2,100,7,-0.002507328987121582
12276,G,A,1,MT-TL2,100,7,-0.0030701160430908203
12308,A,G,0,MT-TL2,100,7,-0.0019134283065795898
12315,G,A,1,MT-TL2,100,7,-0.0021055936813354492
14674,T,C,1,MT-TE,100,7,-0.0003616809844970703
14684,C,T,0,MT-TE,100,7,7.05718994140625e-05
14709,T,C,1,MT-TE,100,7,-0.001051783561706543
15894,G,A,0,MT-TT,100,7,-3.8623809814453125e-05
15904,C,T,0,MT-TT,100,7,0.00010597705841064453
15907,A,G,0,MT-TT,100,7,-0.00064849853515625
15923,A,G,1,MT-TT,100,7,-0.0030117034912109375
15924,A,G,0,MT-TT,100,7,-0.0005700588226318359
15928,G,A,0,MT-TT,100,7,-0.0003769397735595703
15990,C,T,1,MT-TP,100,7,-0.0004916191101074219
591,C,T,1,MT-TF,100,8,0.0019756555557250977
616,T,C,1,MT-TF,100,8,-0.0016849040985107422
629,T,C,0,MT-TF,100,8,-0.0003687143325805664
1624,C,T,1,MT-TV,100,8,0.00044727325439453125
1644,G,A,1,MT-TV,100,8,0.0005803108215332031
3242,G,A,1,MT-TL1,100,8,-0.00372469425201416
3243,A,G,1,MT-TL1,100,8,-0.008921384811401367
3243,A,T,1,MT-TL1,100,8,-0.00946497917175293
3251,A,G,1,MT-TL1,100,8,-0.0011795759201049805
3252,A,G,1,MT-TL1,100,8,-0.002444624900817871
3255,G,A,1,MT-TL1,100,8,-0.0019682645797729492
3256,C,T,1,MT-TL1,100,8,-0.0019881725311279297
3258,T,C,1,MT-TL1,100,8,-0.0013909339904785156
3260,A,G,1,MT-TL1,100,8,-0.001466512680053711
3271,T,C,1,MT-TL1,100,8,-0.0005238056182861328
3291,T,C,1,MT-TL1,100,8,-0.0007224082946777344
3302,A,G,1,MT-TL1,100,8,-0.0005946159362792969
3303,C,T,1,MT-TL1,100,8,-0.0008521080017089844
4300,A,G,1,MT-TI,100,8,-0.0013502836227416992
4336,T,C,0,MT-TQ,100,8,-0.0003154277801513672
4370,T,C,0,MT-TQ,100,8,-0.00012445449829101562
4450,G,A,1,MT-TM,100,8,-0.0019690990447998047
4452,T,C,0,MT-TM,100,8,-0.0004030466079711914
5521,G,A,1,MT-TW,100,8,0.0003401041030883789
5553,T,C,0,MT-TW,100,8,-0.0009350776672363281
5556,G,A,1,MT-TW,100,8,-0.0011168718338012695
5650,G,A,1,MT-TA,100,8,-0.0006220340728759766
5690,A,G,1,MT-TN,100,8,-0.005809187889099121
5703,G,A,1,MT-TN,100,8,0.0001666545867919922
5728,T,C,1,MT-TN,100,8,-6.198883056640625e-06
5814,T,C,0,MT-TC,100,8,-0.0004892349243164062
7453,G,A,1,MT-TS1,100,8,-0.0005041360855102539
7471,C,T,0,MT-TS1,100,8,0.0005942583084106445
7472,A,T,0,MT-TS1,100,8,-8.654594421386719e-05
7476,C,T,0,MT-TS1,100,8,-0.00020039081573486328
7493,C,T,0,MT-TS1,100,8,0.0004323720932006836
7497,G,A,1,MT-TS1,100,8,0.00034546852111816406
7498,G,A,0,MT-TS1,100,8,0.0004826784133911133
7510,T,C,1,MT-TS1,100,8,0.00021338462829589844
7511,T,C,1,MT-TS1,100,8,3.325939178466797e-05
7512,T,C,1,MT-TS1,100,8,-0.000118255615234375
8313,G,A,1,MT-TK,100,8,-0.0012252330780029297
8340,G,A,1,MT-TK,100,8,-0.001044154167175293
8344,A,G,1,MT-TK,100,8,-0.0004762411117553711
8348,A,G,0,MT-TK,100,8,-0.0009669065475463867
8356,T,C,1,MT-TK,100,8,-0.00041997432708740234
8363,G,A,1,MT-TK,100,8,-0.001034379005432129
10007,T,C,0,MT-TG,100,8,-0.00043714046478271484
10034,T,C,0,MT-TG,100,8,-0.0004373788833618164
10463,T,C,0,MT-TR,100,8,-0.0007004737854003906
12147,G,A,1,MT-TH,100,8,-0.002430558204650879
12201,T,C,1,MT-TH,100,8,0.0003719329833984375
12239,C,T,0,MT-TS2,100,8,0.00010514259338378906
12258,C,A,1,MT-TS2,100,8,-0.001575469970703125
12276,G,A,1,MT-TL2,100,8,-0.0027916431427001953
12308,A,G,0,MT-TL2,100,8,-0.002378225326538086
12315,G,A,1,MT-TL2,100,8,-0.0015833377838134766
14674,T,C,1,MT-TE,100,8,-0.00041031837463378906
14684,C,T,0,MT-TE,100,8,0.0013953447341918945
14709,T,C,1,MT-TE,100,8,7.605552673339844e-05
15894,G,A,0,MT-TT,100,8,7.665157318115234e-05
15904,C,T,0,MT-TT,100,8,0.00035190582275390625
15907,A,G,0,MT-TT,100,8,-0.0005017518997192383
15923,A,G,1,MT-TT,100,8,-0.003632187843322754
15924,A,G,0,MT-TT,100,8,-0.0010068416595458984
15928,G,A,0,MT-TT,100,8,-0.00047779083251953125
15990,C,T,1,MT-TP,100,8,-0.0008320808410644531
591,C,T,1,MT-TF,100,9,0.0009382963180541992
616,T,C,1,MT-TF,100,9,-0.0017598867416381836
629,T,C,0,MT-TF,100,9,-0.00024712085723876953
1624,C,T,1,MT-TV,100,9,-4.3511390686035156e-05
1644,G,A,1,MT-TV,100,9,0.0007724761962890625
3242,G,A,1,MT-TL1,100,9,-0.003025650978088379
3243,A,G,1,MT-TL1,100,9,-0.008858203887939453
3243,A,T,1,MT-TL1,100,9,-0.009773612022399902
3251,A,G,1,MT-TL1,100,9,-0.001416325569152832
3252,A,G,1,MT-TL1,100,9,-0.0022944211959838867
3255,G,A,1,MT-TL1,100,9,-0.0018475055694580078
3256,C,T,1,MT-TL1,100,9,-0.002382636070251465
3258,T,C,1,MT-TL1,100,9,-0.0011374950408935547
3260,A,G,1,MT-TL1,100,9,-0.001413106918334961
3271,T,C,1,MT-TL1,100,9,-0.0005846023559570312
3291,T,C,1,MT-TL1,100,9,-0.0006327629089355469
3302,A,G,1,MT-TL1,100,9,-0.0008889436721801758
3303,C,T,1,MT-TL1,100,9,-0.0006699562072753906
4300,A,G,1,MT-TI,100,9,-0.001256108283996582
4336,T,C,0,MT-TQ,100,9,-0.00027179718017578125
4370,T,C,0,MT-TQ,100,9,-0.00026702880859375
4450,G,A,1,MT-TM,100,9,-0.0014177560806274414
4452,T,C,0,MT-TM,100,9,-0.0007606744766235352
5521,G,A,1,MT-TW,100,9,-0.0005682706832885742
5553,T,C,0,MT-TW,100,9,-0.0004296302795410156
5556,G,A,1,MT-TW,100,9,-0.0014424324035644531
5650,G,A,1,MT-TA,100,9,-0.0010308027267456055
5690,A,G,1,MT-TN,100,9,-0.004117250442504883
5703,G,A,1,MT-TN,100,9,0.00025272369384765625
5728,T,C,1,MT-TN,100,9,0.0003161430358886719
5814,T,C,0,MT-TC,100,9,-0.00016498565673828125
7453,G,A,1,MT-TS1,100,9,-0.0003707408905029297
7471,C,T,0,MT-TS1,100,9,0.0008856058120727539
7472,A,T,0,MT-TS1,100,9,0.0005570650100708008
7476,C,T,0,MT-TS1,100,9,0.00032007694244384766
7493,C,T,0,MT-TS1,100,9,-0.0002714395523071289
7497,G,A,1,MT-TS1,100,9,4.8279762268066406e-05
7498,G,A,0,MT-TS1,100,9,2.1338462829589844e-05
7510,T,C,1,MT-TS1,100,9,0.0004552602767944336
7511,T,C,1,MT-TS1,100,9,-0.00032973289489746094
7512,T,C,1,MT-TS1,100,9,-0.0002987384796142578
8313,G,A,1,MT-TK,100,9,-0.0016483068466186523
8340,G,A,1,MT-TK,100,9,-0.0008897781372070312
8344,A,G,1,MT-TK,100,9,-0.00024878978729248047
8348,A,G,0,MT-TK,100,9,-0.0010061264038085938
8356,T,C,1,MT-TK,100,9,-0.00018906593322753906
8363,G,A,1,MT-TK,100,9,-0.00079345703125
10007,T,C,0,MT-TG,100,9,0.0010144710540771484
10034,T,C,0,MT-TG,100,9,-0.0006788969039916992
10463,T,C,0,MT-TR,100,9,-0.0005276203155517578
12147,G,A,1,MT-TH,100,9,-0.0036656856536865234
12201,T,C,1,MT-TH,100,9,-0.0002124309539794922
12239,C,T,0,MT-TS2,100,9,-5.424022674560547e-05
12258,C,A,1,MT-TS2,100,9,-0.0020459890365600586
12276,G,A,1,MT-TL2,100,9,-0.0030063390731811523
12308,A,G,0,MT-TL2,100,9,-0.001600503921508789
12315,G,A,1,MT-TL2,100,9,-0.0009121894836425781
14674,T,C,1,MT-TE,100,9,2.6345252990722656e-05
14684,C,T,0,MT-TE,100,9,0.0017688274383544922
14709,T,C,1,MT-TE,100,9,-0.0006611347198486328
15894,G,A,0,MT-TT,100,9,-0.0008646249771118164
15904,C,T,0,MT-TT,100,9,4.0531158447265625e-05
15907,A,G,0,MT-TT,100,9,-0.0004194974899291992
15923,A,G,1,MT-TT,100,9,-0.0032181739807128906
15924,A,G,0,MT-TT,100,9,-0.0011208057403564453
15928,G,A,0,MT-TT,100,9,-0.00044536590576171875
15990,C,T,1,MT-TP,100,9,-0.00021505355834960938
591,C,T,1,MT-TF,250,0,0.0026258230209350586
616,T,C,1,MT-TF,250,0,-0.0016362667083740234
629,T,C,0,MT-TF,250,0,0.00043702125549316406
1624,C,T,1,MT-TV,250,0,2.2292137145996094e-05
1644,G,A,1,MT-TV,250,0,-0.0006629228591918945
3242,G,A,1,MT-TL1,250,0,-0.002313375473022461
3243,A,G,1,MT-TL1,250,0,-0.0033626556396484375
3243,A,T,1,MT-TL1,250,0,-0.007624506950378418
3251,A,G,1,MT-TL1,250,0,-0.0008528232574462891
3252,A,G,1,MT-TL1,250,0,-0.0011348724365234375
3255,G,A,1,MT-TL1,250,0,-0.0023441314697265625
3256,C,T,1,MT-TL1,250,0,-0.0020856857299804688
3258,T,C,1,MT-TL1,250,0,-0.0006729364395141602
3260,A,G,1,MT-TL1,250,0,-0.0018295049667358398
3271,T,C,1,MT-TL1,250,0,-0.0005170106887817383
3291,T,C,1,MT-TL1,250,0,-0.0007867813110351562
3302,A,G,1,MT-TL1,250,0,-0.00035834312438964844
3303,C,T,1,MT-TL1,250,0,-0.0015444755554199219
4300,A,G,1,MT-TI,250,0,-0.0015773773193359375
4336,T,C,0,MT-TQ,250,0,9.918212890625e-05
4370,T,C,0,MT-TQ,250,0,1.8835067749023438e-05
4450,G,A,1,MT-TM,250,0,-0.0013282299041748047
4452,T,C,0,MT-TM,250,0,-0.0003521442413330078
5521,G,A,1,MT-TW,250,0,-0.000746607780456543
5553,T,C,0,MT-TW,250,0,-0.0005593299865722656
5556,G,A,1,MT-TW,250,0,-0.0016093254089355469
5650,G,A,1,MT-TA,250,0,-0.0009926557540893555
5690,A,G,1,MT-TN,250,0,-0.002627134323120117
5703,G,A,1,MT-TN,250,0,0.00026094913482666016
5728,T,C,1,MT-TN,250,0,-0.0001844167709350586
5814,T,C,0,MT-TC,250,0,-0.00045037269592285156
7453,G,A,1,MT-TS1,250,0,-0.0012619495391845703
7471,C,T,0,MT-TS1,250,0,0.0011082887649536133
7472,A,T,0,MT-TS1,250,0,6.115436553955078e-05
7476,C,T,0,MT-TS1,250,0,0.0005266666412353516
7493,C,T,0,MT-TS1,250,0,-0.0005130767822265625
7497,G,A,1,MT-TS1,250,0,-2.181529998779297e-05
7498,G,A,0,MT-TS1,250,0,0.0001316070556640625
7510,T,C,1,MT-TS1,250,0,-0.00011873245239257812
7511,T,C,1,MT-TS1,250,0,-0.0006430149078369141
7512,T,C,1,MT-TS1,250,0,0.00012969970703125
8313,G,A,1,MT-TK,250,0,-0.00025272369384765625
8340,G,A,1,MT-TK,250,0,-0.0009703636169433594
8344,A,G,1,MT-TK,250,0,-0.00032210350036621094
8348,A,G,0,MT-TK,250,0,-0.0004153251647949219
8356,T,C,1,MT-TK,250,0,-0.0002422332763671875
8363,G,A,1,MT-TK,250,0,-0.0008896589279174805
10007,T,C,0,MT-TG,250,0,-0.0008914470672607422
10034,T,C,0,MT-TG,250,0,-0.00029850006103515625
10463,T,C,0,MT-TR,250,0,-0.0003414154052734375
12147,G,A,1,MT-TH,250,0,-0.0016210079193115234
12201,T,C,1,MT-TH,250,0,-0.00010216236114501953
12239,C,T,0,MT-TS2,250,0,-0.00012445449829101562
12258,C,A,1,MT-TS2,250,0,-0.0021762847900390625
12276,G,A,1,MT-TL2,250,0,-0.002964019775390625
12308,A,G,0,MT-TL2,250,0,-0.0013049840927124023
12315,G,A,1,MT-TL2,250,0,-0.0018676519393920898
14674,T,C,1,MT-TE,250,0,7.987022399902344e-06
14684,C,T,0,MT-TE,250,0,-0.0005781650543212891
14709,T,C,1,MT-TE,250,0,-0.001113295555114746
15894,G,A,0,MT-TT,250,0,-4.5299530029296875e-06
15904,C,T,0,MT-TT,250,0,0.00030612945556640625
15907,A,G,0,MT-TT,250,0,-0.0006214380264282227
15923,A,G,1,MT-TT,250,0,-0.0019137859344482422
15924,A,G,0,MT-TT,250,0,-0.0002231597900390625
15928,G,A,0,MT-TT,250,0,-0.0003325939178466797
15990,C,T,1,MT-TP,250,0,-0.0014429092407226562
591,C,T,1,MT-TF,250,1,0.0030684471130371094
616,T,C,1,MT-TF,250,1,-0.001870274543762207
629,T,C,0,MT-TF,250,1,0.0003161430358886719
1624,C,T,1,MT-TV,250,1,-0.0005664825439453125
1644,G,A,1,MT-TV,250,1,-0.0004673004150390625
3242,G,A,1,MT-TL1,250,1,-0.0024123191833496094
3243,A,G,1,MT-TL1,250,1,-0.0031048059463500977
3243,A,T,1,MT-TL1,250,1,-0.007174849510192871
3251,A,G,1,MT-TL1,250,1,-0.0020356178283691406
3252,A,G,1,MT-TL1,250,1,-0.0008929967880249023
3255,G,A,1,MT-TL1,250,1,-0.0018570423126220703
3256,C,T,1,MT-TL1,250,1,-0.002110123634338379
3258,T,C,1,MT-TL1,250,1,-0.0005757808685302734
3260,A,G,1,MT-TL1,250,1,-0.0019729137420654297
3271,T,C,1,MT-TL1,250,1,-0.0009391307830810547
3291,T,C,1,MT-TL1,250,1,-0.0008666515350341797
3302,A,G,1,MT-TL1,250,1,-0.0003350973129272461
3303,C,T,1,MT-TL1,250,1,-0.0014431476593017578
4300,A,G,1,MT-TI,250,1,-0.001132965087890625
4336,T,C,0,MT-TQ,250,1,-0.00032067298889160156
4370,T,C,0,MT-TQ,250,1,-0.0003510713577270508
4450,G,A,1,MT-TM,250,1,-0.0013604164123535156
4452,T,C,0,MT-TM,250,1,-0.0004668235778808594
5521,G,A,1,MT-TW,250,1,-0.000213623046875
5553,T,C,0,MT-TW,250,1,-0.0004436969757080078
5556,G,A,1,MT-TW,250,1,-0.001559615135192871
5650,G,A,1,MT-TA,250,1,-0.0009424686431884766
5690,A,G,1,MT-TN,250,1,-0.0028018951416015625
5703,G,A,1,MT-TN,250,1,0.00010192394256591797
5728,T,C,1,MT-TN,250,1,-0.0006539821624755859
5814,T,C,0,MT-TC,250,1,-0.0001685619354248047
7453,G,A,1,MT-TS1,250,1,-0.0007176399230957031
7471,C,T,0,MT-TS1,250,1,0.001571059226989746
7472,A,T,0,MT-TS1,250,1,9.763240814208984e-05
7476,C,T,0,MT-TS1,250,1,0.0002332925796508789
7493,C,T,0,MT-TS1,250,1,-0.001035928726196289
7497,G,A,1,MT-TS1,250,1,0.00024247169494628906
7498,G,A,0,MT-TS1,250,1,0.000347137451171875
7510,T,C,1,MT-TS1,250,1,0.00026726722717285156
7511,T,C,1,MT-TS1,250,1,-1.800060272216797e-05
7512,T,C,1,MT-TS1,250,1,0.0006926059722900391
8313,G,A,1,MT-TK,250,1,-0.000225067138671875
8340,G,A,1,MT-TK,250,1,-0.0009936094284057617
8344,A,G,1,MT-TK,250,1,-0.0005894899368286133
8348,A,G,0,MT-TK,250,1,-0.0005551576614379883
8356,T,C,1,MT-TK,250,1,-0.00023889541625976562
8363,G,A,1,MT-TK,250,1,-0.001216888427734375
10007,T,C,0,MT-TG,250,1,-0.0007576942443847656
10034,T,C,0,MT-TG,250,1,-0.00021886825561523438
10463,T,C,0,MT-TR,250,1,-0.0005941390991210938
12147,G,A,1,MT-TH,250,1,-0.0013222694396972656
12201,T,C,1,MT-TH,250,1,0.00025141239166259766
12239,C,T,0,MT-TS2,250,1,-0.00023543834686279297
12258,C,A,1,MT-TS2,250,1,-0.0018900632858276367
12276,G,A,1,MT-TL2,250,1,-0.003125905990600586
12308,A,G,0,MT-TL2,250,1,-0.0009675025939941406
12315,G,A,1,MT-TL2,250,1,-0.0021610260009765625
14674,T,C,1,MT-TE,250,1,0.0002409219741821289
14684,C,T,0,MT-TE,250,1,-5.0187110900878906e-05
14709,T,C,1,MT-TE,250,1,-0.0011521577835083008
15894,G,A,0,MT-TT,250,1,-0.0006768703460693359
15904,C,T,0,MT-TT,250,1,0.0005950927734375
15907,A,G,0,MT-TT,250,1,-0.00044357776641845703
15923,A,G,1,MT-TT,250,1,-0.0013238191604614258
15924,A,G,0,MT-TT,250,1,-0.0007394552230834961
15928,G,A,0,MT-TT,250,1,-0.0005350112915039062
15990,C,T,1,MT-TP,250,1,-0.0008397102355957031
591,C,T,1,MT-TF,250,2,0.001734018325805664
616,T,C,1,MT-TF,250,2,-0.0029234886169433594
629,T,C,0,MT-TF,250,2,0.00014102458953857422
1624,C,T,1,MT-TV,250,2,6.914138793945312e-05
1644,G,A,1,MT-TV,250,2,-0.000545501708984375
3242,G,A,1,MT-TL1,250,2,-0.00222170352935791
3243,A,G,1,MT-TL1,250,2,-0.003173232078552246
3243,A,T,1,MT-TL1,250,2,-0.007718324661254883
3251,A,G,1,MT-TL1,250,2,-0.0014690160751342773
3252,A,G,1,MT-TL1,250,2,-0.0009615421295166016
3255,G,A,1,MT-TL1,250,2,-0.0021843910217285156
3256,C,T,1,MT-TL1,250,2,-0.0020112991333007812
3258,T,C,1,MT-TL1,250,2,-0.0008714199066162109
3260,A,G,1,MT-TL1,250,2,-0.0018514394760131836
3271,T,C,1,MT-TL1,250,2,-0.0008699893951416016
3291,T,C,1,MT-TL1,250,2,-0.0008016824722290039
3302,A,G,1,MT-TL1,250,2,-0.00015425682067871094
3303,C,T,1,MT-TL1,250,2,-0.0017093420028686523
4300,A,G,1,MT-TI,250,2,-0.0015132427215576172
4336,T,C,0,MT-TQ,250,2,-0.00010728836059570312
4370,T,C,0,MT-TQ,250,2,-0.0001233816146850586
4450,G,A,1,MT-TM,250,2,-0.0011615753173828125
4452,T,C,0,MT-TM,250,2,-0.0001728534698486328
5521,G,A,1,MT-TW,250,2,-0.0010269880294799805
5553,T,C,0,MT-TW,250,2,-0.0005195140838623047
5556,G,A,1,MT-TW,250,2,-0.0015368461608886719
5650,G,A,1,MT-TA,250,2,-0.0009469985961914062
5690,A,G,1,MT-TN,250,2,-0.003018975257873535
5703,G,A,1,MT-TN,250,2,9.5367431640625e-07
5728,T,C,1,MT-TN,250,2,-0.00026869773864746094
5814,T,C,0,MT-TC,250,2,-6.520748138427734e-05
7453,G,A,1,MT-TS1,250,2,-0.0007617473602294922
7471,C,T,0,MT-TS1,250,2,0.0008755922317504883
7472,A,T,0,MT-TS1,250,2,-1.621246337890625e-05
7476,C,T,0,MT-TS1,250,2,0.0003991127014160156
7493,C,T,0,MT-TS1,250,2,-9.751319885253906e-05
7497,G,A,1,MT-TS1,250,2,0.00023484230041503906
7498,G,A,0,MT-TS1,250,2,0.00039124488830566406
7510,T,C,1,MT-TS1,250,2,-0.0006030797958374023
7511,T,C,1,MT-TS1,250,2,-0.0001291036605834961
7512,T,C,1,MT-TS1,250,2,0.00018537044525146484
8313,G,A,1,MT-TK,250,2,-0.0015462636947631836
8340,G,A,1,MT-TK,250,2,-0.000905156135559082
8344,A,G,1,MT-TK,250,2,-0.0004482269287109375
8348,A,G,0,MT-TK,250,2,-0.00030803680419921875
8356,T,C,1,MT-TK,250,2,-0.00016832351684570312
8363,G,A,1,MT-TK,250,2,-0.001067042350769043
10007,T,C,0,MT-TG,250,2,-0.0007201433181762695
10034,T,C,0,MT-TG,250,2,-8.869171142578125e-05
10463,T,C,0,MT-TR,250,2,-0.0010486841201782227
12147,G,A,1,MT-TH,250,2,-0.0015764236450195312
12201,T,C,1,MT-TH,250,2,-0.00033223628997802734
12239,C,T,0,MT-TS2,250,2,-0.00013744831085205078
12258,C,A,1,MT-TS2,250,2,-0.0019457340240478516
12276,G,A,1,MT-TL2,250,2,-0.002751588821411133
12308,A,G,0,MT-TL2,250,2,-0.0013251304626464844
12315,G,A,1,MT-TL2,250,2,-0.002270936965942383
14674,T,C,1,MT-TE,250,2,-0.0001894235610961914
14684,C,T,0,MT-TE,250,2,-0.0004137754440307617
14709,T,C,1,MT-TE,250,2,-0.000714421272277832
15894,G,A,0,MT-TT,250,2,-0.00048041343688964844
15904,C,T,0,MT-TT,250,2,0.00045371055603027344
15907,A,G,0,MT-TT,250,2,-0.0003224611282348633
15923,A,G,1,MT-TT,250,2,-0.0027905702590942383
15924,A,G,0,MT-TT,250,2,-0.00039708614349365234
15928,G,A,0,MT-TT,250,2,-0.0001481771469116211
15990,C,T,1,MT-TP,250,2,-0.0012352466583251953
591,C,T,1,MT-TF,250,3,0.0032880306243896484
616,T,C,1,MT-TF,250,3,-0.0018973350524902344
629,T,C,0,MT-TF,250,3,-0.00033783912658691406
1624,C,T,1,MT-TV,250,3,-0.0002955198287963867
1644,G,A,1,MT-TV,250,3,-0.0007863044738769531
3242,G,A,1,MT-TL1,250,3,-0.0025632381439208984
3243,A,G,1,MT-TL1,250,3,-0.00309598445892334
3243,A,T,1,MT-TL1,250,3,-0.008395075798034668
3251,A,G,1,MT-TL1,250,3,-0.001457810401916504
3252,A,G,1,MT-TL1,250,3,-0.0006620883941650391
3255,G,A,1,MT-TL1,250,3,-0.0017824172973632812
3256,C,T,1,MT-TL1,250,3,-0.002229928970336914
3258,T,C,1,MT-TL1,250,3,-0.0012097358703613281
3260,A,G,1,MT-TL1,250,3,-0.001855015754699707
3271,T,C,1,MT-TL1,250,3,-0.0008721351623535156
3291,T,C,1,MT-TL1,250,3,-0.0003355741500854492
3302,A,G,1,MT-TL1,250,3,-5.030632019042969e-05
3303,C,T,1,MT-TL1,250,3,-0.0011315345764160156
4300,A,G,1,MT-TI,250,3,-0.0014243125915527344
4336,T,C,0,MT-TQ,250,3,-0.00020313262939453125
4370,T,C,0,MT-TQ,250,3,-0.00023031234741210938
4450,G,A,1,MT-TM,250,3,-0.0013374090194702148
4452,T,C,0,MT-TM,250,3,-0.0002219676971435547
5521,G,A,1,MT-TW,250,3,-0.0007677078247070312
5553,T,C,0,MT-TW,250,3,-0.0005931854248046875
5556,G,A,1,MT-TW,250,3,-0.0015282630920410156
5650,G,A,1,MT-TA,250,3,-0.0007750988006591797
5690,A,G,1,MT-TN,250,3,-0.0031636953353881836
5703,G,A,1,MT-TN,250,3,-0.00017750263214111328
5728,T,C,1,MT-TN,250,3,-0.00047385692596435547
5814,T,C,0,MT-TC,250,3,-0.00015103816986083984
7453,G,A,1,MT-TS1,250,3,-0.0009458065032958984
7471,C,T,0,MT-TS1,250,3,0.001265883445739746
7472,A,T,0,MT-TS1,250,3,-0.00039184093475341797
7476,C,T,0,MT-TS1,250,3,8.380413055419922e-05
7493,C,T,0,MT-TS1,250,3,-0.00044095516204833984
7497,G,A,1,MT-TS1,250,3,0.0004448890686035156
7498,G,A,0,MT-TS1,250,3,0.0005625486373901367
7510,T,C,1,MT-TS1,250,3,-7.343292236328125e-05
7511,T,C,1,MT-TS1,250,3,4.1484832763671875e-05
7512,T,C,1,MT-TS1,250,3,0.0007946491241455078
8313,G,A,1,MT-TK,250,3,-0.00019752979278564453
8340,G,A,1,MT-TK,250,3,-0.0010945796966552734
8344,A,G,1,MT-TK,250,3,-0.00015401840209960938
8348,A,G,0,MT-TK,250,3,-0.0007644891738891602
8356,T,C,1,MT-TK,250,3,-0.00021064281463623047
8363,G,A,1,MT-TK,250,3,-0.0014257431030273438
10007,T,C,0,MT-TG,250,3,-0.0003447532653808594
10034,T,C,0,MT-TG,250,3,-5.1021575927734375e-05
10463,T,C,0,MT-TR,250,3,-0.00024700164794921875
12147,G,A,1,MT-TH,250,3,-0.0016285181045532227
12201,T,C,1,MT-TH,250,3,-0.0004112720489501953
12239,C,T,0,MT-TS2,250,3,0.000152587890625
12258,C,A,1,MT-TS2,250,3,-0.0023114681243896484
12276,G,A,1,MT-TL2,250,3,-0.002753138542175293
12308,A,G,0,MT-TL2,250,3,-0.0011991262435913086
12315,G,A,1,MT-TL2,250,3,-0.00232541561126709
14674,T,C,1,MT-TE,250,3,4.7087669372558594e-05
14684,C,T,0,MT-TE,250,3,-0.00010728836059570312
14709,T,C,1,MT-TE,250,3,-0.0011211633682250977
15894,G,A,0,MT-TT,250,3,-3.6716461181640625e-05
15904,C,T,0,MT-TT,250,3,0.00023412704467773438
15907,A,G,0,MT-TT,250,3,-0.00035250186920166016
15923,A,G,1,MT-TT,250,3,-0.0026062726974487305
15924,A,G,0,MT-TT,250,3,-0.0001437664031982422
15928,G,A,0,MT-TT,250,3,-0.0003523826599121094
15990,C,T,1,MT-TP,250,3,-0.002184152603149414
591,C,T,1,MT-TF,250,4,0.0024437904357910156
616,T,C,1,MT-TF,250,4,-0.002359628677368164
629,T,C,0,MT-TF,250,4,0.0004914999008178711
1624,C,T,1,MT-TV,250,4,-9.691715240478516e-05
1644,G,A,1,MT-TV,250,4,-0.0009158849716186523
3242,G,A,1,MT-TL1,250,4,-0.002863645553588867
3243,A,G,1,MT-TL1,250,4,-0.0028661489486694336
3243,A,T,1,MT-TL1,250,4,-0.00792384147644043
3251,A,G,1,MT-TL1,250,4,-0.0020475387573242188
3252,A,G,1,MT-TL1,250,4,-0.0012966394424438477
3255,G,A,1,MT-TL1,250,4,-0.0019185543060302734
3256,C,T,1,MT-TL1,250,4,-0.002023458480834961
3258,T,C,1,MT-TL1,250,4,-0.0007261037826538086
3260,A,G,1,MT-TL1,250,4,-0.0020558834075927734
3271,T,C,1,MT-TL1,250,4,-0.0001926422119140625
3291,T,C,1,MT-TL1,250,4,-0.00036704540252685547
3302,A,G,1,MT-TL1,250,4,-0.0007833242416381836
3303,C,T,1,MT-TL1,250,4,-0.0015268325805664062
4300,A,G,1,MT-TI,250,4,-0.0010650157928466797
4336,T,C,0,MT-TQ,250,4,-9.715557098388672e-05
4370,T,C,0,MT-TQ,250,4,-0.0006747245788574219
4450,G,A,1,MT-TM,250,4,-0.001394510269165039
4452,T,C,0,MT-TM,250,4,-0.0001361370086669922
5521,G,A,1,MT-TW,250,4,-0.0007135868072509766
5553,T,C,0,MT-TW,250,4,-0.0006248950958251953
5556,G,A,1,MT-TW,250,4,-0.0015834569931030273
5650,G,A,1,MT-TA,250,4,-0.0011889934539794922
5690,A,G,1,MT-TN,250,4,-0.002707362174987793
5703,G,A,1,MT-TN,250,4,-0.00011658668518066406
5728,T,C,1,MT-TN,250,4,-0.00022912025451660156
5814,T,C,0,MT-TC,250,4,2.09808349609375e-05
7453,G,A,1,MT-TS1,250,4,-0.001053452491760254
7471,C,T,0,MT-TS1,250,4,0.000836491584777832
7472,A,T,0,MT-TS1,250,4,-0.0006411075592041016
7476,C,T,0,MT-TS1,250,4,-0.0002548694610595703
7493,C,T,0,MT-TS1,250,4,-0.0008237361907958984
7497,G,A,1,MT-TS1,250,4,0.00029408931732177734
7498,G,A,0,MT-TS1,250,4,0.0002669095993041992
7510,T,C,1,MT-TS1,250,4,-0.0005350112915039062
7511,T,C,1,MT-TS1,250,4,-0.0005083084106445312
7512,T,C,1,MT-TS1,250,4,0.0002624988555908203
8313,G,A,1,MT-TK,250,4,2.6106834411621094e-05
8340,G,A,1,MT-TK,250,4,-0.0013885498046875
8344,A,G,1,MT-TK,250,4,-0.0004749298095703125
8348,A,G,0,MT-TK,250,4,-0.0005345344543457031
8356,T,C,1,MT-TK,250,4,-0.0002447366714477539
8363,G,A,1,MT-TK,250,4,-0.0010571479797363281
10007,T,C,0,MT-TG,250,4,-0.0006852149963378906
10034,T,C,0,MT-TG,250,4,-0.00018453598022460938
10463,T,C,0,MT-TR,250,4,-3.838539123535156e-05
12147,G,A,1,MT-TH,250,4,-0.0016980171203613281
12201,T,C,1,MT-TH,250,4,-0.0005106925964355469
12239,C,T,0,MT-TS2,250,4,-0.00013184547424316406
12258,C,A,1,MT-TS2,250,4,-0.0023289918899536133
12276,G,A,1,MT-TL2,250,4,-0.0030303001403808594
12308,A,G,0,MT-TL2,250,4,-0.0012426376342773438
12315,G,A,1,MT-TL2,250,4,-0.0016564130783081055
14674,T,C,1,MT-TE,250,4,0.00012063980102539062
14684,C,T,0,MT-TE,250,4,-0.00029146671295166016
14709,T,C,1,MT-TE,250,4,-0.001292586326599121
15894,G,A,0,MT-TT,250,4,-0.00044083595275878906
15904,C,T,0,MT-TT,250,4,0.00025653839111328125
15907,A,G,0,MT-TT,250,4,-0.0006537437438964844
15923,A,G,1,MT-TT,250,4,-0.0017951726913452148
15924,A,G,0,MT-TT,250,4,-0.000186920166015625
15928,G,A,0,MT-TT,250,4,-0.00027251243591308594
15990,C,T,1,MT-TP,250,4,-0.0008554458618164062
591,C,T,1,MT-TF,250,5,0.0016117095947265625
616,T,C,1,MT-TF,250,5,-0.0027364492416381836
629,T,C,0,MT-TF,250,5,0.00040209293365478516
1624,C,T,1,MT-TV,250,5,-0.00022280216217041016
1644,G,A,1,MT-TV,250,5,-0.0005230903625488281
3242,G,A,1,MT-TL1,250,5,-0.002915620803833008
3243,A,G,1,MT-TL1,250,5,-0.0032933950424194336
3243,A,T,1,MT-TL1,250,5,-0.007428765296936035
3251,A,G,1,MT-TL1,250,5,-0.0015007257461547852
3252,A,G,1,MT-TL1,250,5,-0.0007356405258178711
3255,G,A,1,MT-TL1,250,5,-0.0018754005432128906
3256,C,T,1,MT-TL1,250,5,-0.0019747018814086914
3258,T,C,1,MT-TL1,250,5,-0.0007985830307006836
3260,A,G,1,MT-TL1,250,5,-0.0017423629760742188
3271,T,C,1,MT-TL1,250,5,-0.0009871721267700195
3291,T,C,1,MT-TL1,250,5,-0.0005985498428344727
3302,A,G,1,MT-TL1,250,5,-0.0003656148910522461
3303,C,T,1,MT-TL1,250,5,-0.0011379718780517578
4300,A,G,1,MT-TI,250,5,-0.0011625289916992188
4336,T,C,0,MT-TQ,250,5,-0.0008529424667358398
4370,T,C,0,MT-TQ,250,5,-0.0003865957260131836
4450,G,A,1,MT-TM,250,5,-0.0014001131057739258
4452,T,C,0,MT-TM,250,5,-0.0002816915512084961
5521,G,A,1,MT-TW,250,5,-0.0011426210403442383
5553,T,C,0,MT-TW,250,5,-0.0005729198455810547
5556,G,A,1,MT-TW,250,5,-0.002009749412536621
5650,G,A,1,MT-TA,250,5,-0.0003917217254638672
5690,A,G,1,MT-TN,250,5,-0.0022984743118286133
5703,G,A,1,MT-TN,250,5,-9.799003601074219e-05
5728,T,C,1,MT-TN,250,5,-0.0004006624221801758
5814,T,C,0,MT-TC,250,5,-0.0004811286926269531
7453,G,A,1,MT-TS1,250,5,-0.0008271932601928711
7471,C,T,0,MT-TS1,250,5,0.0006282329559326172
7472,A,T,0,MT-TS1,250,5,-4.3392181396484375e-05
7476,C,T,0,MT-TS1,250,5,0.00027060508728027344
7493,C,T,0,MT-TS1,250,5,-0.00044536590576171875
7497,G,A,1,MT-TS1,250,5,0.0002529621124267578
7498,G,A,0,MT-TS1,250,5,6.92605972290039e-05
7510,T,C,1,MT-TS1,250,5,-0.0003216266632080078
7511,T,C,1,MT-TS1,250,5,5.888938903808594e-05
7512,T,C,1,MT-TS1,250,5,0.00048601627349853516
8313,G,A,1,MT-TK,250,5,-0.000672459602355957
8340,G,A,1,MT-TK,250,5,-0.0011249780654907227
8344,A,G,1,MT-TK,250,5,-0.0003145933151245117
8348,A,G,0,MT-TK,250,5,-0.0004096031188964844
8356,T,C,1,MT-TK,250,5,-0.0004260540008544922
8363,G,A,1,MT-TK,250,5,-0.0011734962463378906
10007,T,C,0,MT-TG,250,5,-0.0006259679794311523
10034,T,C,0,MT-TG,250,5,-0.00029087066650390625
10463,T,C,0,MT-TR,250,5,-0.00039196014404296875
12147,G,A,1,MT-TH,250,5,-0.001638174057006836
12201,T,C,1,MT-TH,250,5,-0.00010395050048828125
12239,C,T,0,MT-TS2,250,5,-7.152557373046875e-05
12258,C,A,1,MT-TS2,250,5,-0.0023308992385864258
12276,G,A,1,MT-TL2,250,5,-0.0027170181274414062
12308,A,G,0,MT-TL2,250,5,-0.0011349916458129883
12315,G,A,1,MT-TL2,250,5,-0.0017998218536376953
14674,T,C,1,MT-TE,250,5,-0.00041174888610839844
14684,C,T,0,MT-TE,250,5,-5.698204040527344e-05
14709,T,C,1,MT-TE,250,5,-0.001208662986755371
15894,G,A,0,MT-TT,250,5,-0.0005608797073364258
15904,C,T,0,MT-TT,250,5,0.0002465248107910156
15907,A,G,0,MT-TT,250,5,-0.0010689496994018555
15923,A,G,1,MT-TT,250,5,-0.0015273094177246094
15924,A,G,0,MT-TT,250,5,-9.560585021972656e-05
15928,G,A,0,MT-TT,250,5,-0.0005545616149902344
15990,C,T,1,MT-TP,250,5,-0.001867532730102539
591,C,T,1,MT-TF,250,6,0.0014188289642333984
616,T,C,1,MT-TF,250,6,-0.0017932653427124023
629,T,C,0,MT-TF,250,6,0.0004903078079223633
1624,C,T,1,MT-TV,250,6,-0.00014853477478027344
1644,G,A,1,MT-TV,250,6,-0.0007812976837158203
3242,G,A,1,MT-TL1,250,6,-0.002466917037963867
3243,A,G,1,MT-TL1,250,6,-0.0026448965072631836
3243,A,T,1,MT-TL1,250,6,-0.007542014122009277
3251,A,G,1,MT-TL1,250,6,-0.002023935317993164
3252,A,G,1,MT-TL1,250,6,-0.0010602474212646484
3255,G,A,1,MT-TL1,250,6,-0.001986861228942871
3256,C,T,1,MT-TL1,250,6,-0.0023010969161987305
3258,T,C,1,MT-TL1,250,6,-0.0006369352340698242
3260,A,G,1,MT-TL1,250,6,-0.002095460891723633
3271,T,C,1,MT-TL1,250,6,-0.0010474920272827148
3291,T,C,1,MT-TL1,250,6,-0.00038552284240722656
3302,A,G,1,MT-TL1,250,6,-0.00026476383209228516
3303,C,T,1,MT-TL1,250,6,-0.0012999773025512695
4300,A,G,1,MT-TI,250,6,-0.0015447139739990234
4336,T,C,0,MT-TQ,250,6,-1.5735626220703125e-05
4370,T,C,0,MT-TQ,250,6,-0.0001914501190185547
4450,G,A,1,MT-TM,250,6,-0.001278996467590332
4452,T,C,0,MT-TM,250,6,-0.0004906654357910156
5521,G,A,1,MT-TW,250,6,-0.0008805990219116211
5553,T,C,0,MT-TW,250,6,-0.0007163286209106445
5556,G,A,1,MT-TW,250,6,-0.0017184019088745117
5650,G,A,1,MT-TA,250,6,-0.0006134510040283203
5690,A,G,1,MT-TN,250,6,-0.0033190250396728516
5703,G,A,1,MT-TN,250,6,4.863739013671875e-05
5728,T,C,1,MT-TN,250,6,3.647804260253906e-05
5814,T,C,0,MT-TC,250,6,-1.5020370483398438e-05
7453,G,A,1,MT-TS1,250,6,-0.0005698204040527344
7471,C,T,0,MT-TS1,250,6,0.0010918378829956055
7472,A,T,0,MT-TS1,250,6,-2.7298927307128906e-05
7476,C,T,0,MT-TS1,250,6,-0.0001919269561767578
7493,C,T,0,MT-TS1,250,6,-0.0006064176559448242
7497,G,A,1,MT-TS1,250,6,0.00022661685943603516
7498,G,A,0,MT-TS1,250,6,-5.91278076171875e-05
7510,T,C,1,MT-TS1,250,6,-0.00014138221740722656
7511,T,C,1,MT-TS1,250,6,-0.0002593994140625
7512,T,C,1,MT-TS1,250,6,0.0002415180206298828
8313,G,A,1,MT-TK,250,6,-0.001298069953918457
8340,G,A,1,MT-TK,250,6,-0.0011401176452636719
8344,A,G,1,MT-TK,250,6,-0.0007851123809814453
8348,A,G,0,MT-TK,250,6,-0.00031578540802001953
8356,T,C,1,MT-TK,250,6,-0.00017368793487548828
8363,G,A,1,MT-TK,250,6,-0.0011522769927978516
10007,T,C,0,MT-TG,250,6,-0.0006912946701049805
10034,T,C,0,MT-TG,250,6,-0.00024116039276123047
10463,T,C,0,MT-TR,250,6,-0.0003930330276489258
12147,G,A,1,MT-TH,250,6,-0.0015878677368164062
12201,T,C,1,MT-TH,250,6,-0.0003032684326171875
12239,C,T,0,MT-TS2,250,6,0.00017201900482177734
12258,C,A,1,MT-TS2,250,6,-0.0016980171203613281
12276,G,A,1,MT-TL2,250,6,-0.002830028533935547
12308,A,G,0,MT-TL2,250,6,-0.001010894775390625
12315,G,A,1,MT-TL2,250,6,-0.0014289617538452148
14674,T,C,1,MT-TE,250,6,-0.0006262063980102539
14684,C,T,0,MT-TE,250,6,0.0007088184356689453
14709,T,C,1,MT-TE,250,6,-0.0013709068298339844
15894,G,A,0,MT-TT,250,6,5.8650970458984375e-05
15904,C,T,0,MT-TT,250,6,0.00045418739318847656
15907,A,G,0,MT-TT,250,6,-0.0006003379821777344
15923,A,G,1,MT-TT,250,6,-0.0014854669570922852
15924,A,G,0,MT-TT,250,6,-0.0003955364227294922
15928,G,A,0,MT-TT,250,6,-0.00044596195220947266
15990,C,T,1,MT-TP,250,6,-0.0021708011627197266
591,C,T,1,MT-TF,250,7,0.002792954444885254
616,T,C,1,MT-TF,250,7,-0.002069234848022461
629,T,C,0,MT-TF,250,7,7.617473602294922e-05
1624,C,T,1,MT-TV,250,7,1.049041748046875e-05
1644,G,A,1,MT-TV,250,7,-0.0005013942718505859
3242,G,A,1,MT-TL1,250,7,-0.0016872882843017578
3243,A,G,1,MT-TL1,250,7,-0.003935694694519043
3243,A,T,1,MT-TL1,250,7,-0.0071680545806884766
3251,A,G,1,MT-TL1,250,7,-0.0015028715133666992
3252,A,G,1,MT-TL1,250,7,-0.000752568244934082
3255,G,A,1,MT-TL1,250,7,-0.002252817153930664
3256,C,T,1,MT-TL1,250,7,-0.001980423927307129
3258,T,C,1,MT-TL1,250,7,-0.0003459453582763672
3260,A,G,1,MT-TL1,250,7,-0.0017442703247070312
3271,T,C,1,MT-TL1,250,7,-0.00046753883361816406
3291,T,C,1,MT-TL1,250,7,-0.0007791519165039062
3302,A,G,1,MT-TL1,250,7,-0.001002669334411621
3303,C,T,1,MT-TL1,250,7,-0.0010328292846679688
4300,A,G,1,MT-TI,250,7,-0.001352071762084961
4336,T,C,0,MT-TQ,250,7,-1.6570091247558594e-05
4370,T,C,0,MT-TQ,250,7,-0.000469207763671875
4450,G,A,1,MT-TM,250,7,-0.001227259635925293
4452,T,C,0,MT-TM,250,7,-0.00020551681518554688
5521,G,A,1,MT-TW,250,7,-0.0010946989059448242
5553,T,C,0,MT-TW,250,7,-0.0007750988006591797
5556,G,A,1,MT-TW,250,7,-0.0014090538024902344
5650,G,A,1,MT-TA,250,7,-0.0007538795471191406
5690,A,G,1,MT-TN,250,7,-0.0021576881408691406
5703,G,A,1,MT-TN,250,7,0.0005844831466674805
5728,T,C,1,MT-TN,250,7,-0.000590205192565918
5814,T,C,0,MT-TC,250,7,-0.000476837158203125
7453,G,A,1,MT-TS1,250,7,-0.00020253658294677734
7471,C,T,0,MT-TS1,250,7,0.0010685920715332031
7472,A,T,0,MT-TS1,250,7,-0.0003380775451660156
7476,C,T,0,MT-TS1,250,7,0.00010204315185546875
7493,C,T,0,MT-TS1,250,7,-0.0005323886871337891
7497,G,A,1,MT-TS1,250,7,-1.7404556274414062e-05
7498,G,A,0,MT-TS1,250,7,0.00022518634796142578
7510,T,C,1,MT-TS1,250,7,5.0902366638183594e-05
7511,T,C,1,MT-TS1,250,7,-0.000133514404296875
7512,T,C,1,MT-TS1,250,7,0.0002046823501586914
8313,G,A,1,MT-TK,250,7,-0.0006264448165893555
8340,G,A,1,MT-TK,250,7,-0.0009558200836181641
8344,A,G,1,MT-TK,250,7,-0.00045311450958251953
8348,A,G,0,MT-TK,250,7,-0.0005450248718261719
8356,T,C,1,MT-TK,250,7,-0.0004062652587890625
8363,G,A,1,MT-TK,250,7,-0.0012603998184204102
10007,T,C,0,MT-TG,250,7,-0.0005213022232055664
10034,T,C,0,MT-TG,250,7,-0.00036525726318359375
10463,T,C,0,MT-TR,250,7,-0.0004968643188476562
12147,G,A,1,MT-TH,250,7,-0.0011802911758422852
12201,T,C,1,MT-TH,250,7,-0.0007271766662597656
12239,C,T,0,MT-TS2,250,7,-9.226799011230469e-05
12258,C,A,1,MT-TS2,250,7,-0.0022226572036743164
12276,G,A,1,MT-TL2,250,7,-0.003100872039794922
12308,A,G,0,MT-TL2,250,7,-0.0012540817260742188
12315,G,A,1,MT-TL2,250,7,-0.0015045404434204102
14674,T,C,1,MT-TE,250,7,-0.00019657611846923828
14684,C,T,0,MT-TE,250,7,-0.00026738643646240234
14709,T,C,1,MT-TE,250,7,-0.0012775659561157227
15894,G,A,0,MT-TT,250,7,-0.00023615360260009766
15904,C,T,0,MT-TT,250,7,-0.00015938282012939453
15907,A,G,0,MT-TT,250,7,-0.0006400346755981445
15923,A,G,1,MT-TT,250,7,-0.0016750097274780273
15924,A,G,0,MT-TT,250,7,-0.00018095970153808594
15928,G,A,0,MT-TT,250,7,-0.00018453598022460938
15990,C,T,1,MT-TP,250,7,-0.0024385452270507812
591,C,T,1,MT-TF,250,8,0.0026613473892211914
616,T,C,1,MT-TF,250,8,-0.0024178028106689453
629,T,C,0,MT-TF,250,8,-4.863739013671875e-05
1624,C,T,1,MT-TV,250,8,-8.249282836914062e-05
1644,G,A,1,MT-TV,250,8,-0.00029337406158447266
3242,G,A,1,MT-TL1,250,8,-0.0025566816329956055
3243,A,G,1,MT-TL1,250,8,-0.0033948421478271484
3243,A,T,1,MT-TL1,250,8,-0.008011341094970703
3251,A,G,1,MT-TL1,250,8,-0.001726388931274414
3252,A,G,1,MT-TL1,250,8,-0.0011172294616699219
3255,G,A,1,MT-TL1,250,8,-0.0016088485717773438
3256,C,T,1,MT-TL1,250,8,-0.0020176172256469727
3258,T,C,1,MT-TL1,250,8,-0.0007064342498779297
3260,A,G,1,MT-TL1,250,8,-0.000949859619140625
3271,T,C,1,MT-TL1,250,8,-0.00043952465057373047
3291,T,C,1,MT-TL1,250,8,-0.001058340072631836
3302,A,G,1,MT-TL1,250,8,-0.0004558563232421875
3303,C,T,1,MT-TL1,250,8,-0.0016894340515136719
4300,A,G,1,MT-TI,250,8,-0.0013968944549560547
4336,T,C,0,MT-TQ,250,8,-0.00040090084075927734
4370,T,C,0,MT-TQ,250,8,-0.00040400028228759766
4450,G,A,1,MT-TM,250,8,-0.0015410184860229492
4452,T,C,0,MT-TM,250,8,-0.0002980232238769531
5521,G,A,1,MT-TW,250,8,-0.0011023283004760742
5553,T,C,0,MT-TW,250,8,-0.0006084442138671875
5556,G,A,1,MT-TW,250,8,-0.002025127410888672
5650,G,A,1,MT-TA,250,8,-0.001025557518005371
5690,A,G,1,MT-TN,250,8,-0.002350449562072754
5703,G,A,1,MT-TN,250,8,8.988380432128906e-05
5728,T,C,1,MT-TN,250,8,-0.00047898292541503906
5814,T,C,0,MT-TC,250,8,-0.00043845176696777344
7453,G,A,1,MT-TS1,250,8,-0.0008528232574462891
7471,C,T,0,MT-TS1,250,8,0.0006554126739501953
7472,A,T,0,MT-TS1,250,8,0.00022649765014648438
7476,C,T,0,MT-TS1,250,8,-6.67572021484375e-06
7493,C,T,0,MT-TS1,250,8,-0.00025713443756103516
7497,G,A,1,MT-TS1,250,8,0.0005172491073608398
7498,G,A,0,MT-TS1,250,8,0.0004911422729492188
7510,T,C,1,MT-TS1,250,8,-0.00018286705017089844
7511,T,C,1,MT-TS1,250,8,-6.818771362304688e-05
7512,T,C,1,MT-TS1,250,8,0.00046193599700927734
8313,G,A,1,MT-TK,250,8,-0.0004750490188598633
8340,G,A,1,MT-TK,250,8,-0.0006952285766601562
8344,A,G,1,MT-TK,250,8,-0.00051116943359375
8348,A,G,0,MT-TK,250,8,-0.0002830028533935547
8356,T,C,1,MT-TK,250,8,-0.0004253387451171875
8363,G,A,1,MT-TK,250,8,-0.0015218257904052734
10007,T,C,0,MT-TG,250,8,-0.0007810592651367188
10034,T,C,0,MT-TG,250,8,-0.0003713369369506836
10463,T,C,0,MT-TR,250,8,-0.0006033182144165039
12147,G,A,1,MT-TH,250,8,-0.001384735107421875
12201,T,C,1,MT-TH,250,8,-0.0002244710922241211
12239,C,T,0,MT-TS2,250,8,-1.5735626220703125e-05
12258,C,A,1,MT-TS2,250,8,-0.002351999282836914
12276,G,A,1,MT-TL2,250,8,-0.002733469009399414
12308,A,G,0,MT-TL2,250,8,-0.001166701316833496
12315,G,A,1,MT-TL2,250,8,-0.002084493637084961
14674,T,C,1,MT-TE,250,8,-0.00010728836059570312
14684,C,T,0,MT-TE,250,8,3.528594970703125e-05
14709,T,C,1,MT-TE,250,8,-0.0010781288146972656
15894,G,A,0,MT-TT,250,8,-0.0002689361572265625
15904,C,T,0,MT-TT,250,8,0.000530242919921875
15907,A,G,0,MT-TT,250,8,-0.0002733469009399414
15923,A,G,1,MT-TT,250,8,-0.0016340017318725586
15924,A,G,0,MT-TT,250,8,-0.0003561973571777344
15928,G,A,0,MT-TT,250,8,-0.00045418739318847656
15990,C,T,1,MT-TP,250,8,-0.001485586166381836
591,C,T,1,MT-TF,250,9,0.00162506103515625
616,T,C,1,MT-TF,250,9,-0.002144932746887207
629,T,C,0,MT-TF,250,9,0.0003223419189453125
1624,C,T,1,MT-TV,250,9,-0.0002532005310058594
1644,G,A,1,MT-TV,250,9,-0.00034618377685546875
3242,G,A,1,MT-TL1,250,9,-0.0019168853759765625
3243,A,G,1,MT-TL1,250,9,-0.003141045570373535
3243,A,T,1,MT-TL1,250,9,-0.007537484169006348
3251,A,G,1,MT-TL1,250,9,-0.0016750097274780273
3252,A,G,1,MT-TL1,250,9,-0.0010770559310913086
3255,G,A,1,MT-TL1,250,9,-0.0020570755004882812
3256,C,T,1,MT-TL1,250,9,-0.002718806266784668
3258,T,C,1,MT-TL1,250,9,-0.0013015270233154297
3260,A,G,1,MT-TL1,250,9,-0.002127408981323242
3271,T,C,1,MT-TL1,250,9,-0.0009350776672363281
3291,T,C,1,MT-TL1,250,9,-0.0005781650543212891
3302,A,G,1,MT-TL1,250,9,-0.0001327991485595703
3303,C,T,1,MT-TL1,250,9,-0.0015506744384765625
4300,A,G,1,MT-TI,250,9,-0.001279592514038086
4336,T,C,0,MT-TQ,250,9,-0.0001283884048461914
4370,T,C,0,MT-TQ,250,9,-0.0004451274871826172
4450,G,A,1,MT-TM,250,9,-0.0014475584030151367
4452,T,C,0,MT-TM,250,9,-0.00025653839111328125
5521,G,A,1,MT-TW,250,9,-0.0012331008911132812
5553,T,C,0,MT-TW,250,9,-0.000821232795715332
5556,G,A,1,MT-TW,250,9,-0.001780390739440918
5650,G,A,1,MT-TA,250,9,-0.0008159875869750977
5690,A,G,1,MT-TN,250,9,-0.0027861595153808594
5703,G,A,1,MT-TN,250,9,-5.507469177246094e-05
5728,T,C,1,MT-TN,250,9,-0.00040721893310546875
5814,T,C,0,MT-TC,250,9,-0.0004514455795288086
7453,G,A,1,MT-TS1,250,9,-0.000546574592590332
7471,C,T,0,MT-TS1,250,9,0.0010423660278320312
7472,A,T,0,MT-TS1,250,9,6.67572021484375e-06
7476,C,T,0,MT-TS1,250,9,1.2874603271484375e-05
7493,C,T,0,MT-TS1,250,9,-0.0007287263870239258
7497,G,A,1,MT-TS1,250,9,0.00015282630920410156
7498,G,A,0,MT-TS1,250,9,0.00020754337310791016
7510,T,C,1,MT-TS1,250,9,0.00045490264892578125
7511,T,C,1,MT-TS1,250,9,-0.00033664703369140625
7512,T,C,1,MT-TS1,250,9,0.0002086162567138672
8313,G,A,1,MT-TK,250,9,-0.0010352134704589844
8340,G,A,1,MT-TK,250,9,-0.0007889270782470703
8344,A,G,1,MT-TK,250,9,-0.0004150867462158203
8348,A,G,0,MT-TK,250,9,-0.0005209445953369141
8356,T,C,1,MT-TK,250,9,-8.273124694824219e-05
8363,G,A,1,MT-TK,250,9,-0.0012538433074951172
10007,T,C,0,MT-TG,250,9,-0.0005574226379394531
10034,T,C,0,MT-TG,250,9,-0.0003756284713745117
10463,T,C,0,MT-TR,250,9,-0.00031065940856933594
12147,G,A,1,MT-TH,250,9,-0.001336812973022461
12201,T,C,1,MT-TH,250,9,-0.00031828880310058594
12239,C,T,0,MT-TS2,250,9,-7.033348083496094e-06
12258,C,A,1,MT-TS2,250,9,-0.0023670196533203125
12276,G,A,1,MT-TL2,250,9,-0.0028008222579956055
12308,A,G,0,MT-TL2,250,9,-0.001204848289489746
12315,G,A,1,MT-TL2,250,9,-0.002359747886657715
14674,T,C,1,MT-TE,250,9,0.00019407272338867188
14684,C,T,0,MT-TE,250,9,-5.7578086853027344e-05
14709,T,C,1,MT-TE,250,9,-0.0010542869567871094
15894,G,A,0,MT-TT,250,9,-0.00022101402282714844
15904,C,T,0,MT-TT,250,9,0.0005075931549072266
15907,A,G,0,MT-TT,250,9,-0.0009275674819946289
15923,A,G,1,MT-TT,250,9,-0.002679109573364258
15924,A,G,0,MT-TT,250,9,-0.000649571418762207
15928,G,A,0,MT-TT,250,9,-0.00038743019104003906
15990,C,T,1,MT-TP,250,9,0.00042939186096191406
591,C,T,1,MT-TF,500,0,0.0038794279098510742
616,T,C,1,MT-TF,500,0,-0.002362847328186035
629,T,C,0,MT-TF,500,0,1.0728836059570312e-06
1624,C,T,1,MT-TV,500,0,-0.0005934238433837891
1644,G,A,1,MT-TV,500,0,-0.0008066892623901367
3242,G,A,1,MT-TL1,500,0,-0.002813100814819336
3243,A,G,1,MT-TL1,500,0,-0.0030018091201782227
3243,A,T,1,MT-TL1,500,0,-0.0060890913009643555
3251,A,G,1,MT-TL1,500,0,-0.0017750263214111328
3252,A,G,1,MT-TL1,500,0,-0.0011811256408691406
3255,G,A,1,MT-TL1,500,0,-0.002156496047973633
3256,C,T,1,MT-TL1,500,0,-0.0019621849060058594
3258,T,C,1,MT-TL1,500,0,-0.0010383129119873047
3260,A,G,1,MT-TL1,500,0,-0.0021125078201293945
3271,T,C,1,MT-TL1,500,0,-0.0001735687255859375
3291,T,C,1,MT-TL1,500,0,0.0004949569702148438
3302,A,G,1,MT-TL1,500,0,-9.21487808227539e-05
3303,C,T,1,MT-TL1,500,0,-0.0014585256576538086
4300,A,G,1,MT-TI,500,0,-0.001034855842590332
4336,T,C,0,MT-TQ,500,0,-0.00011038780212402344
4370,T,C,0,MT-TQ,500,0,-0.00020706653594970703
4450,G,A,1,MT-TM,500,0,-0.0009278059005737305
4452,T,C,0,MT-TM,500,0,5.6624412536621094e-05
5521,G,A,1,MT-TW,500,0,-0.002171158790588379
5553,T,C,0,MT-TW,500,0,-0.0006208419799804688
5556,G,A,1,MT-TW,500,0,-0.0010769367218017578
5650,G,A,1,MT-TA,500,0,-0.000415802001953125
5690,A,G,1,MT-TN,500,0,-0.0029730796813964844
5703,G,A,1,MT-TN,500,0,0.0005331039428710938
5728,T,C,1,MT-TN,500,0,-0.0010571479797363281
5814,T,C,0,MT-TC,500,0,-0.0005128383636474609
7453,G,A,1,MT-TS1,500,0,-0.0014636516571044922
7471,C,T,0,MT-TS1,500,0,0.0010790824890136719
7472,A,T,0,MT-TS1,500,0,-4.458427429199219e-05
7476,C,T,0,MT-TS1,500,0,0.00016105175018310547
7493,C,T,0,MT-TS1,500,0,-0.00047707557678222656
7497,G,A,1,MT-TS1,500,0,0.00033652782440185547
7498,G,A,0,MT-TS1,500,0,0.0003237724304199219
7510,T,C,1,MT-TS1,500,0,-0.0004146099090576172
7511,T,C,1,MT-TS1,500,0,-0.00046443939208984375
7512,T,C,1,MT-TS1,500,0,0.000577092170715332
8313,G,A,1,MT-TK,500,0,-0.0019119977951049805
8340,G,A,1,MT-TK,500,0,-0.0005228519439697266
8344,A,G,1,MT-TK,500,0,-0.000492095947265625
8348,A,G,0,MT-TK,500,0,-0.0005338191986083984
8356,T,C,1,MT-TK,500,0,-0.0001747608184814453
8363,G,A,1,MT-TK,500,0,-0.0014873743057250977
10007,T,C,0,MT-TG,500,0,-0.0005344152450561523
10034,T,C,0,MT-TG,500,0,-0.00033915042877197266
10463,T,C,0,MT-TR,500,0,-0.0011553764343261719
12147,G,A,1,MT-TH,500,0,-0.0018167495727539062
12201,T,C,1,MT-TH,500,0,-0.001181483268737793
12239,C,T,0,MT-TS2,500,0,-4.887580871582031e-06
12258,C,A,1,MT-TS2,500,0,-0.0022492408752441406
12276,G,A,1,MT-TL2,500,0,-0.002952098846435547
12308,A,G,0,MT-TL2,500,0,-0.000926971435546875
12315,G,A,1,MT-TL2,500,0,-0.0016055107116699219
14674,T,C,1,MT-TE,500,0,-0.000535130500793457
14684,C,T,0,MT-TE,500,0,-0.0001201629638671875
14709,T,C,1,MT-TE,500,0,-0.0010883808135986328
15894,G,A,0,MT-TT,500,0,-0.001048445701599121
15904,C,T,0,MT-TT,500,0,0.0003838539123535156
15907,A,G,0,MT-TT,500,0,-0.0009131431579589844
15923,A,G,1,MT-TT,500,0,-0.0011572837829589844
15924,A,G,0,MT-TT,500,0,-0.00025916099548339844
15928,G,A,0,MT-TT,500,0,-0.0005061626434326172
15990,C,T,1,MT-TP,500,0,-0.003198981285095215
591,C,T,1,MT-TF,500,1,0.0033864974975585938
616,T,C,1,MT-TF,500,1,-0.002974987030029297
629,T,C,0,MT-TF,500,1,0.0003317594528198242
1624,C,T,1,MT-TV,500,1,-0.00030028820037841797
1644,G,A,1,MT-TV,500,1,-0.0009375810623168945
3242,G,A,1,MT-TL1,500,1,-0.0029706954956054688
3243,A,G,1,MT-TL1,500,1,-0.003199458122253418
3243,A,T,1,MT-TL1,500,1,-0.007417201995849609
3251,A,G,1,MT-TL1,500,1,-0.0012531280517578125
3252,A,G,1,MT-TL1,500,1,-0.001814723014831543
3255,G,A,1,MT-TL1,500,1,-0.0018527507781982422
3256,C,T,1,MT-TL1,500,1,-0.00203859806060791
3258,T,C,1,MT-TL1,500,1,-0.0008924007415771484
3260,A,G,1,MT-TL1,500,1,-0.001968979835510254
3271,T,C,1,MT-TL1,500,1,-0.0005893707275390625
3291,T,C,1,MT-TL1,500,1,-0.0006923675537109375
3302,A,G,1,MT-TL1,500,1,-0.0004563331604003906
3303,C,T,1,MT-TL1,500,1,-0.0013483762741088867
4300,A,G,1,MT-TI,500,1,-0.001330733299255371
4336,T,C,0,MT-TQ,500,1,-0.00012362003326416016
4370,T,C,0,MT-TQ,500,1,-0.0003609657287597656
4450,G,A,1,MT-TM,500,1,-0.0012451410293579102
4452,T,C,0,MT-TM,500,1,-9.083747863769531e-05
5521,G,A,1,MT-TW,500,1,-0.001971721649169922
5553,T,C,0,MT-TW,500,1,-0.0008296966552734375
5556,G,A,1,MT-TW,500,1,-0.0013821125030517578
5650,G,A,1,MT-TA,500,1,-0.0014150142669677734
5690,A,G,1,MT-TN,500,1,-0.0023453235626220703
5703,G,A,1,MT-TN,500,1,0.0002759695053100586
5728,T,C,1,MT-TN,500,1,-0.0006272792816162109
5814,T,C,0,MT-TC,500,1,-0.00028705596923828125
7453,G,A,1,MT-TS1,500,1,-0.001488327980041504
7471,C,T,0,MT-TS1,500,1,0.0012116432189941406
7472,A,T,0,MT-TS1,500,1,-0.0007033348083496094
7476,C,T,0,MT-TS1,500,1,0.0001220703125
7493,C,T,0,MT-TS1,500,1,-0.0005450248718261719
7497,G,A,1,MT-TS1,500,1,4.9591064453125e-05
7498,G,A,0,MT-TS1,500,1,0.000606536865234375
7510,T,C,1,MT-TS1,500,1,-0.0005297660827636719
7511,T,C,1,MT-TS1,500,1,-0.0005508661270141602
7512,T,C,1,MT-TS1,500,1,0.00023186206817626953
8313,G,A,1,MT-TK,500,1,-0.002307415008544922
8340,G,A,1,MT-TK,500,1,-0.0006514787673950195
8344,A,G,1,MT-TK,500,1,-0.0006089210510253906
8348,A,G,0,MT-TK,500,1,-0.000588536262512207
8356,T,C,1,MT-TK,500,1,-0.0003911256790161133
8363,G,A,1,MT-TK,500,1,-0.001682281494140625
10007,T,C,0,MT-TG,500,1,-0.0005536079406738281
10034,T,C,0,MT-TG,500,1,-0.0005791187286376953
10463,T,C,0,MT-TR,500,1,-0.0006902217864990234
12147,G,A,1,MT-TH,500,1,-0.002041339874267578
12201,T,C,1,MT-TH,500,1,-0.0012371540069580078
12239,C,T,0,MT-TS2,500,1,-9.047985076904297e-05
12258,C,A,1,MT-TS2,500,1,-0.0026203393936157227
12276,G,A,1,MT-TL2,500,1,-0.0029549598693847656
12308,A,G,0,MT-TL2,500,1,-0.0017783641815185547
12315,G,A,1,MT-TL2,500,1,-0.0015950202941894531
14674,T,C,1,MT-TE,500,1,-0.0005179643630981445
14684,C,T,0,MT-TE,500,1,-2.7179718017578125e-05
14709,T,C,1,MT-TE,500,1,-0.0007838010787963867
15894,G,A,0,MT-TT,500,1,-0.001300811767578125
15904,C,T,0,MT-TT,500,1,0.0005165338516235352
15907,A,G,0,MT-TT,500,1,-0.0007331371307373047
15923,A,G,1,MT-TT,500,1,-0.0009948015213012695
15924,A,G,0,MT-TT,500,1,-0.0001024007797241211
15928,G,A,0,MT-TT,500,1,-0.0006119012832641602
15990,C,T,1,MT-TP,500,1,-0.0028829574584960938
591,C,T,1,MT-TF,500,2,0.0021638870239257812
616,T,C,1,MT-TF,500,2,-0.0022695064544677734
629,T,C,0,MT-TF,500,2,0.0005447864532470703
1624,C,T,1,MT-TV,500,2,-0.0002053976058959961
1644,G,A,1,MT-TV,500,2,-0.0012335777282714844
3242,G,A,1,MT-TL1,500,2,-0.0030639171600341797
3243,A,G,1,MT-TL1,500,2,-0.0031861066818237305
3243,A,T,1,MT-TL1,500,2,-0.007348299026489258
3251,A,G,1,MT-TL1,500,2,-0.0016703605651855469
3252,A,G,1,MT-TL1,500,2,-0.0013142824172973633
3255,G,A,1,MT-TL1,500,2,-0.002126932144165039
3256,C,T,1,MT-TL1,500,2,-0.001962900161743164
3258,T,C,1,MT-TL1,500,2,-0.0004382133483886719
3260,A,G,1,MT-TL1,500,2,-0.0022470951080322266
3271,T,C,1,MT-TL1,500,2,-0.0015096664428710938
3291,T,C,1,MT-TL1,500,2,-0.00030601024627685547
3302,A,G,1,MT-TL1,500,2,-0.0002613067626953125
3303,C,T,1,MT-TL1,500,2,-0.001155853271484375
4300,A,G,1,MT-TI,500,2,-0.0014194250106811523
4336,T,C,0,MT-TQ,500,2,-7.95125961303711e-05
4370,T,C,0,MT-TQ,500,2,-0.00034737586975097656
4450,G,A,1,MT-TM,500,2,-0.0012106895446777344
4452,T,C,0,MT-TM,500,2,-0.00047981739044189453
5521,G,A,1,MT-TW,500,2,-0.0016345977783203125
5553,T,C,0,MT-TW,500,2,-0.0006978511810302734
5556,G,A,1,MT-TW,500,2,-0.001392960548400879
5650,G,A,1,MT-TA,500,2,-0.0014785528182983398
5690,A,G,1,MT-TN,500,2,-0.002210855484008789
5703,G,A,1,MT-TN,500,2,-0.0001081228256225586
5728,T,C,1,MT-TN,500,2,-0.0004343986511230469
5814,T,C,0,MT-TC,500,2,-0.00041413307189941406
7453,G,A,1,MT-TS1,500,2,-0.0011049509048461914
7471,C,T,0,MT-TS1,500,2,0.0007737874984741211
7472,A,T,0,MT-TS1,500,2,0.00019216537475585938
7476,C,T,0,MT-TS1,500,2,0.00035774707794189453
7493,C,T,0,MT-TS1,500,2,-0.00046646595001220703
7497,G,A,1,MT-TS1,500,2,0.00025844573974609375
7498,G,A,0,MT-TS1,500,2,0.0007159709930419922
7510,T,C,1,MT-TS1,500,2,-0.0003050565719604492
7511,T,C,1,MT-TS1,500,2,-1.0728836059570312e-05
7512,T,C,1,MT-TS1,500,2,0.00029468536376953125
8313,G,A,1,MT-TK,500,2,-0.0014486312866210938
8340,G,A,1,MT-TK,500,2,-0.0009355545043945312
8344,A,G,1,MT-TK,500,2,-0.0004240274429321289
8348,A,G,0,MT-TK,500,2,-0.00032639503479003906
8356,T,C,1,MT-TK,500,2,-0.0004119873046875
8363,G,A,1,MT-TK,500,2,-0.001016378402709961
10007,T,C,0,MT-TG,500,2,-0.0007719993591308594
10034,T,C,0,MT-TG,500,2,-0.0007259845733642578
10463,T,C,0,MT-TR,500,2,-0.0004826784133911133
12147,G,A,1,MT-TH,500,2,-0.002873539924621582
12201,T,C,1,MT-TH,500,2,-0.0006684064865112305
12239,C,T,0,MT-TS2,500,2,-0.00029778480529785156
12258,C,A,1,MT-TS2,500,2,-0.0022993087768554688
12276,G,A,1,MT-TL2,500,2,-0.003210306167602539
12308,A,G,0,MT-TL2,500,2,-0.0011240243911743164
12315,G,A,1,MT-TL2,500,2,-0.0015940666198730469
14674,T,C,1,MT-TE,500,2,-0.00026607513427734375
14684,C,T,0,MT-TE,500,2,-0.00018262863159179688
14709,T,C,1,MT-TE,500,2,-0.0008703470230102539
15894,G,A,0,MT-TT,500,2,-0.0010454654693603516
15904,C,T,0,MT-TT,500,2,5.2809715270996094e-05
15907,A,G,0,MT-TT,500,2,-0.0012476444244384766
15923,A,G,1,MT-TT,500,2,-0.0006273984909057617
15924,A,G,0,MT-TT,500,2,-0.00023984909057617188
15928,G,A,0,MT-TT,500,2,-0.0006791353225708008
15990,C,T,1,MT-TP,500,2,-0.002378702163696289
591,C,T,1,MT-TF,500,3,0.002392292022705078
616,T,C,1,MT-TF,500,3,-0.0028040409088134766
629,T,C,0,MT-TF,500,3,0.0003229379653930664
1624,C,T,1,MT-TV,500,3,-0.0004439353942871094
1644,G,A,1,MT-TV,500,3,-0.0006126165390014648
3242,G,A,1,MT-TL1,500,3,-0.0024851560592651367
3243,A,G,1,MT-TL1,500,3,-0.0031167268753051758
3243,A,T,1,MT-TL1,500,3,-0.006403684616088867
3251,A,G,1,MT-TL1,500,3,-0.0018284320831298828
3252,A,G,1,MT-TL1,500,3,-0.0016870498657226562
3255,G,A,1,MT-TL1,500,3,-0.0022574663162231445
3256,C,T,1,MT-TL1,500,3,-0.002765178680419922
3258,T,C,1,MT-TL1,500,3,-0.001154780387878418
3260,A,G,1,MT-TL1,500,3,-0.002436995506286621
3271,T,C,1,MT-TL1,500,3,-0.00040078163146972656
3291,T,C,1,MT-TL1,500,3,-0.0003726482391357422
3302,A,G,1,MT-TL1,500,3,-0.0005773305892944336
3303,C,T,1,MT-TL1,500,3,-0.0012035369873046875
4300,A,G,1,MT-TI,500,3,-0.0013979673385620117
4336,T,C,0,MT-TQ,500,3,5.5670738220214844e-05
4370,T,C,0,MT-TQ,500,3,0.00012350082397460938
4450,G,A,1,MT-TM,500,3,-0.0018084049224853516
4452,T,C,0,MT-TM,500,3,-0.0002551078796386719
5521,G,A,1,MT-TW,500,3,-0.0020902156829833984
5553,T,C,0,MT-TW,500,3,-0.0002377033233642578
5556,G,A,1,MT-TW,500,3,-0.0013818740844726562
5650,G,A,1,MT-TA,500,3,-0.0007922649383544922
5690,A,G,1,MT-TN,500,3,-0.002414703369140625
5703,G,A,1,MT-TN,500,3,-0.00013327598571777344
5728,T,C,1,MT-TN,500,3,-0.0005850791931152344
5814,T,C,0,MT-TC,500,3,0.00017368793487548828
7453,G,A,1,MT-TS1,500,3,-0.002041459083557129
7471,C,T,0,MT-TS1,500,3,0.0011272430419921875
7472,A,T,0,MT-TS1,500,3,-0.0006188154220581055
7476,C,T,0,MT-TS1,500,3,0.0003802776336669922
7493,C,T,0,MT-TS1,500,3,-3.814697265625e-05
7497,G,A,1,MT-TS1,500,3,0.000655055046081543
7498,G,A,0,MT-TS1,500,3,0.00021076202392578125
7510,T,C,1,MT-TS1,500,3,-0.0003910064697265625
7511,T,C,1,MT-TS1,500,3,-0.0004248619079589844
7512,T,C,1,MT-TS1,500,3,-0.0001399517059326172
8313,G,A,1,MT-TK,500,3,-0.0021810531616210938
8340,G,A,1,MT-TK,500,3,-0.0008395910263061523
8344,A,G,1,MT-TK,500,3,-0.00028383731842041016
8348,A,G,0,MT-TK,500,3,-0.00036847591400146484
8356,T,C,1,MT-TK,500,3,-0.0002295970916748047
8363,G,A,1,MT-TK,500,3,-0.0017615556716918945
10007,T,C,0,MT-TG,500,3,-0.0006985664367675781
10034,T,C,0,MT-TG,500,3,-1.430511474609375e-05
10463,T,C,0,MT-TR,500,3,-0.0010112524032592773
12147,G,A,1,MT-TH,500,3,-0.002336740493774414
12201,T,C,1,MT-TH,500,3,-0.0005311965942382812
12239,C,T,0,MT-TS2,500,3,5.841255187988281e-06
12258,C,A,1,MT-TS2,500,3,-0.0027985572814941406
12276,G,A,1,MT-TL2,500,3,-0.0028841495513916016
12308,A,G,0,MT-TL2,500,3,-0.0016093254089355469
12315,G,A,1,MT-TL2,500,3,-0.001858353614807129
14674,T,C,1,MT-TE,500,3,-0.00032258033752441406
14684,C,T,0,MT-TE,500,3,-0.0001456737518310547
14709,T,C,1,MT-TE,500,3,-0.0012960433959960938
15894,G,A,0,MT-TT,500,3,-0.0014238357543945312
15904,C,T,0,MT-TT,500,3,0.0004513263702392578
15907,A,G,0,MT-TT,500,3,-0.001227736473083496
15923,A,G,1,MT-TT,500,3,-0.0010088682174682617
15924,A,G,0,MT-TT,500,3,-1.9311904907226562e-05
15928,G,A,0,MT-TT,500,3,-0.00040900707244873047
15990,C,T,1,MT-TP,500,3,-0.0024566650390625
591,C,T,1,MT-TF,500,4,0.0025148391723632812
616,T,C,1,MT-TF,500,4,-0.0023996829986572266
629,T,C,0,MT-TF,500,4,-0.0001838207244873047
1624,C,T,1,MT-TV,500,4,-0.00011777877807617188
1644,G,A,1,MT-TV,500,4,-0.0008641481399536133
3242,G,A,1,MT-TL1,500,4,-0.0018148422241210938
3243,A,G,1,MT-TL1,500,4,-0.0033011436462402344
3243,A,T,1,MT-TL1,500,4,-0.006911039352416992
3251,A,G,1,MT-TL1,500,4,-0.0013468265533447266
3252,A,G,1,MT-TL1,500,4,-0.0018993616104125977
3255,G,A,1,MT-TL1,500,4,-0.0024956464767456055
3256,C,T,1,MT-TL1,500,4,-0.0020679235458374023
3258,T,C,1,MT-TL1,500,4,-0.0008803606033325195
3260,A,G,1,MT-TL1,500,4,-0.002014636993408203
3271,T,C,1,MT-TL1,500,4,-0.0007175207138061523
3291,T,C,1,MT-TL1,500,4,-0.00011324882507324219
3302,A,G,1,MT-TL1,500,4,-0.0005387067794799805
3303,C,T,1,MT-TL1,500,4,-0.002083301544189453
4300,A,G,1,MT-TI,500,4,-0.001425027847290039
4336,T,C,0,MT-TQ,500,4,0.0002532005310058594
4370,T,C,0,MT-TQ,500,4,-0.00019812583923339844
4450,G,A,1,MT-TM,500,4,-0.0012946128845214844
4452,T,C,0,MT-TM,500,4,-0.00013697147369384766
5521,G,A,1,MT-TW,500,4,-0.001551985740661621
5553,T,C,0,MT-TW,500,4,-0.0006576776504516602
5556,G,A,1,MT-TW,500,4,-0.0012854337692260742
5650,G,A,1,MT-TA,500,4,-0.0011103153228759766
5690,A,G,1,MT-TN,500,4,-0.0016713142395019531
5703,G,A,1,MT-TN,500,4,4.506111145019531e-05
5728,T,C,1,MT-TN,500,4,-0.0010204315185546875
5814,T,C,0,MT-TC,500,4,-0.0003294944763183594
7453,G,A,1,MT-TS1,500,4,-0.0016254186630249023
7471,C,T,0,MT-TS1,500,4,0.0007340908050537109
7472,A,T,0,MT-TS1,500,4,4.0411949157714844e-05
7476,C,T,0,MT-TS1,500,4,5.1140785217285156e-05
7493,C,T,0,MT-TS1,500,4,1.4185905456542969e-05
7497,G,A,1,MT-TS1,500,4,0.000461578369140625
7498,G,A,0,MT-TS1,500,4,0.0007262229919433594
7510,T,C,1,MT-TS1,500,4,-0.0004502534866333008
7511,T,C,1,MT-TS1,500,4,-0.00013899803161621094
7512,T,C,1,MT-TS1,500,4,0.0004699230194091797
8313,G,A,1,MT-TK,500,4,-0.001454472541809082
8340,G,A,1,MT-TK,500,4,-0.0014134645462036133
8344,A,G,1,MT-TK,500,4,-0.0003241300582885742
8348,A,G,0,MT-TK,500,4,-0.0007443428039550781
8356,T,C,1,MT-TK,500,4,-0.0003274679183959961
8363,G,A,1,MT-TK,500,4,-0.0012712478637695312
10007,T,C,0,MT-TG,500,4,-0.0005997419357299805
10034,T,C,0,MT-TG,500,4,-0.0007284879684448242
10463,T,C,0,MT-TR,500,4,-0.000896453857421875
12147,G,A,1,MT-TH,500,4,-0.0016295909881591797
12201,T,C,1,MT-TH,500,4,-0.0005316734313964844
12239,C,T,0,MT-TS2,500,4,-4.7206878662109375e-05
12258,C,A,1,MT-TS2,500,4,-0.002579212188720703
12276,G,A,1,MT-TL2,500,4,-0.00296175479888916
12308,A,G,0,MT-TL2,500,4,-0.0014988183975219727
12315,G,A,1,MT-TL2,500,4,-0.001820683479309082
14674,T,C,1,MT-TE,500,4,-0.0004551410675048828
14684,C,T,0,MT-TE,500,4,0.00029027462005615234
14709,T,C,1,MT-TE,500,4,-0.0009791851043701172
15894,G,A,0,MT-TT,500,4,-0.0013086795806884766
15904,C,T,0,MT-TT,500,4,0.0005013942718505859
15907,A,G,0,MT-TT,500,4,-0.0007524490356445312
15923,A,G,1,MT-TT,500,4,-0.0009375810623168945
15924,A,G,0,MT-TT,500,4,-0.0004723072052001953
15928,G,A,0,MT-TT,500,4,-0.00015282630920410156
15990,C,T,1,MT-TP,500,4,-0.003224015235900879
591,C,T,1,MT-TF,500,5,0.0015579462051391602
616,T,C,1,MT-TF,500,5,-0.003040790557861328
629,T,C,0,MT-TF,500,5,-0.0002878904342651367
1624,C,T,1,MT-TV,500,5,-0.0004342794418334961
1644,G,A,1,MT-TV,500,5,-0.0007838010787963867
3242,G,A,1,MT-TL1,500,5,-0.002585887908935547
3243,A,G,1,MT-TL1,500,5,-0.0032396316528320312
3243,A,T,1,MT-TL1,500,5,-0.006753683090209961
3251,A,G,1,MT-TL1,500,5,-0.0016300678253173828
3252,A,G,1,MT-TL1,500,5,-0.0009140968322753906
3255,G,A,1,MT-TL1,500,5,-0.0012416839599609375
3256,C,T,1,MT-TL1,500,5,-0.001483917236328125
3258,T,C,1,MT-TL1,500,5,-0.00024640560150146484
3260,A,G,1,MT-TL1,500,5,-0.001849532127380371
3271,T,C,1,MT-TL1,500,5,-0.0003745555877685547
3291,T,C,1,MT-TL1,500,5,-0.0007309913635253906
3302,A,G,1,MT-TL1,500,5,0.00021219253540039062
3303,C,T,1,MT-TL1,500,5,-0.0018820762634277344
4300,A,G,1,MT-TI,500,5,-0.0012230873107910156
4336,T,C,0,MT-TQ,500,5,7.593631744384766e-05
4370,T,C,0,MT-TQ,500,5,-0.0003573894500732422
4450,G,A,1,MT-TM,500,5,-0.0009876489639282227
4452,T,C,0,MT-TM,500,5,-2.7179718017578125e-05
5521,G,A,1,MT-TW,500,5,-0.0019702911376953125
5553,T,C,0,MT-TW,500,5,-0.0006663799285888672
5556,G,A,1,MT-TW,500,5,-0.0014431476593017578
5650,G,A,1,MT-TA,500,5,-0.0006895065307617188
5690,A,G,1,MT-TN,500,5,-0.001797318458557129
5703,G,A,1,MT-TN,500,5,0.00011146068572998047
5728,T,C,1,MT-TN,500,5,-0.0006617307662963867
5814,T,C,0,MT-TC,500,5,-0.0004978179931640625
7453,G,A,1,MT-TS1,500,5,-0.0014249086380004883
7471,C,T,0,MT-TS1,500,5,0.001087784767150879
7472,A,T,0,MT-TS1,500,5,-0.00028228759765625
7476,C,T,0,MT-TS1,500,5,-7.176399230957031e-05
7493,C,T,0,MT-TS1,500,5,-0.000316619873046875
7497,G,A,1,MT-TS1,500,5,0.0006554126739501953
7498,G,A,0,MT-TS1,500,5,0.00045740604400634766
7510,T,C,1,MT-TS1,500,5,-0.0005183219909667969
7511,T,C,1,MT-TS1,500,5,-0.00012087821960449219
7512,T,C,1,MT-TS1,500,5,0.0004971027374267578
8313,G,A,1,MT-TK,500,5,-0.0015485286712646484
8340,G,A,1,MT-TK,500,5,-0.0009903907775878906
8344,A,G,1,MT-TK,500,5,8.96453857421875e-05
8348,A,G,0,MT-TK,500,5,-0.00041115283966064453
8356,T,C,1,MT-TK,500,5,9.72747802734375e-05
8363,G,A,1,MT-TK,500,5,-0.0013245344161987305
10007,T,C,0,MT-TG,500,5,-0.0001304149627685547
10034,T,C,0,MT-TG,500,5,-0.0002796649932861328
10463,T,C,0,MT-TR,500,5,-0.0004330873489379883
12147,G,A,1,MT-TH,500,5,-0.00241851806640625
12201,T,C,1,MT-TH,500,5,-0.0007930994033813477
12239,C,T,0,MT-TS2,500,5,-8.320808410644531e-05
12258,C,A,1,MT-TS2,500,5,-0.0021059513092041016
12276,G,A,1,MT-TL2,500,5,-0.002647876739501953
12308,A,G,0,MT-TL2,500,5,-0.0013079643249511719
12315,G,A,1,MT-TL2,500,5,-0.0014650821685791016
14674,T,C,1,MT-TE,500,5,-0.00018489360809326172
14684,C,T,0,MT-TE,500,5,-0.00011920928955078125
14709,T,C,1,MT-TE,500,5,-0.0011906623840332031
15894,G,A,0,MT-TT,500,5,-0.0007823705673217773
15904,C,T,0,MT-TT,500,5,0.00044739246368408203
15907,A,G,0,MT-TT,500,5,-0.0007706880569458008
15923,A,G,1,MT-TT,500,5,-0.001313924789428711
15924,A,G,0,MT-TT,500,5,-0.00043833255767822266
15928,G,A,0,MT-TT,500,5,-0.0005433559417724609
15990,C,T,1,MT-TP,500,5,-0.004415273666381836
591,C,T,1,MT-TF,500,6,0.003885507583618164
616,T,C,1,MT-TF,500,6,-0.0030881166458129883
629,T,C,0,MT-TF,500,6,-2.6464462280273438e-05
1624,C,T,1,MT-TV,500,6,-0.0003222227096557617
1644,G,A,1,MT-TV,500,6,-0.0008391141891479492
3242,G,A,1,MT-TL1,500,6,-0.002667665481567383
3243,A,G,1,MT-TL1,500,6,-0.0033707618713378906
3243,A,T,1,MT-TL1,500,6,-0.0071620941162109375
3251,A,G,1,MT-TL1,500,6,-0.0017499923706054688
3252,A,G,1,MT-TL1,500,6,-0.0013256072998046875
3255,G,A,1,MT-TL1,500,6,-0.0024127960205078125
3256,C,T,1,MT-TL1,500,6,-0.0019431114196777344
3258,T,C,1,MT-TL1,500,6,-0.0008128881454467773
3260,A,G,1,MT-TL1,500,6,-0.0021616220474243164
3271,T,C,1,MT-TL1,500,6,-0.00057220458984375
3291,T,C,1,MT-TL1,500,6,-0.001013040542602539
3302,A,G,1,MT-TL1,500,6,-0.00027310848236083984
3303,C,T,1,MT-TL1,500,6,-0.0010428428649902344
4300,A,G,1,MT-TI,500,6,-0.001109480857849121
4336,T,C,0,MT-TQ,500,6,-0.00036895275115966797
4370,T,C,0,MT-TQ,500,6,-0.00012814998626708984
4450,G,A,1,MT-TM,500,6,-0.0014197826385498047
4452,T,C,0,MT-TM,500,6,-0.00019812583923339844
5521,G,A,1,MT-TW,500,6,-0.0020793676376342773
5553,T,C,0,MT-TW,500,6,-0.0007052421569824219
5556,G,A,1,MT-TW,500,6,-0.001196742057800293
5650,G,A,1,MT-TA,500,6,-0.001119852066040039
5690,A,G,1,MT-TN,500,6,-0.0022128820419311523
5703,G,A,1,MT-TN,500,6,0.0006715059280395508
5728,T,C,1,MT-TN,500,6,-0.00040078163146972656
5814,T,C,0,MT-TC,500,6,-0.00031828880310058594
7453,G,A,1,MT-TS1,500,6,-0.001662611961364746
7471,C,T,0,MT-TS1,500,6,0.0009410381317138672
7472,A,T,0,MT-TS1,500,6,-0.00020515918731689453
7476,C,T,0,MT-TS1,500,6,0.0002589225769042969
7493,C,T,0,MT-TS1,500,6,-0.00020301342010498047
7497,G,A,1,MT-TS1,500,6,0.0002378225326538086
7498,G,A,0,MT-TS1,500,6,0.0006440877914428711
7510,T,C,1,MT-TS1,500,6,-0.00033652782440185547
7511,T,C,1,MT-TS1,500,6,-1.9073486328125e-06
7512,T,C,1,MT-TS1,500,6,0.0005983114242553711
8313,G,A,1,MT-TK,500,6,-0.0021584033966064453
8340,G,A,1,MT-TK,500,6,-0.0010881423950195312
8344,A,G,1,MT-TK,500,6,-0.0002092123031616211
8348,A,G,0,MT-TK,500,6,-0.0005891323089599609
8356,T,C,1,MT-TK,500,6,-0.00010275840759277344
8363,G,A,1,MT-TK,500,6,-0.0012739896774291992
10007,T,C,0,MT-TG,500,6,-0.00046634674072265625
10034,T,C,0,MT-TG,500,6,-0.0004407167434692383
10463,T,C,0,MT-TR,500,6,-0.0005571842193603516
12147,G,A,1,MT-TH,500,6,-0.0017638206481933594
12201,T,C,1,MT-TH,500,6,-0.0009329319000244141
12239,C,T,0,MT-TS2,500,6,0.0002492666244506836
12258,C,A,1,MT-TS2,500,6,-0.002275824546813965
12276,G,A,1,MT-TL2,500,6,-0.0022617578506469727
12308,A,G,0,MT-TL2,500,6,-0.001135110855102539
12315,G,A,1,MT-TL2,500,6,-0.002011537551879883
14674,T,C,1,MT-TE,500,6,-0.0006246566772460938
14684,C,T,0,MT-TE,500,6,-0.00025856494903564453
14709,T,C,1,MT-TE,500,6,-0.0009659528732299805
15894,G,A,0,MT-TT,500,6,-0.0009889602661132812
15904,C,T,0,MT-TT,500,6,2.86102294921875e-05
15907,A,G,0,MT-TT,500,6,-0.0004698038101196289
15923,A,G,1,MT-TT,500,6,-0.0013837814331054688
15924,A,G,0,MT-TT,500,6,-0.000607609748840332
15928,G,A,0,MT-TT,500,6,-0.000576019287109375
15990,C,T,1,MT-TP,500,6,-0.00401151180267334
591,C,T,1,MT-TF,500,7,0.0023592710494995117
616,T,C,1,MT-TF,500,7,-0.0031087398529052734
629,T,C,0,MT-TF,500,7,-4.57763671875e-05
1624,C,T,1,MT-TV,500,7,-0.00016748905181884766
1644,G,A,1,MT-TV,500,7,-0.0006525516510009766
3242,G,A,1,MT-TL1,500,7,-0.0030319690704345703
3243,A,G,1,MT-TL1,500,7,-0.00349271297454834
3243,A,T,1,MT-TL1,500,7,-0.007157802581787109
3251,A,G,1,MT-TL1,500,7,-0.0013887882232666016
3252,A,G,1,MT-TL1,500,7,-0.0012241601943969727
3255,G,A,1,MT-TL1,500,7,-0.002415299415588379
3256,C,T,1,MT-TL1,500,7,-0.001800537109375
3258,T,C,1,MT-TL1,500,7,-0.00040602684020996094
3260,A,G,1,MT-TL1,500,7,-0.0014182329177856445
3271,T,C,1,MT-TL1,500,7,-0.0006773471832275391
3291,T,C,1,MT-TL1,500,7,-0.0007494688034057617
3302,A,G,1,MT-TL1,500,7,-0.00043976306915283203
3303,C,T,1,MT-TL1,500,7,-0.0016453266143798828
4300,A,G,1,MT-TI,500,7,-0.001699209213256836
4336,T,C,0,MT-TQ,500,7,-9.226799011230469e-05
4370,T,C,0,MT-TQ,500,7,-0.0002288818359375
4450,G,A,1,MT-TM,500,7,-0.0015778541564941406
4452,T,C,0,MT-TM,500,7,-0.0005398988723754883
5521,G,A,1,MT-TW,500,7,-0.0013616085052490234
5553,T,C,0,MT-TW,500,7,-0.0003008842468261719
5556,G,A,1,MT-TW,500,7,-0.0009349584579467773
5650,G,A,1,MT-TA,500,7,-0.0014472007751464844
5690,A,G,1,MT-TN,500,7,-0.0019936561584472656
5703,G,A,1,MT-TN,500,7,0.00018787384033203125
5728,T,C,1,MT-TN,500,7,-0.0003769397735595703
5814,T,C,0,MT-TC,500,7,-0.0004335641860961914
7453,G,A,1,MT-TS1,500,7,-0.0016169548034667969
7471,C,T,0,MT-TS1,500,7,0.00047326087951660156
7472,A,T,0,MT-TS1,500,7,4.935264587402344e-05
7476,C,T,0,MT-TS1,500,7,8.797645568847656e-05
7493,C,T,0,MT-TS1,500,7,-0.0003712177276611328
7497,G,A,1,MT-TS1,500,7,8.225440979003906e-05
7498,G,A,0,MT-TS1,500,7,3.814697265625e-06
7510,T,C,1,MT-TS1,500,7,-0.0003380775451660156
7511,T,C,1,MT-TS1,500,7,-0.0004696846008300781
7512,T,C,1,MT-TS1,500,7,0.0006012916564941406
8313,G,A,1,MT-TK,500,7,-0.0022585391998291016
8340,G,A,1,MT-TK,500,7,-0.0006569623947143555
8344,A,G,1,MT-TK,500,7,-0.00025725364685058594
8348,A,G,0,MT-TK,500,7,3.826618194580078e-05
8356,T,C,1,MT-TK,500,7,-8.416175842285156e-05
8363,G,A,1,MT-TK,500,7,-0.0012962818145751953
10007,T,C,0,MT-TG,500,7,-0.0008426904678344727
10034,T,C,0,MT-TG,500,7,-0.00010800361633300781
10463,T,C,0,MT-TR,500,7,-0.0010800361633300781
12147,G,A,1,MT-TH,500,7,-0.001678466796875
12201,T,C,1,MT-TH,500,7,-0.0006210803985595703
12239,C,T,0,MT-TS2,500,7,7.355213165283203e-05
12258,C,A,1,MT-TS2,500,7,-0.0022219419479370117
12276,G,A,1,MT-TL2,500,7,-0.0027576684951782227
12308,A,G,0,MT-TL2,500,7,-0.0013473033905029297
12315,G,A,1,MT-TL2,500,7,-0.0018241405487060547
14674,T,C,1,MT-TE,500,7,-0.0002275705337524414
14684,C,T,0,MT-TE,500,7,-0.0006873607635498047
14709,T,C,1,MT-TE,500,7,-0.0006799697875976562
15894,G,A,0,MT-TT,500,7,-0.0012242794036865234
15904,C,T,0,MT-TT,500,7,-0.00016605854034423828
15907,A,G,0,MT-TT,500,7,-0.0011889934539794922
15923,A,G,1,MT-TT,500,7,-0.0015262365341186523
15924,A,G,0,MT-TT,500,7,-0.0005497932434082031
15928,G,A,0,MT-TT,500,7,-0.0007572174072265625
15990,C,T,1,MT-TP,500,7,-0.0031870603561401367
591,C,T,1,MT-TF,500,8,0.0020676851272583008
616,T,C,1,MT-TF,500,8,-0.0023077726364135742
629,T,C,0,MT-TF,500,8,3.409385681152344e-05
1624,C,T,1,MT-TV,500,8,-9.751319885253906e-05
1644,G,A,1,MT-TV,500,8,-0.0011931657791137695
3242,G,A,1,MT-TL1,500,8,-0.0021758079528808594
3243,A,G,1,MT-TL1,500,8,-0.0030045509338378906
3243,A,T,1,MT-TL1,500,8,-0.006854414939880371
3251,A,G,1,MT-TL1,500,8,-0.0012080669403076172
3252,A,G,1,MT-TL1,500,8,-0.0009760856628417969
3255,G,A,1,MT-TL1,500,8,-0.0023140907287597656
3256,C,T,1,MT-TL1,500,8,-0.0023823976516723633
3258,T,C,1,MT-TL1,500,8,-0.0005615949630737305
3260,A,G,1,MT-TL1,500,8,-0.0017800331115722656
3271,T,C,1,MT-TL1,500,8,-0.00010633468627929688
3291,T,C,1,MT-TL1,500,8,-0.0007970333099365234
3302,A,G,1,MT-TL1,500,8,-0.0004442930221557617
3303,C,T,1,MT-TL1,500,8,-0.0016037225723266602
4300,A,G,1,MT-TI,500,8,-0.0009216070175170898
4336,T,C,0,MT-TQ,500,8,-0.0002841949462890625
4370,T,C,0,MT-TQ,500,8,-0.0001900196075439453
4450,G,A,1,MT-TM,500,8,-0.0013494491577148438
4452,T,C,0,MT-TM,500,8,-0.0005028247833251953
5521,G,A,1,MT-TW,500,8,-0.0016214847564697266
5553,T,C,0,MT-TW,500,8,-0.0007116794586181641
5556,G,A,1,MT-TW,500,8,-0.0009553432464599609
5650,G,A,1,MT-TA,500,8,-0.001155257225036621
5690,A,G,1,MT-TN,500,8,-0.002519845962524414
5703,G,A,1,MT-TN,500,8,0.0006062984466552734
5728,T,C,1,MT-TN,500,8,-0.0007965564727783203
5814,T,C,0,MT-TC,500,8,-0.00029349327087402344
7453,G,A,1,MT-TS1,500,8,-0.0017639398574829102
7471,C,T,0,MT-TS1,500,8,0.0007386207580566406
7472,A,T,0,MT-TS1,500,8,-6.914138793945312e-05
7476,C,T,0,MT-TS1,500,8,0.00028192996978759766
7493,C,T,0,MT-TS1,500,8,-9.5367431640625e-06
7497,G,A,1,MT-TS1,500,8,-0.0005991458892822266
7498,G,A,0,MT-TS1,500,8,0.00020384788513183594
7510,T,C,1,MT-TS1,500,8,-0.0006412267684936523
7511,T,C,1,MT-TS1,500,8,0.00020062923431396484
7512,T,C,1,MT-TS1,500,8,-0.00018680095672607422
8313,G,A,1,MT-TK,500,8,-0.001627802848815918
8340,G,A,1,MT-TK,500,8,-0.0011298656463623047
8344,A,G,1,MT-TK,500,8,-0.0004087686538696289
8348,A,G,0,MT-TK,500,8,-0.0004935264587402344
8356,T,C,1,MT-TK,500,8,-0.0004640817642211914
8363,G,A,1,MT-TK,500,8,-0.0012949705123901367
10007,T,C,0,MT-TG,500,8,-0.0004724264144897461
10034,T,C,0,MT-TG,500,8,-0.00046241283416748047
10463,T,C,0,MT-TR,500,8,-0.00101470947265625
12147,G,A,1,MT-TH,500,8,-0.002209901809692383
12201,T,C,1,MT-TH,500,8,-0.0007401704788208008
12239,C,T,0,MT-TS2,500,8,-6.23464584350586e-05
12258,C,A,1,MT-TS2,500,8,-0.0029075145721435547
12276,G,A,1,MT-TL2,500,8,-0.0025217533111572266
12308,A,G,0,MT-TL2,500,8,-0.0015366077423095703
12315,G,A,1,MT-TL2,500,8,-0.0019038915634155273
14674,T,C,1,MT-TE,500,8,-9.870529174804688e-05
14684,C,T,0,MT-TE,500,8,-0.00024127960205078125
14709,T,C,1,MT-TE,500,8,-0.0013659000396728516
15894,G,A,0,MT-TT,500,8,-0.0009577274322509766
15904,C,T,0,MT-TT,500,8,0.0004782676696777344
15907,A,G,0,MT-TT,500,8,-0.0009164810180664062
15923,A,G,1,MT-TT,500,8,-0.0013755559921264648
15924,A,G,0,MT-TT,500,8,-0.0005161762237548828
15928,G,A,0,MT-TT,500,8,-0.0006508827209472656
15990,C,T,1,MT-TP,500,8,-0.0038938522338867188
591,C,T,1,MT-TF,500,9,0.002060413360595703
616,T,C,1,MT-TF,500,9,-0.0025893449783325195
629,T,C,0,MT-TF,500,9,0.0005079507827758789
1624,C,T,1,MT-TV,500,9,0.00016570091247558594
1644,G,A,1,MT-TV,500,9,-0.0011975765228271484
3242,G,A,1,MT-TL1,500,9,-0.002501964569091797
3243,A,G,1,MT-TL1,500,9,-0.003028392791748047
3243,A,T,1,MT-TL1,500,9,-0.006505608558654785
3251,A,G,1,MT-TL1,500,9,-0.00202023983001709
3252,A,G,1,MT-TL1,500,9,-0.0017014741897583008
3255,G,A,1,MT-TL1,500,9,-0.0017234086990356445
3256,C,T,1,MT-TL1,500,9,-0.0015347003936767578
3258,T,C,1,MT-TL1,500,9,-0.0005087852478027344
3260,A,G,1,MT-TL1,500,9,-0.002254009246826172
3271,T,C,1,MT-TL1,500,9,-0.0004551410675048828
3291,T,C,1,MT-TL1,500,9,-0.000514984130859375
3302,A,G,1,MT-TL1,500,9,-0.00024211406707763672
3303,C,T,1,MT-TL1,500,9,-0.0013163089752197266
4300,A,G,1,MT-TI,500,9,-0.0016556978225708008
4336,T,C,0,MT-TQ,500,9,-0.00020229816436767578
4370,T,C,0,MT-TQ,500,9,-0.000552058219909668
4450,G,A,1,MT-TM,500,9,-0.0012459754943847656
4452,T,C,0,MT-TM,500,9,-0.0004800558090209961
5521,G,A,1,MT-TW,500,9,-0.0015916824340820312
5553,T,C,0,MT-TW,500,9,-0.00042724609375
5556,G,A,1,MT-TW,500,9,-0.0009458065032958984
5650,G,A,1,MT-TA,500,9,-0.0007951259613037109
5690,A,G,1,MT-TN,500,9,-0.002335071563720703
5703,G,A,1,MT-TN,500,9,-0.0002288818359375
5728,T,C,1,MT-TN,500,9,-0.0005245208740234375
5814,T,C,0,MT-TC,500,9,-0.0003911256790161133
7453,G,A,1,MT-TS1,500,9,-0.0014325380325317383
7471,C,T,0,MT-TS1,500,9,0.0005425214767456055
7472,A,T,0,MT-TS1,500,9,-0.00023651123046875
7476,C,T,0,MT-TS1,500,9,0.0008040666580200195
7493,C,T,0,MT-TS1,500,9,7.414817810058594e-05
7497,G,A,1,MT-TS1,500,9,0.00014078617095947266
7498,G,A,0,MT-TS1,500,9,-1.621246337890625e-05
7510,T,C,1,MT-TS1,500,9,-0.00041937828063964844
7511,T,C,1,MT-TS1,500,9,-0.000278472900390625
7512,T,C,1,MT-TS1,500,9,0.0004165172576904297
8313,G,A,1,MT-TK,500,9,-0.002045154571533203
8340,G,A,1,MT-TK,500,9,-0.0007076263427734375
8344,A,G,1,MT-TK,500,9,-0.0005661249160766602
8348,A,G,0,MT-TK,500,9,-0.0004464387893676758
8356,T,C,1,MT-TK,500,9,-0.00029790401458740234
8363,G,A,1,MT-TK,500,9,-0.0017334222793579102
10007,T,C,0,MT-TG,500,9,-0.00025343894958496094
10034,T,C,0,MT-TG,500,9,0.00010943412780761719
10463,T,C,0,MT-TR,500,9,-0.0009026527404785156
12147,G,A,1,MT-TH,500,9,-0.0024390220642089844
12201,T,C,1,MT-TH,500,9,-0.0004096031188964844
12239,C,T,0,MT-TS2,500,9,0.0001748800277709961
12258,C,A,1,MT-TS2,500,9,-0.0023279190063476562
12276,G,A,1,MT-TL2,500,9,-0.002963423728942871
12308,A,G,0,MT-TL2,500,9,-0.0013736486434936523
12315,G,A,1,MT-TL2,500,9,-0.0019243955612182617
14674,T,C,1,MT-TE,500,9,-0.000910639762878418
14684,C,T,0,MT-TE,500,9,-0.0003566741943359375
14709,T,C,1,MT-TE,500,9,-0.0015070438385009766
15894,G,A,0,MT-TT,500,9,-0.0015113353729248047
15904,C,T,0,MT-TT,500,9,-0.0001010894775390625
15907,A,G,0,MT-TT,500,9,-0.001005411148071289
15923,A,G,1,MT-TT,500,9,-0.0012764930725097656
15924,A,G,0,MT-TT,500,9,-0.0005462169647216797
15928,G,A,0,MT-TT,500,9,-0.0004971027374267578
15990,C,T,1,MT-TP,500,9,-0.0028951168060302734
591,C,T,1,MT-TF,1000,0,0.002840757369995117
616,T,C,1,MT-TF,1000,0,-0.00346219539642334
629,T,C,0,MT-TF,1000,0,-0.00019872188568115234
1624,C,T,1,MT-TV,1000,0,0.00039333105087280273
1644,G,A,1,MT-TV,1000,0,-0.0006882548332214355
3242,G,A,1,MT-TL1,1000,0,-0.0022293925285339355
3243,A,G,1,MT-TL1,1000,0,-0.003587484359741211
3243,A,T,1,MT-TL1,1000,0,-0.008618652820587158
3251,A,G,1,MT-TL1,1000,0,-0.0015573501586914062
3252,A,G,1,MT-TL1,1000,0,-0.001669168472290039
3255,G,A,1,MT-TL1,1000,0,-0.0025386810302734375
3256,C,T,1,MT-TL1,1000,0,-0.002698659896850586
3258,T,C,1,MT-TL1,1000,0,-0.0013837814331054688
3260,A,G,1,MT-TL1,1000,0,-0.0021525025367736816
3271,T,C,1,MT-TL1,1000,0,-0.0013829469680786133
3291,T,C,1,MT-TL1,1000,0,-0.0004763603210449219
3302,A,G,1,MT-TL1,1000,0,-0.0002359151840209961
3303,C,T,1,MT-TL1,1000,0,-0.001210927963256836
4300,A,G,1,MT-TI,1000,0,-0.0013227462768554688
4336,T,C,0,MT-TQ,1000,0,-0.0003350973129272461
4370,T,C,0,MT-TQ,1000,0,-0.00012570619583129883
4450,G,A,1,MT-TM,1000,0,-0.001002192497253418
4452,T,C,0,MT-TM,1000,0,-4.3272972106933594e-05
5521,G,A,1,MT-TW,1000,0,-0.0015709996223449707
5553,T,C,0,MT-TW,1000,0,-0.0009196996688842773
5556,G,A,1,MT-TW,1000,0,-0.0007920265197753906
5650,G,A,1,MT-TA,1000,0,-0.0014353394508361816
5690,A,G,1,MT-TN,1000,0,-0.002489149570465088
5703,G,A,1,MT-TN,1000,0,0.0003649592399597168
5728,T,C,1,MT-TN,1000,0,-0.0011581778526306152
5814,T,C,0,MT-TC,1000,0,0.00013911724090576172
7453,G,A,1,MT-TS1,1000,0,-0.0021456480026245117
7471,C,T,0,MT-TS1,1000,0,0.0009264945983886719
7472,A,T,0,MT-TS1,1000,0,0.00011020898818969727
7476,C,T,0,MT-TS1,1000,0,0.00043088197708129883
7493,C,T,0,MT-TS1,1000,0,0.0002867579460144043
7497,G,A,1,MT-TS1,1000,0,0.0001963973045349121
7498,G,A,0,MT-TS1,1000,0,0.00022673606872558594
7510,T,C,1,MT-TS1,1000,0,-0.0006464719772338867
7511,T,C,1,MT-TS1,1000,0,-0.0003573298454284668
7512,T,C,1,MT-TS1,1000,0,-2.676248550415039e-05
8313,G,A,1,MT-TK,1000,0,-0.0020564794540405273
8340,G,A,1,MT-TK,1000,0,-0.00021690130233764648
8344,A,G,1,MT-TK,1000,0,-0.0005685091018676758
8348,A,G,0,MT-TK,1000,0,-0.0010259747505187988
8356,T,C,1,MT-TK,1000,0,-0.0008640289306640625
8363,G,A,1,MT-TK,1000,0,-0.0012122392654418945
10007,T,C,0,MT-TG,1000,0,-0.0010731220245361328
10034,T,C,0,MT-TG,1000,0,-0.0004597306251525879
10463,T,C,0,MT-TR,1000,0,-0.0010981559753417969
12147,G,A,1,MT-TH,1000,0,-0.0016612410545349121
12201,T,C,1,MT-TH,1000,0,-0.00041663646697998047
12239,C,T,0,MT-TS2,1000,0,-0.00039011240005493164
12258,C,A,1,MT-TS2,1000,0,-0.0027548670768737793
12276,G,A,1,MT-TL2,1000,0,-0.002140223979949951
12308,A,G,0,MT-TL2,1000,0,-0.0013837814331054688
12315,G,A,1,MT-TL2,1000,0,-0.00183868408203125
14674,T,C,1,MT-TE,1000,0,-0.0008894801139831543
14684,C,T,0,MT-TE,1000,0,-0.000550687313079834
14709,T,C,1,MT-TE,1000,0,-0.0010069012641906738
15894,G,A,0,MT-TT,1000,0,-0.001408696174621582
15904,C,T,0,MT-TT,1000,0,0.0008516311645507812
15907,A,G,0,MT-TT,1000,0,-0.0010716915130615234
15923,A,G,1,MT-TT,1000,0,-0.001921534538269043
15924,A,G,0,MT-TT,1000,0,-0.0005887746810913086
15928,G,A,0,MT-TT,1000,0,-0.0003159046173095703
15990,C,T,1,MT-TP,1000,0,-0.006058096885681152
591,C,T,1,MT-TF,1000,1,0.003311753273010254
616,T,C,1,MT-TF,1000,1,-0.002496004104614258
629,T,C,0,MT-TF,1000,1,-0.0008015632629394531
1624,C,T,1,MT-TV,1000,1,-0.0004297494888305664
1644,G,A,1,MT-TV,1000,1,-0.0005259513854980469
3242,G,A,1,MT-TL1,1000,1,-0.0026361942291259766
3243,A,G,1,MT-TL1,1000,1,-0.003989875316619873
3243,A,T,1,MT-TL1,1000,1,-0.007433474063873291
3251,A,G,1,MT-TL1,1000,1,-0.0016918182373046875
3252,A,G,1,MT-TL1,1000,1,-0.0013443231582641602
3255,G,A,1,MT-TL1,1000,1,-0.002252936363220215
3256,C,T,1,MT-TL1,1000,1,-0.001908421516418457
3258,T,C,1,MT-TL1,1000,1,-0.0003962516784667969
3260,A,G,1,MT-TL1,1000,1,-0.0018860101699829102
3271,T,C,1,MT-TL1,1000,1,-0.0005966424942016602
3291,T,C,1,MT-TL1,1000,1,-0.0005651712417602539
3302,A,G,1,MT-TL1,1000,1,-0.0012843608856201172
3303,C,T,1,MT-TL1,1000,1,-0.001643359661102295
4300,A,G,1,MT-TI,1000,1,-0.0011307597160339355
4336,T,C,0,MT-TQ,1000,1,-0.0008263587951660156
4370,T,C,0,MT-TQ,1000,1,6.330013275146484e-05
4450,G,A,1,MT-TM,1000,1,-0.0016308426856994629
4452,T,C,0,MT-TM,1000,1,0.0003299713134765625
5521,G,A,1,MT-TW,1000,1,-0.001651167869567871
5553,T,C,0,MT-TW,1000,1,-0.0009293556213378906
5556,G,A,1,MT-TW,1000,1,-0.001317739486694336
5650,G,A,1,MT-TA,1000,1,-0.0008028149604797363
5690,A,G,1,MT-TN,1000,1,-0.0016701817512512207
5703,G,A,1,MT-TN,1000,1,-0.00012797117233276367
5728,T,C,1,MT-TN,1000,1,-0.001338958740234375
5814,T,C,0,MT-TC,1000,1,-0.00044423341751098633
7453,G,A,1,MT-TS1,1000,1,-0.0023307204246520996
7471,C,T,0,MT-TS1,1000,1,0.0012404918670654297
7472,A,T,0,MT-TS1,1000,1,0.0002925992012023926
7476,C,T,0,MT-TS1,1000,1,9.506940841674805e-05
7493,C,T,0,MT-TS1,1000,1,-7.903575897216797e-05
7497,G,A,1,MT-TS1,1000,1,-5.692243576049805e-05
7498,G,A,0,MT-TS1,1000,1,1.4126300811767578e-05
7510,T,C,1,MT-TS1,1000,1,-0.0006182193756103516
7511,T,C,1,MT-TS1,1000,1,-0.0006861090660095215
7512,T,C,1,MT-TS1,1000,1,-0.00039124488830566406
8313,G,A,1,MT-TK,1000,1,-0.0015360116958618164
8340,G,A,1,MT-TK,1000,1,-0.0005851984024047852
8344,A,G,1,MT-TK,1000,1,-0.0006516575813293457
8348,A,G,0,MT-TK,1000,1,0.00024271011352539062
8356,T,C,1,MT-TK,1000,1,-0.0007132291793823242
8363,G,A,1,MT-TK,1000,1,-0.0013034939765930176
10007,T,C,0,MT-TG,1000,1,-0.0002581477165222168
10034,T,C,0,MT-TG,1000,1,-0.0004757046699523926
10463,T,C,0,MT-TR,1000,1,-0.000990152359008789
12147,G,A,1,MT-TH,1000,1,-0.0020377039909362793
12201,T,C,1,MT-TH,1000,1,-0.0010445117950439453
12239,C,T,0,MT-TS2,1000,1,-0.0005115270614624023
12258,C,A,1,MT-TS2,1000,1,-0.0023005008697509766
12276,G,A,1,MT-TL2,1000,1,-0.002668619155883789
12308,A,G,0,MT-TL2,1000,1,-0.0012255311012268066
12315,G,A,1,MT-TL2,1000,1,-0.0014439821243286133
14674,T,C,1,MT-TE,1000,1,-0.0008176565170288086
14684,C,T,0,MT-TE,1000,1,-0.00018107891082763672
14709,T,C,1,MT-TE,1000,1,-0.0010381340980529785
15894,G,A,0,MT-TT,1000,1,-0.001167893409729004
15904,C,T,0,MT-TT,1000,1,-1.4185905456542969e-05
15907,A,G,0,MT-TT,1000,1,-0.0007625818252563477
15923,A,G,1,MT-TT,1000,1,-0.0016900300979614258
15924,A,G,0,MT-TT,1000,1,-0.00021135807037353516
15928,G,A,0,MT-TT,1000,1,-0.0006961822509765625
15990,C,T,1,MT-TP,1000,1,-0.004180192947387695
591,C,T,1,MT-TF,1000,2,0.0028777122497558594
616,T,C,1,MT-TF,1000,2,-0.0037328004837036133
629,T,C,0,MT-TF,1000,2,-0.0006983280181884766
1624,C,T,1,MT-TV,1000,2,-4.45246696472168e-05
1644,G,A,1,MT-TV,1000,2,-0.001334071159362793
3242,G,A,1,MT-TL1,1000,2,-0.003292679786682129
3243,A,G,1,MT-TL1,1000,2,-0.0039414167404174805
3243,A,T,1,MT-TL1,1000,2,-0.007200479507446289
3251,A,G,1,MT-TL1,1000,2,-0.0024631619453430176
3252,A,G,1,MT-TL1,1000,2,-0.0013700127601623535
3255,G,A,1,MT-TL1,1000,2,-0.002550363540649414
3256,C,T,1,MT-TL1,1000,2,-0.0018967986106872559
3258,T,C,1,MT-TL1,1000,2,-0.0005781650543212891
3260,A,G,1,MT-TL1,1000,2,-0.0021187663078308105
3271,T,C,1,MT-TL1,1000,2,-0.0012257695198059082
3291,T,C,1,MT-TL1,1000,2,-0.00036466121673583984
3302,A,G,1,MT-TL1,1000,2,-0.0006088018417358398
3303,C,T,1,MT-TL1,1000,2,-0.001081228256225586
4300,A,G,1,MT-TI,1000,2,-0.0009073019027709961
4336,T,C,0,MT-TQ,1000,2,7.557868957519531e-05
4370,T,C,0,MT-TQ,1000,2,3.4809112548828125e-05
4450,G,A,1,MT-TM,1000,2,-0.0011432170867919922
4452,T,C,0,MT-TM,1000,2,-0.00042194128036499023
5521,G,A,1,MT-TW,1000,2,-0.0017504096031188965
5553,T,C,0,MT-TW,1000,2,-0.0008677840232849121
5556,G,A,1,MT-TW,1000,2,-0.0014491677284240723
5650,G,A,1,MT-TA,1000,2,-0.0017946362495422363
5690,A,G,1,MT-TN,1000,2,-0.001920163631439209
5703,G,A,1,MT-TN,1000,2,-1.2159347534179688e-05
5728,T,C,1,MT-TN,1000,2,-0.0009453296661376953
5814,T,C,0,MT-TC,1000,2,-0.00018775463104248047
7453,G,A,1,MT-TS1,1000,2,-0.0017393827438354492
7471,C,T,0,MT-TS1,1000,2,0.00015586614608764648
7472,A,T,0,MT-TS1,1000,2,-0.00016295909881591797
7476,C,T,0,MT-TS1,1000,2,0.000782310962677002
7493,C,T,0,MT-TS1,1000,2,-1.615285873413086e-05
7497,G,A,1,MT-TS1,1000,2,-8.940696716308594e-06
7498,G,A,0,MT-TS1,1000,2,0.00037103891372680664
7510,T,C,1,MT-TS1,1000,2,-0.00035262107849121094
7511,T,C,1,MT-TS1,1000,2,-0.000722348690032959
7512,T,C,1,MT-TS1,1000,2,-3.826618194580078e-05
8313,G,A,1,MT-TK,1000,2,-0.0022197961807250977
8340,G,A,1,MT-TK,1000,2,-0.0007605552673339844
8344,A,G,1,MT-TK,1000,2,-0.0006740093231201172
8348,A,G,0,MT-TK,1000,2,-0.0003390312194824219
8356,T,C,1,MT-TK,1000,2,-0.00020843744277954102
8363,G,A,1,MT-TK,1000,2,-0.0016350746154785156
10007,T,C,0,MT-TG,1000,2,-0.0004157423973083496
10034,T,C,0,MT-TG,1000,2,-0.0003541111946105957
10463,T,C,0,MT-TR,1000,2,-0.0007314682006835938
12147,G,A,1,MT-TH,1000,2,-0.001917421817779541
12201,T,C,1,MT-TH,1000,2,-0.0007764697074890137
12239,C,T,0,MT-TS2,1000,2,-0.00045996904373168945
12258,C,A,1,MT-TS2,1000,2,-0.0016993284225463867
12276,G,A,1,MT-TL2,1000,2,-0.00188523530960083
12308,A,G,0,MT-TL2,1000,2,-0.0013750791549682617
12315,G,A,1,MT-TL2,1000,2,-0.0022710561752319336
14674,T,C,1,MT-TE,1000,2,-0.0009461641311645508
14684,C,T,0,MT-TE,1000,2,-0.00041115283966064453
14709,T,C,1,MT-TE,1000,2,-0.0009136199951171875
15894,G,A,0,MT-TT,1000,2,-0.001469254493713379
15904,C,T,0,MT-TT,1000,2,0.0003820657730102539
15907,A,G,0,MT-TT,1000,2,-0.0009915828704833984
15923,A,G,1,MT-TT,1000,2,-0.0016851425170898438
15924,A,G,0,MT-TT,1000,2,-0.0011677742004394531
15928,G,A,0,MT-TT,1000,2,-0.000624537467956543
15990,C,T,1,MT-TP,1000,2,-0.003928065299987793
591,C,T,1,MT-TF,1000,3,0.003117799758911133
616,T,C,1,MT-TF,1000,3,-0.0032515525817871094
629,T,C,0,MT-TF,1000,3,6.4373016357421875e-06
1624,C,T,1,MT-TV,1000,3,-0.0005394220352172852
1644,G,A,1,MT-TV,1000,3,-0.0012930631637573242
3242,G,A,1,MT-TL1,1000,3,-0.0027889013290405273
3243,A,G,1,MT-TL1,1000,3,-0.003921210765838623
3243,A,T,1,MT-TL1,1000,3,-0.0076749324798583984
3251,A,G,1,MT-TL1,1000,3,-0.00200808048248291
3252,A,G,1,MT-TL1,1000,3,-0.0016425251960754395
3255,G,A,1,MT-TL1,1000,3,-0.0026391148567199707
3256,C,T,1,MT-TL1,1000,3,-0.0024336576461791992
3258,T,C,1,MT-TL1,1000,3,-0.0007091760635375977
3260,A,G,1,MT-TL1,1000,3,-0.0019547343254089355
3271,T,C,1,MT-TL1,1000,3,-0.0005843043327331543
3291,T,C,1,MT-TL1,1000,3,-0.00026345252990722656
3302,A,G,1,MT-TL1,1000,3,-0.0005149245262145996
3303,C,T,1,MT-TL1,1000,3,-0.0016449689865112305
4300,A,G,1,MT-TI,1000,3,-0.0016892552375793457
4336,T,C,0,MT-TQ,1000,3,-5.91278076171875e-05
4370,T,C,0,MT-TQ,1000,3,-0.00011426210403442383
4450,G,A,1,MT-TM,1000,3,-0.00145798921585083
4452,T,C,0,MT-TM,1000,3,-0.0007942914962768555
5521,G,A,1,MT-TW,1000,3,-0.002294003963470459
5553,T,C,0,MT-TW,1000,3,-0.000455319881439209
5556,G,A,1,MT-TW,1000,3,-0.0011424422264099121
5650,G,A,1,MT-TA,1000,3,-0.0007131099700927734
5690,A,G,1,MT-TN,1000,3,-0.0014995336532592773
5703,G,A,1,MT-TN,1000,3,0.0001283884048461914
5728,T,C,1,MT-TN,1000,3,-0.0008538365364074707
5814,T,C,0,MT-TC,1000,3,-0.000770866870880127
7453,G,A,1,MT-TS1,1000,3,-0.0019262433052062988
7471,C,T,0,MT-TS1,1000,3,0.0005668401718139648
7472,A,T,0,MT-TS1,1000,3,-0.0002244114875793457
7476,C,T,0,MT-TS1,1000,3,0.00019115209579467773
7493,C,T,0,MT-TS1,1000,3,0.00020426511764526367
7497,G,A,1,MT-TS1,1000,3,-3.063678741455078e-05
7498,G,A,0,MT-TS1,1000,3,0.0004824399948120117
7510,T,C,1,MT-TS1,1000,3,-0.0004520416259765625
7511,T,C,1,MT-TS1,1000,3,-0.0003516674041748047
7512,T,C,1,MT-TS1,1000,3,0.0003713369369506836
8313,G,A,1,MT-TK,1000,3,-0.0018529295921325684
8340,G,A,1,MT-TK,1000,3,-0.0010196566581726074
8344,A,G,1,MT-TK,1000,3,-0.0003876686096191406
8348,A,G,0,MT-TK,1000,3,-0.0002855062484741211
8356,T,C,1,MT-TK,1000,3,-0.00075531005859375
8363,G,A,1,MT-TK,1000,3,-0.0011843442916870117
10007,T,C,0,MT-TG,1000,3,-0.0004595518112182617
10034,T,C,0,MT-TG,1000,3,-0.000876009464263916
10463,T,C,0,MT-TR,1000,3,-0.0006210207939147949
12147,G,A,1,MT-TH,1000,3,-0.0014175176620483398
12201,T,C,1,MT-TH,1000,3,-0.0011154413223266602
12239,C,T,0,MT-TS2,1000,3,-0.0006154775619506836
12258,C,A,1,MT-TS2,1000,3,-0.0023270845413208008
12276,G,A,1,MT-TL2,1000,3,-0.002154409885406494
12308,A,G,0,MT-TL2,1000,3,-0.001698911190032959
12315,G,A,1,MT-TL2,1000,3,-0.0018290877342224121
14674,T,C,1,MT-TE,1000,3,-0.0006046295166015625
14684,C,T,0,MT-TE,1000,3,-0.0001728534698486328
14709,T,C,1,MT-TE,1000,3,-0.001011490821838379
15894,G,A,0,MT-TT,1000,3,-0.0009441375732421875
15904,C,T,0,MT-TT,1000,3,-0.0004165172576904297
15907,A,G,0,MT-TT,1000,3,-0.0012729167938232422
15923,A,G,1,MT-TT,1000,3,-0.0012047290802001953
15924,A,G,0,MT-TT,1000,3,-0.0008608102798461914
15928,G,A,0,MT-TT,1000,3,-0.00045740604400634766
15990,C,T,1,MT-TP,1000,3,-0.004204869270324707
591,C,T,1,MT-TF,1000,4,0.003377556800842285
616,T,C,1,MT-TF,1000,4,-0.003710627555847168
629,T,C,0,MT-TF,1000,4,-0.000362396240234375
1624,C,T,1,MT-TV,1000,4,1.5854835510253906e-05
1644,G,A,1,MT-TV,1000,4,-0.0013325214385986328
3242,G,A,1,MT-TL1,1000,4,-0.0026783347129821777
3243,A,G,1,MT-TL1,1000,4,-0.004296541213989258
3243,A,T,1,MT-TL1,1000,4,-0.007706046104431152
3251,A,G,1,MT-TL1,1000,4,-0.0016148686408996582
3252,A,G,1,MT-TL1,1000,4,-0.001202404499053955
3255,G,A,1,MT-TL1,1000,4,-0.0030388832092285156
3256,C,T,1,MT-TL1,1000,4,-0.002646207809448242
3258,T,C,1,MT-TL1,1000,4,-0.0006135106086730957
3260,A,G,1,MT-TL1,1000,4,-0.001910090446472168
3271,T,C,1,MT-TL1,1000,4,-0.00032258033752441406
3291,T,C,1,MT-TL1,1000,4,-0.0002301335334777832
3302,A,G,1,MT-TL1,1000,4,-0.001231849193572998
3303,C,T,1,MT-TL1,1000,4,-0.0010297298431396484
4300,A,G,1,MT-TI,1000,4,-0.0013682842254638672
4336,T,C,0,MT-TQ,1000,4,-0.00020599365234375
4370,T,C,0,MT-TQ,1000,4,-0.0005009174346923828
4450,G,A,1,MT-TM,1000,4,-0.0008835196495056152
4452,T,C,0,MT-TM,1000,4,-0.0006562471389770508
5521,G,A,1,MT-TW,1000,4,-0.0021175146102905273
5553,T,C,0,MT-TW,1000,4,-0.0009717941284179688
5556,G,A,1,MT-TW,1000,4,-0.0007445812225341797
5650,G,A,1,MT-TA,1000,4,-0.0013425946235656738
5690,A,G,1,MT-TN,1000,4,-0.002188742160797119
5703,G,A,1,MT-TN,1000,4,0.0005542635917663574
5728,T,C,1,MT-TN,1000,4,-0.0004798769950866699
5814,T,C,0,MT-TC,1000,4,-0.00023490190505981445
7453,G,A,1,MT-TS1,1000,4,-0.001762986183166504
7471,C,T,0,MT-TS1,1000,4,0.0005866289138793945
7472,A,T,0,MT-TS1,1000,4,-4.017353057861328e-05
7476,C,T,0,MT-TS1,1000,4,0.0001545548439025879
7493,C,T,0,MT-TS1,1000,4,-0.00018864870071411133
7497,G,A,1,MT-TS1,1000,4,-7.855892181396484e-05
7498,G,A,0,MT-TS1,1000,4,0.00018787384033203125
7510,T,C,1,MT-TS1,1000,4,-0.0011529922485351562
7511,T,C,1,MT-TS1,1000,4,-0.00035750865936279297
7512,T,C,1,MT-TS1,1000,4,0.00023317337036132812
8313,G,A,1,MT-TK,1000,4,-0.002263963222503662
8340,G,A,1,MT-TK,1000,4,-0.0007625818252563477
8344,A,G,1,MT-TK,1000,4,-0.00016379356384277344
8348,A,G,0,MT-TK,1000,4,-0.0004382133483886719
8356,T,C,1,MT-TK,1000,4,-0.0006502270698547363
8363,G,A,1,MT-TK,1000,4,-0.0018165111541748047
10007,T,C,0,MT-TG,1000,4,-0.0004762411117553711
10034,T,C,0,MT-TG,1000,4,0.0002449154853820801
10463,T,C,0,MT-TR,1000,4,-0.0003852248191833496
12147,G,A,1,MT-TH,1000,4,-0.0020848512649536133
12201,T,C,1,MT-TH,1000,4,-0.00047343969345092773
12239,C,T,0,MT-TS2,1000,4,-1.245737075805664e-05
12258,C,A,1,MT-TS2,1000,4,-0.002359747886657715
12276,G,A,1,MT-TL2,1000,4,-0.00256955623626709
12308,A,G,0,MT-TL2,1000,4,-0.0013508796691894531
12315,G,A,1,MT-TL2,1000,4,-0.001481771469116211
14674,T,C,1,MT-TE,1000,4,-0.0008146762847900391
14684,C,T,0,MT-TE,1000,4,-0.0002601146697998047
14709,T,C,1,MT-TE,1000,4,-0.00029021501541137695
15894,G,A,0,MT-TT,1000,4,-0.0011714696884155273
15904,C,T,0,MT-TT,1000,4,0.0005071163177490234
15907,A,G,0,MT-TT,1000,4,-0.0010715723037719727
15923,A,G,1,MT-TT,1000,4,-0.001942753791809082
15924,A,G,0,MT-TT,1000,4,1.4543533325195312e-05
15928,G,A,0,MT-TT,1000,4,-0.00045561790466308594
15990,C,T,1,MT-TP,1000,4,-0.005134105682373047
591,C,T,1,MT-TF,1000,5,0.0037499666213989258
616,T,C,1,MT-TF,1000,5,-0.0026373863220214844
629,T,C,0,MT-TF,1000,5,-0.0005789995193481445
1624,C,T,1,MT-TV,1000,5,-0.0001939535140991211
1644,G,A,1,MT-TV,1000,5,-0.0007894039154052734
3242,G,A,1,MT-TL1,1000,5,-0.002634584903717041
3243,A,G,1,MT-TL1,1000,5,-0.0041353702545166016
3243,A,T,1,MT-TL1,1000,5,-0.007609963417053223
3251,A,G,1,MT-TL1,1000,5,-0.0011308789253234863
3252,A,G,1,MT-TL1,1000,5,-0.0009639859199523926
3255,G,A,1,MT-TL1,1000,5,-0.002097487449645996
3256,C,T,1,MT-TL1,1000,5,-0.0024944543838500977
3258,T,C,1,MT-TL1,1000,5,-0.0009630322456359863
3260,A,G,1,MT-TL1,1000,5,-0.0014497637748718262
3271,T,C,1,MT-TL1,1000,5,-0.00017714500427246094
3291,T,C,1,MT-TL1,1000,5,-0.00031697750091552734
3302,A,G,1,MT-TL1,1000,5,-0.0007725954055786133
3303,C,T,1,MT-TL1,1000,5,-0.0013692378997802734
4300,A,G,1,MT-TI,1000,5,-0.0016344785690307617
4336,T,C,0,MT-TQ,1000,5,-0.0006382465362548828
4370,T,C,0,MT-TQ,1000,5,-0.0003560185432434082
4450,G,A,1,MT-TM,1000,5,-0.001406550407409668
4452,T,C,0,MT-TM,1000,5,-0.0005176663398742676
5521,G,A,1,MT-TW,1000,5,-0.0022312402725219727
5553,T,C,0,MT-TW,1000,5,-0.001062154769897461
5556,G,A,1,MT-TW,1000,5,-0.0007898807525634766
5650,G,A,1,MT-TA,1000,5,-0.0008766055107116699
5690,A,G,1,MT-TN,1000,5,-0.0022588372230529785
5703,G,A,1,MT-TN,1000,5,0.00012552738189697266
5728,T,C,1,MT-TN,1000,5,-0.0007656216621398926
5814,T,C,0,MT-TC,1000,5,8.58306884765625e-06
7453,G,A,1,MT-TS1,1000,5,-0.0014266371726989746
7471,C,T,0,MT-TS1,1000,5,0.0010924339294433594
7472,A,T,0,MT-TS1,1000,5,-1.0311603546142578e-05
7476,C,T,0,MT-TS1,1000,5,2.0444393157958984e-05
7493,C,T,0,MT-TS1,1000,5,1.6510486602783203e-05
7497,G,A,1,MT-TS1,1000,5,0.00012230873107910156
7498,G,A,0,MT-TS1,1000,5,0.0004898905754089355
7510,T,C,1,MT-TS1,1000,5,-0.0007503628730773926
7511,T,C,1,MT-TS1,1000,5,-0.0006607174873352051
7512,T,C,1,MT-TS1,1000,5,0.0002505779266357422
8313,G,A,1,MT-TK,1000,5,-0.0011051297187805176
8340,G,A,1,MT-TK,1000,5,-0.0008958578109741211
8344,A,G,1,MT-TK,1000,5,-0.0005866289138793945
8348,A,G,0,MT-TK,1000,5,-0.0002422928810119629
8356,T,C,1,MT-TK,1000,5,-0.0006230473518371582
8363,G,A,1,MT-TK,1000,5,-0.0014357566833496094
10007,T,C,0,MT-TG,1000,5,-0.0001983046531677246
10034,T,C,0,MT-TG,1000,5,-0.0007290244102478027
10463,T,C,0,MT-TR,1000,5,-0.0010071396827697754
12147,G,A,1,MT-TH,1000,5,-0.001804053783416748
12201,T,C,1,MT-TH,1000,5,-0.0004221200942993164
12239,C,T,0,MT-TS2,1000,5,7.033348083496094e-05
12258,C,A,1,MT-TS2,1000,5,-0.002025604248046875
12276,G,A,1,MT-TL2,1000,5,-0.002744317054748535
12308,A,G,0,MT-TL2,1000,5,-0.000896751880645752
12315,G,A,1,MT-TL2,1000,5,-0.0014671087265014648
14674,T,C,1,MT-TE,1000,5,-0.0009399056434631348
14684,C,T,0,MT-TE,1000,5,0.00026667118072509766
14709,T,C,1,MT-TE,1000,5,-0.0012888312339782715
15894,G,A,0,MT-TT,1000,5,-0.0015381574630737305
15904,C,T,0,MT-TT,1000,5,0.00030040740966796875
15907,A,G,0,MT-TT,1000,5,-0.0008783340454101562
15923,A,G,1,MT-TT,1000,5,-0.0014156103134155273
15924,A,G,0,MT-TT,1000,5,-0.0004994869232177734
15928,G,A,0,MT-TT,1000,5,-0.0004286766052246094
15990,C,T,1,MT-TP,1000,5,-0.003982663154602051
591,C,T,1,MT-TF,1000,6,0.003429412841796875
616,T,C,1,MT-TF,1000,6,-0.003735065460205078
629,T,C,0,MT-TF,1000,6,-0.0001024007797241211
1624,C,T,1,MT-TV,1000,6,-0.00010824203491210938
1644,G,A,1,MT-TV,1000,6,-0.00120466947555542
3242,G,A,1,MT-TL1,1000,6,-0.0019304156303405762
3243,A,G,1,MT-TL1,1000,6,-0.0038764476776123047
3243,A,T,1,MT-TL1,1000,6,-0.007910430431365967
3251,A,G,1,MT-TL1,1000,6,-0.0014181733131408691
3252,A,G,1,MT-TL1,1000,6,-0.0010823607444763184
3255,G,A,1,MT-TL1,1000,6,-0.0023764967918395996
3256,C,T,1,MT-TL1,1000,6,-0.0026078224182128906
3258,T,C,1,MT-TL1,1000,6,-0.0006504058837890625
3260,A,G,1,MT-TL1,1000,6,-0.0020146965980529785
3271,T,C,1,MT-TL1,1000,6,-0.0010880827903747559
3291,T,C,1,MT-TL1,1000,6,-0.0010991096496582031
3302,A,G,1,MT-TL1,1000,6,-0.00042438507080078125
3303,C,T,1,MT-TL1,1000,6,-0.0008449554443359375
4300,A,G,1,MT-TI,1000,6,-0.001338362693786621
4336,T,C,0,MT-TQ,1000,6,-0.0003541707992553711
4370,T,C,0,MT-TQ,1000,6,-0.00031298398971557617
4450,G,A,1,MT-TM,1000,6,-0.0009453296661376953
4452,T,C,0,MT-TM,1000,6,9.953975677490234e-05
5521,G,A,1,MT-TW,1000,6,-0.0022823214530944824
5553,T,C,0,MT-TW,1000,6,-0.0007631182670593262
5556,G,A,1,MT-TW,1000,6,-0.0009166598320007324
5650,G,A,1,MT-TA,1000,6,-0.0013424158096313477
5690,A,G,1,MT-TN,1000,6,-0.0015616416931152344
5703,G,A,1,MT-TN,1000,6,-0.00013840198516845703
5728,T,C,1,MT-TN,1000,6,-0.0012279748916625977
5814,T,C,0,MT-TC,1000,6,-0.0006573796272277832
7453,G,A,1,MT-TS1,1000,6,-0.0013833045959472656
7471,C,T,0,MT-TS1,1000,6,0.0012764930725097656
7472,A,T,0,MT-TS1,1000,6,0.00019252300262451172
7476,C,T,0,MT-TS1,1000,6,0.00021582841873168945
7493,C,T,0,MT-TS1,1000,6,-0.00021564960479736328
7497,G,A,1,MT-TS1,1000,6,0.0003483891487121582
7498,G,A,0,MT-TS1,1000,6,0.00042641162872314453
7510,T,C,1,MT-TS1,1000,6,-0.0005730986595153809
7511,T,C,1,MT-TS1,1000,6,-0.0001068115234375
7512,T,C,1,MT-TS1,1000,6,0.0004067420959472656
8313,G,A,1,MT-TK,1000,6,-0.001373291015625
8340,G,A,1,MT-TK,1000,6,-0.0004519224166870117
8344,A,G,1,MT-TK,1000,6,-0.00025153160095214844
8348,A,G,0,MT-TK,1000,6,-0.0006069540977478027
8356,T,C,1,MT-TK,1000,6,-0.0005593299865722656
8363,G,A,1,MT-TK,1000,6,-0.0016487836837768555
10007,T,C,0,MT-TG,1000,6,-0.0002517104148864746
10034,T,C,0,MT-TG,1000,6,-0.00031620264053344727
10463,T,C,0,MT-TR,1000,6,-0.0007661581039428711
12147,G,A,1,MT-TH,1000,6,-0.00153350830078125
12201,T,C,1,MT-TH,1000,6,-0.00048357248306274414
12239,C,T,0,MT-TS2,1000,6,-0.00022125244140625
12258,C,A,1,MT-TS2,1000,6,-0.0018808841705322266
12276,G,A,1,MT-TL2,1000,6,-0.001998305320739746
12308,A,G,0,MT-TL2,1000,6,-0.0008837580680847168
12315,G,A,1,MT-TL2,1000,6,-0.0013245344161987305
14674,T,C,1,MT-TE,1000,6,-0.0004787445068359375
14684,C,T,0,MT-TE,1000,6,-9.179115295410156e-05
14709,T,C,1,MT-TE,1000,6,-0.0009353160858154297
15894,G,A,0,MT-TT,1000,6,-0.001424551010131836
15904,C,T,0,MT-TT,1000,6,-1.1444091796875e-05
15907,A,G,0,MT-TT,1000,6,-0.0009565353393554688
15923,A,G,1,MT-TT,1000,6,-0.001166224479675293
15924,A,G,0,MT-TT,1000,6,-0.00017344951629638672
15928,G,A,0,MT-TT,1000,6,-0.0006157159805297852
15990,C,T,1,MT-TP,1000,6,-0.004616379737854004
591,C,T,1,MT-TF,1000,7,0.0029230117797851562
616,T,C,1,MT-TF,1000,7,-0.003948092460632324
629,T,C,0,MT-TF,1000,7,0.00021779537200927734
1624,C,T,1,MT-TV,1000,7,0.0001628398895263672
1644,G,A,1,MT-TV,1000,7,-0.0014091730117797852
3242,G,A,1,MT-TL1,1000,7,-0.0024836063385009766
3243,A,G,1,MT-TL1,1000,7,-0.003838479518890381
3243,A,T,1,MT-TL1,1000,7,-0.008224725723266602
3251,A,G,1,MT-TL1,1000,7,-0.0010755658149719238
3252,A,G,1,MT-TL1,1000,7,-0.001013338565826416
3255,G,A,1,MT-TL1,1000,7,-0.002543926239013672
3256,C,T,1,MT-TL1,1000,7,-0.0018457770347595215
3258,T,C,1,MT-TL1,1000,7,-0.0005345344543457031
3260,A,G,1,MT-TL1,1000,7,-0.0018261075019836426
3271,T,C,1,MT-TL1,1000,7,-0.0009412765502929688
3291,T,C,1,MT-TL1,1000,7,-0.00046318769454956055
3302,A,G,1,MT-TL1,1000,7,-0.000295102596282959
3303,C,T,1,MT-TL1,1000,7,-0.0014223456382751465
4300,A,G,1,MT-TI,1000,7,-0.0018665790557861328
4336,T,C,0,MT-TQ,1000,7,-1.1622905731201172e-05
4370,T,C,0,MT-TQ,1000,7,-0.0005419254302978516
4450,G,A,1,MT-TM,1000,7,-0.0012663006782531738
4452,T,C,0,MT-TM,1000,7,-0.0006116628646850586
5521,G,A,1,MT-TW,1000,7,-0.0023356080055236816
5553,T,C,0,MT-TW,1000,7,-0.00011092424392700195
5556,G,A,1,MT-TW,1000,7,-0.0011282563209533691
5650,G,A,1,MT-TA,1000,7,-0.0005714893341064453
5690,A,G,1,MT-TN,1000,7,-0.0016815662384033203
5703,G,A,1,MT-TN,1000,7,0.00035375356674194336
5728,T,C,1,MT-TN,1000,7,-0.0010093450546264648
5814,T,C,0,MT-TC,1000,7,-0.0008462071418762207
7453,G,A,1,MT-TS1,1000,7,-0.0018405318260192871
7471,C,T,0,MT-TS1,1000,7,0.0009425878524780273
7472,A,T,0,MT-TS1,1000,7,-4.214048385620117e-05
7476,C,T,0,MT-TS1,1000,7,0.00013327598571777344
7493,C,T,0,MT-TS1,1000,7,9.131431579589844e-05
7497,G,A,1,MT-TS1,1000,7,0.00024366378784179688
7498,G,A,0,MT-TS1,1000,7,0.0006947517395019531
7510,T,C,1,MT-TS1,1000,7,-0.0006260871887207031
7511,T,C,1,MT-TS1,1000,7,-7.998943328857422e-05
7512,T,C,1,MT-TS1,1000,7,0.0009225010871887207
8313,G,A,1,MT-TK,1000,7,-0.0019326210021972656
8340,G,A,1,MT-TK,1000,7,-0.000506281852722168
8344,A,G,1,MT-TK,1000,7,-0.00039839744567871094
8348,A,G,0,MT-TK,1000,7,-0.00025981664657592773
8356,T,C,1,MT-TK,1000,7,-0.0008373260498046875
8363,G,A,1,MT-TK,1000,7,-0.0014657974243164062
10007,T,C,0,MT-TG,1000,7,-0.0005687475204467773
10034,T,C,0,MT-TG,1000,7,-0.0003731846809387207
10463,T,C,0,MT-TR,1000,7,-0.0006748437881469727
12147,G,A,1,MT-TH,1000,7,-0.0023484230041503906
12201,T,C,1,MT-TH,1000,7,-0.000712275505065918
12239,C,T,0,MT-TS2,1000,7,-0.00042128562927246094
12258,C,A,1,MT-TS2,1000,7,-0.0022128820419311523
12276,G,A,1,MT-TL2,1000,7,-0.0023606419563293457
12308,A,G,0,MT-TL2,1000,7,-0.0012161731719970703
12315,G,A,1,MT-TL2,1000,7,-0.0015682578086853027
14674,T,C,1,MT-TE,1000,7,-0.0008106231689453125
14684,C,T,0,MT-TE,1000,7,-0.0005584955215454102
14709,T,C,1,MT-TE,1000,7,-0.0013602375984191895
15894,G,A,0,MT-TT,1000,7,-0.0018924474716186523
15904,C,T,0,MT-TT,1000,7,0.00036716461181640625
15907,A,G,0,MT-TT,1000,7,-0.0007703304290771484
15923,A,G,1,MT-TT,1000,7,-0.002316594123840332
15924,A,G,0,MT-TT,1000,7,-0.0004476308822631836
15928,G,A,0,MT-TT,1000,7,-0.0005338191986083984
15990,C,T,1,MT-TP,1000,7,-0.003101825714111328
591,C,T,1,MT-TF,1000,8,0.0021704435348510742
616,T,C,1,MT-TF,1000,8,-0.002634406089782715
629,T,C,0,MT-TF,1000,8,0.0002002716064453125
1624,C,T,1,MT-TV,1000,8,-0.0003858804702758789
1644,G,A,1,MT-TV,1000,8,-0.0005112886428833008
3242,G,A,1,MT-TL1,1000,8,-0.003083169460296631
3243,A,G,1,MT-TL1,1000,8,-0.004266083240509033
3243,A,T,1,MT-TL1,1000,8,-0.00787729024887085
3251,A,G,1,MT-TL1,1000,8,-0.0021169185638427734
3252,A,G,1,MT-TL1,1000,8,-0.0012108087539672852
3255,G,A,1,MT-TL1,1000,8,-0.0020616650581359863
3256,C,T,1,MT-TL1,1000,8,-0.0022148489952087402
3258,T,C,1,MT-TL1,1000,8,-0.0007039904594421387
3260,A,G,1,MT-TL1,1000,8,-0.0016350746154785156
3271,T,C,1,MT-TL1,1000,8,-0.0007195472717285156
3291,T,C,1,MT-TL1,1000,8,-0.0006928443908691406
3302,A,G,1,MT-TL1,1000,8,-0.0003579258918762207
3303,C,T,1,MT-TL1,1000,8,-0.001940608024597168
4300,A,G,1,MT-TI,1000,8,-0.0013253092765808105
4336,T,C,0,MT-TQ,1000,8,-0.0006361603736877441
4370,T,C,0,MT-TQ,1000,8,-6.872415542602539e-05
4450,G,A,1,MT-TM,1000,8,-0.0011224150657653809
4452,T,C,0,MT-TM,1000,8,-0.0006717443466186523
5521,G,A,1,MT-TW,1000,8,-0.0019791126251220703
5553,T,C,0,MT-TW,1000,8,-0.0007834434509277344
5556,G,A,1,MT-TW,1000,8,-0.0012196898460388184
5650,G,A,1,MT-TA,1000,8,-0.0013979673385620117
5690,A,G,1,MT-TN,1000,8,-0.0023903250694274902
5703,G,A,1,MT-TN,1000,8,9.953975677490234e-06
5728,T,C,1,MT-TN,1000,8,-0.0005203485488891602
5814,T,C,0,MT-TC,1000,8,-0.00036513805389404297
7453,G,A,1,MT-TS1,1000,8,-0.002234160900115967
7471,C,T,0,MT-TS1,1000,8,0.0008718967437744141
7472,A,T,0,MT-TS1,1000,8,-0.00017654895782470703
7476,C,T,0,MT-TS1,1000,8,0.000164031982421875
7493,C,T,0,MT-TS1,1000,8,-0.00046068429946899414
7497,G,A,1,MT-TS1,1000,8,0.00035262107849121094
7498,G,A,0,MT-TS1,1000,8,0.0007354021072387695
7510,T,C,1,MT-TS1,1000,8,-0.0005504488945007324
7511,T,C,1,MT-TS1,1000,8,-0.000602424144744873
7512,T,C,1,MT-TS1,1000,8,0.0005885958671569824
8313,G,A,1,MT-TK,1000,8,-0.0018956661224365234
8340,G,A,1,MT-TK,1000,8,-0.0012078285217285156
8344,A,G,1,MT-TK,1000,8,-0.0006928443908691406
8348,A,G,0,MT-TK,1000,8,-0.00017726421356201172
8356,T,C,1,MT-TK,1000,8,-0.00018489360809326172
8363,G,A,1,MT-TK,1000,8,-0.001248002052307129
10007,T,C,0,MT-TG,1000,8,1.8715858459472656e-05
10034,T,C,0,MT-TG,1000,8,-0.0001780986785888672
10463,T,C,0,MT-TR,1000,8,-0.0010281205177307129
12147,G,A,1,MT-TH,1000,8,-0.0020326972007751465
12201,T,C,1,MT-TH,1000,8,-0.000967562198638916
12239,C,T,0,MT-TS2,1000,8,-0.00013756752014160156
12258,C,A,1,MT-TS2,1000,8,-0.0023505687713623047
12276,G,A,1,MT-TL2,1000,8,-0.0026723146438598633
12308,A,G,0,MT-TL2,1000,8,-0.0011388063430786133
12315,G,A,1,MT-TL2,1000,8,-0.001386880874633789
14674,T,C,1,MT-TE,1000,8,-0.0005266070365905762
14684,C,T,0,MT-TE,1000,8,-0.00034296512603759766
14709,T,C,1,MT-TE,1000,8,-0.000485837459564209
15894,G,A,0,MT-TT,1000,8,-0.0011185407638549805
15904,C,T,0,MT-TT,1000,8,0.0006649494171142578
15907,A,G,0,MT-TT,1000,8,-0.0010055303573608398
15923,A,G,1,MT-TT,1000,8,-0.0014309883117675781
15924,A,G,0,MT-TT,1000,8,-0.0006102323532104492
15928,G,A,0,MT-TT,1000,8,-0.0001838207244873047
15990,C,T,1,MT-TP,1000,8,-0.004746079444885254
591,C,T,1,MT-TF,1000,9,0.003118276596069336
616,T,C,1,MT-TF,1000,9,-0.003098607063293457
629,T,C,0,MT-TF,1000,9,-0.0001785755157470703
1624,C,T,1,MT-TV,1000,9,0.00010114908218383789
1644,G,A,1,MT-TV,1000,9,-0.0005232095718383789
3242,G,A,1,MT-TL1,1000,9,-0.002463042736053467
3243,A,G,1,MT-TL1,1000,9,-0.0036350488662719727
3243,A,T,1,MT-TL1,1000,9,-0.008355915546417236
3251,A,G,1,MT-TL1,1000,9,-0.001008749008178711
3252,A,G,1,MT-TL1,1000,9,-0.0012947916984558105
3255,G,A,1,MT-TL1,1000,9,-0.0021452903747558594
3256,C,T,1,MT-TL1,1000,9,-0.0023970603942871094
3258,T,C,1,MT-TL1,1000,9,-0.00012230873107910156
3260,A,G,1,MT-TL1,1000,9,-0.002141714096069336
3271,T,C,1,MT-TL1,1000,9,-0.0005332231521606445
3291,T,C,1,MT-TL1,1000,9,-0.00031888484954833984
3302,A,G,1,MT-TL1,1000,9,-0.0004685521125793457
3303,C,T,1,MT-TL1,1000,9,-0.0017011165618896484
4300,A,G,1,MT-TI,1000,9,-0.0012875795364379883
4336,T,C,0,MT-TQ,1000,9,0.0005055665969848633
4370,T,C,0,MT-TQ,1000,9,-0.0005277395248413086
4450,G,A,1,MT-TM,1000,9,-0.0008916258811950684
4452,T,C,0,MT-TM,1000,9,-0.0006514787673950195
5521,G,A,1,MT-TW,1000,9,-0.00201338529586792
5553,T,C,0,MT-TW,1000,9,-0.0010991096496582031
5556,G,A,1,MT-TW,1000,9,-0.0017634034156799316
5650,G,A,1,MT-TA,1000,9,-0.001625359058380127
5690,A,G,1,MT-TN,1000,9,-0.0023039579391479492
5703,G,A,1,MT-TN,1000,9,0.00026303529739379883
5728,T,C,1,MT-TN,1000,9,-0.0010284781455993652
5814,T,C,0,MT-TC,1000,9,-0.00045418739318847656
7453,G,A,1,MT-TS1,1000,9,-0.0017772912979125977
7471,C,T,0,MT-TS1,1000,9,0.00098341703414917
7472,A,T,0,MT-TS1,1000,9,0.0001227855682373047
7476,C,T,0,MT-TS1,1000,9,4.0531158447265625e-06
7493,C,T,0,MT-TS1,1000,9,-0.000522613525390625
7497,G,A,1,MT-TS1,1000,9,0.00048148632049560547
7498,G,A,0,MT-TS1,1000,9,0.0008508563041687012
7510,T,C,1,MT-TS1,1000,9,-0.0007908344268798828
7511,T,C,1,MT-TS1,1000,9,-0.0007355213165283203
7512,T,C,1,MT-TS1,1000,9,0.00027954578399658203
8313,G,A,1,MT-TK,1000,9,-0.0021651387214660645
8340,G,A,1,MT-TK,1000,9,-0.0011421442031860352
8344,A,G,1,MT-TK,1000,9,0.00032955408096313477
8348,A,G,0,MT-TK,1000,9,-0.0006376504898071289
8356,T,C,1,MT-TK,1000,9,-0.000484466552734375
8363,G,A,1,MT-TK,1000,9,-0.0011453628540039062
10007,T,C,0,MT-TG,1000,9,-0.0006379485130310059
10034,T,C,0,MT-TG,1000,9,0.0002582669258117676
10463,T,C,0,MT-TR,1000,9,-0.000980973243713379
12147,G,A,1,MT-TH,1000,9,-0.0018357634544372559
12201,T,C,1,MT-TH,1000,9,-0.0009336471557617188
12239,C,T,0,MT-TS2,1000,9,6.973743438720703e-06
12258,C,A,1,MT-TS2,1000,9,-0.002753734588623047
12276,G,A,1,MT-TL2,1000,9,-0.002210676670074463
12308,A,G,0,MT-TL2,1000,9,-0.0011301040649414062
12315,G,A,1,MT-TL2,1000,9,-0.002167940139770508
14674,T,C,1,MT-TE,1000,9,-0.0005372166633605957
14684,C,T,0,MT-TE,1000,9,-0.000645756721496582
14709,T,C,1,MT-TE,1000,9,-0.0009519457817077637
15894,G,A,0,MT-TT,1000,9,-0.000725865364074707
15904,C,T,0,MT-TT,1000,9,0.00033533573150634766
15907,A,G,0,MT-TT,1000,9,-0.0010867118835449219
15923,A,G,1,MT-TT,1000,9,-0.0018720626831054688
15924,A,G,0,MT-TT,1000,9,-0.0006300210952758789
15928,G,A,0,MT-TT,1000,9,3.457069396972656e-05
15990,C,T,1,MT-TP,1000,9,-0.0038160085678100586
591,C,T,1,MT-TF,1500,0,0.001367032527923584
616,T,C,1,MT-TF,1500,0,-0.006343483924865723
629,T,C,0,MT-TF,1500,0,0.00015085935592651367
1624,C,T,1,MT-TV,1500,0,-0.0006005167961120605
1644,G,A,1,MT-TV,1500,0,-0.0012148618698120117
3242,G,A,1,MT-TL1,1500,0,-0.0023126602172851562
3243,A,G,1,MT-TL1,1500,0,-0.003746509552001953
3243,A,T,1,MT-TL1,1500,0,-0.008366882801055908
3251,A,G,1,MT-TL1,1500,0,-0.001524209976196289
3252,A,G,1,MT-TL1,1500,0,-0.001980125904083252
3255,G,A,1,MT-TL1,1500,0,-0.002256929874420166
3256,C,T,1,MT-TL1,1500,0,-0.0030945539474487305
3258,T,C,1,MT-TL1,1500,0,-0.0012500882148742676
3260,A,G,1,MT-TL1,1500,0,-0.002284109592437744
3271,T,C,1,MT-TL1,1500,0,-0.0006846189498901367
3291,T,C,1,MT-TL1,1500,0,-0.0005472898483276367
3302,A,G,1,MT-TL1,1500,0,-0.000502169132232666
3303,C,T,1,MT-TL1,1500,0,-0.0016534924507141113
4300,A,G,1,MT-TI,1500,0,-0.000841677188873291
4336,T,C,0,MT-TQ,1500,0,-0.0004152059555053711
4370,T,C,0,MT-TQ,1500,0,0.0005370378494262695
4450,G,A,1,MT-TM,1500,0,-0.0010691285133361816
4452,T,C,0,MT-TM,1500,0,0.0006005764007568359
5521,G,A,1,MT-TW,1500,0,-0.0024219155311584473
5553,T,C,0,MT-TW,1500,0,0.00010055303573608398
5556,G,A,1,MT-TW,1500,0,-0.001300215721130371
5650,G,A,1,MT-TA,1500,0,-0.0015262961387634277
5690,A,G,1,MT-TN,1500,0,-0.002024233341217041
5703,G,A,1,MT-TN,1500,0,-0.0001043081283569336
5728,T,C,1,MT-TN,1500,0,-0.0005761384963989258
5814,T,C,0,MT-TC,1500,0,-0.001047670841217041
7453,G,A,1,MT-TS1,1500,0,-0.0017609000205993652
7471,C,T,0,MT-TS1,1500,0,0.0006673932075500488
7472,A,T,0,MT-TS1,1500,0,7.385015487670898e-05
7476,C,T,0,MT-TS1,1500,0,-0.0002409219741821289
7493,C,T,0,MT-TS1,1500,0,0.00011301040649414062
7497,G,A,1,MT-TS1,1500,0,0.0006641149520874023
7498,G,A,0,MT-TS1,1500,0,0.00025463104248046875
7510,T,C,1,MT-TS1,1500,0,-0.0005255937576293945
7511,T,C,1,MT-TS1,1500,0,-0.0008737444877624512
7512,T,C,1,MT-TS1,1500,0,-0.00013244152069091797
8313,G,A,1,MT-TK,1500,0,-0.0019482970237731934
8340,G,A,1,MT-TK,1500,0,-0.0010169744491577148
8344,A,G,1,MT-TK,1500,0,1.6033649444580078e-05
8348,A,G,0,MT-TK,1500,0,-0.0002371072769165039
8356,T,C,1,MT-TK,1500,0,-0.000723719596862793
8363,G,A,1,MT-TK,1500,0,-0.0013950467109680176
10007,T,C,0,MT-TG,1500,0,-0.0009825825691223145
10034,T,C,0,MT-TG,1500,0,-0.000511467456817627
10463,T,C,0,MT-TR,1500,0,-0.00044411420822143555
12147,G,A,1,MT-TH,1500,0,-0.0026160478591918945
12201,T,C,1,MT-TH,1500,0,-0.0012990236282348633
12239,C,T,0,MT-TS2,1500,0,0.0005015134811401367
12258,C,A,1,MT-TS2,1500,0,-0.002547025680541992
12276,G,A,1,MT-TL2,1500,0,-0.0018945932388305664
12308,A,G,0,MT-TL2,1500,0,-0.0020192861557006836
12315,G,A,1,MT-TL2,1500,0,-0.0020030736923217773
14674,T,C,1,MT-TE,1500,0,-0.0005922317504882812
14684,C,T,0,MT-TE,1500,0,0.0001894235610961914
14709,T,C,1,MT-TE,1500,0,-0.0012902617454528809
15894,G,A,0,MT-TT,1500,0,-0.001382589340209961
15904,C,T,0,MT-TT,1500,0,-2.5451183319091797e-05
15907,A,G,0,MT-TT,1500,0,-0.0009546279907226562
15923,A,G,1,MT-TT,1500,0,-0.00045305490493774414
15924,A,G,0,MT-TT,1500,0,0.00015151500701904297
15928,G,A,0,MT-TT,1500,0,-0.00039833784103393555
15990,C,T,1,MT-TP,1500,0,0.0007620453834533691
591,C,T,1,MT-TF,1500,1,0.0012319087982177734
616,T,C,1,MT-TF,1500,1,-0.0062139034271240234
629,T,C,0,MT-TF,1500,1,-0.0002428293228149414
1624,C,T,1,MT-TV,1500,1,0.00029653310775756836
1644,G,A,1,MT-TV,1500,1,-0.0009205937385559082
3242,G,A,1,MT-TL1,1500,1,-0.0029588937759399414
3243,A,G,1,MT-TL1,1500,1,-0.005664348602294922
3243,A,T,1,MT-TL1,1500,1,-0.007984936237335205
3251,A,G,1,MT-TL1,1500,1,-0.0016908645629882812
3252,A,G,1,MT-TL1,1500,1,-0.0015559196472167969
3255,G,A,1,MT-TL1,1500,1,-0.002475440502166748
3256,C,T,1,MT-TL1,1500,1,-0.002432107925415039
3258,T,C,1,MT-TL1,1500,1,-0.0008167624473571777
3260,A,G,1,MT-TL1,1500,1,-0.002452075481414795
3271,T,C,1,MT-TL1,1500,1,-0.0004912018775939941
3291,T,C,1,MT-TL1,1500,1,-0.0010204315185546875
3302,A,G,1,MT-TL1,1500,1,-0.0012489557266235352
3303,C,T,1,MT-TL1,1500,1,-0.0011980533599853516
4300,A,G,1,MT-TI,1500,1,-0.0008312463760375977
4336,T,C,0,MT-TQ,1500,1,-3.1113624572753906e-05
4370,T,C,0,MT-TQ,1500,1,-0.00043976306915283203
4450,G,A,1,MT-TM,1500,1,-0.0019748806953430176
4452,T,C,0,MT-TM,1500,1,-0.00042808055877685547
5521,G,A,1,MT-TW,1500,1,-0.0021104812622070312
5553,T,C,0,MT-TW,1500,1,-0.0007294416427612305
5556,G,A,1,MT-TW,1500,1,-0.0006673336029052734
5650,G,A,1,MT-TA,1500,1,-0.0017657876014709473
5690,A,G,1,MT-TN,1500,1,-0.001584768295288086
5703,G,A,1,MT-TN,1500,1,0.0003464818000793457
5728,T,C,1,MT-TN,1500,1,-0.001356661319732666
5814,T,C,0,MT-TC,1500,1,-0.000564277172088623
7453,G,A,1,MT-TS1,1500,1,-0.0016862154006958008
7471,C,T,0,MT-TS1,1500,1,0.0004538297653198242
7472,A,T,0,MT-TS1,1500,1,-0.00032192468643188477
7476,C,T,0,MT-TS1,1500,1,0.000756382942199707
7493,C,T,0,MT-TS1,1500,1,6.92605972290039e-05
7497,G,A,1,MT-TS1,1500,1,-7.069110870361328e-05
7498,G,A,0,MT-TS1,1500,1,0.0006330609321594238
7510,T,C,1,MT-TS1,1500,1,-0.0011571645736694336
7511,T,C,1,MT-TS1,1500,1,-0.0006043314933776855
7512,T,C,1,MT-TS1,1500,1,0.0003933906555175781
8313,G,A,1,MT-TK,1500,1,-0.0022085905075073242
8340,G,A,1,MT-TK,1500,1,-0.0008310675621032715
8344,A,G,1,MT-TK,1500,1,-0.0007760524749755859
8348,A,G,0,MT-TK,1500,1,-0.0007202625274658203
8356,T,C,1,MT-TK,1500,1,-0.001188516616821289
8363,G,A,1,MT-TK,1500,1,-0.0015316009521484375
10007,T,C,0,MT-TG,1500,1,-0.0006352663040161133
10034,T,C,0,MT-TG,1500,1,-0.0002644062042236328
10463,T,C,0,MT-TR,1500,1,-0.00017219781875610352
12147,G,A,1,MT-TH,1500,1,-0.00209963321685791
12201,T,C,1,MT-TH,1500,1,-0.0010908842086791992
12239,C,T,0,MT-TS2,1500,1,-0.0007871389389038086
12258,C,A,1,MT-TS2,1500,1,-0.001974344253540039
12276,G,A,1,MT-TL2,1500,1,-0.0024542808532714844
12308,A,G,0,MT-TL2,1500,1,-0.0005934834480285645
12315,G,A,1,MT-TL2,1500,1,-0.002169311046600342
14674,T,C,1,MT-TE,1500,1,-0.0013374686241149902
14684,C,T,0,MT-TE,1500,1,-0.00015747547149658203
14709,T,C,1,MT-TE,1500,1,-0.0007819533348083496
15894,G,A,0,MT-TT,1500,1,-0.0011036992073059082
15904,C,T,0,MT-TT,1500,1,0.0008667111396789551
15907,A,G,0,MT-TT,1500,1,-0.001442551612854004
15923,A,G,1,MT-TT,1500,1,0.00025904178619384766
15924,A,G,0,MT-TT,1500,1,-0.0003680586814880371
15928,G,A,0,MT-TT,1500,1,-0.0009385943412780762
15990,C,T,1,MT-TP,1500,1,0.0006772875785827637
591,C,T,1,MT-TF,1500,2,0.0011773109436035156
616,T,C,1,MT-TF,1500,2,-0.006355643272399902
629,T,C,0,MT-TF,1500,2,-0.0008783340454101562
1624,C,T,1,MT-TV,1500,2,-0.00046443939208984375
1644,G,A,1,MT-TV,1500,2,-0.0010619163513183594
3242,G,A,1,MT-TL1,1500,2,-0.001965463161468506
3243,A,G,1,MT-TL1,1500,2,-0.00438612699508667
3243,A,T,1,MT-TL1,1500,2,-0.008497416973114014
3251,A,G,1,MT-TL1,1500,2,-0.0018547773361206055
3252,A,G,1,MT-TL1,1500,2,-0.0014315247535705566
3255,G,A,1,MT-TL1,1500,2,-0.0030416250228881836
3256,C,T,1,MT-TL1,1500,2,-0.0020474791526794434
3258,T,C,1,MT-TL1,1500,2,-0.0005115270614624023
3260,A,G,1,MT-TL1,1500,2,-0.0015854835510253906
3271,T,C,1,MT-TL1,1500,2,-0.00033462047576904297
3291,T,C,1,MT-TL1,1500,2,-0.0002173781394958496
3302,A,G,1,MT-TL1,1500,2,-0.0002359151840209961
3303,C,T,1,MT-TL1,1500,2,-0.0013034939765930176
4300,A,G,1,MT-TI,1500,2,-0.0008768439292907715
4336,T,C,0,MT-TQ,1500,2,-0.00031256675720214844
4370,T,C,0,MT-TQ,1500,2,-8.14199447631836e-05
4450,G,A,1,MT-TM,1500,2,-0.0009629130363464355
4452,T,C,0,MT-TM,1500,2,-0.0005955100059509277
5521,G,A,1,MT-TW,1500,2,-0.0006326436996459961
5553,T,C,0,MT-TW,1500,2,-0.0006006956100463867
5556,G,A,1,MT-TW,1500,2,-0.001524806022644043
5650,G,A,1,MT-TA,1500,2,-0.001298666000366211
5690,A,G,1,MT-TN,1500,2,-0.0018382072448730469
5703,G,A,1,MT-TN,1500,2,-0.00012385845184326172
5728,T,C,1,MT-TN,1500,2,-0.0007135868072509766
5814,T,C,0,MT-TC,1500,2,-0.0014042854309082031
7453,G,A,1,MT-TS1,1500,2,-0.001556694507598877
7471,C,T,0,MT-TS1,1500,2,0.0008939504623413086
7472,A,T,0,MT-TS1,1500,2,-0.0004894137382507324
7476,C,T,0,MT-TS1,1500,2,0.0008650422096252441
7493,C,T,0,MT-TS1,1500,2,0.0001590251922607422
7497,G,A,1,MT-TS1,1500,2,2.6106834411621094e-05
7498,G,A,0,MT-TS1,1500,2,-0.00011068582534790039
7510,T,C,1,MT-TS1,1500,2,-0.0003930330276489258
7511,T,C,1,MT-TS1,1500,2,-0.0011317133903503418
7512,T,C,1,MT-TS1,1500,2,0.0005466341972351074
8313,G,A,1,MT-TK,1500,2,-0.0018875598907470703
8340,G,A,1,MT-TK,1500,2,-0.0009360909461975098
8344,A,G,1,MT-TK,1500,2,0.0005008578300476074
8348,A,G,0,MT-TK,1500,2,-0.0006585121154785156
8356,T,C,1,MT-TK,1500,2,-0.0012140274047851562
8363,G,A,1,MT-TK,1500,2,-0.0014644861221313477
10007,T,C,0,MT-TG,1500,2,0.0002422332763671875
10034,T,C,0,MT-TG,1500,2,-2.0563602447509766e-05
10463,T,C,0,MT-TR,1500,2,-0.000759124755859375
12147,G,A,1,MT-TH,1500,2,-0.0018314719200134277
12201,T,C,1,MT-TH,1500,2,-0.001737356185913086
12239,C,T,0,MT-TS2,1500,2,-0.00012254714965820312
12258,C,A,1,MT-TS2,1500,2,-0.0018941164016723633
12276,G,A,1,MT-TL2,1500,2,-0.0024688243865966797
12308,A,G,0,MT-TL2,1500,2,-0.0010372400283813477
12315,G,A,1,MT-TL2,1500,2,-0.0020995140075683594
14674,T,C,1,MT-TE,1500,2,-0.0011149048805236816
14684,C,T,0,MT-TE,1500,2,-4.00543212890625e-05
14709,T,C,1,MT-TE,1500,2,-0.0013301372528076172
15894,G,A,0,MT-TT,1500,2,-0.0017485618591308594
15904,C,T,0,MT-TT,1500,2,0.0005860328674316406
15907,A,G,0,MT-TT,1500,2,-0.0019436478614807129
15923,A,G,1,MT-TT,1500,2,-0.0009002685546875
15924,A,G,0,MT-TT,1500,2,0.0001621246337890625
15928,G,A,0,MT-TT,1500,2,-0.0006982088088989258
15990,C,T,1,MT-TP,1500,2,0.0002747178077697754
591,C,T,1,MT-TF,1500,3,0.0025524497032165527
616,T,C,1,MT-TF,1500,3,-0.006383419036865234
629,T,C,0,MT-TF,1500,3,-0.0004913806915283203
1624,C,T,1,MT-TV,1500,3,-0.00018018484115600586
1644,G,A,1,MT-TV,1500,3,-0.0008101463317871094
3242,G,A,1,MT-TL1,1500,3,-0.003266751766204834
3243,A,G,1,MT-TL1,1500,3,-0.004064738750457764
3243,A,T,1,MT-TL1,1500,3,-0.00804591178894043
3251,A,G,1,MT-TL1,1500,3,-0.0016051530838012695
3252,A,G,1,MT-TL1,1500,3,-0.0016190409660339355
3255,G,A,1,MT-TL1,1500,3,-0.0029581189155578613
3256,C,T,1,MT-TL1,1500,3,-0.002342402935028076
3258,T,C,1,MT-TL1,1500,3,-0.0011712908744812012
3260,A,G,1,MT-TL1,1500,3,-0.002564370632171631
3271,T,C,1,MT-TL1,1500,3,-0.0004687309265136719
3291,T,C,1,MT-TL1,1500,3,-0.0004968047142028809
3302,A,G,1,MT-TL1,1500,3,-0.0008040666580200195
3303,C,T,1,MT-TL1,1500,3,-0.0011872649192810059
4300,A,G,1,MT-TI,1500,3,-0.001475691795349121
4336,T,C,0,MT-TQ,1500,3,0.0004488825798034668
4370,T,C,0,MT-TQ,1500,3,-0.0001430511474609375
4450,G,A,1,MT-TM,1500,3,-0.001136481761932373
4452,T,C,0,MT-TM,1500,3,-8.344650268554688e-06
5521,G,A,1,MT-TW,1500,3,-0.0016185641288757324
5553,T,C,0,MT-TW,1500,3,-0.0008285641670227051
5556,G,A,1,MT-TW,1500,3,-0.0007703304290771484
5650,G,A,1,MT-TA,1500,3,-0.001122891902923584
5690,A,G,1,MT-TN,1500,3,-0.001841723918914795
5703,G,A,1,MT-TN,1500,3,0.00042241811752319336
5728,T,C,1,MT-TN,1500,3,-0.0005905628204345703
5814,T,C,0,MT-TC,1500,3,-0.0010535717010498047
7453,G,A,1,MT-TS1,1500,3,-0.0019934773445129395
7471,C,T,0,MT-TS1,1500,3,0.0007736682891845703
7472,A,T,0,MT-TS1,1500,3,-0.00019603967666625977
7476,C,T,0,MT-TS1,1500,3,0.0005307197570800781
7493,C,T,0,MT-TS1,1500,3,4.0531158447265625e-06
7497,G,A,1,MT-TS1,1500,3,0.0008364319801330566
7498,G,A,0,MT-TS1,1500,3,0.0001232624053955078
7510,T,C,1,MT-TS1,1500,3,-0.0007548332214355469
7511,T,C,1,MT-TS1,1500,3,-0.0006531476974487305
7512,T,C,1,MT-TS1,1500,3,6.639957427978516e-05
8313,G,A,1,MT-TK,1500,3,-0.0016762614250183105
8340,G,A,1,MT-TK,1500,3,-0.0006161928176879883
8344,A,G,1,MT-TK,1500,3,0.00017851591110229492
8348,A,G,0,MT-TK,1500,3,-0.0006476640701293945
8356,T,C,1,MT-TK,1500,3,-0.00039637088775634766
8363,G,A,1,MT-TK,1500,3,-0.0015088915824890137
10007,T,C,0,MT-TG,1500,3,-0.0004119277000427246
10034,T,C,0,MT-TG,1500,3,-0.0008224844932556152
10463,T,C,0,MT-TR,1500,3,-0.0006150007247924805
12147,G,A,1,MT-TH,1500,3,-0.002486705780029297
12201,T,C,1,MT-TH,1500,3,-0.0016570091247558594
12239,C,T,0,MT-TS2,1500,3,-0.001111745834350586
12258,C,A,1,MT-TS2,1500,3,-0.002490401268005371
12276,G,A,1,MT-TL2,1500,3,-0.0028412938117980957
12308,A,G,0,MT-TL2,1500,3,-0.0007381439208984375
12315,G,A,1,MT-TL2,1500,3,-0.001232743263244629
14674,T,C,1,MT-TE,1500,3,-0.0009315013885498047
14684,C,T,0,MT-TE,1500,3,2.1457672119140625e-06
14709,T,C,1,MT-TE,1500,3,-0.0009580850601196289
15894,G,A,0,MT-TT,1500,3,-0.0007843971252441406
15904,C,T,0,MT-TT,1500,3,8.106231689453125e-05
15907,A,G,0,MT-TT,1500,3,-0.001330733299255371
15923,A,G,1,MT-TT,1500,3,-0.0005336403846740723
15924,A,G,0,MT-TT,1500,3,-0.0007867217063903809
15928,G,A,0,MT-TT,1500,3,-6.312131881713867e-05
15990,C,T,1,MT-TP,1500,3,0.00015163421630859375
591,C,T,1,MT-TF,1500,4,0.0015072822570800781
616,T,C,1,MT-TF,1500,4,-0.006151676177978516
629,T,C,0,MT-TF,1500,4,-0.0003904104232788086
1624,C,T,1,MT-TV,1500,4,-0.0005234479904174805
1644,G,A,1,MT-TV,1500,4,-0.0013939738273620605
3242,G,A,1,MT-TL1,1500,4,-0.0035001039505004883
3243,A,G,1,MT-TL1,1500,4,-0.004224002361297607
3243,A,T,1,MT-TL1,1500,4,-0.00937509536743164
3251,A,G,1,MT-TL1,1500,4,-0.0018436908721923828
3252,A,G,1,MT-TL1,1500,4,-0.0014189481735229492
3255,G,A,1,MT-TL1,1500,4,-0.0026320815086364746
3256,C,T,1,MT-TL1,1500,4,-0.0025716423988342285
3258,T,C,1,MT-TL1,1500,4,-0.00014972686767578125
3260,A,G,1,MT-TL1,1500,4,-0.0023519396781921387
3271,T,C,1,MT-TL1,1500,4,-0.0012847185134887695
3291,T,C,1,MT-TL1,1500,4,-0.0008689165115356445
3302,A,G,1,MT-TL1,1500,4,-0.0006195902824401855
3303,C,T,1,MT-TL1,1500,4,-0.0019131302833557129
4300,A,G,1,MT-TI,1500,4,-0.0016317963600158691
4336,T,C,0,MT-TQ,1500,4,-0.0002567768096923828
4370,T,C,0,MT-TQ,1500,4,-0.0009573101997375488
4450,G,A,1,MT-TM,1500,4,-0.0012541413307189941
4452,T,C,0,MT-TM,1500,4,-0.0009673833847045898
5521,G,A,1,MT-TW,1500,4,-0.0010909438133239746
5553,T,C,0,MT-TW,1500,4,-0.0003650188446044922
5556,G,A,1,MT-TW,1500,4,-0.001912534236907959
5650,G,A,1,MT-TA,1500,4,-0.0010564327239990234
5690,A,G,1,MT-TN,1500,4,-0.002208411693572998
5703,G,A,1,MT-TN,1500,4,0.0006646513938903809
5728,T,C,1,MT-TN,1500,4,-0.0007885098457336426
5814,T,C,0,MT-TC,1500,4,-0.0006923675537109375
7453,G,A,1,MT-TS1,1500,4,-0.0018992424011230469
7471,C,T,0,MT-TS1,1500,4,-1.2874603271484375e-05
7472,A,T,0,MT-TS1,1500,4,-0.0006712675094604492
7476,C,T,0,MT-TS1,1500,4,0.0003399848937988281
7493,C,T,0,MT-TS1,1500,4,-0.00047200918197631836
7497,G,A,1,MT-TS1,1500,4,0.00010675191879272461
7498,G,A,0,MT-TS1,1500,4,0.0007277727127075195
7510,T,C,1,MT-TS1,1500,4,-0.00020372867584228516
7511,T,C,1,MT-TS1,1500,4,-0.0007058978080749512
7512,T,C,1,MT-TS1,1500,4,-0.00016885995864868164
8313,G,A,1,MT-TK,1500,4,-0.0016278624534606934
8340,G,A,1,MT-TK,1500,4,-0.0003998279571533203
8344,A,G,1,MT-TK,1500,4,-0.0004315972328186035
8348,A,G,0,MT-TK,1500,4,-0.0004894733428955078
8356,T,C,1,MT-TK,1500,4,-4.547834396362305e-05
8363,G,A,1,MT-TK,1500,4,-0.0015601515769958496
10007,T,C,0,MT-TG,1500,4,-0.0008800029754638672
10034,T,C,0,MT-TG,1500,4,-0.001267075538635254
10463,T,C,0,MT-TR,1500,4,-0.0008182525634765625
12147,G,A,1,MT-TH,1500,4,-0.0023782849311828613
12201,T,C,1,MT-TH,1500,4,-0.000843346118927002
12239,C,T,0,MT-TS2,1500,4,-0.0003788471221923828
12258,C,A,1,MT-TS2,1500,4,-0.002287745475769043
12276,G,A,1,MT-TL2,1500,4,-0.002314448356628418
12308,A,G,0,MT-TL2,1500,4,-0.0013145208358764648
12315,G,A,1,MT-TL2,1500,4,-0.002466559410095215
14674,T,C,1,MT-TE,1500,4,-0.0019488334655761719
14684,C,T,0,MT-TE,1500,4,8.308887481689453e-05
14709,T,C,1,MT-TE,1500,4,-0.0016501545906066895
15894,G,A,0,MT-TT,1500,4,-0.0013731718063354492
15904,C,T,0,MT-TT,1500,4,0.0002442002296447754
15907,A,G,0,MT-TT,1500,4,-0.001807093620300293
15923,A,G,1,MT-TT,1500,4,0.00019532442092895508
15924,A,G,0,MT-TT,1500,4,-0.0004679560661315918
15928,G,A,0,MT-TT,1500,4,-0.0007615089416503906
15990,C,T,1,MT-TP,1500,4,-1.7642974853515625e-05
591,C,T,1,MT-TF,1500,5,0.0010281801223754883
616,T,C,1,MT-TF,1500,5,-0.006851553916931152
629,T,C,0,MT-TF,1500,5,-7.62939453125e-05
1624,C,T,1,MT-TV,1500,5,-0.0007758736610412598
1644,G,A,1,MT-TV,1500,5,-0.0005405545234680176
3242,G,A,1,MT-TL1,1500,5,-0.002824127674102783
3243,A,G,1,MT-TL1,1500,5,-0.0044269561767578125
3243,A,T,1,MT-TL1,1500,5,-0.009567439556121826
3251,A,G,1,MT-TL1,1500,5,-0.001960277557373047
3252,A,G,1,MT-TL1,1500,5,-0.001913607120513916
3255,G,A,1,MT-TL1,1500,5,-0.0018114447593688965
3256,C,T,1,MT-TL1,1500,5,-0.0022659897804260254
3258,T,C,1,MT-TL1,1500,5,-0.0011617541313171387
3260,A,G,1,MT-TL1,1500,5,-0.0024903416633605957
3271,T,C,1,MT-TL1,1500,5,-0.00023472309112548828
3291,T,C,1,MT-TL1,1500,5,0.0002753138542175293
3302,A,G,1,MT-TL1,1500,5,-0.0005412101745605469
3303,C,T,1,MT-TL1,1500,5,-0.0013203620910644531
4300,A,G,1,MT-TI,1500,5,-0.0016205906867980957
4336,T,C,0,MT-TQ,1500,5,-0.00020617246627807617
4370,T,C,0,MT-TQ,1500,5,-0.0003323554992675781
4450,G,A,1,MT-TM,1500,5,-0.0007768869400024414
4452,T,C,0,MT-TM,1500,5,0.0001920461654663086
5521,G,A,1,MT-TW,1500,5,-0.0021224617958068848
5553,T,C,0,MT-TW,1500,5,-0.0014810562133789062
5556,G,A,1,MT-TW,1500,5,-0.002017796039581299
5650,G,A,1,MT-TA,1500,5,-0.0006661415100097656
5690,A,G,1,MT-TN,1500,5,-0.0018422603607177734
5703,G,A,1,MT-TN,1500,5,0.0004890561103820801
5728,T,C,1,MT-TN,1500,5,-0.0013513565063476562
5814,T,C,0,MT-TC,1500,5,-0.0001989603042602539
7453,G,A,1,MT-TS1,1500,5,-0.0014713406562805176
7471,C,T,0,MT-TS1,1500,5,0.000926971435546875
7472,A,T,0,MT-TS1,1500,5,0.00039517879486083984
7476,C,T,0,MT-TS1,1500,5,0.00030559301376342773
7493,C,T,0,MT-TS1,1500,5,-0.000581204891204834
7497,G,A,1,MT-TS1,1500,5,1.52587890625e-05
7498,G,A,0,MT-TS1,1500,5,0.00010907649993896484
7510,T,C,1,MT-TS1,1500,5,-0.0006999969482421875
7511,T,C,1,MT-TS1,1500,5,-0.0006256103515625
7512,T,C,1,MT-TS1,1500,5,0.00015556812286376953
8313,G,A,1,MT-TK,1500,5,-0.0007119178771972656
8340,G,A,1,MT-TK,1500,5,-0.0006841421127319336
8344,A,G,1,MT-TK,1500,5,-0.0001431107521057129
8348,A,G,0,MT-TK,1500,5,-0.0008363723754882812
8356,T,C,1,MT-TK,1500,5,-0.0006639957427978516
8363,G,A,1,MT-TK,1500,5,-0.0012314319610595703
10007,T,C,0,MT-TG,1500,5,-0.0010564923286437988
10034,T,C,0,MT-TG,1500,5,-0.0005391240119934082
10463,T,C,0,MT-TR,1500,5,-0.00031179189682006836
12147,G,A,1,MT-TH,1500,5,-0.0015706419944763184
12201,T,C,1,MT-TH,1500,5,-0.0018140077590942383
12239,C,T,0,MT-TS2,1500,5,-8.541345596313477e-05
12258,C,A,1,MT-TS2,1500,5,-0.002596616744995117
12276,G,A,1,MT-TL2,1500,5,-0.0027962327003479004
12308,A,G,0,MT-TL2,1500,5,-0.0011165142059326172
12315,G,A,1,MT-TL2,1500,5,-0.00202023983001709
14674,T,C,1,MT-TE,1500,5,-0.0003064870834350586
14684,C,T,0,MT-TE,1500,5,0.00021344423294067383
14709,T,C,1,MT-TE,1500,5,-0.0014137029647827148
15894,G,A,0,MT-TT,1500,5,-0.0021457672119140625
15904,C,T,0,MT-TT,1500,5,-1.0788440704345703e-05
15907,A,G,0,MT-TT,1500,5,-0.0010123848915100098
15923,A,G,1,MT-TT,1500,5,-0.0004963278770446777
15924,A,G,0,MT-TT,1500,5,0.00014841556549072266
15928,G,A,0,MT-TT,1500,5,-5.179643630981445e-05
15990,C,T,1,MT-TP,1500,5,3.349781036376953e-05
591,C,T,1,MT-TF,1500,6,0.001456141471862793
616,T,C,1,MT-TF,1500,6,-0.0064408183097839355
629,T,C,0,MT-TF,1500,6,-0.0006595253944396973
1624,C,T,1,MT-TV,1500,6,-0.0004731416702270508
1644,G,A,1,MT-TV,1500,6,-0.0013297200202941895
3242,G,A,1,MT-TL1,1500,6,-0.0028688907623291016
3243,A,G,1,MT-TL1,1500,6,-0.003966927528381348
3243,A,T,1,MT-TL1,1500,6,-0.008334934711456299
3251,A,G,1,MT-TL1,1500,6,-0.001591801643371582
3252,A,G,1,MT-TL1,1500,6,-0.0014812946319580078
3255,G,A,1,MT-TL1,1500,6,-0.0025281906127929688
3256,C,T,1,MT-TL1,1500,6,-0.002555251121520996
3258,T,C,1,MT-TL1,1500,6,-0.0008140802383422852
3260,A,G,1,MT-TL1,1500,6,-0.0025483369827270508
3271,T,C,1,MT-TL1,1500,6,-0.0002529621124267578
3291,T,C,1,MT-TL1,1500,6,-0.0004976391792297363
3302,A,G,1,MT-TL1,1500,6,-0.0013582110404968262
3303,C,T,1,MT-TL1,1500,6,-0.002302229404449463
4300,A,G,1,MT-TI,1500,6,-0.0010901093482971191
4336,T,C,0,MT-TQ,1500,6,0.00017404556274414062
4370,T,C,0,MT-TQ,1500,6,6.139278411865234e-05
4450,G,A,1,MT-TM,1500,6,-0.0019474625587463379
4452,T,C,0,MT-TM,1500,6,-0.00028246641159057617
5521,G,A,1,MT-TW,1500,6,-0.0017287731170654297
5553,T,C,0,MT-TW,1500,6,-0.0008072853088378906
5556,G,A,1,MT-TW,1500,6,-0.0009765625
5650,G,A,1,MT-TA,1500,6,-0.001219034194946289
5690,A,G,1,MT-TN,1500,6,-0.0013402104377746582
5703,G,A,1,MT-TN,1500,6,0.0006340742111206055
5728,T,C,1,MT-TN,1500,6,-0.0014955997467041016
5814,T,C,0,MT-TC,1500,6,-0.0006316900253295898
7453,G,A,1,MT-TS1,1500,6,-0.001506805419921875
7471,C,T,0,MT-TS1,1500,6,0.001273512840270996
7472,A,T,0,MT-TS1,1500,6,-0.0004994869232177734
7476,C,T,0,MT-TS1,1500,6,0.0003261566162109375
7493,C,T,0,MT-TS1,1500,6,1.3113021850585938e-05
7497,G,A,1,MT-TS1,1500,6,0.00015461444854736328
7498,G,A,0,MT-TS1,1500,6,-4.374980926513672e-05
7510,T,C,1,MT-TS1,1500,6,5.507469177246094e-05
7511,T,C,1,MT-TS1,1500,6,-0.001313924789428711
7512,T,C,1,MT-TS1,1500,6,0.00028973817825317383
8313,G,A,1,MT-TK,1500,6,-0.0017153024673461914
8340,G,A,1,MT-TK,1500,6,-0.0004470348358154297
8344,A,G,1,MT-TK,1500,6,-1.424551010131836e-05
8348,A,G,0,MT-TK,1500,6,-0.00023496150970458984
8356,T,C,1,MT-TK,1500,6,-0.0013413429260253906
8363,G,A,1,MT-TK,1500,6,-0.0021788477897644043
10007,T,C,0,MT-TG,1500,6,-0.00031745433807373047
10034,T,C,0,MT-TG,1500,6,-0.0011489391326904297
10463,T,C,0,MT-TR,1500,6,-0.0010852813720703125
12147,G,A,1,MT-TH,1500,6,-0.0018941760063171387
12201,T,C,1,MT-TH,1500,6,-0.0010042786598205566
12239,C,T,0,MT-TS2,1500,6,-0.00039577484130859375
12258,C,A,1,MT-TS2,1500,6,-0.0017570853233337402
12276,G,A,1,MT-TL2,1500,6,-0.002407670021057129
12308,A,G,0,MT-TL2,1500,6,-0.0010378360748291016
12315,G,A,1,MT-TL2,1500,6,-0.0016640424728393555
14674,T,C,1,MT-TE,1500,6,-0.0017737150192260742
14684,C,T,0,MT-TE,1500,6,0.00026911497116088867
14709,T,C,1,MT-TE,1500,6,-0.0006136894226074219
15894,G,A,0,MT-TT,1500,6,-0.0017480850219726562
15904,C,T,0,MT-TT,1500,6,0.0004082918167114258
15907,A,G,0,MT-TT,1500,6,-0.0013605356216430664
15923,A,G,1,MT-TT,1500,6,-0.00011104345321655273
15924,A,G,0,MT-TT,1500,6,-0.00026297569274902344
15928,G,A,0,MT-TT,1500,6,0.0005847811698913574
15990,C,T,1,MT-TP,1500,6,0.0008561015129089355
591,C,T,1,MT-TF,1500,7,0.0009683966636657715
616,T,C,1,MT-TF,1500,7,-0.007311582565307617
629,T,C,0,MT-TF,1500,7,1.1324882507324219e-05
1624,C,T,1,MT-TV,1500,7,-0.0006650686264038086
1644,G,A,1,MT-TV,1500,7,-0.0009303092956542969
3242,G,A,1,MT-TL1,1500,7,-0.0028586983680725098
3243,A,G,1,MT-TL1,1500,7,-0.004184603691101074
3243,A,T,1,MT-TL1,1500,7,-0.007721841335296631
3251,A,G,1,MT-TL1,1500,7,-0.002258598804473877
3252,A,G,1,MT-TL1,1500,7,-0.0017274022102355957
3255,G,A,1,MT-TL1,1500,7,-0.0023317933082580566
3256,C,T,1,MT-TL1,1500,7,-0.0027837753295898438
3258,T,C,1,MT-TL1,1500,7,-0.0005080699920654297
3260,A,G,1,MT-TL1,1500,7,-0.003140091896057129
3271,T,C,1,MT-TL1,1500,7,-0.000976860523223877
3291,T,C,1,MT-TL1,1500,7,0.00026494264602661133
3302,A,G,1,MT-TL1,1500,7,-0.0003535151481628418
3303,C,T,1,MT-TL1,1500,7,-0.001531362533569336
4300,A,G,1,MT-TI,1500,7,-0.0007282495498657227
4336,T,C,0,MT-TQ,1500,7,-0.00013703107833862305
4370,T,C,0,MT-TQ,1500,7,-0.00035762786865234375
4450,G,A,1,MT-TM,1500,7,-0.0014482736587524414
4452,T,C,0,MT-TM,1500,7,0.00024145841598510742
5521,G,A,1,MT-TW,1500,7,-0.001438140869140625
5553,T,C,0,MT-TW,1500,7,-0.0010378360748291016
5556,G,A,1,MT-TW,1500,7,-0.0007827281951904297
5650,G,A,1,MT-TA,1500,7,-0.0014674663543701172
5690,A,G,1,MT-TN,1500,7,-0.0014515519142150879
5703,G,A,1,MT-TN,1500,7,0.00045365095138549805
5728,T,C,1,MT-TN,1500,7,-0.001127779483795166
5814,T,C,0,MT-TC,1500,7,-0.0006843209266662598
7453,G,A,1,MT-TS1,1500,7,-0.0022208094596862793
7471,C,T,0,MT-TS1,1500,7,0.0007429122924804688
7472,A,T,0,MT-TS1,1500,7,0.00038421154022216797
7476,C,T,0,MT-TS1,1500,7,0.0007131099700927734
7493,C,T,0,MT-TS1,1500,7,0.0001857280731201172
7497,G,A,1,MT-TS1,1500,7,0.0007007718086242676
7498,G,A,0,MT-TS1,1500,7,0.0001774430274963379
7510,T,C,1,MT-TS1,1500,7,-0.0006759166717529297
7511,T,C,1,MT-TS1,1500,7,-0.00017917156219482422
7512,T,C,1,MT-TS1,1500,7,0.00034040212631225586
8313,G,A,1,MT-TK,1500,7,-0.002048194408416748
8340,G,A,1,MT-TK,1500,7,-0.0010909438133239746
8344,A,G,1,MT-TK,1500,7,-0.0005099177360534668
8348,A,G,0,MT-TK,1500,7,-0.00012946128845214844
8356,T,C,1,MT-TK,1500,7,-0.0005620121955871582
8363,G,A,1,MT-TK,1500,7,-0.0015463829040527344
10007,T,C,0,MT-TG,1500,7,-0.0007724165916442871
10034,T,C,0,MT-TG,1500,7,-0.00031948089599609375
10463,T,C,0,MT-TR,1500,7,-0.0009056925773620605
12147,G,A,1,MT-TH,1500,7,-0.0016041994094848633
12201,T,C,1,MT-TH,1500,7,-0.0008411407470703125
12239,C,T,0,MT-TS2,1500,7,-0.0005102753639221191
12258,C,A,1,MT-TS2,1500,7,-0.0022565126419067383
12276,G,A,1,MT-TL2,1500,7,-0.002798140048980713
12308,A,G,0,MT-TL2,1500,7,-0.0011075139045715332
12315,G,A,1,MT-TL2,1500,7,-0.0017511844635009766
14674,T,C,1,MT-TE,1500,7,-0.0019310712814331055
14684,C,T,0,MT-TE,1500,7,0.00021338462829589844
14709,T,C,1,MT-TE,1500,7,-0.0005264878273010254
15894,G,A,0,MT-TT,1500,7,-0.0013198256492614746
15904,C,T,0,MT-TT,1500,7,-0.00037407875061035156
15907,A,G,0,MT-TT,1500,7,-0.0008993148803710938
15923,A,G,1,MT-TT,1500,7,0.000363767147064209
15924,A,G,0,MT-TT,1500,7,0.00033861398696899414
15928,G,A,0,MT-TT,1500,7,-0.00013893842697143555
15990,C,T,1,MT-TP,1500,7,0.0007349848747253418
591,C,T,1,MT-TF,1500,8,0.0018728971481323242
616,T,C,1,MT-TF,1500,8,-0.0071457624435424805
629,T,C,0,MT-TF,1500,8,-0.0006843209266662598
1624,C,T,1,MT-TV,1500,8,-0.0006375312805175781
1644,G,A,1,MT-TV,1500,8,-0.00022089481353759766
3242,G,A,1,MT-TL1,1500,8,-0.0033506155014038086
3243,A,G,1,MT-TL1,1500,8,-0.00398409366607666
3243,A,T,1,MT-TL1,1500,8,-0.008555412292480469
3251,A,G,1,MT-TL1,1500,8,-0.00250321626663208
3252,A,G,1,MT-TL1,1500,8,-0.0017023086547851562
3255,G,A,1,MT-TL1,1500,8,-0.0017462968826293945
3256,C,T,1,MT-TL1,1500,8,-0.002611100673675537
3258,T,C,1,MT-TL1,1500,8,-0.001482546329498291
3260,A,G,1,MT-TL1,1500,8,-0.0018715858459472656
3271,T,C,1,MT-TL1,1500,8,-0.0009268522262573242
3291,T,C,1,MT-TL1,1500,8,-0.0009933114051818848
3302,A,G,1,MT-TL1,1500,8,-0.0003460049629211426
3303,C,T,1,MT-TL1,1500,8,-0.0015090703964233398
4300,A,G,1,MT-TI,1500,8,-0.001240551471710205
4336,T,C,0,MT-TQ,1500,8,-0.00035250186920166016
4370,T,C,0,MT-TQ,1500,8,0.00010389089584350586
4450,G,A,1,MT-TM,1500,8,-0.001343369483947754
4452,T,C,0,MT-TM,1500,8,-0.00019985437393188477
5521,G,A,1,MT-TW,1500,8,-0.0020578503608703613
5553,T,C,0,MT-TW,1500,8,-0.001227259635925293
5556,G,A,1,MT-TW,1500,8,-0.0006538033485412598
5650,G,A,1,MT-TA,1500,8,-0.0003895759582519531
5690,A,G,1,MT-TN,1500,8,-0.001995086669921875
5703,G,A,1,MT-TN,1500,8,0.000822901725769043
5728,T,C,1,MT-TN,1500,8,-0.0008223652839660645
5814,T,C,0,MT-TC,1500,8,-0.0006783604621887207
7453,G,A,1,MT-TS1,1500,8,-0.0013788342475891113
7471,C,T,0,MT-TS1,1500,8,0.0008955001831054688
7472,A,T,0,MT-TS1,1500,8,5.137920379638672e-05
7476,C,T,0,MT-TS1,1500,8,2.8908252716064453e-05
7493,C,T,0,MT-TS1,1500,8,0.00010210275650024414
7497,G,A,1,MT-TS1,1500,8,-8.440017700195312e-05
7498,G,A,0,MT-TS1,1500,8,0.0004544258117675781
7510,T,C,1,MT-TS1,1500,8,-0.00042384862899780273
7511,T,C,1,MT-TS1,1500,8,-0.00046503543853759766
7512,T,C,1,MT-TS1,1500,8,0.0001518726348876953
8313,G,A,1,MT-TK,1500,8,-0.0015964508056640625
8340,G,A,1,MT-TK,1500,8,-0.0002961158752441406
8344,A,G,1,MT-TK,1500,8,-0.0005208253860473633
8348,A,G,0,MT-TK,1500,8,-0.0001354217529296875
8356,T,C,1,MT-TK,1500,8,-0.0007852911949157715
8363,G,A,1,MT-TK,1500,8,-0.0015199780464172363
10007,T,C,0,MT-TG,1500,8,-0.0009458661079406738
10034,T,C,0,MT-TG,1500,8,-0.000287473201751709
10463,T,C,0,MT-TR,1500,8,-0.0003021359443664551
12147,G,A,1,MT-TH,1500,8,-0.0020838379859924316
12201,T,C,1,MT-TH,1500,8,-0.0010651946067810059
12239,C,T,0,MT-TS2,1500,8,-8.827447891235352e-05
12258,C,A,1,MT-TS2,1500,8,-0.0027270913124084473
12276,G,A,1,MT-TL2,1500,8,-0.0023134350776672363
12308,A,G,0,MT-TL2,1500,8,-0.0011948347091674805
12315,G,A,1,MT-TL2,1500,8,-0.0019484758377075195
14674,T,C,1,MT-TE,1500,8,-0.0010246038436889648
14684,C,T,0,MT-TE,1500,8,-0.0002563595771789551
14709,T,C,1,MT-TE,1500,8,-0.0011653900146484375
15894,G,A,0,MT-TT,1500,8,-0.001917719841003418
15904,C,T,0,MT-TT,1500,8,0.0008463263511657715
15907,A,G,0,MT-TT,1500,8,-0.0018231868743896484
15923,A,G,1,MT-TT,1500,8,1.1324882507324219e-05
15924,A,G,0,MT-TT,1500,8,5.7578086853027344e-05
15928,G,A,0,MT-TT,1500,8,-5.805492401123047e-05
15990,C,T,1,MT-TP,1500,8,0.00013196468353271484
591,C,T,1,MT-TF,1500,9,0.0017087459564208984
616,T,C,1,MT-TF,1500,9,-0.006344318389892578
629,T,C,0,MT-TF,1500,9,-0.0004165768623352051
1624,C,T,1,MT-TV,1500,9,-0.0010614395141601562
1644,G,A,1,MT-TV,1500,9,-0.00046896934509277344
3242,G,A,1,MT-TL1,1500,9,-0.0031071901321411133
3243,A,G,1,MT-TL1,1500,9,-0.004706740379333496
3243,A,T,1,MT-TL1,1500,9,-0.008969128131866455
3251,A,G,1,MT-TL1,1500,9,-0.0018507838249206543
3252,A,G,1,MT-TL1,1500,9,-0.001531064510345459
3255,G,A,1,MT-TL1,1500,9,-0.002618074417114258
3256,C,T,1,MT-TL1,1500,9,-0.0024935007095336914
3258,T,C,1,MT-TL1,1500,9,-0.000783383846282959
3260,A,G,1,MT-TL1,1500,9,-0.001903831958770752
3271,T,C,1,MT-TL1,1500,9,-0.0007425546646118164
3291,T,C,1,MT-TL1,1500,9,-0.0006375908851623535
3302,A,G,1,MT-TL1,1500,9,-0.0010706186294555664
3303,C,T,1,MT-TL1,1500,9,-0.0027469396591186523
4300,A,G,1,MT-TI,1500,9,-0.0002745985984802246
4336,T,C,0,MT-TQ,1500,9,0.00031745433807373047
4370,T,C,0,MT-TQ,1500,9,-0.0001887679100036621
4450,G,A,1,MT-TM,1500,9,-0.0011835694313049316
4452,T,C,0,MT-TM,1500,9,0.0002980828285217285
5521,G,A,1,MT-TW,1500,9,-0.0012621283531188965
5553,T,C,0,MT-TW,1500,9,-0.0009232163429260254
5556,G,A,1,MT-TW,1500,9,-0.0013066530227661133
5650,G,A,1,MT-TA,1500,9,-0.0008935928344726562
5690,A,G,1,MT-TN,1500,9,-0.002103149890899658
5703,G,A,1,MT-TN,1500,9,0.00013756752014160156
5728,T,C,1,MT-TN,1500,9,-0.0009868144989013672
5814,T,C,0,MT-TC,1500,9,-0.00035709142684936523
7453,G,A,1,MT-TS1,1500,9,-0.0016265511512756348
7471,C,T,0,MT-TS1,1500,9,0.0008636116981506348
7472,A,T,0,MT-TS1,1500,9,0.00025779008865356445
7476,C,T,0,MT-TS1,1500,9,0.00032645463943481445
7493,C,T,0,MT-TS1,1500,9,-9.268522262573242e-05
7497,G,A,1,MT-TS1,1500,9,0.0003021359443664551
7498,G,A,0,MT-TS1,1500,9,0.0007671117782592773
7510,T,C,1,MT-TS1,1500,9,-0.0009294748306274414
7511,T,C,1,MT-TS1,1500,9,-0.00048351287841796875
7512,T,C,1,MT-TS1,1500,9,0.00017058849334716797
8313,G,A,1,MT-TK,1500,9,-0.0018184185028076172
8340,G,A,1,MT-TK,1500,9,-0.0008200407028198242
8344,A,G,1,MT-TK,1500,9,-0.0006768107414245605
8348,A,G,0,MT-TK,1500,9,0.00027233362197875977
8356,T,C,1,MT-TK,1500,9,-0.0005285143852233887
8363,G,A,1,MT-TK,1500,9,-0.0009276866912841797
10007,T,C,0,MT-TG,1500,9,-0.0009504556655883789
10034,T,C,0,MT-TG,1500,9,-0.00036513805389404297
10463,T,C,0,MT-TR,1500,9,-0.000741422176361084
12147,G,A,1,MT-TH,1500,9,-0.0019726157188415527
12201,T,C,1,MT-TH,1500,9,-0.00044673681259155273
12239,C,T,0,MT-TS2,1500,9,-0.00025576353073120117
12258,C,A,1,MT-TS2,1500,9,-0.0017922520637512207
12276,G,A,1,MT-TL2,1500,9,-0.002803027629852295
12308,A,G,0,MT-TL2,1500,9,-0.001363217830657959
12315,G,A,1,MT-TL2,1500,9,-0.002416253089904785
14674,T,C,1,MT-TE,1500,9,-0.0009695887565612793
14684,C,T,0,MT-TE,1500,9,0.0005774497985839844
14709,T,C,1,MT-TE,1500,9,-0.0010797381401062012
15894,G,A,0,MT-TT,1500,9,-0.001241445541381836
15904,C,T,0,MT-TT,1500,9,0.00027549266815185547
15907,A,G,0,MT-TT,1500,9,-0.002256155014038086
15923,A,G,1,MT-TT,1500,9,-0.0006824731826782227
15924,A,G,0,MT-TT,1500,9,-0.00035244226455688477
15928,G,A,0,MT-TT,1500,9,-9.530782699584961e-05
15990,C,T,1,MT-TP,1500,9,0.0006894469261169434
591,C,T,1,MT-TF,1900,0,0.0021039843559265137
616,T,C,1,MT-TF,1900,0,-0.006834805011749268
629,T,C,0,MT-TF,1900,0,-0.00018364191055297852
1624,C,T,1,MT-TV,1900,0,3.802776336669922e-05
1644,G,A,1,MT-TV,1900,0,-0.0010900497436523438
3242,G,A,1,MT-TL1,1900,0,-0.0022493302822113037
3243,A,G,1,MT-TL1,1900,0,-0.0040475428104400635
3243,A,T,1,MT-TL1,1900,0,-0.008237689733505249
3251,A,G,1,MT-TL1,1900,0,-0.0009924471378326416
3252,A,G,1,MT-TL1,1900,0,-0.0013994872570037842
3255,G,A,1,MT-TL1,1900,0,-0.002252936363220215
3256,C,T,1,MT-TL1,1900,0,-0.002047210931777954
3258,T,C,1,MT-TL1,1900,0,-0.000683128833770752
3260,A,G,1,MT-TL1,1900,0,-0.003049999475479126
3271,T,C,1,MT-TL1,1900,0,-0.00067138671875
3291,T,C,1,MT-TL1,1900,0,-0.0006802976131439209
3302,A,G,1,MT-TL1,1900,0,-0.0006071627140045166
3303,C,T,1,MT-TL1,1900,0,-0.0014260411262512207
4300,A,G,1,MT-TI,1900,0,-0.0006731152534484863
4336,T,C,0,MT-TQ,1900,0,0.00015488266944885254
4370,T,C,0,MT-TQ,1900,0,-0.0009972751140594482
4450,G,A,1,MT-TM,1900,0,-0.001268148422241211
4452,T,C,0,MT-TM,1900,0,-0.0009205341339111328
5521,G,A,1,MT-TW,1900,0,-0.001021742820739746
5553,T,C,0,MT-TW,1900,0,-0.00034493207931518555
5556,G,A,1,MT-TW,1900,0,-0.0016518831253051758
5650,G,A,1,MT-TA,1900,0,-0.0012916922569274902
5690,A,G,1,MT-TN,1900,0,-0.0017415881156921387
5703,G,A,1,MT-TN,1900,0,0.0003681182861328125
5728,T,C,1,MT-TN,1900,0,-0.0008004903793334961
5814,T,C,0,MT-TC,1900,0,-0.00039565563201904297
7453,G,A,1,MT-TS1,1900,0,-0.002149045467376709
7471,C,T,0,MT-TS1,1900,0,0.0014145970344543457
7472,A,T,0,MT-TS1,1900,0,-3.725290298461914e-05
7476,C,T,0,MT-TS1,1900,0,0.00026679039001464844
7493,C,T,0,MT-TS1,1900,0,0.0008459091186523438
7497,G,A,1,MT-TS1,1900,0,4.661083221435547e-05
7498,G,A,0,MT-TS1,1900,0,0.0003501772880554199
7510,T,C,1,MT-TS1,1900,0,-0.00017887353897094727
7511,T,C,1,MT-TS1,1900,0,-0.000583946704864502
7512,T,C,1,MT-TS1,1900,0,-0.0002396702766418457
8313,G,A,1,MT-TK,1900,0,-0.0012427568435668945
8340,G,A,1,MT-TK,1900,0,-0.0004908442497253418
8344,A,G,1,MT-TK,1900,0,-0.0003148317337036133
8348,A,G,0,MT-TK,1900,0,-0.0006030797958374023
8356,T,C,1,MT-TK,1900,0,-0.0008685588836669922
8363,G,A,1,MT-TK,1900,0,-0.001177668571472168
10007,T,C,0,MT-TG,1900,0,-0.0007241964340209961
10034,T,C,0,MT-TG,1900,0,-0.0007822513580322266
10463,T,C,0,MT-TR,1900,0,-0.001960933208465576
12147,G,A,1,MT-TH,1900,0,-0.002167820930480957
12201,T,C,1,MT-TH,1900,0,-0.0007345676422119141
12239,C,T,0,MT-TS2,1900,0,-6.127357482910156e-05
12258,C,A,1,MT-TS2,1900,0,-0.002466559410095215
12276,G,A,1,MT-TL2,1900,0,-0.0032068490982055664
12308,A,G,0,MT-TL2,1900,0,-0.0007160305976867676
12315,G,A,1,MT-TL2,1900,0,-0.0028348565101623535
14674,T,C,1,MT-TE,1900,0,-0.001885831356048584
14684,C,T,0,MT-TE,1900,0,0.00023865699768066406
14709,T,C,1,MT-TE,1900,0,-0.0007570385932922363
15894,G,A,0,MT-TT,1900,0,-0.0014325976371765137
15904,C,T,0,MT-TT,1900,0,7.56978988647461e-05
15907,A,G,0,MT-TT,1900,0,-0.0014812946319580078
15923,A,G,1,MT-TT,1900,0,-3.641843795776367e-05
15924,A,G,0,MT-TT,1900,0,0.0003267526626586914
15928,G,A,0,MT-TT,1900,0,-0.0005338191986083984
15990,C,T,1,MT-TP,1900,0,0.0005774497985839844
591,C,T,1,MT-TF,1900,1,0.0019329190254211426
616,T,C,1,MT-TF,1900,1,-0.006703972816467285
629,T,C,0,MT-TF,1900,1,-0.0004736185073852539
1624,C,T,1,MT-TV,1900,1,-0.0004226565361022949
1644,G,A,1,MT-TV,1900,1,-0.0013582706451416016
3242,G,A,1,MT-TL1,1900,1,-0.003177642822265625
3243,A,G,1,MT-TL1,1900,1,-0.00336417555809021
3243,A,T,1,MT-TL1,1900,1,-0.008948713541030884
3251,A,G,1,MT-TL1,1900,1,-0.002332031726837158
3252,A,G,1,MT-TL1,1900,1,-0.0018212497234344482
3255,G,A,1,MT-TL1,1900,1,-0.002855151891708374
3256,C,T,1,MT-TL1,1900,1,-0.0028201937675476074
3258,T,C,1,MT-TL1,1900,1,-0.00048047304153442383
3260,A,G,1,MT-TL1,1900,1,-0.0021843910217285156
3271,T,C,1,MT-TL1,1900,1,-0.00025960803031921387
3291,T,C,1,MT-TL1,1900,1,-0.0008060932159423828
3302,A,G,1,MT-TL1,1900,1,-0.0012387633323669434
3303,C,T,1,MT-TL1,1900,1,-0.001660853624343872
4300,A,G,1,MT-TI,1900,1,-0.0017413198947906494
4336,T,C,0,MT-TQ,1900,1,0.0008012652397155762
4370,T,C,0,MT-TQ,1900,1,-9.649991989135742e-05
4450,G,A,1,MT-TM,1900,1,-0.0013378560543060303
4452,T,C,0,MT-TM,1900,1,6.538629531860352e-05
5521,G,A,1,MT-TW,1900,1,-0.0012437701225280762
5553,T,C,0,MT-TW,1900,1,-0.00046062469482421875
5556,G,A,1,MT-TW,1900,1,-0.0018919110298156738
5650,G,A,1,MT-TA,1900,1,-0.0008621811866760254
5690,A,G,1,MT-TN,1900,1,-0.0021668672561645508
5703,G,A,1,MT-TN,1900,1,-0.00044357776641845703
5728,T,C,1,MT-TN,1900,1,-0.00010204315185546875
5814,T,C,0,MT-TC,1900,1,-0.000622868537902832
7453,G,A,1,MT-TS1,1900,1,-0.0010344982147216797
7471,C,T,0,MT-TS1,1900,1,0.000653386116027832
7472,A,T,0,MT-TS1,1900,1,0.0003738999366760254
7476,C,T,0,MT-TS1,1900,1,0.0003070831298828125
7493,C,T,0,MT-TS1,1900,1,0.0005434155464172363
7497,G,A,1,MT-TS1,1900,1,2.562999725341797e-05
7498,G,A,0,MT-TS1,1900,1,0.00030797719955444336
7510,T,C,1,MT-TS1,1900,1,-0.0009716153144836426
7511,T,C,1,MT-TS1,1900,1,-0.00029408931732177734
7512,T,C,1,MT-TS1,1900,1,-0.0003351569175720215
8313,G,A,1,MT-TK,1900,1,-0.0016537308692932129
8340,G,A,1,MT-TK,1900,1,-0.0013225078582763672
8344,A,G,1,MT-TK,1900,1,-0.00024950504302978516
8348,A,G,0,MT-TK,1900,1,-0.00019979476928710938
8356,T,C,1,MT-TK,1900,1,-0.00031363964080810547
8363,G,A,1,MT-TK,1900,1,-0.0015494823455810547
10007,T,C,0,MT-TG,1900,1,-0.0006722211837768555
10034,T,C,0,MT-TG,1900,1,-0.0004856586456298828
10463,T,C,0,MT-TR,1900,1,-0.0004411935806274414
12147,G,A,1,MT-TH,1900,1,-0.001829981803894043
12201,T,C,1,MT-TH,1900,1,-0.0004363059997558594
12239,C,T,0,MT-TS2,1900,1,9.769201278686523e-05
12258,C,A,1,MT-TS2,1900,1,-0.0015512704849243164
12276,G,A,1,MT-TL2,1900,1,-0.0033540725708007812
12308,A,G,0,MT-TL2,1900,1,-0.0016418695449829102
12315,G,A,1,MT-TL2,1900,1,-0.0026520490646362305
14674,T,C,1,MT-TE,1900,1,-0.0008652806282043457
14684,C,T,0,MT-TE,1900,1,0.0002319812774658203
14709,T,C,1,MT-TE,1900,1,-0.0018956661224365234
15894,G,A,0,MT-TT,1900,1,-0.0022821426391601562
15904,C,T,0,MT-TT,1900,1,0.0003769993782043457
15907,A,G,0,MT-TT,1900,1,-0.0011271834373474121
15923,A,G,1,MT-TT,1900,1,-0.001003861427307129
15924,A,G,0,MT-TT,1900,1,-7.849931716918945e-05
15928,G,A,0,MT-TT,1900,1,-9.864568710327148e-05
15990,C,T,1,MT-TP,1900,1,0.00018215179443359375
591,C,T,1,MT-TF,1900,2,0.002103447914123535
616,T,C,1,MT-TF,1900,2,-0.00692439079284668
629,T,C,0,MT-TF,1900,2,-0.00011914968490600586
1624,C,T,1,MT-TV,1900,2,0.00015908479690551758
1644,G,A,1,MT-TV,1900,2,-0.0011833906173706055
3242,G,A,1,MT-TL1,1900,2,-0.002781480550765991
3243,A,G,1,MT-TL1,1900,2,-0.003741621971130371
3243,A,T,1,MT-TL1,1900,2,-0.007831186056137085
3251,A,G,1,MT-TL1,1900,2,-0.0017862319946289062
3252,A,G,1,MT-TL1,1900,2,-0.0018050670623779297
3255,G,A,1,MT-TL1,1900,2,-0.001580566167831421
3256,C,T,1,MT-TL1,1900,2,-0.002481788396835327
3258,T,C,1,MT-TL1,1900,2,-0.0006254613399505615
3260,A,G,1,MT-TL1,1900,2,-0.0020393729209899902
3271,T,C,1,MT-TL1,1900,2,-0.0003077387809753418
3291,T,C,1,MT-TL1,1900,2,-0.00045499205589294434
3302,A,G,1,MT-TL1,1900,2,-0.001365572214126587
3303,C,T,1,MT-TL1,1900,2,-0.0014933645725250244
4300,A,G,1,MT-TI,1900,2,-0.001591503620147705
4336,T,C,0,MT-TQ,1900,2,-0.00022152066230773926
4370,T,C,0,MT-TQ,1900,2,-6.315112113952637e-05
4450,G,A,1,MT-TM,1900,2,-0.0011557936668395996
4452,T,C,0,MT-TM,1900,2,-0.0007674694061279297
5521,G,A,1,MT-TW,1900,2,-0.0006083250045776367
5553,T,C,0,MT-TW,1900,2,-0.0003954768180847168
5556,G,A,1,MT-TW,1900,2,-0.0013647675514221191
5650,G,A,1,MT-TA,1900,2,-0.000714719295501709
5690,A,G,1,MT-TN,1900,2,-0.0014761090278625488
5703,G,A,1,MT-TN,1900,2,0.0005938410758972168
5728,T,C,1,MT-TN,1900,2,-0.0006754398345947266
5814,T,C,0,MT-TC,1900,2,0.00046890974044799805
7453,G,A,1,MT-TS1,1900,2,-0.0019875168800354004
7471,C,T,0,MT-TS1,1900,2,0.0011376142501831055
7472,A,T,0,MT-TS1,1900,2,0.00038319826126098633
7476,C,T,0,MT-TS1,1900,2,9.393692016601562e-05
7493,C,T,0,MT-TS1,1900,2,0.0005939602851867676
7497,G,A,1,MT-TS1,1900,2,0.0007807016372680664
7498,G,A,0,MT-TS1,1900,2,0.00020939111709594727
7510,T,C,1,MT-TS1,1900,2,-0.00046437978744506836
7511,T,C,1,MT-TS1,1900,2,-0.00010955333709716797
7512,T,C,1,MT-TS1,1900,2,-7.49826431274414e-05
8313,G,A,1,MT-TK,1900,2,-0.0016547441482543945
8340,G,A,1,MT-TK,1900,2,-0.000610649585723877
8344,A,G,1,MT-TK,1900,2,-0.0002903938293457031
8348,A,G,0,MT-TK,1900,2,-0.0006159543991088867
8356,T,C,1,MT-TK,1900,2,-0.0010483264923095703
8363,G,A,1,MT-TK,1900,2,-0.0014969110488891602
10007,T,C,0,MT-TG,1900,2,-0.0005136728286743164
10034,T,C,0,MT-TG,1900,2,-0.0003396272659301758
10463,T,C,0,MT-TR,1900,2,-0.001219034194946289
12147,G,A,1,MT-TH,1900,2,-0.0023387670516967773
12201,T,C,1,MT-TH,1900,2,-0.000790715217590332
12239,C,T,0,MT-TS2,1900,2,-0.0009270310401916504
12258,C,A,1,MT-TS2,1900,2,-0.002007782459259033
12276,G,A,1,MT-TL2,1900,2,-0.00340425968170166
12308,A,G,0,MT-TL2,1900,2,-0.0014946460723876953
12315,G,A,1,MT-TL2,1900,2,-0.0019953250885009766
14674,T,C,1,MT-TE,1900,2,-0.0012050271034240723
14684,C,T,0,MT-TE,1900,2,0.00021690130233764648
14709,T,C,1,MT-TE,1900,2,-0.0008008480072021484
15894,G,A,0,MT-TT,1900,2,-0.0017902851104736328
15904,C,T,0,MT-TT,1900,2,0.0003997683525085449
15907,A,G,0,MT-TT,1900,2,-0.001716315746307373
15923,A,G,1,MT-TT,1900,2,-0.0008143782615661621
15924,A,G,0,MT-TT,1900,2,-0.0005970001220703125
15928,G,A,0,MT-TT,1900,2,-0.0006959438323974609
15990,C,T,1,MT-TP,1900,2,0.00011551380157470703
591,C,T,1,MT-TF,1900,3,0.002444624900817871
616,T,C,1,MT-TF,1900,3,-0.006596565246582031
629,T,C,0,MT-TF,1900,3,-0.0011664032936096191
1624,C,T,1,MT-TV,1900,3,-2.7179718017578125e-05
1644,G,A,1,MT-TV,1900,3,-0.0016354918479919434
3242,G,A,1,MT-TL1,1900,3,-0.0035403966903686523
3243,A,G,1,MT-TL1,1900,3,-0.004519999027252197
3243,A,T,1,MT-TL1,1900,3,-0.00881907343864441
3251,A,G,1,MT-TL1,1900,3,-0.0020242929458618164
3252,A,G,1,MT-TL1,1900,3,-0.0010970830917358398
3255,G,A,1,MT-TL1,1900,3,-0.0016619861125946045
3256,C,T,1,MT-TL1,1900,3,-0.002623319625854492
3258,T,C,1,MT-TL1,1900,3,-0.0005095601081848145
3260,A,G,1,MT-TL1,1900,3,-0.0017586946487426758
3271,T,C,1,MT-TL1,1900,3,-0.0005736052989959717
3291,T,C,1,MT-TL1,1900,3,0.0002492070198059082
3302,A,G,1,MT-TL1,1900,3,-0.00017398595809936523
3303,C,T,1,MT-TL1,1900,3,-0.001788496971130371
4300,A,G,1,MT-TI,1900,3,-0.0011655688285827637
4336,T,C,0,MT-TQ,1900,3,-0.000471651554107666
4370,T,C,0,MT-TQ,1900,3,-0.0005285441875457764
4450,G,A,1,MT-TM,1900,3,-0.0014518499374389648
4452,T,C,0,MT-TM,1900,3,-0.0002008974552154541
5521,G,A,1,MT-TW,1900,3,-0.001179516315460205
5553,T,C,0,MT-TW,1900,3,-0.0011832118034362793
5556,G,A,1,MT-TW,1900,3,-0.0014278888702392578
5650,G,A,1,MT-TA,1900,3,-0.0010572075843811035
5690,A,G,1,MT-TN,1900,3,-0.0019755959510803223
5703,G,A,1,MT-TN,1900,3,-0.0002460479736328125
5728,T,C,1,MT-TN,1900,3,-2.4497509002685547e-05
5814,T,C,0,MT-TC,1900,3,-0.0015284419059753418
7453,G,A,1,MT-TS1,1900,3,-0.001822829246520996
7471,C,T,0,MT-TS1,1900,3,0.0009527206420898438
7472,A,T,0,MT-TS1,1900,3,0.0006985664367675781
7476,C,T,0,MT-TS1,1900,3,0.0005187392234802246
7493,C,T,0,MT-TS1,1900,3,0.00033730268478393555
7497,G,A,1,MT-TS1,1900,3,-0.00018453598022460938
7498,G,A,0,MT-TS1,1900,3,0.0010726451873779297
7510,T,C,1,MT-TS1,1900,3,-0.00048148632049560547
7511,T,C,1,MT-TS1,1900,3,-0.0004475116729736328
7512,T,C,1,MT-TS1,1900,3,0.0008323788642883301
8313,G,A,1,MT-TK,1900,3,-0.0020467638969421387
8340,G,A,1,MT-TK,1900,3,-0.0009838342666625977
8344,A,G,1,MT-TK,1900,3,-0.0003839731216430664
8348,A,G,0,MT-TK,1900,3,-0.0003591179847717285
8356,T,C,1,MT-TK,1900,3,-0.0006162524223327637
8363,G,A,1,MT-TK,1900,3,-0.0023145675659179688
10007,T,C,0,MT-TG,1900,3,-0.0005130171775817871
10034,T,C,0,MT-TG,1900,3,-0.0001303553581237793
10463,T,C,0,MT-TR,1900,3,-0.0006362795829772949
12147,G,A,1,MT-TH,1900,3,-0.0019207596778869629
12201,T,C,1,MT-TH,1900,3,-0.0005199313163757324
12239,C,T,0,MT-TS2,1900,3,-0.0014070868492126465
12258,C,A,1,MT-TS2,1900,3,-0.0025104284286499023
12276,G,A,1,MT-TL2,1900,3,-0.002384364604949951
12308,A,G,0,MT-TL2,1900,3,-0.0009344220161437988
12315,G,A,1,MT-TL2,1900,3,-0.0017309188842773438
14674,T,C,1,MT-TE,1900,3,-0.001101076602935791
14684,C,T,0,MT-TE,1900,3,0.00020366907119750977
14709,T,C,1,MT-TE,1900,3,-0.0006115436553955078
15894,G,A,0,MT-TT,1900,3,-0.0017516613006591797
15904,C,T,0,MT-TT,1900,3,-0.0005927085876464844
15907,A,G,0,MT-TT,1900,3,-0.0015109777450561523
15923,A,G,1,MT-TT,1900,3,-0.0006595849990844727
15924,A,G,0,MT-TT,1900,3,-0.0004190802574157715
15928,G,A,0,MT-TT,1900,3,-0.0007892251014709473
15990,C,T,1,MT-TP,1900,3,-0.0001347064971923828
591,C,T,1,MT-TF,1900,4,0.0028517842292785645
616,T,C,1,MT-TF,1900,4,-0.007308483123779297
629,T,C,0,MT-TF,1900,4,-0.0002675056457519531
1624,C,T,1,MT-TV,1900,4,0.0001285076141357422
1644,G,A,1,MT-TV,1900,4,-0.0008307695388793945
3242,G,A,1,MT-TL1,1900,4,-0.0030277669429779053
3243,A,G,1,MT-TL1,1900,4,-0.0041457414627075195
3243,A,T,1,MT-TL1,1900,4,-0.008933693170547485
3251,A,G,1,MT-TL1,1900,4,-0.001526862382888794
3252,A,G,1,MT-TL1,1900,4,-0.001259535551071167
3255,G,A,1,MT-TL1,1900,4,-0.0026227235794067383
3256,C,T,1,MT-TL1,1900,4,-0.0023799538612365723
3258,T,C,1,MT-TL1,1900,4,0.0002041161060333252
3260,A,G,1,MT-TL1,1900,4,-0.002499997615814209
3271,T,C,1,MT-TL1,1900,4,-0.0004158914089202881
3291,T,C,1,MT-TL1,1900,4,-0.0010520517826080322
3302,A,G,1,MT-TL1,1900,4,-0.0010429322719573975
3303,C,T,1,MT-TL1,1900,4,-0.002309441566467285
4300,A,G,1,MT-TI,1900,4,-0.00125160813331604
4336,T,C,0,MT-TQ,1900,4,-0.00046497583389282227
4370,T,C,0,MT-TQ,1900,4,-0.0011253654956817627
4450,G,A,1,MT-TM,1900,4,-0.0014092326164245605
4452,T,C,0,MT-TM,1900,4,-0.0003916323184967041
5521,G,A,1,MT-TW,1900,4,-0.0018531084060668945
5553,T,C,0,MT-TW,1900,4,-0.00017637014389038086
5556,G,A,1,MT-TW,1900,4,-0.000922858715057373
5650,G,A,1,MT-TA,1900,4,-0.0008506178855895996
5690,A,G,1,MT-TN,1900,4,-0.0010809898376464844
5703,G,A,1,MT-TN,1900,4,0.0004477500915527344
5728,T,C,1,MT-TN,1900,4,-0.0008425712585449219
5814,T,C,0,MT-TC,1900,4,-0.00024753808975219727
7453,G,A,1,MT-TS1,1900,4,-0.0018206238746643066
7471,C,T,0,MT-TS1,1900,4,0.0008761286735534668
7472,A,T,0,MT-TS1,1900,4,8.320808410644531e-05
7476,C,T,0,MT-TS1,1900,4,0.00021129846572875977
7493,C,T,0,MT-TS1,1900,4,0.00029796361923217773
7497,G,A,1,MT-TS1,1900,4,4.464387893676758e-05
7498,G,A,0,MT-TS1,1900,4,9.495019912719727e-05
7510,T,C,1,MT-TS1,1900,4,7.659196853637695e-05
7511,T,C,1,MT-TS1,1900,4,-0.000659942626953125
7512,T,C,1,MT-TS1,1900,4,-3.218650817871094e-05
8313,G,A,1,MT-TK,1900,4,-0.0014992356300354004
8340,G,A,1,MT-TK,1900,4,-0.0007025003433227539
8344,A,G,1,MT-TK,1900,4,0.00023597478866577148
8348,A,G,0,MT-TK,1900,4,-0.0003364086151123047
8356,T,C,1,MT-TK,1900,4,-0.0006432533264160156
8363,G,A,1,MT-TK,1900,4,-0.0005198121070861816
10007,T,C,0,MT-TG,1900,4,4.363059997558594e-05
10034,T,C,0,MT-TG,1900,4,-0.00034612417221069336
10463,T,C,0,MT-TR,1900,4,-5.453824996948242e-05
12147,G,A,1,MT-TH,1900,4,-0.002185344696044922
12201,T,C,1,MT-TH,1900,4,-0.0003464818000793457
12239,C,T,0,MT-TS2,1900,4,-0.0005019307136535645
12258,C,A,1,MT-TS2,1900,4,-0.0022483468055725098
12276,G,A,1,MT-TL2,1900,4,-0.002560555934906006
12308,A,G,0,MT-TL2,1900,4,-0.0005704760551452637
12315,G,A,1,MT-TL2,1900,4,-0.0026508569717407227
14674,T,C,1,MT-TE,1900,4,-0.0006862282752990723
14684,C,T,0,MT-TE,1900,4,0.0004455447196960449
14709,T,C,1,MT-TE,1900,4,-0.0013982653617858887
15894,G,A,0,MT-TT,1900,4,-0.0016821622848510742
15904,C,T,0,MT-TT,1900,4,0.0006630420684814453
15907,A,G,0,MT-TT,1900,4,-0.0010731816291809082
15923,A,G,1,MT-TT,1900,4,-0.00028526782989501953
15924,A,G,0,MT-TT,1900,4,0.0005502104759216309
15928,G,A,0,MT-TT,1900,4,0.00029546022415161133
15990,C,T,1,MT-TP,1900,4,-3.5762786865234375e-05
591,C,T,1,MT-TF,1900,5,0.0021547675132751465
616,T,C,1,MT-TF,1900,5,-0.006781458854675293
629,T,C,0,MT-TF,1900,5,-0.0002555251121520996
1624,C,T,1,MT-TV,1900,5,0.00015121698379516602
1644,G,A,1,MT-TV,1900,5,-0.0013642311096191406
3242,G,A,1,MT-TL1,1900,5,-0.0032404065132141113
3243,A,G,1,MT-TL1,1900,5,-0.0042303502559661865
3243,A,T,1,MT-TL1,1900,5,-0.008625507354736328
3251,A,G,1,MT-TL1,1900,5,-0.0023778676986694336
3252,A,G,1,MT-TL1,1900,5,-0.0014109015464782715
3255,G,A,1,MT-TL1,1900,5,-0.0018880665302276611
3256,C,T,1,MT-TL1,1900,5,-0.002040386199951172
3258,T,C,1,MT-TL1,1900,5,-0.0014363229274749756
3260,A,G,1,MT-TL1,1900,5,-0.002710789442062378
3271,T,C,1,MT-TL1,1900,5,-8.52346420288086e-05
3291,T,C,1,MT-TL1,1900,5,-7.465481758117676e-05
3302,A,G,1,MT-TL1,1900,5,-0.0004087388515472412
3303,C,T,1,MT-TL1,1900,5,-0.0015038251876831055
4300,A,G,1,MT-TI,1900,5,-0.0018960833549499512
4336,T,C,0,MT-TQ,1900,5,9.66787338256836e-05
4370,T,C,0,MT-TQ,1900,5,-0.0005127191543579102
4450,G,A,1,MT-TM,1900,5,-0.0010682344436645508
4452,T,C,0,MT-TM,1900,5,-0.0005898773670196533
5521,G,A,1,MT-TW,1900,5,-0.0010510683059692383
5553,T,C,0,MT-TW,1900,5,-0.000720679759979248
5556,G,A,1,MT-TW,1900,5,-0.0008518099784851074
5650,G,A,1,MT-TA,1900,5,-0.0007530450820922852
5690,A,G,1,MT-TN,1900,5,-0.0017643570899963379
5703,G,A,1,MT-TN,1900,5,-0.0003007054328918457
5728,T,C,1,MT-TN,1900,5,-0.0012440085411071777
5814,T,C,0,MT-TC,1900,5,-0.0012679100036621094
7453,G,A,1,MT-TS1,1900,5,-0.0015993118286132812
7471,C,T,0,MT-TS1,1900,5,0.0008947253227233887
7472,A,T,0,MT-TS1,1900,5,-0.00021183490753173828
7476,C,T,0,MT-TS1,1900,5,0.00011146068572998047
7493,C,T,0,MT-TS1,1900,5,0.00036787986755371094
7497,G,A,1,MT-TS1,1900,5,0.000853419303894043
7498,G,A,0,MT-TS1,1900,5,-0.00015723705291748047
7510,T,C,1,MT-TS1,1900,5,-0.0005181431770324707
7511,T,C,1,MT-TS1,1900,5,-0.0007454156875610352
7512,T,C,1,MT-TS1,1900,5,0.00039207935333251953
8313,G,A,1,MT-TK,1900,5,-0.00205230712890625
8340,G,A,1,MT-TK,1900,5,-0.0005504488945007324
8344,A,G,1,MT-TK,1900,5,-0.0006123781204223633
8348,A,G,0,MT-TK,1900,5,-9.238719940185547e-06
8356,T,C,1,MT-TK,1900,5,-0.0011405348777770996
8363,G,A,1,MT-TK,1900,5,-0.0014783740043640137
10007,T,C,0,MT-TG,1900,5,-0.0005019903182983398
10034,T,C,0,MT-TG,1900,5,-0.0005899667739868164
10463,T,C,0,MT-TR,1900,5,-0.0008826255798339844
12147,G,A,1,MT-TH,1900,5,-0.0023706555366516113
12201,T,C,1,MT-TH,1900,5,-0.0008825063705444336
12239,C,T,0,MT-TS2,1900,5,1.2516975402832031e-05
12258,C,A,1,MT-TS2,1900,5,-0.0019406676292419434
12276,G,A,1,MT-TL2,1900,5,-0.00301969051361084
12308,A,G,0,MT-TL2,1900,5,-0.0012955665588378906
12315,G,A,1,MT-TL2,1900,5,-0.0017341375350952148
14674,T,C,1,MT-TE,1900,5,-0.0007382631301879883
14684,C,T,0,MT-TE,1900,5,0.00026547908782958984
14709,T,C,1,MT-TE,1900,5,-0.0009762048721313477
15894,G,A,0,MT-TT,1900,5,-0.0014718174934387207
15904,C,T,0,MT-TT,1900,5,0.0003858804702758789
15907,A,G,0,MT-TT,1900,5,-0.0007984638214111328
15923,A,G,1,MT-TT,1900,5,0.00034433603286743164
15924,A,G,0,MT-TT,1900,5,0.0003973245620727539
15928,G,A,0,MT-TT,1900,5,-0.0005776882171630859
15990,C,T,1,MT-TP,1900,5,0.0004698038101196289
591,C,T,1,MT-TF,1900,6,0.0013186931610107422
616,T,C,1,MT-TF,1900,6,-0.006600618362426758
629,T,C,0,MT-TF,1900,6,-0.0004885196685791016
1624,C,T,1,MT-TV,1900,6,-0.00040262937545776367
1644,G,A,1,MT-TV,1900,6,-0.0012470483779907227
3242,G,A,1,MT-TL1,1900,6,-0.0035837888717651367
3243,A,G,1,MT-TL1,1900,6,-0.0033878684043884277
3243,A,T,1,MT-TL1,1900,6,-0.008707672357559204
3251,A,G,1,MT-TL1,1900,6,-0.0014947354793548584
3252,A,G,1,MT-TL1,1900,6,-0.0016797780990600586
3255,G,A,1,MT-TL1,1900,6,-0.00174790620803833
3256,C,T,1,MT-TL1,1900,6,-0.0022892355918884277
3258,T,C,1,MT-TL1,1900,6,-0.001048445701599121
3260,A,G,1,MT-TL1,1900,6,-0.0024932026863098145
3271,T,C,1,MT-TL1,1900,6,-0.0010151863098144531
3291,T,C,1,MT-TL1,1900,6,-0.0006060004234313965
3302,A,G,1,MT-TL1,1900,6,-0.0015261173248291016
3303,C,T,1,MT-TL1,1900,6,-0.0016036927700042725
4300,A,G,1,MT-TI,1900,6,-0.0018711388111114502
4336,T,C,0,MT-TQ,1900,6,-0.00037339329719543457
4370,T,C,0,MT-TQ,1900,6,-0.0005263388156890869
4450,G,A,1,MT-TM,1900,6,-0.0015011727809906006
4452,T,C,0,MT-TM,1900,6,0.0003800392150878906
5521,G,A,1,MT-TW,1900,6,-0.001440584659576416
5553,T,C,0,MT-TW,1900,6,-0.0007814764976501465
5556,G,A,1,MT-TW,1900,6,-0.0006284117698669434
5650,G,A,1,MT-TA,1900,6,-0.0011639595031738281
5690,A,G,1,MT-TN,1900,6,-0.001728832721710205
5703,G,A,1,MT-TN,1900,6,0.0004658699035644531
5728,T,C,1,MT-TN,1900,6,-0.0006359219551086426
5814,T,C,0,MT-TC,1900,6,-0.0009131431579589844
7453,G,A,1,MT-TS1,1900,6,-0.0015946626663208008
7471,C,T,0,MT-TS1,1900,6,0.0015546679496765137
7472,A,T,0,MT-TS1,1900,6,0.0001195669174194336
7476,C,T,0,MT-TS1,1900,6,0.0003845095634460449
7493,C,T,0,MT-TS1,1900,6,0.000882267951965332
7497,G,A,1,MT-TS1,1900,6,0.00029164552688598633
7498,G,A,0,MT-TS1,1900,6,0.0006847977638244629
7510,T,C,1,MT-TS1,1900,6,-9.226799011230469e-05
7511,T,C,1,MT-TS1,1900,6,4.035234451293945e-05
7512,T,C,1,MT-TS1,1900,6,0.00016641616821289062
8313,G,A,1,MT-TK,1900,6,-0.00199127197265625
8340,G,A,1,MT-TK,1900,6,-0.0010791420936584473
8344,A,G,1,MT-TK,1900,6,-0.00010836124420166016
8348,A,G,0,MT-TK,1900,6,-0.0005145072937011719
8356,T,C,1,MT-TK,1900,6,-0.000853419303894043
8363,G,A,1,MT-TK,1900,6,-0.0009089112281799316
10007,T,C,0,MT-TG,1900,6,-0.00020229816436767578
10034,T,C,0,MT-TG,1900,6,-0.0005614757537841797
10463,T,C,0,MT-TR,1900,6,-0.0006976127624511719
12147,G,A,1,MT-TH,1900,6,-0.0019888877868652344
12201,T,C,1,MT-TH,1900,6,-0.0014265775680541992
12239,C,T,0,MT-TS2,1900,6,-0.0007605552673339844
12258,C,A,1,MT-TS2,1900,6,-0.0016334056854248047
12276,G,A,1,MT-TL2,1900,6,-0.002344667911529541
12308,A,G,0,MT-TL2,1900,6,-0.000942230224609375
12315,G,A,1,MT-TL2,1900,6,-0.0023170113563537598
14674,T,C,1,MT-TE,1900,6,-0.0010190010070800781
14684,C,T,0,MT-TE,1900,6,0.00020945072174072266
14709,T,C,1,MT-TE,1900,6,-0.0006044507026672363
15894,G,A,0,MT-TT,1900,6,-0.0017341971397399902
15904,C,T,0,MT-TT,1900,6,0.000888824462890625
15907,A,G,0,MT-TT,1900,6,-0.0002490878105163574
15923,A,G,1,MT-TT,1900,6,-0.0008696913719177246
15924,A,G,0,MT-TT,1900,6,-0.00015664100646972656
15928,G,A,0,MT-TT,1900,6,-4.887580871582031e-06
15990,C,T,1,MT-TP,1900,6,0.00015848875045776367
591,C,T,1,MT-TF,1900,7,0.0025960803031921387
616,T,C,1,MT-TF,1900,7,-0.006577253341674805
629,T,C,0,MT-TF,1900,7,-0.0005086660385131836
1624,C,T,1,MT-TV,1900,7,0.0004253387451171875
1644,G,A,1,MT-TV,1900,7,-0.001055002212524414
3242,G,A,1,MT-TL1,1900,7,-0.0034964382648468018
3243,A,G,1,MT-TL1,1900,7,-0.003647923469543457
3243,A,T,1,MT-TL1,1900,7,-0.009112030267715454
3251,A,G,1,MT-TL1,1900,7,-0.001920461654663086
3252,A,G,1,MT-TL1,1900,7,-0.0020983219146728516
3255,G,A,1,MT-TL1,1900,7,-0.00195351243019104
3256,C,T,1,MT-TL1,1900,7,-0.002088695764541626
3258,T,C,1,MT-TL1,1900,7,-0.0011900067329406738
3260,A,G,1,MT-TL1,1900,7,-0.0030578970909118652
3271,T,C,1,MT-TL1,1900,7,-0.000973820686340332
3291,T,C,1,MT-TL1,1900,7,-0.0006463527679443359
3302,A,G,1,MT-TL1,1900,7,-0.0005411505699157715
3303,C,T,1,MT-TL1,1900,7,-0.0017372965812683105
4300,A,G,1,MT-TI,1900,7,-0.0010721683502197266
4336,T,C,0,MT-TQ,1900,7,0.00013116002082824707
4370,T,C,0,MT-TQ,1900,7,-2.5033950805664062e-06
4450,G,A,1,MT-TM,1900,7,-0.0010392069816589355
4452,T,C,0,MT-TM,1900,7,-0.0005356967449188232
5521,G,A,1,MT-TW,1900,7,-0.001278519630432129
5553,T,C,0,MT-TW,1900,7,-0.0008965730667114258
5556,G,A,1,MT-TW,1900,7,-0.001492917537689209
5650,G,A,1,MT-TA,1900,7,-0.0011455416679382324
5690,A,G,1,MT-TN,1900,7,-0.0012273788452148438
5703,G,A,1,MT-TN,1900,7,-4.1961669921875e-05
5728,T,C,1,MT-TN,1900,7,-0.0008251070976257324
5814,T,C,0,MT-TC,1900,7,-0.0008078217506408691
7453,G,A,1,MT-TS1,1900,7,-0.0015839338302612305
7471,C,T,0,MT-TS1,1900,7,0.0009931325912475586
7472,A,T,0,MT-TS1,1900,7,0.0002048015594482422
7476,C,T,0,MT-TS1,1900,7,-0.0001512765884399414
7493,C,T,0,MT-TS1,1900,7,0.0004929304122924805
7497,G,A,1,MT-TS1,1900,7,0.0006043910980224609
7498,G,A,0,MT-TS1,1900,7,0.00045233964920043945
7510,T,C,1,MT-TS1,1900,7,-0.00039315223693847656
7511,T,C,1,MT-TS1,1900,7,-0.00041985511779785156
7512,T,C,1,MT-TS1,1900,7,-0.0002808570861816406
8313,G,A,1,MT-TK,1900,7,-0.0017423629760742188
8340,G,A,1,MT-TK,1900,7,-0.0007232427597045898
8344,A,G,1,MT-TK,1900,7,-0.0005612969398498535
8348,A,G,0,MT-TK,1900,7,-0.0007440447807312012
8356,T,C,1,MT-TK,1900,7,-0.0010284185409545898
8363,G,A,1,MT-TK,1900,7,-0.001551985740661621
10007,T,C,0,MT-TG,1900,7,-0.0001118779182434082
10034,T,C,0,MT-TG,1900,7,-0.0001710653305053711
10463,T,C,0,MT-TR,1900,7,-0.001480698585510254
12147,G,A,1,MT-TH,1900,7,-0.0024419426918029785
12201,T,C,1,MT-TH,1900,7,-0.0009603500366210938
12239,C,T,0,MT-TS2,1900,7,-0.0006898641586303711
12258,C,A,1,MT-TS2,1900,7,-0.0021669864654541016
12276,G,A,1,MT-TL2,1900,7,-0.0026573538780212402
12308,A,G,0,MT-TL2,1900,7,-0.0015168190002441406
12315,G,A,1,MT-TL2,1900,7,-0.0016270279884338379
14674,T,C,1,MT-TE,1900,7,-0.0010558366775512695
14684,C,T,0,MT-TE,1900,7,-0.000317990779876709
14709,T,C,1,MT-TE,1900,7,-0.001354515552520752
15894,G,A,0,MT-TT,1900,7,-0.001263737678527832
15904,C,T,0,MT-TT,1900,7,6.347894668579102e-05
15907,A,G,0,MT-TT,1900,7,-0.0010843276977539062
15923,A,G,1,MT-TT,1900,7,-0.0003288388252258301
15924,A,G,0,MT-TT,1900,7,0.0002860426902770996
15928,G,A,0,MT-TT,1900,7,-0.0007427334785461426
15990,C,T,1,MT-TP,1900,7,-0.00019538402557373047
591,C,T,1,MT-TF,1900,8,0.0024248361587524414
616,T,C,1,MT-TF,1900,8,-0.006674826145172119
629,T,C,0,MT-TF,1900,8,-0.0008844137191772461
1624,C,T,1,MT-TV,1900,8,-0.00033348798751831055
1644,G,A,1,MT-TV,1900,8,-0.0008882880210876465
3242,G,A,1,MT-TL1,1900,8,-0.003709763288497925
3243,A,G,1,MT-TL1,1900,8,-0.004716843366622925
3243,A,T,1,MT-TL1,1900,8,-0.009401679039001465
3251,A,G,1,MT-TL1,1900,8,-0.002095431089401245
3252,A,G,1,MT-TL1,1900,8,-0.0013969838619232178
3255,G,A,1,MT-TL1,1900,8,-0.0026189684867858887
3256,C,T,1,MT-TL1,1900,8,-0.003060281276702881
3258,T,C,1,MT-TL1,1900,8,-0.0009295046329498291
3260,A,G,1,MT-TL1,1900,8,-0.002606332302093506
3271,T,C,1,MT-TL1,1900,8,-0.0003546476364135742
3291,T,C,1,MT-TL1,1900,8,-0.0008542835712432861
3302,A,G,1,MT-TL1,1900,8,-0.0006838440895080566
3303,C,T,1,MT-TL1,1900,8,-0.001718074083328247
4300,A,G,1,MT-TI,1900,8,-0.0011524856090545654
4336,T,C,0,MT-TQ,1900,8,-0.0002563595771789551
4370,T,C,0,MT-TQ,1900,8,-0.0007783770561218262
4450,G,A,1,MT-TM,1900,8,-0.0018872320652008057
4452,T,C,0,MT-TM,1900,8,-0.0005782842636108398
5521,G,A,1,MT-TW,1900,8,-0.0012454390525817871
5553,T,C,0,MT-TW,1900,8,-0.0004940032958984375
5556,G,A,1,MT-TW,1900,8,-0.0016921758651733398
5650,G,A,1,MT-TA,1900,8,-0.001416921615600586
5690,A,G,1,MT-TN,1900,8,-0.001059412956237793
5703,G,A,1,MT-TN,1900,8,0.0008299946784973145
5728,T,C,1,MT-TN,1900,8,-0.0006296634674072266
5814,T,C,0,MT-TC,1900,8,-0.00023317337036132812
7453,G,A,1,MT-TS1,1900,8,-0.0020095109939575195
7471,C,T,0,MT-TS1,1900,8,0.0008195042610168457
7472,A,T,0,MT-TS1,1900,8,-0.00028818845748901367
7476,C,T,0,MT-TS1,1900,8,0.0007408857345581055
7493,C,T,0,MT-TS1,1900,8,-3.993511199951172e-05
7497,G,A,1,MT-TS1,1900,8,0.00039523839950561523
7498,G,A,0,MT-TS1,1900,8,0.0011256933212280273
7510,T,C,1,MT-TS1,1900,8,-0.0006987452507019043
7511,T,C,1,MT-TS1,1900,8,-0.0004915595054626465
7512,T,C,1,MT-TS1,1900,8,0.0004514455795288086
8313,G,A,1,MT-TK,1900,8,-0.0015311241149902344
8340,G,A,1,MT-TK,1900,8,-0.000744163990020752
8344,A,G,1,MT-TK,1900,8,-0.00034552812576293945
8348,A,G,0,MT-TK,1900,8,-0.00013309717178344727
8356,T,C,1,MT-TK,1900,8,-0.001059114933013916
8363,G,A,1,MT-TK,1900,8,-0.0014238357543945312
10007,T,C,0,MT-TG,1900,8,-0.00015091896057128906
10034,T,C,0,MT-TG,1900,8,-0.0007532238960266113
10463,T,C,0,MT-TR,1900,8,-0.0005598068237304688
12147,G,A,1,MT-TH,1900,8,-0.0022609829902648926
12201,T,C,1,MT-TH,1900,8,-0.002018451690673828
12239,C,T,0,MT-TS2,1900,8,-0.00012618303298950195
12258,C,A,1,MT-TS2,1900,8,-0.002595961093902588
12276,G,A,1,MT-TL2,1900,8,-0.0028211474418640137
12308,A,G,0,MT-TL2,1900,8,-0.0013960599899291992
12315,G,A,1,MT-TL2,1900,8,-0.0016887784004211426
14674,T,C,1,MT-TE,1900,8,-0.001445472240447998
14684,C,T,0,MT-TE,1900,8,0.0009186267852783203
14709,T,C,1,MT-TE,1900,8,-0.0011733174324035645
15894,G,A,0,MT-TT,1900,8,-0.001195073127746582
15904,C,T,0,MT-TT,1900,8,3.522634506225586e-05
15907,A,G,0,MT-TT,1900,8,-0.0003268122673034668
15923,A,G,1,MT-TT,1900,8,-0.001257181167602539
15924,A,G,0,MT-TT,1900,8,0.0008667111396789551
15928,G,A,0,MT-TT,1900,8,-0.0010051131248474121
15990,C,T,1,MT-TP,1900,8,0.00022602081298828125
591,C,T,1,MT-TF,1900,9,0.002963423728942871
616,T,C,1,MT-TF,1900,9,-0.005809962749481201
629,T,C,0,MT-TF,1900,9,-0.00039637088775634766
1624,C,T,1,MT-TV,1900,9,0.0003826618194580078
1644,G,A,1,MT-TV,1900,9,-0.0008743405342102051
3242,G,A,1,MT-TL1,1900,9,-0.00305292010307312
3243,A,G,1,MT-TL1,1900,9,-0.0037285983562469482
3243,A,T,1,MT-TL1,1900,9,-0.008076578378677368
3251,A,G,1,MT-TL1,1900,9,-0.0017487704753875732
3252,A,G,1,MT-TL1,1900,9,-0.0015995502471923828
3255,G,A,1,MT-TL1,1900,9,-0.0015010833740234375
3256,C,T,1,MT-TL1,1900,9,-0.0018135607242584229
3258,T,C,1,MT-TL1,1900,9,-0.0009461045265197754
3260,A,G,1,MT-TL1,1900,9,-0.0022069215774536133
3271,T,C,1,MT-TL1,1900,9,-0.00024214386940002441
3291,T,C,1,MT-TL1,1900,9,-0.0005764663219451904
3302,A,G,1,MT-TL1,1900,9,-0.0010509788990020752
3303,C,T,1,MT-TL1,1900,9,-0.0017983317375183105
4300,A,G,1,MT-TI,1900,9,-0.0006201863288879395
4336,T,C,0,MT-TQ,1900,9,-0.0009741485118865967
4370,T,C,0,MT-TQ,1900,9,-0.0006030797958374023
4450,G,A,1,MT-TM,1900,9,-0.00095367431640625
4452,T,C,0,MT-TM,1900,9,-0.0008985698223114014
5521,G,A,1,MT-TW,1900,9,-0.0013753175735473633
5553,T,C,0,MT-TW,1900,9,-0.0008507966995239258
5556,G,A,1,MT-TW,1900,9,-0.002226889133453369
5650,G,A,1,MT-TA,1900,9,-0.0009012222290039062
5690,A,G,1,MT-TN,1900,9,-0.0015541315078735352
5703,G,A,1,MT-TN,1900,9,0.0010265111923217773
5728,T,C,1,MT-TN,1900,9,-0.0010410547256469727
5814,T,C,0,MT-TC,1900,9,-0.0006663799285888672
7453,G,A,1,MT-TS1,1900,9,-0.0016927123069763184
7471,C,T,0,MT-TS1,1900,9,0.0008597373962402344
7472,A,T,0,MT-TS1,1900,9,0.00034368038177490234
7476,C,T,0,MT-TS1,1900,9,0.000148773193359375
7493,C,T,0,MT-TS1,1900,9,0.0010875463485717773
7497,G,A,1,MT-TS1,1900,9,0.0003924369812011719
7498,G,A,0,MT-TS1,1900,9,0.000406801700592041
7510,T,C,1,MT-TS1,1900,9,-0.0012714862823486328
7511,T,C,1,MT-TS1,1900,9,-0.0007880330085754395
7512,T,C,1,MT-TS1,1900,9,0.00045114755630493164
8313,G,A,1,MT-TK,1900,9,-0.0014577507972717285
8340,G,A,1,MT-TK,1900,9,-0.00110548734664917
8344,A,G,1,MT-TK,1900,9,-0.0002453327178955078
8348,A,G,0,MT-TK,1900,9,-0.0007985234260559082
8356,T,C,1,MT-TK,1900,9,-0.0006698369979858398
8363,G,A,1,MT-TK,1900,9,-0.0017301440238952637
10007,T,C,0,MT-TG,1900,9,-0.0007057785987854004
10034,T,C,0,MT-TG,1900,9,-0.0007680058479309082
10463,T,C,0,MT-TR,1900,9,-0.001396477222442627
12147,G,A,1,MT-TH,1900,9,-0.0022636055946350098
12201,T,C,1,MT-TH,1900,9,-0.0009899139404296875
12239,C,T,0,MT-TS2,1900,9,-0.0005871057510375977
12258,C,A,1,MT-TS2,1900,9,-0.002270638942718506
12276,G,A,1,MT-TL2,1900,9,-0.002272367477416992
12308,A,G,0,MT-TL2,1900,9,-0.0015391111373901367
12315,G,A,1,MT-TL2,1900,9,-0.002234816551208496
14674,T,C,1,MT-TE,1900,9,-0.0010532736778259277
14684,C,T,0,MT-TE,1900,9,-1.8894672393798828e-05
14709,T,C,1,MT-TE,1900,9,-0.0013237595558166504
15894,G,A,0,MT-TT,1900,9,-0.001378178596496582
15904,C,T,0,MT-TT,1900,9,0.0009952187538146973
15907,A,G,0,MT-TT,1900,9,-0.0007933378219604492
15923,A,G,1,MT-TT,1900,9,-0.00029647350311279297
15924,A,G,0,MT-TT,1900,9,-0.0010866522789001465
15928,G,A,0,MT-TT,1900,9,-9.882450103759766e-05
15990,C,T,1,MT-TP,1900,9,-0.0001984238624572754
