pos,ref,alt,label,gene,radius,seed,delta
591,C,T,1,MT-TF,-1,-1,0.008426845073699951
616,T,C,1,MT-TF,-1,-1,-0.01586771011352539
629,T,C,0,MT-TF,-1,-1,0.002039968967437744
1624,C,T,1,MT-TV,-1,-1,-0.00027444958686828613
1644,G,A,1,MT-TV,-1,-1,-0.00450289249420166
3242,G,A,1,MT-TL1,-1,-1,-0.010644912719726562
3243,A,G,1,MT-TL1,-1,-1,-0.014817416667938232
3243,A,T,1,MT-TL1,-1,-1,-0.03125965595245361
3251,A,G,1,MT-TL1,-1,-1,-0.005009204149246216
3252,A,G,1,MT-TL1,-1,-1,-0.005010247230529785
3255,G,A,1,MT-TL1,-1,-1,-0.00827053189277649
3256,C,T,1,MT-TL1,-1,-1,-0.007884800434112549
3258,T,C,1,MT-TL1,-1,-1,-0.003384709358215332
3260,A,G,1,MT-TL1,-1,-1,-0.007015794515609741
3271,T,C,1,MT-TL1,-1,-1,-0.00326615571975708
3291,T,C,1,MT-TL1,-1,-1,-0.003052651882171631
3302,A,G,1,MT-TL1,-1,-1,-0.0006256103515625
3303,C,T,1,MT-TL1,-1,-1,-0.006204694509506226
4300,A,G,1,MT-TI,-1,-1,-0.004992425441741943
4336,T,C,0,MT-TQ,-1,-1,-0.001110076904296875
4370,T,C,0,MT-TQ,-1,-1,-0.0019161701202392578
4450,G,A,1,MT-TM,-1,-1,-0.003932476043701172
4452,T,C,0,MT-TM,-1,-1,-0.0003889799118041992
5521,G,A,1,MT-TW,-1,-1,-0.008340418338775635
5553,T,C,0,MT-TW,-1,-1,-0.002906203269958496
5556,G,A,1,MT-TW,-1,-1,-0.004283130168914795
5650,G,A,1,MT-TA,-1,-1,-0.004295706748962402
5690,A,G,1,MT-TN,-1,-1,-0.008077383041381836
5703,G,A,1,MT-TN,-1,-1,0.0016074776649475098
5728,T,C,1,MT-TN,-1,-1,-0.003696262836456299
5814,T,C,0,MT-TC,-1,-1,-0.002640962600708008
7453,G,A,1,MT-TS1,-1,-1,-0.007486581802368164
7471,C,T,0,MT-TS1,-1,-1,0.003884434700012207
7472,A,T,0,MT-TS1,-1,-1,0.001025855541229248
7476,C,T,0,MT-TS1,-1,-1,-0.0020134449005126953
7493,C,T,0,MT-TS1,-1,-1,0.0005866885185241699
7497,G,A,1,MT-TS1,-1,-1,-0.00037598609924316406
7498,G,A,0,MT-TS1,-1,-1,0.003041982650756836
7510,T,C,1,MT-TS1,-1,-1,-0.0020419955253601074
7511,T,C,1,MT-TS1,-1,-1,-0.002249598503112793
7512,T,C,1,MT-TS1,-1,-1,0.0007288455963134766
8313,G,A,1,MT-TK,-1,-1,-0.00889962911605835
8340,G,A,1,MT-TK,-1,-1,-0.0029918551445007324
8344,A,G,1,MT-TK,-1,-1,-0.0026507973670959473
8348,A,G,0,MT-TK,-1,-1,-0.0018009543418884277
8356,T,C,1,MT-TK,-1,-1,-0.0008361935615539551
8363,G,A,1,MT-TK,-1,-1,-0.005575120449066162
10007,T,C,0,MT-TG,-1,-1,-0.0005088448524475098
10034,T,C,0,MT-TG,-1,-1,-0.002428293228149414
10463,T,C,0,MT-TR,-1,-1,-0.0028461813926696777
12147,G,A,1,MT-TH,-1,-1,-0.006760120391845703
12201,T,C,1,MT-TH,-1,-1,-0.0044158101081848145
12239,C,T,0,MT-TS2,-1,-1,-0.0007585287094116211
12258,C,A,1,MT-TS2,-1,-1,-0.009845495223999023
12276,G,A,1,MT-TL2,-1,-1,-0.012125670909881592
12308,A,G,0,MT-TL2,-1,-1,-0.005284011363983154
12315,G,A,1,MT-TL2,-1,-1,-0.006842553615570068
14674,T,C,1,MT-TE,-1,-1,-0.007099330425262451
14684,C,T,0,MT-TE,-1,-1,0.0020159482955932617
14709,T,C,1,MT-TE,-1,-1,-0.004220783710479736
15894,G,A,0,MT-TT,-1,-1,-0.0060217976570129395
15904,C,T,0,MT-TT,-1,-1,0.0013613700866699219
15907,A,G,0,MT-TT,-1,-1,-0.004996299743652344
15923,A,G,1,MT-TT,-1,-1,-0.005458712577819824
15924,A,G,0,MT-TT,-1,-1,-0.003347039222717285
15928,G,A,0,MT-TT,-1,-1,-0.0029982328414916992
15990,C,T,1,MT-TP,-1,-1,-0.009760439395904541
591,C,T,1,MT-TF,0,0,-0.00022554397583007812
616,T,C,1,MT-TF,0,0,-0.001522064208984375
629,T,C,0,MT-TF,0,0,-0.0004730224609375
1624,C,T,1,MT-TV,0,0,-0.001544952392578125
1644,G,A,1,MT-TV,0,0,-0.00077056884765625
3242,G,A,1,MT-TL1,0,0,-0.015030503273010254
3243,A,G,1,MT-TL1,0,0,-0.022553682327270508
3243,A,T,1,MT-TL1,0,0,-0.01364278793334961
3251,A,G,1,MT-TL1,0,0,-0.004044055938720703
3252,A,G,1,MT-TL1,0,0,-0.0036857128143310547
3255,G,A,1,MT-TL1,0,0,-0.0024771690368652344
3256,C,T,1,MT-TL1,0,0,-0.005153179168701172
3258,T,C,1,MT-TL1,0,0,-0.009814023971557617
3260,A,G,1,MT-TL1,0,0,-0.0005719661712646484
3271,T,C,1,MT-TL1,0,0,0.0010854005813598633
3291,T,C,1,MT-TL1,0,0,-0.0013060569763183594
3302,A,G,1,MT-TL1,0,0,-0.002490401268005371
3303,C,T,1,MT-TL1,0,0,-0.002013564109802246
4300,A,G,1,MT-TI,0,0,-0.0015619993209838867
4336,T,C,0,MT-TQ,0,0,-0.0011976957321166992
4370,T,C,0,MT-TQ,0,0,0.0001976490020751953
4450,G,A,1,MT-TM,0,0,-0.004374980926513672
4452,T,C,0,MT-TM,0,0,-0.0012723207473754883
5521,G,A,1,MT-TW,0,0,0.004209160804748535
5553,T,C,0,MT-TW,0,0,-0.0027403831481933594
5556,G,A,1,MT-TW,0,0,-0.004767298698425293
5650,G,A,1,MT-TA,0,0,0.00015783309936523438
5690,A,G,1,MT-TN,0,0,-0.00586247444152832
5703,G,A,1,MT-TN,0,0,-0.00019168853759765625
5728,T,C,1,MT-TN,0,0,-0.002283334732055664
5814,T,C,0,MT-TC,0,0,-0.0009332895278930664
7453,G,A,1,MT-TS1,0,0,-0.0005173683166503906
7471,C,T,0,MT-TS1,0,0,0.0016962289810180664
7472,A,T,0,MT-TS1,0,0,0.001980304718017578
7476,C,T,0,MT-TS1,0,0,0.00030732154846191406
7493,C,T,0,MT-TS1,0,0,-0.0017861127853393555
7497,G,A,1,MT-TS1,0,0,0.0029027462005615234
7498,G,A,0,MT-TS1,0,0,-0.0005402565002441406
7510,T,C,1,MT-TS1,0,0,0.0001875162124633789
7511,T,C,1,MT-TS1,0,0,-0.003354787826538086
7512,T,C,1,MT-TS1,0,0,-0.0007355213165283203
8313,G,A,1,MT-TK,0,0,-0.00030517578125
8340,G,A,1,MT-TK,0,0,-0.0024361610412597656
8344,A,G,1,MT-TK,0,0,0.000530242919921875
8348,A,G,0,MT-TK,0,0,-0.004007816314697266
8356,T,C,1,MT-TK,0,0,-0.0024929046630859375
8363,G,A,1,MT-TK,0,0,-0.0011181831359863281
10007,T,C,0,MT-TG,0,0,0.0015478134155273438
10034,T,C,0,MT-TG,0,0,0.000858306884765625
10463,T,C,0,MT-TR,0,0,4.482269287109375e-05
12147,G,A,1,MT-TH,0,0,-0.0007301568984985352
12201,T,C,1,MT-TH,0,0,-0.0012819766998291016
12239,C,T,0,MT-TS2,0,0,0.0006726980209350586
12258,C,A,1,MT-TS2,0,0,-0.006142139434814453
12276,G,A,1,MT-TL2,0,0,-0.0013142824172973633
12308,A,G,0,MT-TL2,0,0,-0.001865386962890625
12315,G,A,1,MT-TL2,0,0,-0.0029582977294921875
14674,T,C,1,MT-TE,0,0,-0.002089858055114746
14684,C,T,0,MT-TE,0,0,0.0009737014770507812
14709,T,C,1,MT-TE,0,0,-0.001952528953552246
15894,G,A,0,MT-TT,0,0,-0.0007234811782836914
15904,C,T,0,MT-TT,0,0,-0.000698089599609375
15907,A,G,0,MT-TT,0,0,0.00022268295288085938
15923,A,G,1,MT-TT,0,0,-0.00218808650970459
15924,A,G,0,MT-TT,0,0,-0.001973748207092285
15928,G,A,0,MT-TT,0,0,-0.0012078285217285156
15990,C,T,1,MT-TP,0,0,-0.0013222694396972656
591,C,T,1,MT-TF,0,1,0.003722667694091797
616,T,C,1,MT-TF,0,1,1.52587890625e-05
629,T,C,0,MT-TF,0,1,0.0010356903076171875
1624,C,T,1,MT-TV,0,1,-0.000812530517578125
1644,G,A,1,MT-TV,0,1,-0.00397491455078125
3242,G,A,1,MT-TL1,0,1,-0.018415212631225586
3243,A,G,1,MT-TL1,0,1,-0.026536941528320312
3243,A,T,1,MT-TL1,0,1,-0.008076190948486328
3251,A,G,1,MT-TL1,0,1,-0.00089263916015625
3252,A,G,1,MT-TL1,0,1,-0.004247426986694336
3255,G,A,1,MT-TL1,0,1,-0.005805015563964844
3256,C,T,1,MT-TL1,0,1,-0.008043766021728516
3258,T,C,1,MT-TL1,0,1,-0.002414226531982422
3260,A,G,1,MT-TL1,0,1,-0.004835724830627441
3271,T,C,1,MT-TL1,0,1,0.0016450881958007812
3291,T,C,1,MT-TL1,0,1,-0.0016235113143920898
3302,A,G,1,MT-TL1,0,1,-0.001903533935546875
3303,C,T,1,MT-TL1,0,1,-0.002899169921875
4300,A,G,1,MT-TI,0,1,-0.00038695335388183594
4336,T,C,0,MT-TQ,0,1,0.00017011165618896484
4370,T,C,0,MT-TQ,0,1,-0.0003871917724609375
4450,G,A,1,MT-TM,0,1,-0.004510164260864258
4452,T,C,0,MT-TM,0,1,-0.0019103288650512695
5521,G,A,1,MT-TW,0,1,0.006184101104736328
5553,T,C,0,MT-TW,0,1,-0.0030431747436523438
5556,G,A,1,MT-TW,0,1,-0.0011601448059082031
5650,G,A,1,MT-TA,0,1,-0.0029517412185668945
5690,A,G,1,MT-TN,0,1,-0.004401564598083496
5703,G,A,1,MT-TN,0,1,-0.0013734102249145508
5728,T,C,1,MT-TN,0,1,-0.0013867616653442383
5814,T,C,0,MT-TC,0,1,-0.0018600225448608398
7453,G,A,1,MT-TS1,0,1,-0.0021494626998901367
7471,C,T,0,MT-TS1,0,1,0.002390623092651367
7472,A,T,0,MT-TS1,0,1,0.00041365623474121094
7476,C,T,0,MT-TS1,0,1,0.00016677379608154297
7493,C,T,0,MT-TS1,0,1,-0.0010633468627929688
7497,G,A,1,MT-TS1,0,1,0.0014786720275878906
7498,G,A,0,MT-TS1,0,1,0.0009034872055053711
7510,T,C,1,MT-TS1,0,1,0.00012481212615966797
7511,T,C,1,MT-TS1,0,1,-0.002386808395385742
7512,T,C,1,MT-TS1,0,1,-0.0008854866027832031
8313,G,A,1,MT-TK,0,1,-0.00144195556640625
8340,G,A,1,MT-TK,0,1,-0.0034461021423339844
8344,A,G,1,MT-TK,0,1,0.000133514404296875
8348,A,G,0,MT-TK,0,1,-0.0033416748046875
8356,T,C,1,MT-TK,0,1,-0.0010304450988769531
8363,G,A,1,MT-TK,0,1,0.0001621246337890625
10007,T,C,0,MT-TG,0,1,-5.340576171875e-05
10034,T,C,0,MT-TG,0,1,0.0009899139404296875
10463,T,C,0,MT-TR,0,1,0.0009813308715820312
12147,G,A,1,MT-TH,0,1,-0.0017774105072021484
12201,T,C,1,MT-TH,0,1,-0.0004349946975708008
12239,C,T,0,MT-TS2,0,1,-0.002427816390991211
12258,C,A,1,MT-TS2,0,1,-0.004598140716552734
12276,G,A,1,MT-TL2,0,1,-0.0007872581481933594
12308,A,G,0,MT-TL2,0,1,-0.0015163421630859375
12315,G,A,1,MT-TL2,0,1,-0.0049974918365478516
14674,T,C,1,MT-TE,0,1,0.0007569789886474609
14684,C,T,0,MT-TE,0,1,-0.0008733272552490234
14709,T,C,1,MT-TE,0,1,-0.003291606903076172
15894,G,A,0,MT-TT,0,1,-0.0015919208526611328
15904,C,T,0,MT-TT,0,1,-0.0003267526626586914
15907,A,G,0,MT-TT,0,1,-0.00139617919921875
15923,A,G,1,MT-TT,0,1,-0.006419181823730469
15924,A,G,0,MT-TT,0,1,-0.002141237258911133
15928,G,A,0,MT-TT,0,1,-0.0012655258178710938
15990,C,T,1,MT-TP,0,1,-0.0013970136642456055
591,C,T,1,MT-TF,0,2,0.0013594627380371094
616,T,C,1,MT-TF,0,2,-0.009630680084228516
629,T,C,0,MT-TF,0,2,-0.0015683174133300781
1624,C,T,1,MT-TV,0,2,-0.002002716064453125
1644,G,A,1,MT-TV,0,2,-0.00038909912109375
3242,G,A,1,MT-TL1,0,2,-0.01103520393371582
3243,A,G,1,MT-TL1,0,2,-0.029337406158447266
3243,A,T,1,MT-TL1,0,2,-0.0010824203491210938
3251,A,G,1,MT-TL1,0,2,-0.008449792861938477
3252,A,G,1,MT-TL1,0,2,-0.005836963653564453
3255,G,A,1,MT-TL1,0,2,-0.0076482295989990234
3256,C,T,1,MT-TL1,0,2,-0.0013628005981445312
3258,T,C,1,MT-TL1,0,2,-0.002289295196533203
3260,A,G,1,MT-TL1,0,2,-0.00404810905456543
3271,T,C,1,MT-TL1,0,2,-0.0014704465866088867
3291,T,C,1,MT-TL1,0,2,-0.0035381317138671875
3302,A,G,1,MT-TL1,0,2,-0.0016813278198242188
3303,C,T,1,MT-TL1,0,2,-0.0019714832305908203
4300,A,G,1,MT-TI,0,2,-0.0011695623397827148
4336,T,C,0,MT-TQ,0,2,-0.0009943246841430664
4370,T,C,0,MT-TQ,0,2,0.0003917217254638672
4450,G,A,1,MT-TM,0,2,-0.0038881301879882812
4452,T,C,0,MT-TM,0,2,-0.001960277557373047
5521,G,A,1,MT-TW,0,2,0.0007131099700927734
5553,T,C,0,MT-TW,0,2,-0.002135753631591797
5556,G,A,1,MT-TW,0,2,-0.003412961959838867
5650,G,A,1,MT-TA,0,2,-0.002158045768737793
5690,A,G,1,MT-TN,0,2,-0.004176616668701172
5703,G,A,1,MT-TN,0,2,-0.00023221969604492188
5728,T,C,1,MT-TN,0,2,-0.0012624263763427734
5814,T,C,0,MT-TC,0,2,-0.0016138553619384766
7453,G,A,1,MT-TS1,0,2,-0.0025748014450073242
7471,C,T,0,MT-TS1,0,2,0.0006617307662963867
7472,A,T,0,MT-TS1,0,2,0.0007083415985107422
7476,C,T,0,MT-TS1,0,2,0.0018999576568603516
7493,C,T,0,MT-TS1,0,2,0.00030541419982910156
7497,G,A,1,MT-TS1,0,2,-0.0002300739288330078
7498,G,A,0,MT-TS1,0,2,0.0006831884384155273
7510,T,C,1,MT-TS1,0,2,-0.0008459091186523438
7511,T,C,1,MT-TS1,0,2,-0.0006403923034667969
7512,T,C,1,MT-TS1,0,2,-0.0020154714584350586
8313,G,A,1,MT-TK,0,2,-0.0016484260559082031
8340,G,A,1,MT-TK,0,2,-0.0018754005432128906
8344,A,G,1,MT-TK,0,2,-0.00031280517578125
8348,A,G,0,MT-TK,0,2,-0.0034046173095703125
8356,T,C,1,MT-TK,0,2,-0.002856731414794922
8363,G,A,1,MT-TK,0,2,-0.001190185546875
10007,T,C,0,MT-TG,0,2,0.0006375312805175781
10034,T,C,0,MT-TG,0,2,-0.0013675689697265625
10463,T,C,0,MT-TR,0,2,-0.0010547637939453125
12147,G,A,1,MT-TH,0,2,-0.009810566902160645
12201,T,C,1,MT-TH,0,2,-0.00408935546875
12239,C,T,0,MT-TS2,0,2,-0.00232696533203125
12258,C,A,1,MT-TS2,0,2,-0.004227638244628906
12276,G,A,1,MT-TL2,0,2,-0.0011720657348632812
12308,A,G,0,MT-TL2,0,2,-0.0026607513427734375
12315,G,A,1,MT-TL2,0,2,-0.005986690521240234
14674,T,C,1,MT-TE,0,2,-0.0003867149353027344
14684,C,T,0,MT-TE,0,2,0.01119089126586914
14709,T,C,1,MT-TE,0,2,6.771087646484375e-05
15894,G,A,0,MT-TT,0,2,0.0020227432250976562
15904,C,T,0,MT-TT,0,2,0.0024785995483398438
15907,A,G,0,MT-TT,0,2,-0.0024601221084594727
15923,A,G,1,MT-TT,0,2,-0.006305694580078125
15924,A,G,0,MT-TT,0,2,-0.00255739688873291
15928,G,A,0,MT-TT,0,2,-0.00048732757568359375
15990,C,T,1,MT-TP,0,2,-0.002385258674621582
591,C,T,1,MT-TF,0,3,0.00203704833984375
616,T,C,1,MT-TF,0,3,-0.0060443878173828125
629,T,C,0,MT-TF,0,3,5.340576171875e-05
1624,C,T,1,MT-TV,0,3,-0.001972198486328125
1644,G,A,1,MT-TV,0,3,-0.001651763916015625
3242,G,A,1,MT-TL1,0,3,-0.0038459300994873047
3243,A,G,1,MT-TL1,0,3,-0.023807525634765625
3243,A,T,1,MT-TL1,0,3,-0.01849365234375
3251,A,G,1,MT-TL1,0,3,-0.00244140625
3252,A,G,1,MT-TL1,0,3,-0.0019975900650024414
3255,G,A,1,MT-TL1,0,3,-0.006528377532958984
3256,C,T,1,MT-TL1,0,3,-0.0018262863159179688
3258,T,C,1,MT-TL1,0,3,-0.0015723705291748047
3260,A,G,1,MT-TL1,0,3,-0.002044081687927246
3271,T,C,1,MT-TL1,0,3,0.0009484291076660156
3291,T,C,1,MT-TL1,0,3,-0.0030254125595092773
3302,A,G,1,MT-TL1,0,3,-0.002891063690185547
3303,C,T,1,MT-TL1,0,3,-0.003797292709350586
4300,A,G,1,MT-TI,0,3,-0.002994537353515625
4336,T,C,0,MT-TQ,0,3,-0.00013840198516845703
4370,T,C,0,MT-TQ,0,3,-0.00040078163146972656
4450,G,A,1,MT-TM,0,3,-0.003550291061401367
4452,T,C,0,MT-TM,0,3,5.841255187988281e-05
5521,G,A,1,MT-TW,0,3,0.002143383026123047
5553,T,C,0,MT-TW,0,3,-0.002240896224975586
5556,G,A,1,MT-TW,0,3,-0.0039055347442626953
5650,G,A,1,MT-TA,0,3,-0.0032459497451782227
5690,A,G,1,MT-TN,0,3,-0.003392934799194336
5703,G,A,1,MT-TN,0,3,-0.00037848949432373047
5728,T,C,1,MT-TN,0,3,-0.0026046037673950195
5814,T,C,0,MT-TC,0,3,-0.0013375282287597656
7453,G,A,1,MT-TS1,0,3,-0.0007987022399902344
7471,C,T,0,MT-TS1,0,3,0.0029191970825195312
7472,A,T,0,MT-TS1,0,3,0.0019286870956420898
7476,C,T,0,MT-TS1,0,3,0.0017163753509521484
7493,C,T,0,MT-TS1,0,3,-0.0014868974685668945
7497,G,A,1,MT-TS1,0,3,0.00026929378509521484
7498,G,A,0,MT-TS1,0,3,-0.00016808509826660156
7510,T,C,1,MT-TS1,0,3,-0.001035451889038086
7511,T,C,1,MT-TS1,0,3,-0.004334449768066406
7512,T,C,1,MT-TS1,0,3,0.00011217594146728516
8313,G,A,1,MT-TK,0,3,-0.0003676414489746094
8340,G,A,1,MT-TK,0,3,-0.0018963813781738281
8344,A,G,1,MT-TK,0,3,-0.00028705596923828125
8348,A,G,0,MT-TK,0,3,-0.0020055770874023438
8356,T,C,1,MT-TK,0,3,-0.0030465126037597656
8363,G,A,1,MT-TK,0,3,-0.0021162033081054688
10007,T,C,0,MT-TG,0,3,-0.0018901824951171875
10034,T,C,0,MT-TG,0,3,-0.00016307830810546875
10463,T,C,0,MT-TR,0,3,0.0005655288696289062
12147,G,A,1,MT-TH,0,3,-0.012936592102050781
12201,T,C,1,MT-TH,0,3,-0.002218961715698242
12239,C,T,0,MT-TS2,0,3,0.00015616416931152344
12258,C,A,1,MT-TS2,0,3,-0.006947040557861328
12276,G,A,1,MT-TL2,0,3,-3.814697265625e-05
12308,A,G,0,MT-TL2,0,3,-0.0031957626342773438
12315,G,A,1,MT-TL2,0,3,0.0006103515625
14674,T,C,1,MT-TE,0,3,-0.0004413127899169922
14684,C,T,0,MT-TE,0,3,0.0007405281066894531
14709,T,C,1,MT-TE,0,3,0.00038504600524902344
15894,G,A,0,MT-TT,0,3,-0.0010057687759399414
15904,C,T,0,MT-TT,0,3,-0.0029916763305664062
15907,A,G,0,MT-TT,0,3,-0.00047338008880615234
15923,A,G,1,MT-TT,0,3,-0.008201122283935547
15924,A,G,0,MT-TT,0,3,-0.002968311309814453
15928,G,A,0,MT-TT,0,3,-0.001397848129272461
15990,C,T,1,MT-TP,0,3,-0.0035587549209594727
591,C,T,1,MT-TF,0,4,0.002292633056640625
616,T,C,1,MT-TF,0,4,-0.0024061203002929688
629,T,C,0,MT-TF,0,4,0.0011970996856689453
1624,C,T,1,MT-TV,0,4,-0.00023365020751953125
1644,G,A,1,MT-TV,0,4,-0.001544952392578125
3242,G,A,1,MT-TL1,0,4,-0.006707191467285156
3243,A,G,1,MT-TL1,0,4,-0.0025644302368164062
3243,A,T,1,MT-TL1,0,4,-0.02296590805053711
3251,A,G,1,MT-TL1,0,4,-0.0015947818756103516
3252,A,G,1,MT-TL1,0,4,-0.003228306770324707
3255,G,A,1,MT-TL1,0,4,-0.003604888916015625
3256,C,T,1,MT-TL1,0,4,-0.002460002899169922
3258,T,C,1,MT-TL1,0,4,-0.0003876686096191406
3260,A,G,1,MT-TL1,0,4,-0.005449891090393066
3271,T,C,1,MT-TL1,0,4,-0.0021636486053466797
3291,T,C,1,MT-TL1,0,4,-0.0023969411849975586
3302,A,G,1,MT-TL1,0,4,-0.0029065608978271484
3303,C,T,1,MT-TL1,0,4,-0.0032372474670410156
4300,A,G,1,MT-TI,0,4,-0.0031450986862182617
4336,T,C,0,MT-TQ,0,4,-0.0009171962738037109
4370,T,C,0,MT-TQ,0,4,-0.0009065866470336914
4450,G,A,1,MT-TM,0,4,-0.00446474552154541
4452,T,C,0,MT-TM,0,4,-0.0023903846740722656
5521,G,A,1,MT-TW,0,4,0.007692575454711914
5553,T,C,0,MT-TW,0,4,-0.0016210079193115234
5556,G,A,1,MT-TW,0,4,-0.00281369686126709
5650,G,A,1,MT-TA,0,4,-0.0016508102416992188
5690,A,G,1,MT-TN,0,4,-0.009448647499084473
5703,G,A,1,MT-TN,0,4,-0.0004769563674926758
5728,T,C,1,MT-TN,0,4,1.0967254638671875e-05
5814,T,C,0,MT-TC,0,4,-0.003232121467590332
7453,G,A,1,MT-TS1,0,4,-0.0019415616989135742
7471,C,T,0,MT-TS1,0,4,0.0024030208587646484
7472,A,T,0,MT-TS1,0,4,-0.0006655454635620117
7476,C,T,0,MT-TS1,0,4,0.0008349418640136719
7493,C,T,0,MT-TS1,0,4,-0.0017670392990112305
7497,G,A,1,MT-TS1,0,4,0.0004820823669433594
7498,G,A,0,MT-TS1,0,4,-0.0006172657012939453
7510,T,C,1,MT-TS1,0,4,-0.0026781558990478516
7511,T,C,1,MT-TS1,0,4,-0.0015927553176879883
7512,T,C,1,MT-TS1,0,4,-0.00014865398406982422
8313,G,A,1,MT-TK,0,4,-0.004296302795410156
8340,G,A,1,MT-TK,0,4,-0.006262302398681641
8344,A,G,1,MT-TK,0,4,0.00042819976806640625
8348,A,G,0,MT-TK,0,4,-0.0035872459411621094
8356,T,C,1,MT-TK,0,4,-0.003048419952392578
8363,G,A,1,MT-TK,0,4,-0.0008544921875
10007,T,C,0,MT-TG,0,4,-0.000713348388671875
10034,T,C,0,MT-TG,0,4,-0.000347137451171875
10463,T,C,0,MT-TR,0,4,-0.00015544891357421875
12147,G,A,1,MT-TH,0,4,-0.009336471557617188
12201,T,C,1,MT-TH,0,4,-0.0029169321060180664
12239,C,T,0,MT-TS2,0,4,-0.0037331581115722656
12258,C,A,1,MT-TS2,0,4,-0.00435948371887207
12276,G,A,1,MT-TL2,0,4,-0.0004405975341796875
12308,A,G,0,MT-TL2,0,4,-0.0010051727294921875
12315,G,A,1,MT-TL2,0,4,-0.0014057159423828125
14674,T,C,1,MT-TE,0,4,0.00010251998901367188
14684,C,T,0,MT-TE,0,4,0.008141756057739258
14709,T,C,1,MT-TE,0,4,-0.0006066560745239258
15894,G,A,0,MT-TT,0,4,0.0003199577331542969
15904,C,T,0,MT-TT,0,4,-0.0005195140838623047
15907,A,G,0,MT-TT,0,4,-0.001432657241821289
15923,A,G,1,MT-TT,0,4,-0.0035066604614257812
15924,A,G,0,MT-TT,0,4,0.0005140304565429688
15928,G,A,0,MT-TT,0,4,-0.0010271072387695312
15990,C,T,1,MT-TP,0,4,-0.00468754768371582
591,C,T,1,MT-TF,0,5,0.0008087158203125
616,T,C,1,MT-TF,0,5,-0.0052258968353271484
629,T,C,0,MT-TF,0,5,-0.0011196136474609375
1624,C,T,1,MT-TV,0,5,-0.008324861526489258
1644,G,A,1,MT-TV,0,5,-0.001499176025390625
3242,G,A,1,MT-TL1,0,5,-0.014069557189941406
3243,A,G,1,MT-TL1,0,5,-0.02721881866455078
3243,A,T,1,MT-TL1,0,5,-0.03008413314819336
3251,A,G,1,MT-TL1,0,5,-0.002917766571044922
3252,A,G,1,MT-TL1,0,5,-0.0011172294616699219
3255,G,A,1,MT-TL1,0,5,-0.000705718994140625
3256,C,T,1,MT-TL1,0,5,-0.0012788772583007812
3258,T,C,1,MT-TL1,0,5,-0.0004706382751464844
3260,A,G,1,MT-TL1,0,5,-0.004547715187072754
3271,T,C,1,MT-TL1,0,5,-0.0006450414657592773
3291,T,C,1,MT-TL1,0,5,-0.0016198158264160156
3302,A,G,1,MT-TL1,0,5,-0.0004115104675292969
3303,C,T,1,MT-TL1,0,5,-0.0016069412231445312
4300,A,G,1,MT-TI,0,5,-0.0027695894241333008
4336,T,C,0,MT-TQ,0,5,0.00040221214294433594
4370,T,C,0,MT-TQ,0,5,-0.0013097524642944336
4450,G,A,1,MT-TM,0,5,-0.004502296447753906
4452,T,C,0,MT-TM,0,5,-0.002422809600830078
5521,G,A,1,MT-TW,0,5,-6.29425048828125e-05
5553,T,C,0,MT-TW,0,5,-0.0017805099487304688
5556,G,A,1,MT-TW,0,5,-0.004478096961975098
5650,G,A,1,MT-TA,0,5,-0.001750349998474121
5690,A,G,1,MT-TN,0,5,-0.00994408130645752
5703,G,A,1,MT-TN,0,5,-0.0013282299041748047
5728,T,C,1,MT-TN,0,5,-0.0010886192321777344
5814,T,C,0,MT-TC,0,5,-0.0003514289855957031
7453,G,A,1,MT-TS1,0,5,-0.0001437664031982422
7471,C,T,0,MT-TS1,0,5,0.00283968448638916
7472,A,T,0,MT-TS1,0,5,0.0005855560302734375
7476,C,T,0,MT-TS1,0,5,0.0005689859390258789
7493,C,T,0,MT-TS1,0,5,0.00048220157623291016
7497,G,A,1,MT-TS1,0,5,0.00043773651123046875
7498,G,A,0,MT-TS1,0,5,-0.0007861852645874023
7510,T,C,1,MT-TS1,0,5,-0.0012754201889038086
7511,T,C,1,MT-TS1,0,5,-0.0022208690643310547
7512,T,C,1,MT-TS1,0,5,-0.0007315874099731445
8313,G,A,1,MT-TK,0,5,0.00033092498779296875
8340,G,A,1,MT-TK,0,5,-0.000255584716796875
8344,A,G,1,MT-TK,0,5,-0.00019121170043945312
8348,A,G,0,MT-TK,0,5,-0.0035614967346191406
8356,T,C,1,MT-TK,0,5,0.0005443096160888672
8363,G,A,1,MT-TK,0,5,0.0008335113525390625
10007,T,C,0,MT-TG,0,5,0.001415252685546875
10034,T,C,0,MT-TG,0,5,-0.001300811767578125
10463,T,C,0,MT-TR,0,5,-0.0007069110870361328
12147,G,A,1,MT-TH,0,5,-0.00447392463684082
12201,T,C,1,MT-TH,0,5,-0.003319263458251953
12239,C,T,0,MT-TS2,0,5,-0.0010514259338378906
12258,C,A,1,MT-TS2,0,5,-0.0065233707427978516
12276,G,A,1,MT-TL2,0,5,-0.00070953369140625
12308,A,G,0,MT-TL2,0,5,-0.001697540283203125
12315,G,A,1,MT-TL2,0,5,0.000949859619140625
14674,T,C,1,MT-TE,0,5,0.0007592439651489258
14684,C,T,0,MT-TE,0,5,0.009666681289672852
14709,T,C,1,MT-TE,0,5,0.0010251998901367188
15894,G,A,0,MT-TT,0,5,-0.0021543502807617188
15904,C,T,0,MT-TT,0,5,0.0006403923034667969
15907,A,G,0,MT-TT,0,5,-0.0013442039489746094
15923,A,G,1,MT-TT,0,5,-0.0062808990478515625
15924,A,G,0,MT-TT,0,5,-0.0024940967559814453
15928,G,A,0,MT-TT,0,5,-0.0021965503692626953
15990,C,T,1,MT-TP,0,5,0.0007059574127197266
591,C,T,1,MT-TF,0,6,-0.000698089599609375
616,T,C,1,MT-TF,0,6,-0.0003204345703125
629,T,C,0,MT-TF,0,6,-0.0001277923583984375
1624,C,T,1,MT-TV,0,6,-0.0014190673828125
1644,G,A,1,MT-TV,0,6,-0.000640869140625
3242,G,A,1,MT-TL1,0,6,-0.017611265182495117
3243,A,G,1,MT-TL1,0,6,-0.016017913818359375
3243,A,T,1,MT-TL1,0,6,-0.008009910583496094
3251,A,G,1,MT-TL1,0,6,-0.0024504661560058594
3252,A,G,1,MT-TL1,0,6,-0.0011196136474609375
3255,G,A,1,MT-TL1,0,6,-0.0033102035522460938
3256,C,T,1,MT-TL1,0,6,-0.004102468490600586
3258,T,C,1,MT-TL1,0,6,-0.0026432275772094727
3260,A,G,1,MT-TL1,0,6,-0.0017795562744140625
3271,T,C,1,MT-TL1,0,6,-0.0021702051162719727
3291,T,C,1,MT-TL1,0,6,-0.0017949342727661133
3302,A,G,1,MT-TL1,0,6,-0.002987384796142578
3303,C,T,1,MT-TL1,0,6,-0.0028028488159179688
4300,A,G,1,MT-TI,0,6,-0.0028324127197265625
4336,T,C,0,MT-TQ,0,6,-6.699562072753906e-05
4370,T,C,0,MT-TQ,0,6,-0.0009857416152954102
4450,G,A,1,MT-TM,0,6,-0.003643512725830078
4452,T,C,0,MT-TM,0,6,-0.004018545150756836
5521,G,A,1,MT-TW,0,6,0.0008302927017211914
5553,T,C,0,MT-TW,0,6,-0.0020313262939453125
5556,G,A,1,MT-TW,0,6,-0.003765583038330078
5650,G,A,1,MT-TA,0,6,-0.0029898881912231445
5690,A,G,1,MT-TN,0,6,-0.005365252494812012
5703,G,A,1,MT-TN,0,6,0.00027298927307128906
5728,T,C,1,MT-TN,0,6,-0.0002830028533935547
5814,T,C,0,MT-TC,0,6,-0.00283968448638916
7453,G,A,1,MT-TS1,0,6,-0.0003935098648071289
7471,C,T,0,MT-TS1,0,6,0.0027611255645751953
7472,A,T,0,MT-TS1,0,6,0.001987457275390625
7476,C,T,0,MT-TS1,0,6,-0.001373291015625
7493,C,T,0,MT-TS1,0,6,0.0003426074981689453
7497,G,A,1,MT-TS1,0,6,0.00036704540252685547
7498,G,A,0,MT-TS1,0,6,0.00048744678497314453
7510,T,C,1,MT-TS1,0,6,-0.001139521598815918
7511,T,C,1,MT-TS1,0,6,-0.0019425153732299805
7512,T,C,1,MT-TS1,0,6,-0.0014814138412475586
8313,G,A,1,MT-TK,0,6,-0.005538463592529297
8340,G,A,1,MT-TK,0,6,-0.003021717071533203
8344,A,G,1,MT-TK,0,6,0.0009360313415527344
8348,A,G,0,MT-TK,0,6,-0.0037283897399902344
8356,T,C,1,MT-TK,0,6,-0.0018138885498046875
8363,G,A,1,MT-TK,0,6,0.0001506805419921875
10007,T,C,0,MT-TG,0,6,-0.0033740997314453125
10034,T,C,0,MT-TG,0,6,-0.0024433135986328125
10463,T,C,0,MT-TR,0,6,8.106231689453125e-05
12147,G,A,1,MT-TH,0,6,-0.0006847381591796875
12201,T,C,1,MT-TH,0,6,-0.004106640815734863
12239,C,T,0,MT-TS2,0,6,-4.887580871582031e-05
12258,C,A,1,MT-TS2,0,6,-0.004674434661865234
12276,G,A,1,MT-TL2,0,6,-0.0029320716857910156
12308,A,G,0,MT-TL2,0,6,-0.0008592605590820312
12315,G,A,1,MT-TL2,0,6,-0.00292205810546875
14674,T,C,1,MT-TE,0,6,0.002307295799255371
14684,C,T,0,MT-TE,0,6,0.0015490055084228516
14709,T,C,1,MT-TE,0,6,0.0013064146041870117
15894,G,A,0,MT-TT,0,6,0.0007412433624267578
15904,C,T,0,MT-TT,0,6,0.0022121667861938477
15907,A,G,0,MT-TT,0,6,0.0004763603210449219
15923,A,G,1,MT-TT,0,6,-0.0034574270248413086
15924,A,G,0,MT-TT,0,6,-0.0021309852600097656
15928,G,A,0,MT-TT,0,6,-0.0015724897384643555
15990,C,T,1,MT-TP,0,6,-0.0008604526519775391
591,C,T,1,MT-TF,0,7,0.0028421878814697266
616,T,C,1,MT-TF,0,7,-0.002048492431640625
629,T,C,0,MT-TF,0,7,0.001148223876953125
1624,C,T,1,MT-TV,0,7,-0.006317138671875
1644,G,A,1,MT-TV,0,7,0.00057220458984375
3242,G,A,1,MT-TL1,0,7,-0.006979942321777344
3243,A,G,1,MT-TL1,0,7,-0.027559638023376465
3243,A,T,1,MT-TL1,0,7,-0.004131793975830078
3251,A,G,1,MT-TL1,0,7,-0.0011075735092163086
3252,A,G,1,MT-TL1,0,7,-0.007480144500732422
3255,G,A,1,MT-TL1,0,7,0.0008502006530761719
3256,C,T,1,MT-TL1,0,7,-0.010493755340576172
3258,T,C,1,MT-TL1,0,7,-0.0011265277862548828
3260,A,G,1,MT-TL1,0,7,-0.0029532909393310547
3271,T,C,1,MT-TL1,0,7,0.00025522708892822266
3291,T,C,1,MT-TL1,0,7,-0.00124359130859375
3302,A,G,1,MT-TL1,0,7,-0.0023183822631835938
3303,C,T,1,MT-TL1,0,7,-0.0024237632751464844
4300,A,G,1,MT-TI,0,7,-0.0035065412521362305
4336,T,C,0,MT-TQ,0,7,-0.0010510683059692383
4370,T,C,0,MT-TQ,0,7,-0.0014760494232177734
4450,G,A,1,MT-TM,0,7,-0.003306269645690918
4452,T,C,0,MT-TM,0,7,-0.0012260675430297852
5521,G,A,1,MT-TW,0,7,0.021167516708374023
5553,T,C,0,MT-TW,0,7,-0.0025140047073364258
5556,G,A,1,MT-TW,0,7,-0.0004456043243408203
5650,G,A,1,MT-TA,0,7,0.000698089599609375
5690,A,G,1,MT-TN,0,7,-0.008768200874328613
5703,G,A,1,MT-TN,0,7,-0.00018584728240966797
5728,T,C,1,MT-TN,0,7,-0.001328587532043457
5814,T,C,0,MT-TC,0,7,-0.0018737316131591797
7453,G,A,1,MT-TS1,0,7,-0.0016698837280273438
7471,C,T,0,MT-TS1,0,7,0.000896453857421875
7472,A,T,0,MT-TS1,0,7,0.003099799156188965
7476,C,T,0,MT-TS1,0,7,0.0005881786346435547
7493,C,T,0,MT-TS1,0,7,-0.00021016597747802734
7497,G,A,1,MT-TS1,0,7,0.0011348724365234375
7498,G,A,0,MT-TS1,0,7,0.0019801855087280273
7510,T,C,1,MT-TS1,0,7,-0.001971602439880371
7511,T,C,1,MT-TS1,0,7,-0.0016231536865234375
7512,T,C,1,MT-TS1,0,7,0.0009902715682983398
8313,G,A,1,MT-TK,0,7,-0.0004048347473144531
8340,G,A,1,MT-TK,0,7,-0.004732608795166016
8344,A,G,1,MT-TK,0,7,-0.00010228157043457031
8348,A,G,0,MT-TK,0,7,-0.0017670392990112305
8356,T,C,1,MT-TK,0,7,-0.0018062591552734375
8363,G,A,1,MT-TK,0,7,-0.0013685226440429688
10007,T,C,0,MT-TG,0,7,-0.0009174346923828125
10034,T,C,0,MT-TG,0,7,-0.0009765625
10463,T,C,0,MT-TR,0,7,0.000911712646484375
12147,G,A,1,MT-TH,0,7,-0.020220398902893066
12201,T,C,1,MT-TH,0,7,-0.003100872039794922
12239,C,T,0,MT-TS2,0,7,-0.0008261203765869141
12258,C,A,1,MT-TS2,0,7,-0.006081581115722656
12276,G,A,1,MT-TL2,0,7,0.00015544891357421875
12308,A,G,0,MT-TL2,0,7,-0.00160980224609375
12315,G,A,1,MT-TL2,0,7,-0.006209850311279297
14674,T,C,1,MT-TE,0,7,-0.0011178255081176758
14684,C,T,0,MT-TE,0,7,0.004422426223754883
14709,T,C,1,MT-TE,0,7,0.0009665489196777344
15894,G,A,0,MT-TT,0,7,0.0004968643188476562
15904,C,T,0,MT-TT,0,7,-0.00034928321838378906
15907,A,G,0,MT-TT,0,7,0.0004448890686035156
15923,A,G,1,MT-TT,0,7,-0.002415180206298828
15924,A,G,0,MT-TT,0,7,0.0010082721710205078
15928,G,A,0,MT-TT,0,7,-0.0018033981323242188
15990,C,T,1,MT-TP,0,7,-0.0028170347213745117
591,C,T,1,MT-TF,0,8,0.0020837783813476562
616,T,C,1,MT-TF,0,8,-0.001186370849609375
629,T,C,0,MT-TF,0,8,-0.0010257959365844727
1624,C,T,1,MT-TV,0,8,-0.0014801025390625
1644,G,A,1,MT-TV,0,8,-0.00231170654296875
3242,G,A,1,MT-TL1,0,8,-0.017324209213256836
3243,A,G,1,MT-TL1,0,8,-0.015483856201171875
3243,A,T,1,MT-TL1,0,8,-0.028589963912963867
3251,A,G,1,MT-TL1,0,8,-0.0025964975357055664
3252,A,G,1,MT-TL1,0,8,-0.002948760986328125
3255,G,A,1,MT-TL1,0,8,0.0004315376281738281
3256,C,T,1,MT-TL1,0,8,-0.0011157989501953125
3258,T,C,1,MT-TL1,0,8,-0.004723787307739258
3260,A,G,1,MT-TL1,0,8,-0.0015382766723632812
3271,T,C,1,MT-TL1,0,8,-0.000507354736328125
3291,T,C,1,MT-TL1,0,8,-0.0020984411239624023
3302,A,G,1,MT-TL1,0,8,-0.003124713897705078
3303,C,T,1,MT-TL1,0,8,-0.00334930419921875
4300,A,G,1,MT-TI,0,8,-2.5033950805664062e-06
4336,T,C,0,MT-TQ,0,8,-0.0021511316299438477
4370,T,C,0,MT-TQ,0,8,-0.0014709234237670898
4450,G,A,1,MT-TM,0,8,-0.0016304254531860352
4452,T,C,0,MT-TM,0,8,-0.003958940505981445
5521,G,A,1,MT-TW,0,8,0.009067177772521973
5553,T,C,0,MT-TW,0,8,-0.0021910667419433594
5556,G,A,1,MT-TW,0,8,-0.003482341766357422
5650,G,A,1,MT-TA,0,8,-0.0008485317230224609
5690,A,G,1,MT-TN,0,8,-0.00882863998413086
5703,G,A,1,MT-TN,0,8,-0.0005507469177246094
5728,T,C,1,MT-TN,0,8,-0.0016082525253295898
5814,T,C,0,MT-TC,0,8,-0.0035583972930908203
7453,G,A,1,MT-TS1,0,8,-0.0058765411376953125
7471,C,T,0,MT-TS1,0,8,0.002450108528137207
7472,A,T,0,MT-TS1,0,8,0.002321004867553711
7476,C,T,0,MT-TS1,0,8,-0.0006892681121826172
7493,C,T,0,MT-TS1,0,8,-0.0014199018478393555
7497,G,A,1,MT-TS1,0,8,0.0014286041259765625
7498,G,A,0,MT-TS1,0,8,0.0009108781814575195
7510,T,C,1,MT-TS1,0,8,-0.0025315284729003906
7511,T,C,1,MT-TS1,0,8,-0.00032269954681396484
7512,T,C,1,MT-TS1,0,8,6.198883056640625e-06
8313,G,A,1,MT-TK,0,8,-0.0030536651611328125
8340,G,A,1,MT-TK,0,8,-0.0018258094787597656
8344,A,G,1,MT-TK,0,8,0.000568389892578125
8348,A,G,0,MT-TK,0,8,-0.004233360290527344
8356,T,C,1,MT-TK,0,8,-0.0014963150024414062
8363,G,A,1,MT-TK,0,8,-0.0004353523254394531
10007,T,C,0,MT-TG,0,8,0.00115966796875
10034,T,C,0,MT-TG,0,8,-5.91278076171875e-05
10463,T,C,0,MT-TR,0,8,0.0012035369873046875
12147,G,A,1,MT-TH,0,8,0.000141143798828125
12201,T,C,1,MT-TH,0,8,-0.0034807920455932617
12239,C,T,0,MT-TS2,0,8,-0.0007472038269042969
12258,C,A,1,MT-TS2,0,8,-0.008146047592163086
12276,G,A,1,MT-TL2,0,8,0.0046558380126953125
12308,A,G,0,MT-TL2,0,8,-0.0014591217041015625
12315,G,A,1,MT-TL2,0,8,0.0004119873046875
14674,T,C,1,MT-TE,0,8,-0.003355264663696289
14684,C,T,0,MT-TE,0,8,0.0014674663543701172
14709,T,C,1,MT-TE,0,8,0.00018084049224853516
15894,G,A,0,MT-TT,0,8,-0.0037398338317871094
15904,C,T,0,MT-TT,0,8,0.0007741451263427734
15907,A,G,0,MT-TT,0,8,-0.0013687610626220703
15923,A,G,1,MT-TT,0,8,-0.004191398620605469
15924,A,G,0,MT-TT,0,8,-0.0032415390014648438
15928,G,A,0,MT-TT,0,8,-0.0018045902252197266
15990,C,T,1,MT-TP,0,8,-0.001379847526550293
591,C,T,1,MT-TF,0,9,0.002083420753479004
616,T,C,1,MT-TF,0,9,0.0002803802490234375
629,T,C,0,MT-TF,0,9,0.00090789794921875
1624,C,T,1,MT-TV,0,9,-0.00212860107421875
1644,G,A,1,MT-TV,0,9,3.814697265625e-05
3242,G,A,1,MT-TL1,0,9,-0.0014138221740722656
3243,A,G,1,MT-TL1,0,9,-0.02208709716796875
3243,A,T,1,MT-TL1,0,9,-0.007049560546875
3251,A,G,1,MT-TL1,0,9,-0.0025099515914916992
3252,A,G,1,MT-TL1,0,9,-0.0038919448852539062
3255,G,A,1,MT-TL1,0,9,-0.0010352134704589844
3256,C,T,1,MT-TL1,0,9,-0.013410568237304688
3258,T,C,1,MT-TL1,0,9,-0.005498170852661133
3260,A,G,1,MT-TL1,0,9,-0.002626180648803711
3271,T,C,1,MT-TL1,0,9,-0.0008118152618408203
3291,T,C,1,MT-TL1,0,9,-0.0001544952392578125
3302,A,G,1,MT-TL1,0,9,-0.0028417110443115234
3303,C,T,1,MT-TL1,0,9,-0.002414703369140625
4300,A,G,1,MT-TI,0,9,-0.0020946264266967773
4336,T,C,0,MT-TQ,0,9,8.225440979003906e-05
4370,T,C,0,MT-TQ,0,9,-0.000164031982421875
4450,G,A,1,MT-TM,0,9,-0.0036317110061645508
4452,T,C,0,MT-TM,0,9,-0.0014513731002807617
5521,G,A,1,MT-TW,0,9,-0.0005764961242675781
5553,T,C,0,MT-TW,0,9,-0.0020034313201904297
5556,G,A,1,MT-TW,0,9,-0.0041970014572143555
5650,G,A,1,MT-TA,0,9,-0.0017513036727905273
5690,A,G,1,MT-TN,0,9,-0.008401274681091309
5703,G,A,1,MT-TN,0,9,-0.0007017850875854492
5728,T,C,1,MT-TN,0,9,-0.0027298927307128906
5814,T,C,0,MT-TC,0,9,-0.0014941692352294922
7453,G,A,1,MT-TS1,0,9,-0.0018417835235595703
7471,C,T,0,MT-TS1,0,9,0.0010318756103515625
7472,A,T,0,MT-TS1,0,9,0.0024625062942504883
7476,C,T,0,MT-TS1,0,9,-0.00023734569549560547
7493,C,T,0,MT-TS1,0,9,2.1457672119140625e-05
7497,G,A,1,MT-TS1,0,9,0.0009098052978515625
7498,G,A,0,MT-TS1,0,9,0.0007665157318115234
7510,T,C,1,MT-TS1,0,9,-0.0020879507064819336
7511,T,C,1,MT-TS1,0,9,-0.0032051801681518555
7512,T,C,1,MT-TS1,0,9,-0.0014110803604125977
8313,G,A,1,MT-TK,0,9,-0.0021953582763671875
8340,G,A,1,MT-TK,0,9,-0.004168987274169922
8344,A,G,1,MT-TK,0,9,-0.000934600830078125
8348,A,G,0,MT-TK,0,9,-0.0031328201293945312
8356,T,C,1,MT-TK,0,9,-0.0029821395874023438
8363,G,A,1,MT-TK,0,9,0.0018291473388671875
10007,T,C,0,MT-TG,0,9,0.002694368362426758
10034,T,C,0,MT-TG,0,9,-0.0008935928344726562
10463,T,C,0,MT-TR,0,9,-0.0013365745544433594
12147,G,A,1,MT-TH,0,9,-0.015505552291870117
12201,T,C,1,MT-TH,0,9,-0.0037308931350708008
12239,C,T,0,MT-TS2,0,9,0.000263214111328125
12258,C,A,1,MT-TS2,0,9,-0.004441499710083008
12276,G,A,1,MT-TL2,0,9,-0.0009288787841796875
12308,A,G,0,MT-TL2,0,9,-0.0011749267578125
12315,G,A,1,MT-TL2,0,9,-0.008509635925292969
14674,T,C,1,MT-TE,0,9,-0.000769495964050293
14684,C,T,0,MT-TE,0,9,0.012307524681091309
14709,T,C,1,MT-TE,0,9,0.0014846324920654297
15894,G,A,0,MT-TT,0,9,0.00034177303314208984
15904,C,T,0,MT-TT,0,9,-0.0008869171142578125
15907,A,G,0,MT-TT,0,9,0.000362396240234375
15923,A,G,1,MT-TT,0,9,-0.008121490478515625
15924,A,G,0,MT-TT,0,9,-0.002360820770263672
15928,G,A,0,MT-TT,0,9,-0.0011358261108398438
15990,C,T,1,MT-TP,0,9,0.0002582073211669922
591,C,T,1,MT-TF,25,0,0.004410266876220703
616,T,C,1,MT-TF,25,0,-0.0026845932006835938
629,T,C,0,MT-TF,25,0,-0.0014920234680175781
1624,C,T,1,MT-TV,25,0,-0.000759124755859375
1644,G,A,1,MT-TV,25,0,-0.0002498626708984375
3242,G,A,1,MT-TL1,25,0,-0.01713728904724121
3243,A,G,1,MT-TL1,25,0,-0.034850239753723145
3243,A,T,1,MT-TL1,25,0,-0.02440321445465088
3251,A,G,1,MT-TL1,25,0,-0.018215298652648926
3252,A,G,1,MT-TL1,25,0,-0.008342981338500977
3255,G,A,1,MT-TL1,25,0,-0.006868124008178711
3256,C,T,1,MT-TL1,25,0,-0.006169795989990234
3258,T,C,1,MT-TL1,25,0,-0.004450440406799316
3260,A,G,1,MT-TL1,25,0,0.0056389570236206055
3271,T,C,1,MT-TL1,25,0,-0.00013518333435058594
3291,T,C,1,MT-TL1,25,0,-0.002804279327392578
3302,A,G,1,MT-TL1,25,0,-0.0030252933502197266
3303,C,T,1,MT-TL1,25,0,-0.0033169984817504883
4300,A,G,1,MT-TI,25,0,-0.003431558609008789
4336,T,C,0,MT-TQ,25,0,-0.0009399652481079102
4370,T,C,0,MT-TQ,25,0,-0.0011560916900634766
4450,G,A,1,MT-TM,25,0,-0.008440613746643066
4452,T,C,0,MT-TM,25,0,-0.0017864704132080078
5521,G,A,1,MT-TW,25,0,-0.0006153583526611328
5553,T,C,0,MT-TW,25,0,-0.0018006563186645508
5556,G,A,1,MT-TW,25,0,-0.0021196603775024414
5650,G,A,1,MT-TA,25,0,-0.0024573802947998047
5690,A,G,1,MT-TN,25,0,-0.007746338844299316
5703,G,A,1,MT-TN,25,0,-0.00041925907135009766
5728,T,C,1,MT-TN,25,0,-0.0008168220520019531
5814,T,C,0,MT-TC,25,0,-0.0027065277099609375
7453,G,A,1,MT-TS1,25,0,-0.004459261894226074
7471,C,T,0,MT-TS1,25,0,0.0025129318237304688
7472,A,T,0,MT-TS1,25,0,0.0020102262496948242
7476,C,T,0,MT-TS1,25,0,-0.002164125442504883
7493,C,T,0,MT-TS1,25,0,0.0011385679244995117
7497,G,A,1,MT-TS1,25,0,0.0007325410842895508
7498,G,A,0,MT-TS1,25,0,0.0008907318115234375
7510,T,C,1,MT-TS1,25,0,0.0003833770751953125
7511,T,C,1,MT-TS1,25,0,-4.5299530029296875e-05
7512,T,C,1,MT-TS1,25,0,-0.0003509521484375
8313,G,A,1,MT-TK,25,0,-0.0016325712203979492
8340,G,A,1,MT-TK,25,0,-0.005054950714111328
8344,A,G,1,MT-TK,25,0,-0.002178668975830078
8348,A,G,0,MT-TK,25,0,-0.003444075584411621
8356,T,C,1,MT-TK,25,0,-0.0027790069580078125
8363,G,A,1,MT-TK,25,0,-0.0026390552520751953
10007,T,C,0,MT-TG,25,0,0.0036287307739257812
10034,T,C,0,MT-TG,25,0,-0.0016689300537109375
10463,T,C,0,MT-TR,25,0,-0.0006246566772460938
12147,G,A,1,MT-TH,25,0,-0.015586256980895996
12201,T,C,1,MT-TH,25,0,0.0014655590057373047
12239,C,T,0,MT-TS2,25,0,-0.0015490055084228516
12258,C,A,1,MT-TS2,25,0,-0.006962418556213379
12276,G,A,1,MT-TL2,25,0,0.002323150634765625
12308,A,G,0,MT-TL2,25,0,-0.00081634521484375
12315,G,A,1,MT-TL2,25,0,-0.0030040740966796875
14674,T,C,1,MT-TE,25,0,-7.903575897216797e-05
14684,C,T,0,MT-TE,25,0,0.0032587051391601562
14709,T,C,1,MT-TE,25,0,-0.00014472007751464844
15894,G,A,0,MT-TT,25,0,-0.007393836975097656
15904,C,T,0,MT-TT,25,0,0.0019965171813964844
15907,A,G,0,MT-TT,25,0,-0.0018825531005859375
15923,A,G,1,MT-TT,25,0,-0.011832118034362793
15924,A,G,0,MT-TT,25,0,-0.0020672082901000977
15928,G,A,0,MT-TT,25,0,-0.0008594989776611328
15990,C,T,1,MT-TP,25,0,-0.001984715461730957
591,C,T,1,MT-TF,25,1,0.003913760185241699
616,T,C,1,MT-TF,25,1,-0.010199546813964844
629,T,C,0,MT-TF,25,1,0.0013692378997802734
1624,C,T,1,MT-TV,25,1,-0.000965118408203125
1644,G,A,1,MT-TV,25,1,-0.000492095947265625
3242,G,A,1,MT-TL1,25,1,-0.011686325073242188
3243,A,G,1,MT-TL1,25,1,-0.026139497756958008
3243,A,T,1,MT-TL1,25,1,-0.023099780082702637
3251,A,G,1,MT-TL1,25,1,-0.012031197547912598
3252,A,G,1,MT-TL1,25,1,-0.0005826950073242188
3255,G,A,1,MT-TL1,25,1,-0.009154677391052246
3256,C,T,1,MT-TL1,25,1,-0.009471893310546875
3258,T,C,1,MT-TL1,25,1,-0.0028238296508789062
3260,A,G,1,MT-TL1,25,1,-0.005225181579589844
3271,T,C,1,MT-TL1,25,1,-0.0023047924041748047
3291,T,C,1,MT-TL1,25,1,-0.002517223358154297
3302,A,G,1,MT-TL1,25,1,-0.003128647804260254
3303,C,T,1,MT-TL1,25,1,-0.0027892589569091797
4300,A,G,1,MT-TI,25,1,-0.004581928253173828
4336,T,C,0,MT-TQ,25,1,-0.0010790824890136719
4370,T,C,0,MT-TQ,25,1,-0.0016889572143554688
4450,G,A,1,MT-TM,25,1,-0.007378697395324707
4452,T,C,0,MT-TM,25,1,-0.0022014379501342773
5521,G,A,1,MT-TW,25,1,0.001873612403869629
5553,T,C,0,MT-TW,25,1,-0.0022546052932739258
5556,G,A,1,MT-TW,25,1,-0.004735708236694336
5650,G,A,1,MT-TA,25,1,-0.0034923553466796875
5690,A,G,1,MT-TN,25,1,-0.007330656051635742
5703,G,A,1,MT-TN,25,1,0.0009456872940063477
5728,T,C,1,MT-TN,25,1,-5.841255187988281e-06
5814,T,C,0,MT-TC,25,1,-0.004806876182556152
7453,G,A,1,MT-TS1,25,1,-0.007098555564880371
7471,C,T,0,MT-TS1,25,1,0.004551291465759277
7472,A,T,0,MT-TS1,25,1,-0.0007939338684082031
7476,C,T,0,MT-TS1,25,1,8.785724639892578e-05
7493,C,T,0,MT-TS1,25,1,0.000662684440612793
7497,G,A,1,MT-TS1,25,1,0.0009660720825195312
7498,G,A,0,MT-TS1,25,1,0.0016238689422607422
7510,T,C,1,MT-TS1,25,1,-0.0025388002395629883
7511,T,C,1,MT-TS1,25,1,-0.002380847930908203
7512,T,C,1,MT-TS1,25,1,-0.0012739896774291992
8313,G,A,1,MT-TK,25,1,-0.002680659294128418
8340,G,A,1,MT-TK,25,1,-0.003235340118408203
8344,A,G,1,MT-TK,25,1,-0.00016224384307861328
8348,A,G,0,MT-TK,25,1,-0.002681255340576172
8356,T,C,1,MT-TK,25,1,-0.0007778406143188477
8363,G,A,1,MT-TK,25,1,-0.005069136619567871
10007,T,C,0,MT-TG,25,1,0.0043048858642578125
10034,T,C,0,MT-TG,25,1,-0.0025358200073242188
10463,T,C,0,MT-TR,25,1,-0.00024271011352539062
12147,G,A,1,MT-TH,25,1,-0.0046329498291015625
12201,T,C,1,MT-TH,25,1,-0.000635981559753418
12239,C,T,0,MT-TS2,25,1,-0.0004240274429321289
12258,C,A,1,MT-TS2,25,1,-0.010475873947143555
12276,G,A,1,MT-TL2,25,1,0.000652313232421875
12308,A,G,0,MT-TL2,25,1,-0.001323699951171875
12315,G,A,1,MT-TL2,25,1,-0.000354766845703125
14674,T,C,1,MT-TE,25,1,0.0005789995193481445
14684,C,T,0,MT-TE,25,1,0.0014089345932006836
14709,T,C,1,MT-TE,25,1,0.0009657144546508789
15894,G,A,0,MT-TT,25,1,-0.007022857666015625
15904,C,T,0,MT-TT,25,1,0.0009360313415527344
15907,A,G,0,MT-TT,25,1,-0.001188516616821289
15923,A,G,1,MT-TT,25,1,-0.007071375846862793
15924,A,G,0,MT-TT,25,1,-0.003032684326171875
15928,G,A,0,MT-TT,25,1,-0.001346588134765625
15990,C,T,1,MT-TP,25,1,-0.0009124279022216797
591,C,T,1,MT-TF,25,2,0.005625128746032715
616,T,C,1,MT-TF,25,2,-0.00866079330444336
629,T,C,0,MT-TF,25,2,0.00027632713317871094
1624,C,T,1,MT-TV,25,2,-0.009982109069824219
1644,G,A,1,MT-TV,25,2,-0.000858306884765625
3242,G,A,1,MT-TL1,25,2,-0.01979660987854004
3243,A,G,1,MT-TL1,25,2,-0.028931617736816406
3243,A,T,1,MT-TL1,25,2,-0.03452599048614502
3251,A,G,1,MT-TL1,25,2,-0.007877349853515625
3252,A,G,1,MT-TL1,25,2,-0.009006381034851074
3255,G,A,1,MT-TL1,25,2,-0.002848505973815918
3256,C,T,1,MT-TL1,25,2,-0.010257244110107422
3258,T,C,1,MT-TL1,25,2,-0.0037212371826171875
3260,A,G,1,MT-TL1,25,2,-0.0034848451614379883
3271,T,C,1,MT-TL1,25,2,-0.0031009912490844727
3291,T,C,1,MT-TL1,25,2,-0.0016736984252929688
3302,A,G,1,MT-TL1,25,2,-0.0006814002990722656
3303,C,T,1,MT-TL1,25,2,-0.004081249237060547
4300,A,G,1,MT-TI,25,2,-0.0058765411376953125
4336,T,C,0,MT-TQ,25,2,-0.0013028383255004883
4370,T,C,0,MT-TQ,25,2,-0.0015630722045898438
4450,G,A,1,MT-TM,25,2,-0.005314230918884277
4452,T,C,0,MT-TM,25,2,-0.002142667770385742
5521,G,A,1,MT-TW,25,2,0.003972768783569336
5553,T,C,0,MT-TW,25,2,-0.0020074844360351562
5556,G,A,1,MT-TW,25,2,-0.004197597503662109
5650,G,A,1,MT-TA,25,2,-0.0021028518676757812
5690,A,G,1,MT-TN,25,2,-0.005671977996826172
5703,G,A,1,MT-TN,25,2,0.001249551773071289
5728,T,C,1,MT-TN,25,2,-0.00040280818939208984
5814,T,C,0,MT-TC,25,2,-0.003341197967529297
7453,G,A,1,MT-TS1,25,2,-0.0017594099044799805
7471,C,T,0,MT-TS1,25,2,-0.00025331974029541016
7472,A,T,0,MT-TS1,25,2,-0.0008507966995239258
7476,C,T,0,MT-TS1,25,2,-0.0002721548080444336
7493,C,T,0,MT-TS1,25,2,0.0011671781539916992
7497,G,A,1,MT-TS1,25,2,0.001705765724182129
7498,G,A,0,MT-TS1,25,2,0.0007536411285400391
7510,T,C,1,MT-TS1,25,2,-0.0008157491683959961
7511,T,C,1,MT-TS1,25,2,-0.00238192081451416
7512,T,C,1,MT-TS1,25,2,-0.00045752525329589844
8313,G,A,1,MT-TK,25,2,-0.004777789115905762
8340,G,A,1,MT-TK,25,2,-0.002740621566772461
8344,A,G,1,MT-TK,25,2,-0.002719879150390625
8348,A,G,0,MT-TK,25,2,-0.002588510513305664
8356,T,C,1,MT-TK,25,2,-0.0031316280364990234
8363,G,A,1,MT-TK,25,2,-0.0022847652435302734
10007,T,C,0,MT-TG,25,2,0.0029201507568359375
10034,T,C,0,MT-TG,25,2,-0.000499725341796875
10463,T,C,0,MT-TR,25,2,0.0005748271942138672
12147,G,A,1,MT-TH,25,2,-0.016889333724975586
12201,T,C,1,MT-TH,25,2,-0.0001633167266845703
12239,C,T,0,MT-TS2,25,2,-0.00011980533599853516
12258,C,A,1,MT-TS2,25,2,-0.010834455490112305
12276,G,A,1,MT-TL2,25,2,0.0011587142944335938
12308,A,G,0,MT-TL2,25,2,-2.6702880859375e-05
12315,G,A,1,MT-TL2,25,2,0.000774383544921875
14674,T,C,1,MT-TE,25,2,0.0010259151458740234
14684,C,T,0,MT-TE,25,2,0.0115891695022583
14709,T,C,1,MT-TE,25,2,0.0006773471832275391
15894,G,A,0,MT-TT,25,2,-0.0047779083251953125
15904,C,T,0,MT-TT,25,2,0.0007011890411376953
15907,A,G,0,MT-TT,25,2,-0.0010225772857666016
15923,A,G,1,MT-TT,25,2,-0.004427671432495117
15924,A,G,0,MT-TT,25,2,-0.001344919204711914
15928,G,A,0,MT-TT,25,2,-0.001438140869140625
15990,C,T,1,MT-TP,25,2,-0.00025153160095214844
591,C,T,1,MT-TF,25,3,0.0006649494171142578
616,T,C,1,MT-TF,25,3,-0.007098674774169922
629,T,C,0,MT-TF,25,3,-0.0010294914245605469
1624,C,T,1,MT-TV,25,3,-0.002185821533203125
1644,G,A,1,MT-TV,25,3,-0.00061798095703125
3242,G,A,1,MT-TL1,25,3,-0.02072739601135254
3243,A,G,1,MT-TL1,25,3,-0.029594063758850098
3243,A,T,1,MT-TL1,25,3,-0.033172607421875
3251,A,G,1,MT-TL1,25,3,-0.006826877593994141
3252,A,G,1,MT-TL1,25,3,-0.006928443908691406
3255,G,A,1,MT-TL1,25,3,-0.006574153900146484
3256,C,T,1,MT-TL1,25,3,-0.01365041732788086
3258,T,C,1,MT-TL1,25,3,-0.0032281875610351562
3260,A,G,1,MT-TL1,25,3,-0.003316164016723633
3271,T,C,1,MT-TL1,25,3,0.003236055374145508
3291,T,C,1,MT-TL1,25,3,-0.0012049674987792969
3302,A,G,1,MT-TL1,25,3,-0.002321481704711914
3303,C,T,1,MT-TL1,25,3,-0.0029451847076416016
4300,A,G,1,MT-TI,25,3,-0.0036017894744873047
4336,T,C,0,MT-TQ,25,3,-0.0022176504135131836
4370,T,C,0,MT-TQ,25,3,-0.0020830631256103516
4450,G,A,1,MT-TM,25,3,-0.006910920143127441
4452,T,C,0,MT-TM,25,3,-0.0013823509216308594
5521,G,A,1,MT-TW,25,3,0.0022259950637817383
5553,T,C,0,MT-TW,25,3,-0.0019429922103881836
5556,G,A,1,MT-TW,25,3,-0.003337860107421875
5650,G,A,1,MT-TA,25,3,-0.002920389175415039
5690,A,G,1,MT-TN,25,3,-0.009087085723876953
5703,G,A,1,MT-TN,25,3,2.384185791015625e-05
5728,T,C,1,MT-TN,25,3,-0.0012148618698120117
5814,T,C,0,MT-TC,25,3,-0.002405405044555664
7453,G,A,1,MT-TS1,25,3,-0.002704024314880371
7471,C,T,0,MT-TS1,25,3,0.001719355583190918
7472,A,T,0,MT-TS1,25,3,0.00020229816436767578
7476,C,T,0,MT-TS1,25,3,-0.00042891502380371094
7493,C,T,0,MT-TS1,25,3,0.0008318424224853516
7497,G,A,1,MT-TS1,25,3,0.000629425048828125
7498,G,A,0,MT-TS1,25,3,0.00011444091796875
7510,T,C,1,MT-TS1,25,3,-0.0017620325088500977
7511,T,C,1,MT-TS1,25,3,0.00042259693145751953
7512,T,C,1,MT-TS1,25,3,-0.00043642520904541016
8313,G,A,1,MT-TK,25,3,-0.005552411079406738
8340,G,A,1,MT-TK,25,3,-0.003807663917541504
8344,A,G,1,MT-TK,25,3,-0.0009455680847167969
8348,A,G,0,MT-TK,25,3,-0.003126382827758789
8356,T,C,1,MT-TK,25,3,-0.002214193344116211
8363,G,A,1,MT-TK,25,3,-0.0039037466049194336
10007,T,C,0,MT-TG,25,3,-0.0040264129638671875
10034,T,C,0,MT-TG,25,3,-0.0010623931884765625
10463,T,C,0,MT-TR,25,3,-0.0005006790161132812
12147,G,A,1,MT-TH,25,3,-0.011636972427368164
12201,T,C,1,MT-TH,25,3,0.0008080005645751953
12239,C,T,0,MT-TS2,25,3,-0.0002658367156982422
12258,C,A,1,MT-TS2,25,3,-0.009116411209106445
12276,G,A,1,MT-TL2,25,3,0.0004673004150390625
12308,A,G,0,MT-TL2,25,3,-0.0012769699096679688
12315,G,A,1,MT-TL2,25,3,-0.004260540008544922
14674,T,C,1,MT-TE,25,3,0.0006748437881469727
14684,C,T,0,MT-TE,25,3,0.006186485290527344
14709,T,C,1,MT-TE,25,3,-0.003114461898803711
15894,G,A,0,MT-TT,25,3,-0.013698816299438477
15904,C,T,0,MT-TT,25,3,0.0008023977279663086
15907,A,G,0,MT-TT,25,3,-0.0009806156158447266
15923,A,G,1,MT-TT,25,3,-0.010239958763122559
15924,A,G,0,MT-TT,25,3,0.0002465248107910156
15928,G,A,0,MT-TT,25,3,-0.0027326345443725586
15990,C,T,1,MT-TP,25,3,-0.0019685029983520508
591,C,T,1,MT-TF,25,4,0.013288021087646484
616,T,C,1,MT-TF,25,4,0.0025336742401123047
629,T,C,0,MT-TF,25,4,0.0012524127960205078
1624,C,T,1,MT-TV,25,4,-0.000293731689453125
1644,G,A,1,MT-TV,25,4,3.814697265625e-06
3242,G,A,1,MT-TL1,25,4,-0.015898466110229492
3243,A,G,1,MT-TL1,25,4,-0.020615220069885254
3243,A,T,1,MT-TL1,25,4,-0.02824103832244873
3251,A,G,1,MT-TL1,25,4,-0.01250600814819336
3252,A,G,1,MT-TL1,25,4,-0.010354757308959961
3255,G,A,1,MT-TL1,25,4,-0.005831718444824219
3256,C,T,1,MT-TL1,25,4,-0.012530207633972168
3258,T,C,1,MT-TL1,25,4,-0.0011516809463500977
3260,A,G,1,MT-TL1,25,4,-0.0012409687042236328
3271,T,C,1,MT-TL1,25,4,-0.003576517105102539
3291,T,C,1,MT-TL1,25,4,-0.000783085823059082
3302,A,G,1,MT-TL1,25,4,-0.0022537708282470703
3303,C,T,1,MT-TL1,25,4,-0.0025826692581176758
4300,A,G,1,MT-TI,25,4,-0.0024224519729614258
4336,T,C,0,MT-TQ,25,4,-0.0017437934875488281
4370,T,C,0,MT-TQ,25,4,-0.0018117427825927734
4450,G,A,1,MT-TM,25,4,-0.007153749465942383
4452,T,C,0,MT-TM,25,4,-0.0021495819091796875
5521,G,A,1,MT-TW,25,4,0.0032477378845214844
5553,T,C,0,MT-TW,25,4,-0.0012181997299194336
5556,G,A,1,MT-TW,25,4,-0.003045797348022461
5650,G,A,1,MT-TA,25,4,-0.0022749900817871094
5690,A,G,1,MT-TN,25,4,-0.007367134094238281
5703,G,A,1,MT-TN,25,4,9.393692016601562e-05
5728,T,C,1,MT-TN,25,4,-0.001748800277709961
5814,T,C,0,MT-TC,25,4,-0.0017545223236083984
7453,G,A,1,MT-TS1,25,4,-0.002948164939880371
7471,C,T,0,MT-TS1,25,4,0.0033118724822998047
7472,A,T,0,MT-TS1,25,4,0.0002894401550292969
7476,C,T,0,MT-TS1,25,4,0.00045490264892578125
7493,C,T,0,MT-TS1,25,4,-0.00014460086822509766
7497,G,A,1,MT-TS1,25,4,0.0014145374298095703
7498,G,A,0,MT-TS1,25,4,0.0012958049774169922
7510,T,C,1,MT-TS1,25,4,-7.295608520507812e-05
7511,T,C,1,MT-TS1,25,4,-0.0010117292404174805
7512,T,C,1,MT-TS1,25,4,-1.0967254638671875e-05
8313,G,A,1,MT-TK,25,4,-0.0024830102920532227
8340,G,A,1,MT-TK,25,4,-0.0052416324615478516
8344,A,G,1,MT-TK,25,4,-0.0005185604095458984
8348,A,G,0,MT-TK,25,4,-0.003976941108703613
8356,T,C,1,MT-TK,25,4,-0.0022733211517333984
8363,G,A,1,MT-TK,25,4,-0.004273176193237305
10007,T,C,0,MT-TG,25,4,0.00675201416015625
10034,T,C,0,MT-TG,25,4,-0.0030059814453125
10463,T,C,0,MT-TR,25,4,0.00014019012451171875
12147,G,A,1,MT-TH,25,4,-0.004069685935974121
12201,T,C,1,MT-TH,25,4,-0.0008325576782226562
12239,C,T,0,MT-TS2,25,4,-0.0021665096282958984
12258,C,A,1,MT-TS2,25,4,-0.011242985725402832
12276,G,A,1,MT-TL2,25,4,-0.000148773193359375
12308,A,G,0,MT-TL2,25,4,0.0005054473876953125
12315,G,A,1,MT-TL2,25,4,-0.0005035400390625
14674,T,C,1,MT-TE,25,4,0.0016858577728271484
14684,C,T,0,MT-TE,25,4,0.0011091232299804688
14709,T,C,1,MT-TE,25,4,0.0004372596740722656
15894,G,A,0,MT-TT,25,4,-0.0038797855377197266
15904,C,T,0,MT-TT,25,4,0.00028645992279052734
15907,A,G,0,MT-TT,25,4,-0.000512242317199707
15923,A,G,1,MT-TT,25,4,-0.0046836137771606445
15924,A,G,0,MT-TT,25,4,-0.0042438507080078125
15928,G,A,0,MT-TT,25,4,-0.0008294582366943359
15990,C,T,1,MT-TP,25,4,-0.000506281852722168
591,C,T,1,MT-TF,25,5,0.0003037452697753906
616,T,C,1,MT-TF,25,5,-0.002201080322265625
629,T,C,0,MT-TF,25,5,0.0012254714965820312
1624,C,T,1,MT-TV,25,5,-0.0009479522705078125
1644,G,A,1,MT-TV,25,5,-0.001796722412109375
3242,G,A,1,MT-TL1,25,5,-0.02040553092956543
3243,A,G,1,MT-TL1,25,5,-0.02434825897216797
3243,A,T,1,MT-TL1,25,5,-0.01961517333984375
3251,A,G,1,MT-TL1,25,5,-0.009453296661376953
3252,A,G,1,MT-TL1,25,5,-0.009443044662475586
3255,G,A,1,MT-TL1,25,5,-0.0010297298431396484
3256,C,T,1,MT-TL1,25,5,-0.008272051811218262
3258,T,C,1,MT-TL1,25,5,-0.00021219253540039062
3260,A,G,1,MT-TL1,25,5,-0.004188418388366699
3271,T,C,1,MT-TL1,25,5,-0.0010973215103149414
3291,T,C,1,MT-TL1,25,5,-0.0013409852981567383
3302,A,G,1,MT-TL1,25,5,-0.0027174949645996094
3303,C,T,1,MT-TL1,25,5,-0.0035016536712646484
4300,A,G,1,MT-TI,25,5,-0.004318714141845703
4336,T,C,0,MT-TQ,25,5,-0.0012477636337280273
4370,T,C,0,MT-TQ,25,5,-0.001781463623046875
4450,G,A,1,MT-TM,25,5,-0.004404902458190918
4452,T,C,0,MT-TM,25,5,-0.0017063617706298828
5521,G,A,1,MT-TW,25,5,-8.940696716308594e-06
5553,T,C,0,MT-TW,25,5,-0.0034247636795043945
5556,G,A,1,MT-TW,25,5,-0.005542755126953125
5650,G,A,1,MT-TA,25,5,-0.002048015594482422
5690,A,G,1,MT-TN,25,5,-0.008501887321472168
5703,G,A,1,MT-TN,25,5,0.00020456314086914062
5728,T,C,1,MT-TN,25,5,-0.0009963512420654297
5814,T,C,0,MT-TC,25,5,-0.0028995275497436523
7453,G,A,1,MT-TS1,25,5,-0.0015499591827392578
7471,C,T,0,MT-TS1,25,5,0.001378774642944336
7472,A,T,0,MT-TS1,25,5,-0.0024056434631347656
7476,C,T,0,MT-TS1,25,5,0.0008056163787841797
7493,C,T,0,MT-TS1,25,5,0.0009906291961669922
7497,G,A,1,MT-TS1,25,5,0.00012791156768798828
7498,G,A,0,MT-TS1,25,5,-0.00031316280364990234
7510,T,C,1,MT-TS1,25,5,-0.000922083854675293
7511,T,C,1,MT-TS1,25,5,-0.0009465217590332031
7512,T,C,1,MT-TS1,25,5,0.0013462305068969727
8313,G,A,1,MT-TK,25,5,-0.0022085905075073242
8340,G,A,1,MT-TK,25,5,-0.0029011964797973633
8344,A,G,1,MT-TK,25,5,-0.0007930994033813477
8348,A,G,0,MT-TK,25,5,-0.0045931339263916016
8356,T,C,1,MT-TK,25,5,-0.001966238021850586
8363,G,A,1,MT-TK,25,5,-0.003408670425415039
10007,T,C,0,MT-TG,25,5,1.430511474609375e-05
10034,T,C,0,MT-TG,25,5,-0.00156402587890625
10463,T,C,0,MT-TR,25,5,0.0009670257568359375
12147,G,A,1,MT-TH,25,5,-0.019591689109802246
12201,T,C,1,MT-TH,25,5,-7.581710815429688e-05
12239,C,T,0,MT-TS2,25,5,-0.0020837783813476562
12258,C,A,1,MT-TS2,25,5,-0.009705185890197754
12276,G,A,1,MT-TL2,25,5,0.0003948211669921875
12308,A,G,0,MT-TL2,25,5,-0.0024633407592773438
12315,G,A,1,MT-TL2,25,5,-5.53131103515625e-05
14674,T,C,1,MT-TE,25,5,0.00041961669921875
14684,C,T,0,MT-TE,25,5,0.010779738426208496
14709,T,C,1,MT-TE,25,5,-0.0002846717834472656
15894,G,A,0,MT-TT,25,5,-0.002185821533203125
15904,C,T,0,MT-TT,25,5,0.0015745162963867188
15907,A,G,0,MT-TT,25,5,-0.00034427642822265625
15923,A,G,1,MT-TT,25,5,-0.0025625228881835938
15924,A,G,0,MT-TT,25,5,-0.004112601280212402
15928,G,A,0,MT-TT,25,5,-0.00013315677642822266
15990,C,T,1,MT-TP,25,5,-0.0005012750625610352
591,C,T,1,MT-TF,25,6,0.0072422027587890625
616,T,C,1,MT-TF,25,6,-0.00020074844360351562
629,T,C,0,MT-TF,25,6,-0.0017493963241577148
1624,C,T,1,MT-TV,25,6,-0.000762939453125
1644,G,A,1,MT-TV,25,6,-0.001708984375
3242,G,A,1,MT-TL1,25,6,-0.007283687591552734
3243,A,G,1,MT-TL1,25,6,-0.028100967407226562
3243,A,T,1,MT-TL1,25,6,-0.022616147994995117
3251,A,G,1,MT-TL1,25,6,-0.0069550275802612305
3252,A,G,1,MT-TL1,25,6,-0.0114518404006958
3255,G,A,1,MT-TL1,25,6,-0.0038002729415893555
3256,C,T,1,MT-TL1,25,6,-0.01198732852935791
3258,T,C,1,MT-TL1,25,6,-0.003351449966430664
3260,A,G,1,MT-TL1,25,6,-0.0008072853088378906
3271,T,C,1,MT-TL1,25,6,-0.001442551612854004
3291,T,C,1,MT-TL1,25,6,-0.0003695487976074219
3302,A,G,1,MT-TL1,25,6,-0.0023131370544433594
3303,C,T,1,MT-TL1,25,6,-0.003814220428466797
4300,A,G,1,MT-TI,25,6,-0.0020726919174194336
4336,T,C,0,MT-TQ,25,6,-0.001071333885192871
4370,T,C,0,MT-TQ,25,6,-0.001902937889099121
4450,G,A,1,MT-TM,25,6,-0.005265951156616211
4452,T,C,0,MT-TM,25,6,-0.0007827281951904297
5521,G,A,1,MT-TW,25,6,0.009680032730102539
5553,T,C,0,MT-TW,25,6,-0.0017313957214355469
5556,G,A,1,MT-TW,25,6,-0.004752039909362793
5650,G,A,1,MT-TA,25,6,-0.004700899124145508
5690,A,G,1,MT-TN,25,6,-0.007706284523010254
5703,G,A,1,MT-TN,25,6,0.0013346672058105469
5728,T,C,1,MT-TN,25,6,-0.001607656478881836
5814,T,C,0,MT-TC,25,6,-0.0020372867584228516
7453,G,A,1,MT-TS1,25,6,-0.002555251121520996
7471,C,T,0,MT-TS1,25,6,0.002383708953857422
7472,A,T,0,MT-TS1,25,6,0.0006014108657836914
7476,C,T,0,MT-TS1,25,6,0.0005325078964233398
7493,C,T,0,MT-TS1,25,6,0.00017130374908447266
7497,G,A,1,MT-TS1,25,6,0.00048041343688964844
7498,G,A,0,MT-TS1,25,6,0.0008522272109985352
7510,T,C,1,MT-TS1,25,6,-2.8371810913085938e-05
7511,T,C,1,MT-TS1,25,6,-0.0022263526916503906
7512,T,C,1,MT-TS1,25,6,-0.0018510818481445312
8313,G,A,1,MT-TK,25,6,-0.003622293472290039
8340,G,A,1,MT-TK,25,6,-0.004030108451843262
8344,A,G,1,MT-TK,25,6,-0.00060272216796875
8348,A,G,0,MT-TK,25,6,-0.005891084671020508
8356,T,C,1,MT-TK,25,6,-0.0016050338745117188
8363,G,A,1,MT-TK,25,6,-0.002853989601135254
10007,T,C,0,MT-TG,25,6,0.0003604888916015625
10034,T,C,0,MT-TG,25,6,-0.002533435821533203
10463,T,C,0,MT-TR,25,6,0.0007476806640625
12147,G,A,1,MT-TH,25,6,-0.004957437515258789
12201,T,C,1,MT-TH,25,6,-0.001188516616821289
12239,C,T,0,MT-TS2,25,6,-0.0017129182815551758
12258,C,A,1,MT-TS2,25,6,-0.00866997241973877
12276,G,A,1,MT-TL2,25,6,0.0006561279296875
12308,A,G,0,MT-TL2,25,6,-0.004903078079223633
12315,G,A,1,MT-TL2,25,6,0.00101470947265625
14674,T,C,1,MT-TE,25,6,0.0007811784744262695
14684,C,T,0,MT-TE,25,6,0.012222886085510254
14709,T,C,1,MT-TE,25,6,0.0022128820419311523
15894,G,A,0,MT-TT,25,6,-0.0012606382369995117
15904,C,T,0,MT-TT,25,6,0.000597834587097168
15907,A,G,0,MT-TT,25,6,-0.001742720603942871
15923,A,G,1,MT-TT,25,6,-0.008891105651855469
15924,A,G,0,MT-TT,25,6,-0.004350543022155762
15928,G,A,0,MT-TT,25,6,-0.000865936279296875
15990,C,T,1,MT-TP,25,6,-9.822845458984375e-05
591,C,T,1,MT-TF,25,7,0.005057811737060547
616,T,C,1,MT-TF,25,7,-0.0002498626708984375
629,T,C,0,MT-TF,25,7,0.0007808208465576172
1624,C,T,1,MT-TV,25,7,-0.000701904296875
1644,G,A,1,MT-TV,25,7,0.0010318756103515625
3242,G,A,1,MT-TL1,25,7,-0.017411112785339355
3243,A,G,1,MT-TL1,25,7,-0.035428762435913086
3243,A,T,1,MT-TL1,25,7,-0.014829158782958984
3251,A,G,1,MT-TL1,25,7,-0.005237579345703125
3252,A,G,1,MT-TL1,25,7,-0.00911259651184082
3255,G,A,1,MT-TL1,25,7,-0.003817319869995117
3256,C,T,1,MT-TL1,25,7,-0.009572744369506836
3258,T,C,1,MT-TL1,25,7,-0.005420565605163574
3260,A,G,1,MT-TL1,25,7,0.0003044605255126953
3271,T,C,1,MT-TL1,25,7,0.000764012336730957
3291,T,C,1,MT-TL1,25,7,-0.0012750625610351562
3302,A,G,1,MT-TL1,25,7,-0.003050565719604492
3303,C,T,1,MT-TL1,25,7,-0.0025544166564941406
4300,A,G,1,MT-TI,25,7,-0.004708528518676758
4336,T,C,0,MT-TQ,25,7,-0.0011298656463623047
4370,T,C,0,MT-TQ,25,7,-0.00024139881134033203
4450,G,A,1,MT-TM,25,7,-0.0033423900604248047
4452,T,C,0,MT-TM,25,7,-0.0007517337799072266
5521,G,A,1,MT-TW,25,7,-0.0017147064208984375
5553,T,C,0,MT-TW,25,7,-0.0022863149642944336
5556,G,A,1,MT-TW,25,7,-0.0019718408584594727
5650,G,A,1,MT-TA,25,7,-0.0016796588897705078
5690,A,G,1,MT-TN,25,7,-0.00853586196899414
5703,G,A,1,MT-TN,25,7,-0.00014019012451171875
5728,T,C,1,MT-TN,25,7,-0.0018584728240966797
5814,T,C,0,MT-TC,25,7,-0.0035774707794189453
7453,G,A,1,MT-TS1,25,7,-0.0002503395080566406
7471,C,T,0,MT-TS1,25,7,0.0033107995986938477
7472,A,T,0,MT-TS1,25,7,-0.0005247592926025391
7476,C,T,0,MT-TS1,25,7,-0.00035119056701660156
7493,C,T,0,MT-TS1,25,7,0.0002422332763671875
7497,G,A,1,MT-TS1,25,7,0.0005936622619628906
7498,G,A,0,MT-TS1,25,7,0.0019730329513549805
7510,T,C,1,MT-TS1,25,7,-0.0010856389999389648
7511,T,C,1,MT-TS1,25,7,0.0003129243850708008
7512,T,C,1,MT-TS1,25,7,0.0004831552505493164
8313,G,A,1,MT-TK,25,7,-0.003042936325073242
8340,G,A,1,MT-TK,25,7,-0.004902958869934082
8344,A,G,1,MT-TK,25,7,-0.0016055107116699219
8348,A,G,0,MT-TK,25,7,-0.003653287887573242
8356,T,C,1,MT-TK,25,7,-0.002946615219116211
8363,G,A,1,MT-TK,25,7,-0.0018291473388671875
10007,T,C,0,MT-TG,25,7,0.007863521575927734
10034,T,C,0,MT-TG,25,7,-0.000362396240234375
10463,T,C,0,MT-TR,25,7,7.867813110351562e-05
12147,G,A,1,MT-TH,25,7,-0.022615432739257812
12201,T,C,1,MT-TH,25,7,0.0023421049118041992
12239,C,T,0,MT-TS2,25,7,-0.0035980939865112305
12258,C,A,1,MT-TS2,25,7,-0.008538365364074707
12276,G,A,1,MT-TL2,25,7,-0.0005311965942382812
12308,A,G,0,MT-TL2,25,7,-0.0007171630859375
12315,G,A,1,MT-TL2,25,7,-0.0020208358764648438
14674,T,C,1,MT-TE,25,7,-0.0008099079132080078
14684,C,T,0,MT-TE,25,7,0.013256549835205078
14709,T,C,1,MT-TE,25,7,-0.0008738040924072266
15894,G,A,0,MT-TT,25,7,-0.008016109466552734
15904,C,T,0,MT-TT,25,7,0.0009241104125976562
15907,A,G,0,MT-TT,25,7,0.0005247592926025391
15923,A,G,1,MT-TT,25,7,-0.008811354637145996
15924,A,G,0,MT-TT,25,7,-0.0035958290100097656
15928,G,A,0,MT-TT,25,7,-0.0019507408142089844
15990,C,T,1,MT-TP,25,7,-0.0024995803833007812
591,C,T,1,MT-TF,25,8,0.001889944076538086
616,T,C,1,MT-TF,25,8,-0.017911195755004883
629,T,C,0,MT-TF,25,8,0.00183868408203125
1624,C,T,1,MT-TV,25,8,-0.00092315673828125
1644,G,A,1,MT-TV,25,8,-0.000522613525390625
3242,G,A,1,MT-TL1,25,8,-0.014579415321350098
3243,A,G,1,MT-TL1,25,8,-0.02234196662902832
3243,A,T,1,MT-TL1,25,8,-0.018410205841064453
3251,A,G,1,MT-TL1,25,8,-0.01607990264892578
3252,A,G,1,MT-TL1,25,8,-0.010335803031921387
3255,G,A,1,MT-TL1,25,8,-0.007570862770080566
3256,C,T,1,MT-TL1,25,8,-0.009134769439697266
3258,T,C,1,MT-TL1,25,8,-0.005320191383361816
3260,A,G,1,MT-TL1,25,8,-0.005845546722412109
3271,T,C,1,MT-TL1,25,8,0.003184199333190918
3291,T,C,1,MT-TL1,25,8,-0.0019663572311401367
3302,A,G,1,MT-TL1,25,8,-0.002461075782775879
3303,C,T,1,MT-TL1,25,8,-0.0020967721939086914
4300,A,G,1,MT-TI,25,8,-0.00413966178894043
4336,T,C,0,MT-TQ,25,8,-0.0019336938858032227
4370,T,C,0,MT-TQ,25,8,-0.00011682510375976562
4450,G,A,1,MT-TM,25,8,-0.004742860794067383
4452,T,C,0,MT-TM,25,8,-0.0016665458679199219
5521,G,A,1,MT-TW,25,8,-0.0031266212463378906
5553,T,C,0,MT-TW,25,8,-0.0033909082412719727
5556,G,A,1,MT-TW,25,8,-0.0012058019638061523
5650,G,A,1,MT-TA,25,8,-0.00206911563873291
5690,A,G,1,MT-TN,25,8,-0.010864019393920898
5703,G,A,1,MT-TN,25,8,0.0013179779052734375
5728,T,C,1,MT-TN,25,8,-0.0012537240982055664
5814,T,C,0,MT-TC,25,8,-0.004579782485961914
7453,G,A,1,MT-TS1,25,8,-0.0023674964904785156
7471,C,T,0,MT-TS1,25,8,0.003258824348449707
7472,A,T,0,MT-TS1,25,8,0.0003377199172973633
7476,C,T,0,MT-TS1,25,8,-0.00035965442657470703
7493,C,T,0,MT-TS1,25,8,0.00047206878662109375
7497,G,A,1,MT-TS1,25,8,0.002229928970336914
7498,G,A,0,MT-TS1,25,8,0.0014202594757080078
7510,T,C,1,MT-TS1,25,8,-0.0021098852157592773
7511,T,C,1,MT-TS1,25,8,-0.0006418228149414062
7512,T,C,1,MT-TS1,25,8,-0.0005578994750976562
8313,G,A,1,MT-TK,25,8,-0.00223696231842041
8340,G,A,1,MT-TK,25,8,-0.003007650375366211
8344,A,G,1,MT-TK,25,8,-0.002281665802001953
8348,A,G,0,MT-TK,25,8,-0.0032279491424560547
8356,T,C,1,MT-TK,25,8,-0.0018587112426757812
8363,G,A,1,MT-TK,25,8,-0.001420736312866211
10007,T,C,0,MT-TG,25,8,0.005169391632080078
10034,T,C,0,MT-TG,25,8,-0.0025043487548828125
10463,T,C,0,MT-TR,25,8,0.0008544921875
12147,G,A,1,MT-TH,25,8,-0.018884897232055664
12201,T,C,1,MT-TH,25,8,-0.0007224082946777344
12239,C,T,0,MT-TS2,25,8,-0.0016469955444335938
12258,C,A,1,MT-TS2,25,8,-0.009096026420593262
12276,G,A,1,MT-TL2,25,8,0.0006799697875976562
12308,A,G,0,MT-TL2,25,8,-0.0019378662109375
12315,G,A,1,MT-TL2,25,8,-0.000701904296875
14674,T,C,1,MT-TE,25,8,9.72747802734375e-05
14684,C,T,0,MT-TE,25,8,-6.794929504394531e-06
14709,T,C,1,MT-TE,25,8,-0.0011816024780273438
15894,G,A,0,MT-TT,25,8,-0.004047274589538574
15904,C,T,0,MT-TT,25,8,-0.0008500814437866211
15907,A,G,0,MT-TT,25,8,-0.0012581348419189453
15923,A,G,1,MT-TT,25,8,-0.006430506706237793
15924,A,G,0,MT-TT,25,8,-0.0006208419799804688
15928,G,A,0,MT-TT,25,8,-0.0008554458618164062
15990,C,T,1,MT-TP,25,8,-0.0020377635955810547
591,C,T,1,MT-TF,25,9,0.008027076721191406
616,T,C,1,MT-TF,25,9,-0.01884639263153076
629,T,C,0,MT-TF,25,9,-0.00043964385986328125
1624,C,T,1,MT-TV,25,9,-0.001323699951171875
1644,G,A,1,MT-TV,25,9,-0.0009307861328125
3242,G,A,1,MT-TL1,25,9,-0.033294081687927246
3243,A,G,1,MT-TL1,25,9,-0.022222280502319336
3243,A,T,1,MT-TL1,25,9,-0.02781057357788086
3251,A,G,1,MT-TL1,25,9,-0.0032650232315063477
3252,A,G,1,MT-TL1,25,9,-0.006472349166870117
3255,G,A,1,MT-TL1,25,9,-0.005296826362609863
3256,C,T,1,MT-TL1,25,9,-0.0063790082931518555
3258,T,C,1,MT-TL1,25,9,-0.003157496452331543
3260,A,G,1,MT-TL1,25,9,-0.0025391578674316406
3271,T,C,1,MT-TL1,25,9,-0.0020258426666259766
3291,T,C,1,MT-TL1,25,9,-0.0035414695739746094
3302,A,G,1,MT-TL1,25,9,-0.0027914047241210938
3303,C,T,1,MT-TL1,25,9,-0.002501249313354492
4300,A,G,1,MT-TI,25,9,-0.004193663597106934
4336,T,C,0,MT-TQ,25,9,0.0028290748596191406
4370,T,C,0,MT-TQ,25,9,-0.0021184682846069336
4450,G,A,1,MT-TM,25,9,-0.004196047782897949
4452,T,C,0,MT-TM,25,9,-0.0009398460388183594
5521,G,A,1,MT-TW,25,9,0.0010870695114135742
5553,T,C,0,MT-TW,25,9,-0.0032351016998291016
5556,G,A,1,MT-TW,25,9,-0.003406524658203125
5650,G,A,1,MT-TA,25,9,-0.0022683143615722656
5690,A,G,1,MT-TN,25,9,-0.007607936859130859
5703,G,A,1,MT-TN,25,9,0.0005174875259399414
5728,T,C,1,MT-TN,25,9,-0.0012840032577514648
5814,T,C,0,MT-TC,25,9,-0.0032334327697753906
7453,G,A,1,MT-TS1,25,9,-0.0053141117095947266
7471,C,T,0,MT-TS1,25,9,0.003228425979614258
7472,A,T,0,MT-TS1,25,9,-0.001069784164428711
7476,C,T,0,MT-TS1,25,9,-0.0030177831649780273
7493,C,T,0,MT-TS1,25,9,-0.0004266500473022461
7497,G,A,1,MT-TS1,25,9,0.0006031990051269531
7498,G,A,0,MT-TS1,25,9,0.0003139972686767578
7510,T,C,1,MT-TS1,25,9,0.00020802021026611328
7511,T,C,1,MT-TS1,25,9,-0.0009009838104248047
7512,T,C,1,MT-TS1,25,9,-0.0010148286819458008
8313,G,A,1,MT-TK,25,9,-0.003883838653564453
8340,G,A,1,MT-TK,25,9,-0.005624055862426758
8344,A,G,1,MT-TK,25,9,-0.0013151168823242188
8348,A,G,0,MT-TK,25,9,-0.002871274948120117
8356,T,C,1,MT-TK,25,9,-0.0010548830032348633
8363,G,A,1,MT-TK,25,9,-0.004764199256896973
10007,T,C,0,MT-TG,25,9,0.0013294219970703125
10034,T,C,0,MT-TG,25,9,-0.0010833740234375
10463,T,C,0,MT-TR,25,9,-0.00017452239990234375
12147,G,A,1,MT-TH,25,9,-0.0010235309600830078
12201,T,C,1,MT-TH,25,9,-0.0020825862884521484
12239,C,T,0,MT-TS2,25,9,-0.002153635025024414
12258,C,A,1,MT-TS2,25,9,-0.013914942741394043
12276,G,A,1,MT-TL2,25,9,-0.000179290771484375
12308,A,G,0,MT-TL2,25,9,-0.000782012939453125
12315,G,A,1,MT-TL2,25,9,-0.0017242431640625
14674,T,C,1,MT-TE,25,9,0.0001819133758544922
14684,C,T,0,MT-TE,25,9,0.0042302608489990234
14709,T,C,1,MT-TE,25,9,0.0010476112365722656
15894,G,A,0,MT-TT,25,9,-0.00342559814453125
15904,C,T,0,MT-TT,25,9,0.001618504524230957
15907,A,G,0,MT-TT,25,9,-0.0019259452819824219
15923,A,G,1,MT-TT,25,9,-0.006155967712402344
15924,A,G,0,MT-TT,25,9,-0.0032510757446289062
15928,G,A,0,MT-TT,25,9,-0.001997828483581543
15990,C,T,1,MT-TP,25,9,-0.004237651824951172
591,C,T,1,MT-TF,50,0,0.0047321319580078125
616,T,C,1,MT-TF,50,0,-0.0008510351181030273
629,T,C,0,MT-TF,50,0,-0.00032830238342285156
1624,C,T,1,MT-TV,50,0,-0.0037664175033569336
1644,G,A,1,MT-TV,50,0,-0.003118753433227539
3242,G,A,1,MT-TL1,50,0,-0.02311718463897705
3243,A,G,1,MT-TL1,50,0,-0.03130769729614258
3243,A,T,1,MT-TL1,50,0,-0.015583038330078125
3251,A,G,1,MT-TL1,50,0,-0.003906965255737305
3252,A,G,1,MT-TL1,50,0,-0.009231925010681152
3255,G,A,1,MT-TL1,50,0,-0.006316781044006348
3256,C,T,1,MT-TL1,50,0,-0.004960298538208008
3258,T,C,1,MT-TL1,50,0,-0.004724621772766113
3260,A,G,1,MT-TL1,50,0,-0.006558895111083984
3271,T,C,1,MT-TL1,50,0,-0.0025200843811035156
3291,T,C,1,MT-TL1,50,0,-0.0030684471130371094
3302,A,G,1,MT-TL1,50,0,-0.0021376609802246094
3303,C,T,1,MT-TL1,50,0,-0.003096938133239746
4300,A,G,1,MT-TI,50,0,-0.005652904510498047
4336,T,C,0,MT-TQ,50,0,-0.0026602745056152344
4370,T,C,0,MT-TQ,50,0,-0.0007394552230834961
4450,G,A,1,MT-TM,50,0,-0.007692456245422363
4452,T,C,0,MT-TM,50,0,-0.0024622678756713867
5521,G,A,1,MT-TW,50,0,0.000722050666809082
5553,T,C,0,MT-TW,50,0,-0.002316713333129883
5556,G,A,1,MT-TW,50,0,-0.004004001617431641
5650,G,A,1,MT-TA,50,0,-0.002749323844909668
5690,A,G,1,MT-TN,50,0,-0.008510112762451172
5703,G,A,1,MT-TN,50,0,-0.0009136199951171875
5728,T,C,1,MT-TN,50,0,-0.0011917352676391602
5814,T,C,0,MT-TC,50,0,-0.0018477439880371094
7453,G,A,1,MT-TS1,50,0,-0.001772761344909668
7471,C,T,0,MT-TS1,50,0,0.0011407136917114258
7472,A,T,0,MT-TS1,50,0,0.0006747245788574219
7476,C,T,0,MT-TS1,50,0,0.00034415721893310547
7493,C,T,0,MT-TS1,50,0,-0.0023174285888671875
7497,G,A,1,MT-TS1,50,0,0.002522587776184082
7498,G,A,0,MT-TS1,50,0,0.0012775659561157227
7510,T,C,1,MT-TS1,50,0,0.0007807016372680664
7511,T,C,1,MT-TS1,50,0,-0.0007072687149047852
7512,T,C,1,MT-TS1,50,0,-0.0001697540283203125
8313,G,A,1,MT-TK,50,0,-0.005390524864196777
8340,G,A,1,MT-TK,50,0,-0.0033788681030273438
8344,A,G,1,MT-TK,50,0,-0.001142740249633789
8348,A,G,0,MT-TK,50,0,-0.003939986228942871
8356,T,C,1,MT-TK,50,0,-0.0032843351364135742
8363,G,A,1,MT-TK,50,0,-0.0017948150634765625
10007,T,C,0,MT-TG,50,0,0.010079383850097656
10034,T,C,0,MT-TG,50,0,-0.0022735595703125
10463,T,C,0,MT-TR,50,0,-0.0022031068801879883
12147,G,A,1,MT-TH,50,0,-0.00557255744934082
12201,T,C,1,MT-TH,50,0,8.952617645263672e-05
12239,C,T,0,MT-TS2,50,0,-0.0008623600006103516
12258,C,A,1,MT-TS2,50,0,-0.009435772895812988
12276,G,A,1,MT-TL2,50,0,-0.006750702857971191
12308,A,G,0,MT-TL2,50,0,-0.006148099899291992
12315,G,A,1,MT-TL2,50,0,-0.0017795562744140625
14674,T,C,1,MT-TE,50,0,-0.0016665458679199219
14684,C,T,0,MT-TE,50,0,0.009770870208740234
14709,T,C,1,MT-TE,50,0,-0.0032126903533935547
15894,G,A,0,MT-TT,50,0,-0.00886845588684082
15904,C,T,0,MT-TT,50,0,-7.236003875732422e-05
15907,A,G,0,MT-TT,50,0,-0.004102349281311035
15923,A,G,1,MT-TT,50,0,-0.01339566707611084
15924,A,G,0,MT-TT,50,0,-0.005464434623718262
15928,G,A,0,MT-TT,50,0,-0.0009970664978027344
15990,C,T,1,MT-TP,50,0,-0.0038567781448364258
591,C,T,1,MT-TF,50,1,0.0032863616943359375
616,T,C,1,MT-TF,50,1,-0.00463414192199707
629,T,C,0,MT-TF,50,1,0.0008153915405273438
1624,C,T,1,MT-TV,50,1,-0.006958127021789551
1644,G,A,1,MT-TV,50,1,-0.0024961233139038086
3242,G,A,1,MT-TL1,50,1,-0.0219118595123291
3243,A,G,1,MT-TL1,50,1,-0.029674291610717773
3243,A,T,1,MT-TL1,50,1,-0.03489494323730469
3251,A,G,1,MT-TL1,50,1,-0.017143726348876953
3252,A,G,1,MT-TL1,50,1,-0.01018226146697998
3255,G,A,1,MT-TL1,50,1,-0.008647918701171875
3256,C,T,1,MT-TL1,50,1,-0.005753159523010254
3258,T,C,1,MT-TL1,50,1,-0.00520169734954834
3260,A,G,1,MT-TL1,50,1,-0.00216829776763916
3271,T,C,1,MT-TL1,50,1,-0.003211379051208496
3291,T,C,1,MT-TL1,50,1,-0.002429485321044922
3302,A,G,1,MT-TL1,50,1,-0.0037577152252197266
3303,C,T,1,MT-TL1,50,1,-0.003179311752319336
4300,A,G,1,MT-TI,50,1,-0.004044771194458008
4336,T,C,0,MT-TQ,50,1,-0.001766800880432129
4370,T,C,0,MT-TQ,50,1,-0.003122568130493164
4450,G,A,1,MT-TM,50,1,-0.006829380989074707
4452,T,C,0,MT-TM,50,1,-0.002233266830444336
5521,G,A,1,MT-TW,50,1,7.069110870361328e-05
5553,T,C,0,MT-TW,50,1,-0.0008796453475952148
5556,G,A,1,MT-TW,50,1,-0.005185961723327637
5650,G,A,1,MT-TA,50,1,-0.0015844106674194336
5690,A,G,1,MT-TN,50,1,-0.009233355522155762
5703,G,A,1,MT-TN,50,1,0.0012526512145996094
5728,T,C,1,MT-TN,50,1,-0.0011197328567504883
5814,T,C,0,MT-TC,50,1,-0.0015513896942138672
7453,G,A,1,MT-TS1,50,1,-0.001977086067199707
7471,C,T,0,MT-TS1,50,1,0.004105329513549805
7472,A,T,0,MT-TS1,50,1,4.649162292480469e-06
7476,C,T,0,MT-TS1,50,1,0.0013308525085449219
7493,C,T,0,MT-TS1,50,1,-0.0006158351898193359
7497,G,A,1,MT-TS1,50,1,0.0027472972869873047
7498,G,A,0,MT-TS1,50,1,-0.0012044906616210938
7510,T,C,1,MT-TS1,50,1,-0.0005000829696655273
7511,T,C,1,MT-TS1,50,1,-0.0028465986251831055
7512,T,C,1,MT-TS1,50,1,-0.0010870695114135742
8313,G,A,1,MT-TK,50,1,-0.007214188575744629
8340,G,A,1,MT-TK,50,1,-0.003240346908569336
8344,A,G,1,MT-TK,50,1,-0.0009953975677490234
8348,A,G,0,MT-TK,50,1,-0.005070924758911133
8356,T,C,1,MT-TK,50,1,-0.0028876066207885742
8363,G,A,1,MT-TK,50,1,-0.002593994140625
10007,T,C,0,MT-TG,50,1,0.0005631446838378906
10034,T,C,0,MT-TG,50,1,-0.001422882080078125
10463,T,C,0,MT-TR,50,1,-0.00021159648895263672
12147,G,A,1,MT-TH,50,1,-0.013412117958068848
12201,T,C,1,MT-TH,50,1,-0.00011348724365234375
12239,C,T,0,MT-TS2,50,1,-0.000438690185546875
12258,C,A,1,MT-TS2,50,1,-0.01158285140991211
12276,G,A,1,MT-TL2,50,1,0.0006594657897949219
12308,A,G,0,MT-TL2,50,1,-0.001583099365234375
12315,G,A,1,MT-TL2,50,1,-0.004139900207519531
14674,T,C,1,MT-TE,50,1,-0.0003230571746826172
14684,C,T,0,MT-TE,50,1,0.011536359786987305
14709,T,C,1,MT-TE,50,1,-0.00269317626953125
15894,G,A,0,MT-TT,50,1,-0.012400150299072266
15904,C,T,0,MT-TT,50,1,0.0014989376068115234
15907,A,G,0,MT-TT,50,1,-0.00037479400634765625
15923,A,G,1,MT-TT,50,1,-0.00965738296508789
15924,A,G,0,MT-TT,50,1,0.00075531005859375
15928,G,A,0,MT-TT,50,1,7.510185241699219e-06
15990,C,T,1,MT-TP,50,1,-0.006117701530456543
591,C,T,1,MT-TF,50,2,0.010521888732910156
616,T,C,1,MT-TF,50,2,-0.006591916084289551
629,T,C,0,MT-TF,50,2,0.0033376216888427734
1624,C,T,1,MT-TV,50,2,-0.0018743276596069336
1644,G,A,1,MT-TV,50,2,-0.0007758140563964844
3242,G,A,1,MT-TL1,50,2,-0.024852752685546875
3243,A,G,1,MT-TL1,50,2,-0.02720022201538086
3243,A,T,1,MT-TL1,50,2,-0.029094934463500977
3251,A,G,1,MT-TL1,50,2,-0.005890607833862305
3252,A,G,1,MT-TL1,50,2,-0.011625528335571289
3255,G,A,1,MT-TL1,50,2,-0.004480600357055664
3256,C,T,1,MT-TL1,50,2,-0.00883781909942627
3258,T,C,1,MT-TL1,50,2,-0.004448890686035156
3260,A,G,1,MT-TL1,50,2,-0.004940390586853027
3271,T,C,1,MT-TL1,50,2,-0.0047168731689453125
3291,T,C,1,MT-TL1,50,2,-0.0037310123443603516
3302,A,G,1,MT-TL1,50,2,-0.0009599924087524414
3303,C,T,1,MT-TL1,50,2,-0.0033196210861206055
4300,A,G,1,MT-TI,50,2,-0.0028395652770996094
4336,T,C,0,MT-TQ,50,2,-0.00012135505676269531
4370,T,C,0,MT-TQ,50,2,-0.0006563663482666016
4450,G,A,1,MT-TM,50,2,-0.010294079780578613
4452,T,C,0,MT-TM,50,2,-0.002710580825805664
5521,G,A,1,MT-TW,50,2,-0.001951456069946289
5553,T,C,0,MT-TW,50,2,-0.0016304254531860352
5556,G,A,1,MT-TW,50,2,-0.005057811737060547
5650,G,A,1,MT-TA,50,2,-0.00402522087097168
5690,A,G,1,MT-TN,50,2,-0.010559678077697754
5703,G,A,1,MT-TN,50,2,0.00010752677917480469
5728,T,C,1,MT-TN,50,2,-0.0017485618591308594
5814,T,C,0,MT-TC,50,2,-0.0020579099655151367
7453,G,A,1,MT-TS1,50,2,-0.0022028684616088867
7471,C,T,0,MT-TS1,50,2,0.001741647720336914
7472,A,T,0,MT-TS1,50,2,0.00029480457305908203
7476,C,T,0,MT-TS1,50,2,-0.0013298988342285156
7493,C,T,0,MT-TS1,50,2,-0.001465916633605957
7497,G,A,1,MT-TS1,50,2,0.0010651350021362305
7498,G,A,0,MT-TS1,50,2,0.0016785860061645508
7510,T,C,1,MT-TS1,50,2,-0.0015631914138793945
7511,T,C,1,MT-TS1,50,2,-0.002196788787841797
7512,T,C,1,MT-TS1,50,2,-0.001669168472290039
8313,G,A,1,MT-TK,50,2,-0.011978387832641602
8340,G,A,1,MT-TK,50,2,-0.0022923946380615234
8344,A,G,1,MT-TK,50,2,-0.0013992786407470703
8348,A,G,0,MT-TK,50,2,-0.005433440208435059
8356,T,C,1,MT-TK,50,2,-0.0005153417587280273
8363,G,A,1,MT-TK,50,2,-0.0024106502532958984
10007,T,C,0,MT-TG,50,2,0.001354217529296875
10034,T,C,0,MT-TG,50,2,-0.0023317337036132812
10463,T,C,0,MT-TR,50,2,-0.0009937286376953125
12147,G,A,1,MT-TH,50,2,-0.021837592124938965
12201,T,C,1,MT-TH,50,2,-0.00026285648345947266
12239,C,T,0,MT-TS2,50,2,-0.0019387006759643555
12258,C,A,1,MT-TS2,50,2,-0.01138925552368164
12276,G,A,1,MT-TL2,50,2,-4.1961669921875e-05
12308,A,G,0,MT-TL2,50,2,-0.004968523979187012
12315,G,A,1,MT-TL2,50,2,0.00042176246643066406
14674,T,C,1,MT-TE,50,2,-0.0005792379379272461
14684,C,T,0,MT-TE,50,2,0.015645980834960938
14709,T,C,1,MT-TE,50,2,-0.005693316459655762
15894,G,A,0,MT-TT,50,2,-0.0025136470794677734
15904,C,T,0,MT-TT,50,2,0.0002808570861816406
15907,A,G,0,MT-TT,50,2,0.00013172626495361328
15923,A,G,1,MT-TT,50,2,-0.017032861709594727
15924,A,G,0,MT-TT,50,2,-0.0014644861221313477
15928,G,A,0,MT-TT,50,2,-0.0004200935363769531
15990,C,T,1,MT-TP,50,2,-0.0022420883178710938
591,C,T,1,MT-TF,50,3,0.0012629032135009766
616,T,C,1,MT-TF,50,3,-0.00586092472076416
629,T,C,0,MT-TF,50,3,0.0009388923645019531
1624,C,T,1,MT-TV,50,3,-0.00024759769439697266
1644,G,A,1,MT-TV,50,3,-0.0019822120666503906
3242,G,A,1,MT-TL1,50,3,-0.02037525177001953
3243,A,G,1,MT-TL1,50,3,-0.02818012237548828
3243,A,T,1,MT-TL1,50,3,-0.03391420841217041
3251,A,G,1,MT-TL1,50,3,-0.006392478942871094
3252,A,G,1,MT-TL1,50,3,-0.008058309555053711
3255,G,A,1,MT-TL1,50,3,-0.004399299621582031
3256,C,T,1,MT-TL1,50,3,-0.006008267402648926
3258,T,C,1,MT-TL1,50,3,-0.0033597946166992188
3260,A,G,1,MT-TL1,50,3,-0.005501389503479004
3271,T,C,1,MT-TL1,50,3,-0.00220489501953125
3291,T,C,1,MT-TL1,50,3,-0.003756880760192871
3302,A,G,1,MT-TL1,50,3,-0.002846240997314453
3303,C,T,1,MT-TL1,50,3,-0.0038614273071289062
4300,A,G,1,MT-TI,50,3,-0.004171848297119141
4336,T,C,0,MT-TQ,50,3,-0.001890420913696289
4370,T,C,0,MT-TQ,50,3,-0.0015492439270019531
4450,G,A,1,MT-TM,50,3,-0.009538888931274414
4452,T,C,0,MT-TM,50,3,-0.002071380615234375
5521,G,A,1,MT-TW,50,3,0.004344582557678223
5553,T,C,0,MT-TW,50,3,-0.0012960433959960938
5556,G,A,1,MT-TW,50,3,-0.003931403160095215
5650,G,A,1,MT-TA,50,3,-0.0028352737426757812
5690,A,G,1,MT-TN,50,3,-0.007391214370727539
5703,G,A,1,MT-TN,50,3,0.0007306337356567383
5728,T,C,1,MT-TN,50,3,-0.001149892807006836
5814,T,C,0,MT-TC,50,3,-0.0010551214218139648
7453,G,A,1,MT-TS1,50,3,-0.0035071372985839844
7471,C,T,0,MT-TS1,50,3,0.001952052116394043
7472,A,T,0,MT-TS1,50,3,-0.0006325244903564453
7476,C,T,0,MT-TS1,50,3,0.0012269020080566406
7493,C,T,0,MT-TS1,50,3,0.00011754035949707031
7497,G,A,1,MT-TS1,50,3,0.0012981891632080078
7498,G,A,0,MT-TS1,50,3,0.001283884048461914
7510,T,C,1,MT-TS1,50,3,-0.0010410547256469727
7511,T,C,1,MT-TS1,50,3,-0.0002611875534057617
7512,T,C,1,MT-TS1,50,3,-0.0018434524536132812
8313,G,A,1,MT-TK,50,3,-0.007750511169433594
8340,G,A,1,MT-TK,50,3,-0.0022592544555664062
8344,A,G,1,MT-TK,50,3,-0.0010741949081420898
8348,A,G,0,MT-TK,50,3,-0.0033532381057739258
8356,T,C,1,MT-TK,50,3,-0.0023418664932250977
8363,G,A,1,MT-TK,50,3,-0.004157304763793945
10007,T,C,0,MT-TG,50,3,-0.00037479400634765625
10034,T,C,0,MT-TG,50,3,-0.0028362274169921875
10463,T,C,0,MT-TR,50,3,0.0007688999176025391
12147,G,A,1,MT-TH,50,3,-0.00517427921295166
12201,T,C,1,MT-TH,50,3,-0.0010902881622314453
12239,C,T,0,MT-TS2,50,3,-0.0010025501251220703
12258,C,A,1,MT-TS2,50,3,-0.010252833366394043
12276,G,A,1,MT-TL2,50,3,0.0013065338134765625
12308,A,G,0,MT-TL2,50,3,-0.004571080207824707
12315,G,A,1,MT-TL2,50,3,-0.005472421646118164
14674,T,C,1,MT-TE,50,3,0.00045299530029296875
14684,C,T,0,MT-TE,50,3,0.01201772689819336
14709,T,C,1,MT-TE,50,3,0.0002162456512451172
15894,G,A,0,MT-TT,50,3,-0.008725643157958984
15904,C,T,0,MT-TT,50,3,0.000244140625
15907,A,G,0,MT-TT,50,3,-0.0009440183639526367
15923,A,G,1,MT-TT,50,3,-0.012740492820739746
15924,A,G,0,MT-TT,50,3,-0.0043784379959106445
15928,G,A,0,MT-TT,50,3,-0.0008766651153564453
15990,C,T,1,MT-TP,50,3,0.0019218921661376953
591,C,T,1,MT-TF,50,4,0.004087328910827637
616,T,C,1,MT-TF,50,4,-0.012309551239013672
629,T,C,0,MT-TF,50,4,7.510185241699219e-06
1624,C,T,1,MT-TV,50,4,-0.002069711685180664
1644,G,A,1,MT-TV,50,4,-0.0019643306732177734
3242,G,A,1,MT-TL1,50,4,-0.009698748588562012
3243,A,G,1,MT-TL1,50,4,-0.0292893648147583
3243,A,T,1,MT-TL1,50,4,-0.03242802619934082
3251,A,G,1,MT-TL1,50,4,-0.011873245239257812
3252,A,G,1,MT-TL1,50,4,-0.006541252136230469
3255,G,A,1,MT-TL1,50,4,-0.0060956478118896484
3256,C,T,1,MT-TL1,50,4,-0.012398481369018555
3258,T,C,1,MT-TL1,50,4,-0.005655765533447266
3260,A,G,1,MT-TL1,50,4,-0.005271792411804199
3271,T,C,1,MT-TL1,50,4,-0.0015938282012939453
3291,T,C,1,MT-TL1,50,4,-0.003554105758666992
3302,A,G,1,MT-TL1,50,4,-0.002534031867980957
3303,C,T,1,MT-TL1,50,4,-0.0025576353073120117
4300,A,G,1,MT-TI,50,4,-0.004864692687988281
4336,T,C,0,MT-TQ,50,4,-0.0020933151245117188
4370,T,C,0,MT-TQ,50,4,-0.0006809234619140625
4450,G,A,1,MT-TM,50,4,-0.006123542785644531
4452,T,C,0,MT-TM,50,4,-0.0036020278930664062
5521,G,A,1,MT-TW,50,4,0.006852149963378906
5553,T,C,0,MT-TW,50,4,-0.0009683370590209961
5556,G,A,1,MT-TW,50,4,-0.002619504928588867
5650,G,A,1,MT-TA,50,4,-0.00215911865234375
5690,A,G,1,MT-TN,50,4,-0.007693767547607422
5703,G,A,1,MT-TN,50,4,0.00025010108947753906
5728,T,C,1,MT-TN,50,4,-0.0009949207305908203
5814,T,C,0,MT-TC,50,4,-0.0014356374740600586
7453,G,A,1,MT-TS1,50,4,-0.0019266605377197266
7471,C,T,0,MT-TS1,50,4,0.0016207695007324219
7472,A,T,0,MT-TS1,50,4,0.0007172822952270508
7476,C,T,0,MT-TS1,50,4,0.0015110969543457031
7493,C,T,0,MT-TS1,50,4,-0.0001569986343383789
7497,G,A,1,MT-TS1,50,4,0.0006326436996459961
7498,G,A,0,MT-TS1,50,4,0.0010890960693359375
7510,T,C,1,MT-TS1,50,4,-0.002320528030395508
7511,T,C,1,MT-TS1,50,4,-0.00016760826110839844
7512,T,C,1,MT-TS1,50,4,-0.0008518695831298828
8313,G,A,1,MT-TK,50,4,-0.007434487342834473
8340,G,A,1,MT-TK,50,4,-0.0038747787475585938
8344,A,G,1,MT-TK,50,4,-0.00042748451232910156
8348,A,G,0,MT-TK,50,4,-0.0030995607376098633
8356,T,C,1,MT-TK,50,4,-0.0021352767944335938
8363,G,A,1,MT-TK,50,4,-0.0034979581832885742
10007,T,C,0,MT-TG,50,4,0.0004119873046875
10034,T,C,0,MT-TG,50,4,-0.0024356842041015625
10463,T,C,0,MT-TR,50,4,0.000718235969543457
12147,G,A,1,MT-TH,50,4,-0.02265763282775879
12201,T,C,1,MT-TH,50,4,-0.0009045600891113281
12239,C,T,0,MT-TS2,50,4,-0.0003714561462402344
12258,C,A,1,MT-TS2,50,4,-0.01154947280883789
12276,G,A,1,MT-TL2,50,4,-0.013517141342163086
12308,A,G,0,MT-TL2,50,4,-0.006591320037841797
12315,G,A,1,MT-TL2,50,4,-0.0022269487380981445
14674,T,C,1,MT-TE,50,4,-0.001707315444946289
14684,C,T,0,MT-TE,50,4,0.006912946701049805
14709,T,C,1,MT-TE,50,4,-0.001507401466369629
15894,G,A,0,MT-TT,50,4,-0.012138128280639648
15904,C,T,0,MT-TT,50,4,0.0013328790664672852
15907,A,G,0,MT-TT,50,4,-0.0003135204315185547
15923,A,G,1,MT-TT,50,4,-0.010505080223083496
15924,A,G,0,MT-TT,50,4,-0.0028123855590820312
15928,G,A,0,MT-TT,50,4,-0.0017279386520385742
15990,C,T,1,MT-TP,50,4,-0.003525853157043457
591,C,T,1,MT-TF,50,5,0.005502104759216309
616,T,C,1,MT-TF,50,5,-0.01044774055480957
629,T,C,0,MT-TF,50,5,0.002849102020263672
1624,C,T,1,MT-TV,50,5,-0.0034105777740478516
1644,G,A,1,MT-TV,50,5,-0.004904031753540039
3242,G,A,1,MT-TL1,50,5,-0.0064078569412231445
3243,A,G,1,MT-TL1,50,5,-0.029860734939575195
3243,A,T,1,MT-TL1,50,5,-0.0281980037689209
3251,A,G,1,MT-TL1,50,5,-0.002517223358154297
3252,A,G,1,MT-TL1,50,5,-0.007226109504699707
3255,G,A,1,MT-TL1,50,5,-0.008464455604553223
3256,C,T,1,MT-TL1,50,5,-0.0075228214263916016
3258,T,C,1,MT-TL1,50,5,-0.004079103469848633
3260,A,G,1,MT-TL1,50,5,-0.005089521408081055
3271,T,C,1,MT-TL1,50,5,-0.0024025440216064453
3291,T,C,1,MT-TL1,50,5,-0.0007505416870117188
3302,A,G,1,MT-TL1,50,5,-0.001867055892944336
3303,C,T,1,MT-TL1,50,5,-0.002984762191772461
4300,A,G,1,MT-TI,50,5,-0.004679203033447266
4336,T,C,0,MT-TQ,50,5,-9.09566879272461e-05
4370,T,C,0,MT-TQ,50,5,-0.001342177391052246
4450,G,A,1,MT-TM,50,5,-0.006673216819763184
4452,T,C,0,MT-TM,50,5,-0.0010533332824707031
5521,G,A,1,MT-TW,50,5,0.010802268981933594
5553,T,C,0,MT-TW,50,5,-0.0013320446014404297
5556,G,A,1,MT-TW,50,5,-0.003798246383666992
5650,G,A,1,MT-TA,50,5,-0.0029524564743041992
5690,A,G,1,MT-TN,50,5,-0.0069637298583984375
5703,G,A,1,MT-TN,50,5,0.000232696533203125
5728,T,C,1,MT-TN,50,5,-0.0016287565231323242
5814,T,C,0,MT-TC,50,5,-0.003228306770324707
7453,G,A,1,MT-TS1,50,5,-0.0018334388732910156
7471,C,T,0,MT-TS1,50,5,0.0011415481567382812
7472,A,T,0,MT-TS1,50,5,-0.000949859619140625
7476,C,T,0,MT-TS1,50,5,-4.57763671875e-05
7493,C,T,0,MT-TS1,50,5,0.0005258321762084961
7497,G,A,1,MT-TS1,50,5,0.001990199089050293
7498,G,A,0,MT-TS1,50,5,-0.0009568929672241211
7510,T,C,1,MT-TS1,50,5,-0.0009299516677856445
7511,T,C,1,MT-TS1,50,5,-0.001626729965209961
7512,T,C,1,MT-TS1,50,5,-0.0026352405548095703
8313,G,A,1,MT-TK,50,5,-0.002310037612915039
8340,G,A,1,MT-TK,50,5,-0.004440784454345703
8344,A,G,1,MT-TK,50,5,-0.0011067390441894531
8348,A,G,0,MT-TK,50,5,-0.0056667327880859375
8356,T,C,1,MT-TK,50,5,-0.004386305809020996
8363,G,A,1,MT-TK,50,5,-0.0031653642654418945
10007,T,C,0,MT-TG,50,5,0.0025196075439453125
10034,T,C,0,MT-TG,50,5,-0.001346588134765625
10463,T,C,0,MT-TR,50,5,-0.0015196800231933594
12147,G,A,1,MT-TH,50,5,-0.004923343658447266
12201,T,C,1,MT-TH,50,5,-0.0035094022750854492
12239,C,T,0,MT-TS2,50,5,-0.001337289810180664
12258,C,A,1,MT-TS2,50,5,-0.010253310203552246
12276,G,A,1,MT-TL2,50,5,-0.012028336524963379
12308,A,G,0,MT-TL2,50,5,-0.004290103912353516
12315,G,A,1,MT-TL2,50,5,-0.00943613052368164
14674,T,C,1,MT-TE,50,5,-0.0030188560485839844
14684,C,T,0,MT-TE,50,5,0.007539033889770508
14709,T,C,1,MT-TE,50,5,-0.0022128820419311523
15894,G,A,0,MT-TT,50,5,-0.008071184158325195
15904,C,T,0,MT-TT,50,5,0.0007174015045166016
15907,A,G,0,MT-TT,50,5,-0.002209901809692383
15923,A,G,1,MT-TT,50,5,-0.017915964126586914
15924,A,G,0,MT-TT,50,5,-0.002498626708984375
15928,G,A,0,MT-TT,50,5,-0.0005115270614624023
15990,C,T,1,MT-TP,50,5,-6.61611557006836e-05
591,C,T,1,MT-TF,50,6,0.01122748851776123
616,T,C,1,MT-TF,50,6,-0.016083121299743652
629,T,C,0,MT-TF,50,6,-0.0006062984466552734
1624,C,T,1,MT-TV,50,6,-0.005997896194458008
1644,G,A,1,MT-TV,50,6,-0.0004336833953857422
3242,G,A,1,MT-TL1,50,6,-0.015500426292419434
3243,A,G,1,MT-TL1,50,6,-0.03294515609741211
3243,A,T,1,MT-TL1,50,6,-0.03602719306945801
3251,A,G,1,MT-TL1,50,6,-0.005021810531616211
3252,A,G,1,MT-TL1,50,6,-0.009383678436279297
3255,G,A,1,MT-TL1,50,6,-0.007548332214355469
3256,C,T,1,MT-TL1,50,6,-0.006581306457519531
3258,T,C,1,MT-TL1,50,6,-0.0047866106033325195
3260,A,G,1,MT-TL1,50,6,-0.0055539608001708984
3271,T,C,1,MT-TL1,50,6,-0.003796219825744629
3291,T,C,1,MT-TL1,50,6,-0.003004312515258789
3302,A,G,1,MT-TL1,50,6,-0.002767801284790039
3303,C,T,1,MT-TL1,50,6,-0.0030232667922973633
4300,A,G,1,MT-TI,50,6,-0.007124662399291992
4336,T,C,0,MT-TQ,50,6,-0.0018078088760375977
4370,T,C,0,MT-TQ,50,6,-0.0012079477310180664
4450,G,A,1,MT-TM,50,6,-0.006645917892456055
4452,T,C,0,MT-TM,50,6,-0.0013320446014404297
5521,G,A,1,MT-TW,50,6,0.0008805990219116211
5553,T,C,0,MT-TW,50,6,-0.0019979476928710938
5556,G,A,1,MT-TW,50,6,-0.003171682357788086
5650,G,A,1,MT-TA,50,6,-0.002031683921813965
5690,A,G,1,MT-TN,50,6,-0.01152181625366211
5703,G,A,1,MT-TN,50,6,0.0006536245346069336
5728,T,C,1,MT-TN,50,6,-0.0010110139846801758
5814,T,C,0,MT-TC,50,6,-0.0031739473342895508
7453,G,A,1,MT-TS1,50,6,-0.0028301477432250977
7471,C,T,0,MT-TS1,50,6,0.0028977394104003906
7472,A,T,0,MT-TS1,50,6,0.0006009340286254883
7476,C,T,0,MT-TS1,50,6,0.0026247501373291016
7493,C,T,0,MT-TS1,50,6,-0.0012820959091186523
7497,G,A,1,MT-TS1,50,6,0.002317070960998535
7498,G,A,0,MT-TS1,50,6,0.0009069442749023438
7510,T,C,1,MT-TS1,50,6,-0.0016937255859375
7511,T,C,1,MT-TS1,50,6,-0.0013058185577392578
7512,T,C,1,MT-TS1,50,6,5.888938903808594e-05
8313,G,A,1,MT-TK,50,6,-0.003392457962036133
8340,G,A,1,MT-TK,50,6,-0.004199028015136719
8344,A,G,1,MT-TK,50,6,-0.0015368461608886719
8348,A,G,0,MT-TK,50,6,-0.004427194595336914
8356,T,C,1,MT-TK,50,6,-0.002331256866455078
8363,G,A,1,MT-TK,50,6,-0.00210726261138916
10007,T,C,0,MT-TG,50,6,0.002495288848876953
10034,T,C,0,MT-TG,50,6,-0.0022897720336914062
10463,T,C,0,MT-TR,50,6,0.0006701946258544922
12147,G,A,1,MT-TH,50,6,-0.006593823432922363
12201,T,C,1,MT-TH,50,6,-0.0015884637832641602
12239,C,T,0,MT-TS2,50,6,-0.002111196517944336
12258,C,A,1,MT-TS2,50,6,-0.011061906814575195
12276,G,A,1,MT-TL2,50,6,-0.007200717926025391
12308,A,G,0,MT-TL2,50,6,-0.004720091819763184
12315,G,A,1,MT-TL2,50,6,-0.0019192695617675781
14674,T,C,1,MT-TE,50,6,6.67572021484375e-06
14684,C,T,0,MT-TE,50,6,0.0077430009841918945
14709,T,C,1,MT-TE,50,6,-0.002229928970336914
15894,G,A,0,MT-TT,50,6,-0.005842447280883789
15904,C,T,0,MT-TT,50,6,0.00013685226440429688
15907,A,G,0,MT-TT,50,6,-0.0014331340789794922
15923,A,G,1,MT-TT,50,6,-0.010637879371643066
15924,A,G,0,MT-TT,50,6,-0.002081155776977539
15928,G,A,0,MT-TT,50,6,-0.0006917715072631836
15990,C,T,1,MT-TP,50,6,-0.0032726526260375977
591,C,T,1,MT-TF,50,7,0.0064542293548583984
616,T,C,1,MT-TF,50,7,-0.0015639066696166992
629,T,C,0,MT-TF,50,7,0.0016896724700927734
1624,C,T,1,MT-TV,50,7,-0.00032889842987060547
1644,G,A,1,MT-TV,50,7,0.0003795623779296875
3242,G,A,1,MT-TL1,50,7,-0.026546478271484375
3243,A,G,1,MT-TL1,50,7,-0.028379321098327637
3243,A,T,1,MT-TL1,50,7,-0.0314638614654541
3251,A,G,1,MT-TL1,50,7,-0.004184365272521973
3252,A,G,1,MT-TL1,50,7,-0.007581591606140137
3255,G,A,1,MT-TL1,50,7,-0.008969664573669434
3256,C,T,1,MT-TL1,50,7,-0.008772611618041992
3258,T,C,1,MT-TL1,50,7,-0.005382895469665527
3260,A,G,1,MT-TL1,50,7,-0.003962039947509766
3271,T,C,1,MT-TL1,50,7,-0.00012063980102539062
3291,T,C,1,MT-TL1,50,7,-0.004849791526794434
3302,A,G,1,MT-TL1,50,7,-0.00256502628326416
3303,C,T,1,MT-TL1,50,7,-0.0033649206161499023
4300,A,G,1,MT-TI,50,7,-0.004166364669799805
4336,T,C,0,MT-TQ,50,7,-0.002014636993408203
4370,T,C,0,MT-TQ,50,7,-0.0023032426834106445
4450,G,A,1,MT-TM,50,7,-0.0038651227951049805
4452,T,C,0,MT-TM,50,7,-0.0008573532104492188
5521,G,A,1,MT-TW,50,7,-0.00024878978729248047
5553,T,C,0,MT-TW,50,7,-0.0017006397247314453
5556,G,A,1,MT-TW,50,7,-0.004416465759277344
5650,G,A,1,MT-TA,50,7,-0.002014756202697754
5690,A,G,1,MT-TN,50,7,-0.007572770118713379
5703,G,A,1,MT-TN,50,7,0.00019073486328125
5728,T,C,1,MT-TN,50,7,-0.0014352798461914062
5814,T,C,0,MT-TC,50,7,-0.0035620927810668945
7453,G,A,1,MT-TS1,50,7,-0.001844167709350586
7471,C,T,0,MT-TS1,50,7,0.0038062334060668945
7472,A,T,0,MT-TS1,50,7,0.0004534721374511719
7476,C,T,0,MT-TS1,50,7,0.0015239715576171875
7493,C,T,0,MT-TS1,50,7,-0.0018451213836669922
7497,G,A,1,MT-TS1,50,7,0.00047707557678222656
7498,G,A,0,MT-TS1,50,7,-0.0016167163848876953
7510,T,C,1,MT-TS1,50,7,-0.001519918441772461
7511,T,C,1,MT-TS1,50,7,-0.0016169548034667969
7512,T,C,1,MT-TS1,50,7,-0.001824498176574707
8313,G,A,1,MT-TK,50,7,-0.01451718807220459
8340,G,A,1,MT-TK,50,7,-0.003261089324951172
8344,A,G,1,MT-TK,50,7,-0.0008609294891357422
8348,A,G,0,MT-TK,50,7,-0.0035654306411743164
8356,T,C,1,MT-TK,50,7,-0.00332033634185791
8363,G,A,1,MT-TK,50,7,-0.00261688232421875
10007,T,C,0,MT-TG,50,7,0.001361846923828125
10034,T,C,0,MT-TG,50,7,-0.001979827880859375
10463,T,C,0,MT-TR,50,7,0.001545548439025879
12147,G,A,1,MT-TH,50,7,-0.011975288391113281
12201,T,C,1,MT-TH,50,7,-0.0012583732604980469
12239,C,T,0,MT-TS2,50,7,-0.0014913082122802734
12258,C,A,1,MT-TS2,50,7,-0.005840420722961426
12276,G,A,1,MT-TL2,50,7,-0.005118131637573242
12308,A,G,0,MT-TL2,50,7,-0.004134654998779297
12315,G,A,1,MT-TL2,50,7,-0.003325223922729492
14674,T,C,1,MT-TE,50,7,-0.0003910064697265625
14684,C,T,0,MT-TE,50,7,0.015098929405212402
14709,T,C,1,MT-TE,50,7,-0.0007935762405395508
15894,G,A,0,MT-TT,50,7,-0.015610337257385254
15904,C,T,0,MT-TT,50,7,2.2649765014648438e-06
15907,A,G,0,MT-TT,50,7,-0.0012860298156738281
15923,A,G,1,MT-TT,50,7,-0.012428879737854004
15924,A,G,0,MT-TT,50,7,-0.006395578384399414
15928,G,A,0,MT-TT,50,7,-0.0010731220245361328
15990,C,T,1,MT-TP,50,7,-0.0029664039611816406
591,C,T,1,MT-TF,50,8,0.0036773681640625
616,T,C,1,MT-TF,50,8,-0.020702838897705078
629,T,C,0,MT-TF,50,8,0.0008423328399658203
1624,C,T,1,MT-TV,50,8,-0.004010915756225586
1644,G,A,1,MT-TV,50,8,-0.00446927547454834
3242,G,A,1,MT-TL1,50,8,-0.02513289451599121
3243,A,G,1,MT-TL1,50,8,-0.028974413871765137
3243,A,T,1,MT-TL1,50,8,-0.03165411949157715
3251,A,G,1,MT-TL1,50,8,-0.0041512250900268555
3252,A,G,1,MT-TL1,50,8,-0.009846687316894531
3255,G,A,1,MT-TL1,50,8,-0.005467057228088379
3256,C,T,1,MT-TL1,50,8,-0.006520867347717285
3258,T,C,1,MT-TL1,50,8,-0.004597187042236328
3260,A,G,1,MT-TL1,50,8,-0.005557537078857422
3271,T,C,1,MT-TL1,50,8,-0.001585841178894043
3291,T,C,1,MT-TL1,50,8,-0.003116130828857422
3302,A,G,1,MT-TL1,50,8,-0.002422928810119629
3303,C,T,1,MT-TL1,50,8,-0.003559112548828125
4300,A,G,1,MT-TI,50,8,-0.004376411437988281
4336,T,C,0,MT-TQ,50,8,-0.0018246173858642578
4370,T,C,0,MT-TQ,50,8,-0.0003364086151123047
4450,G,A,1,MT-TM,50,8,-0.009352445602416992
4452,T,C,0,MT-TM,50,8,-0.0019286870956420898
5521,G,A,1,MT-TW,50,8,0.0015413761138916016
5553,T,C,0,MT-TW,50,8,-0.0013244152069091797
5556,G,A,1,MT-TW,50,8,-0.0024671554565429688
5650,G,A,1,MT-TA,50,8,-0.002241969108581543
5690,A,G,1,MT-TN,50,8,-0.004857301712036133
5703,G,A,1,MT-TN,50,8,0.00044989585876464844
5728,T,C,1,MT-TN,50,8,-0.0017402172088623047
5814,T,C,0,MT-TC,50,8,-0.002646207809448242
7453,G,A,1,MT-TS1,50,8,-0.006288647651672363
7471,C,T,0,MT-TS1,50,8,0.002702951431274414
7472,A,T,0,MT-TS1,50,8,0.0001779794692993164
7476,C,T,0,MT-TS1,50,8,0.003359675407409668
7493,C,T,0,MT-TS1,50,8,-0.0009691715240478516
7497,G,A,1,MT-TS1,50,8,0.0015126466751098633
7498,G,A,0,MT-TS1,50,8,0.0005333423614501953
7510,T,C,1,MT-TS1,50,8,-0.0006591081619262695
7511,T,C,1,MT-TS1,50,8,-0.0038961172103881836
7512,T,C,1,MT-TS1,50,8,0.0003275871276855469
8313,G,A,1,MT-TK,50,8,-0.0051081180572509766
8340,G,A,1,MT-TK,50,8,-0.0029126405715942383
8344,A,G,1,MT-TK,50,8,-0.0008181333541870117
8348,A,G,0,MT-TK,50,8,-0.004576683044433594
8356,T,C,1,MT-TK,50,8,-0.003081798553466797
8363,G,A,1,MT-TK,50,8,-0.0030739307403564453
10007,T,C,0,MT-TG,50,8,0.0020465850830078125
10034,T,C,0,MT-TG,50,8,-0.00054931640625
10463,T,C,0,MT-TR,50,8,0.0008571147918701172
12147,G,A,1,MT-TH,50,8,-0.02174663543701172
12201,T,C,1,MT-TH,50,8,-0.002305269241333008
12239,C,T,0,MT-TS2,50,8,-0.0012464523315429688
12258,C,A,1,MT-TS2,50,8,-0.013522028923034668
12276,G,A,1,MT-TL2,50,8,-0.010753393173217773
12308,A,G,0,MT-TL2,50,8,-0.0035843849182128906
12315,G,A,1,MT-TL2,50,8,-0.008347392082214355
14674,T,C,1,MT-TE,50,8,0.00023555755615234375
14684,C,T,0,MT-TE,50,8,0.007256150245666504
14709,T,C,1,MT-TE,50,8,-0.0006726980209350586
15894,G,A,0,MT-TT,50,8,-0.0037027597427368164
15904,C,T,0,MT-TT,50,8,-0.0006556510925292969
15907,A,G,0,MT-TT,50,8,-0.0005092620849609375
15923,A,G,1,MT-TT,50,8,-0.009095430374145508
15924,A,G,0,MT-TT,50,8,-0.004438877105712891
15928,G,A,0,MT-TT,50,8,-0.0022925138473510742
15990,C,T,1,MT-TP,50,8,0.0013091564178466797
591,C,T,1,MT-TF,50,9,0.010431528091430664
616,T,C,1,MT-TF,50,9,-0.0069713592529296875
629,T,C,0,MT-TF,50,9,-0.0004805326461791992
1624,C,T,1,MT-TV,50,9,-0.00012826919555664062
1644,G,A,1,MT-TV,50,9,-0.0019750595092773438
3242,G,A,1,MT-TL1,50,9,-0.023613929748535156
3243,A,G,1,MT-TL1,50,9,-0.027642250061035156
3243,A,T,1,MT-TL1,50,9,-0.03198528289794922
3251,A,G,1,MT-TL1,50,9,-0.006331801414489746
3252,A,G,1,MT-TL1,50,9,-0.011456131935119629
3255,G,A,1,MT-TL1,50,9,-0.008745431900024414
3256,C,T,1,MT-TL1,50,9,-0.010237574577331543
3258,T,C,1,MT-TL1,50,9,-0.0030956268310546875
3260,A,G,1,MT-TL1,50,9,-0.004071712493896484
3271,T,C,1,MT-TL1,50,9,-0.003703474998474121
3291,T,C,1,MT-TL1,50,9,-0.004516243934631348
3302,A,G,1,MT-TL1,50,9,-0.0029555559158325195
3303,C,T,1,MT-TL1,50,9,-0.0028003454208374023
4300,A,G,1,MT-TI,50,9,-0.0003110170364379883
4336,T,C,0,MT-TQ,50,9,-0.0003451108932495117
4370,T,C,0,MT-TQ,50,9,0.0001531839370727539
4450,G,A,1,MT-TM,50,9,-0.00850677490234375
4452,T,C,0,MT-TM,50,9,-0.0017545223236083984
5521,G,A,1,MT-TW,50,9,0.010705232620239258
5553,T,C,0,MT-TW,50,9,-0.002664327621459961
5556,G,A,1,MT-TW,50,9,-0.005227327346801758
5650,G,A,1,MT-TA,50,9,-0.0034502744674682617
5690,A,G,1,MT-TN,50,9,-0.010691523551940918
5703,G,A,1,MT-TN,50,9,-0.00032782554626464844
5728,T,C,1,MT-TN,50,9,-0.00112152099609375
5814,T,C,0,MT-TC,50,9,-0.0034012794494628906
7453,G,A,1,MT-TS1,50,9,-0.002701401710510254
7471,C,T,0,MT-TS1,50,9,0.002092123031616211
7472,A,T,0,MT-TS1,50,9,-0.0015615224838256836
7476,C,T,0,MT-TS1,50,9,0.0016944408416748047
7493,C,T,0,MT-TS1,50,9,-0.0035729408264160156
7497,G,A,1,MT-TS1,50,9,0.001592874526977539
7498,G,A,0,MT-TS1,50,9,0.001606583595275879
7510,T,C,1,MT-TS1,50,9,-0.0012080669403076172
7511,T,C,1,MT-TS1,50,9,-0.001350998878479004
7512,T,C,1,MT-TS1,50,9,-0.0010797977447509766
8313,G,A,1,MT-TK,50,9,-0.004687905311584473
8340,G,A,1,MT-TK,50,9,-0.0028603076934814453
8344,A,G,1,MT-TK,50,9,0.00034487247467041016
8348,A,G,0,MT-TK,50,9,-0.0034160614013671875
8356,T,C,1,MT-TK,50,9,-0.0019627809524536133
8363,G,A,1,MT-TK,50,9,-0.003083348274230957
10007,T,C,0,MT-TG,50,9,0.006378650665283203
10034,T,C,0,MT-TG,50,9,-0.0021648406982421875
10463,T,C,0,MT-TR,50,9,-0.0009694099426269531
12147,G,A,1,MT-TH,50,9,-0.015574932098388672
12201,T,C,1,MT-TH,50,9,-0.0014336109161376953
12239,C,T,0,MT-TS2,50,9,-0.0009322166442871094
12258,C,A,1,MT-TS2,50,9,-0.009541869163513184
12276,G,A,1,MT-TL2,50,9,0.00048828125
12308,A,G,0,MT-TL2,50,9,-0.005260348320007324
12315,G,A,1,MT-TL2,50,9,0.0008413791656494141
14674,T,C,1,MT-TE,50,9,-0.0006427764892578125
14684,C,T,0,MT-TE,50,9,0.010590314865112305
14709,T,C,1,MT-TE,50,9,0.00010442733764648438
15894,G,A,0,MT-TT,50,9,-0.015623688697814941
15904,C,T,0,MT-TT,50,9,3.7670135498046875e-05
15907,A,G,0,MT-TT,50,9,-0.0014084577560424805
15923,A,G,1,MT-TT,50,9,-0.015397906303405762
15924,A,G,0,MT-TT,50,9,-0.0034689903259277344
15928,G,A,0,MT-TT,50,9,-0.0018395185470581055
15990,C,T,1,MT-TP,50,9,-0.0020984411239624023
591,C,T,1,MT-TF,100,0,0.009226083755493164
616,T,C,1,MT-TF,100,0,-0.005517721176147461
629,T,C,0,MT-TF,100,0,0.0016161203384399414
1624,C,T,1,MT-TV,100,0,-0.0027693510055541992
1644,G,A,1,MT-TV,100,0,-0.000354766845703125
3242,G,A,1,MT-TL1,100,0,-0.022593259811401367
3243,A,G,1,MT-TL1,100,0,-0.033135175704956055
3243,A,T,1,MT-TL1,100,0,-0.032695651054382324
3251,A,G,1,MT-TL1,100,0,-0.002840757369995117
3252,A,G,1,MT-TL1,100,0,-0.010058760643005371
3255,G,A,1,MT-TL1,100,0,-0.004261016845703125
3256,C,T,1,MT-TL1,100,0,-0.006882905960083008
3258,T,C,1,MT-TL1,100,0,-0.0044335126876831055
3260,A,G,1,MT-TL1,100,0,-0.007010459899902344
3271,T,C,1,MT-TL1,100,0,-0.0039261579513549805
3291,T,C,1,MT-TL1,100,0,-0.0018128156661987305
3302,A,G,1,MT-TL1,100,0,-0.003361344337463379
3303,C,T,1,MT-TL1,100,0,-0.0041768550872802734
4300,A,G,1,MT-TI,100,0,-0.0037015676498413086
4336,T,C,0,MT-TQ,100,0,-0.0019307136535644531
4370,T,C,0,MT-TQ,100,0,-0.000800013542175293
4450,G,A,1,MT-TM,100,0,-0.005766510963439941
4452,T,C,0,MT-TM,100,0,-0.002025008201599121
5521,G,A,1,MT-TW,100,0,-0.0003775358200073242
5553,T,C,0,MT-TW,100,0,-0.0018880367279052734
5556,G,A,1,MT-TW,100,0,-0.006345152854919434
5650,G,A,1,MT-TA,100,0,-0.005001664161682129
5690,A,G,1,MT-TN,100,0,-0.008481740951538086
5703,G,A,1,MT-TN,100,0,0.000850677490234375
5728,T,C,1,MT-TN,100,0,-0.0017486810684204102
5814,T,C,0,MT-TC,100,0,-0.0003752708435058594
7453,G,A,1,MT-TS1,100,0,-0.0038908720016479492
7471,C,T,0,MT-TS1,100,0,0.0039403438568115234
7472,A,T,0,MT-TS1,100,0,0.001293182373046875
7476,C,T,0,MT-TS1,100,0,-0.0005342960357666016
7493,C,T,0,MT-TS1,100,0,-0.0012990236282348633
7497,G,A,1,MT-TS1,100,0,0.0002067089080810547
7498,G,A,0,MT-TS1,100,0,0.001760721206665039
7510,T,C,1,MT-TS1,100,0,-0.000141143798828125
7511,T,C,1,MT-TS1,100,0,-0.0009053945541381836
7512,T,C,1,MT-TS1,100,0,-0.0008172988891601562
8313,G,A,1,MT-TK,100,0,-0.003972887992858887
8340,G,A,1,MT-TK,100,0,-0.005068540573120117
8344,A,G,1,MT-TK,100,0,-0.0022950172424316406
8348,A,G,0,MT-TK,100,0,-0.0031076669692993164
8356,T,C,1,MT-TK,100,0,-0.0015147924423217773
8363,G,A,1,MT-TK,100,0,-0.003238201141357422
10007,T,C,0,MT-TG,100,0,-0.001125931739807129
10034,T,C,0,MT-TG,100,0,-0.0017542839050292969
10463,T,C,0,MT-TR,100,0,-0.0014481544494628906
12147,G,A,1,MT-TH,100,0,-0.02391505241394043
12201,T,C,1,MT-TH,100,0,-0.0004998445510864258
12239,C,T,0,MT-TS2,100,0,0.0012683868408203125
12258,C,A,1,MT-TS2,100,0,-0.009518623352050781
12276,G,A,1,MT-TL2,100,0,-0.011499285697937012
12308,A,G,0,MT-TL2,100,0,-0.006308078765869141
12315,G,A,1,MT-TL2,100,0,-0.006392002105712891
14674,T,C,1,MT-TE,100,0,-0.0030851364135742188
14684,C,T,0,MT-TE,100,0,0.00455021858215332
14709,T,C,1,MT-TE,100,0,-0.00371551513671875
15894,G,A,0,MT-TT,100,0,0.002233266830444336
15904,C,T,0,MT-TT,100,0,0.0001354217529296875
15907,A,G,0,MT-TT,100,0,-0.0014121532440185547
15923,A,G,1,MT-TT,100,0,-0.00955653190612793
15924,A,G,0,MT-TT,100,0,-0.003653287887573242
15928,G,A,0,MT-TT,100,0,-0.0012793540954589844
15990,C,T,1,MT-TP,100,0,-0.0069773197174072266
591,C,T,1,MT-TF,100,1,0.004856228828430176
616,T,C,1,MT-TF,100,1,-0.011051535606384277
629,T,C,0,MT-TF,100,1,0.0006684064865112305
1624,C,T,1,MT-TV,100,1,-0.00019311904907226562
1644,G,A,1,MT-TV,100,1,-0.0004709959030151367
3242,G,A,1,MT-TL1,100,1,-0.010795116424560547
3243,A,G,1,MT-TL1,100,1,-0.025789856910705566
3243,A,T,1,MT-TL1,100,1,-0.034812211990356445
3251,A,G,1,MT-TL1,100,1,-0.005781412124633789
3252,A,G,1,MT-TL1,100,1,-0.00956869125366211
3255,G,A,1,MT-TL1,100,1,-0.0074427127838134766
3256,C,T,1,MT-TL1,100,1,-0.007336020469665527
3258,T,C,1,MT-TL1,100,1,-0.005209088325500488
3260,A,G,1,MT-TL1,100,1,-0.0037298202514648438
3271,T,C,1,MT-TL1,100,1,-0.0011457204818725586
3291,T,C,1,MT-TL1,100,1,-0.0023429393768310547
3302,A,G,1,MT-TL1,100,1,-0.0034712553024291992
3303,C,T,1,MT-TL1,100,1,-0.0030542612075805664
4300,A,G,1,MT-TI,100,1,-0.005398154258728027
4336,T,C,0,MT-TQ,100,1,-0.0024018287658691406
4370,T,C,0,MT-TQ,100,1,-0.0015674829483032227
4450,G,A,1,MT-TM,100,1,-0.0056383609771728516
4452,T,C,0,MT-TM,100,1,-0.0008251667022705078
5521,G,A,1,MT-TW,100,1,-0.0027611255645751953
5553,T,C,0,MT-TW,100,1,-0.0024068355560302734
5556,G,A,1,MT-TW,100,1,-0.00648045539855957
5650,G,A,1,MT-TA,100,1,-0.0033916234970092773
5690,A,G,1,MT-TN,100,1,-0.010745882987976074
5703,G,A,1,MT-TN,100,1,0.0003581047058105469
5728,T,C,1,MT-TN,100,1,-0.00040268898010253906
5814,T,C,0,MT-TC,100,1,-6.473064422607422e-05
7453,G,A,1,MT-TS1,100,1,-0.002138495445251465
7471,C,T,0,MT-TS1,100,1,0.002844572067260742
7472,A,T,0,MT-TS1,100,1,0.0007379055023193359
7476,C,T,0,MT-TS1,100,1,-0.00041294097900390625
7493,C,T,0,MT-TS1,100,1,-5.4717063903808594e-05
7497,G,A,1,MT-TS1,100,1,0.0005300045013427734
7498,G,A,0,MT-TS1,100,1,0.00041031837463378906
7510,T,C,1,MT-TS1,100,1,-0.0010716915130615234
7511,T,C,1,MT-TS1,100,1,-0.0010197162628173828
7512,T,C,1,MT-TS1,100,1,-0.001161813735961914
8313,G,A,1,MT-TK,100,1,-0.005473613739013672
8340,G,A,1,MT-TK,100,1,-0.0047092437744140625
8344,A,G,1,MT-TK,100,1,-0.0015434026718139648
8348,A,G,0,MT-TK,100,1,-0.003870844841003418
8356,T,C,1,MT-TK,100,1,-0.0015686750411987305
8363,G,A,1,MT-TK,100,1,-0.0041272640228271484
10007,T,C,0,MT-TG,100,1,0.0025418996810913086
10034,T,C,0,MT-TG,100,1,-0.002058267593383789
10463,T,C,0,MT-TR,100,1,-0.003287792205810547
12147,G,A,1,MT-TH,100,1,-0.010088086128234863
12201,T,C,1,MT-TH,100,1,-0.0005855560302734375
12239,C,T,0,MT-TS2,100,1,-0.0011326074600219727
12258,C,A,1,MT-TS2,100,1,-0.010119318962097168
12276,G,A,1,MT-TL2,100,1,-0.012595891952514648
12308,A,G,0,MT-TL2,100,1,-0.006983041763305664
12315,G,A,1,MT-TL2,100,1,-0.006050586700439453
14674,T,C,1,MT-TE,100,1,0.0008087158203125
14684,C,T,0,MT-TE,100,1,0.0007561445236206055
14709,T,C,1,MT-TE,100,1,-0.003228902816772461
15894,G,A,0,MT-TT,100,1,-0.0008693933486938477
15904,C,T,0,MT-TT,100,1,0.0007755756378173828
15907,A,G,0,MT-TT,100,1,-0.0020421743392944336
15923,A,G,1,MT-TT,100,1,-0.007063746452331543
15924,A,G,0,MT-TT,100,1,-0.0023679733276367188
15928,G,A,0,MT-TT,100,1,-0.0008707046508789062
15990,C,T,1,MT-TP,100,1,-0.008231878280639648
591,C,T,1,MT-TF,100,2,0.004830598831176758
616,T,C,1,MT-TF,100,2,-0.009587883949279785
629,T,C,0,MT-TF,100,2,0.0012143850326538086
1624,C,T,1,MT-TV,100,2,0.0013352632522583008
1644,G,A,1,MT-TV,100,2,-0.0034682750701904297
3242,G,A,1,MT-TL1,100,2,-0.011992931365966797
3243,A,G,1,MT-TL1,100,2,-0.0281064510345459
3243,A,T,1,MT-TL1,100,2,-0.03305935859680176
3251,A,G,1,MT-TL1,100,2,-0.0036067962646484375
3252,A,G,1,MT-TL1,100,2,-0.009552240371704102
3255,G,A,1,MT-TL1,100,2,-0.00954294204711914
3256,C,T,1,MT-TL1,100,2,-0.007069945335388184
3258,T,C,1,MT-TL1,100,2,-0.004749894142150879
3260,A,G,1,MT-TL1,100,2,-0.0052634477615356445
3271,T,C,1,MT-TL1,100,2,-0.0017886161804199219
3291,T,C,1,MT-TL1,100,2,-0.0032389163970947266
3302,A,G,1,MT-TL1,100,2,-0.0002938508987426758
3303,C,T,1,MT-TL1,100,2,-0.0030975341796875
4300,A,G,1,MT-TI,100,2,-0.003473043441772461
4336,T,C,0,MT-TQ,100,2,-0.0012035369873046875
4370,T,C,0,MT-TQ,100,2,-0.00013446807861328125
4450,G,A,1,MT-TM,100,2,-0.005073428153991699
4452,T,C,0,MT-TM,100,2,-0.000912785530090332
5521,G,A,1,MT-TW,100,2,-0.0026324987411499023
5553,T,C,0,MT-TW,100,2,-0.0027729272842407227
5556,G,A,1,MT-TW,100,2,-0.00619959831237793
5650,G,A,1,MT-TA,100,2,-0.004342079162597656
5690,A,G,1,MT-TN,100,2,-0.009033560752868652
5703,G,A,1,MT-TN,100,2,0.0006732940673828125
5728,T,C,1,MT-TN,100,2,-0.00031375885009765625
5814,T,C,0,MT-TC,100,2,-5.602836608886719e-05
7453,G,A,1,MT-TS1,100,2,-0.0017352104187011719
7471,C,T,0,MT-TS1,100,2,0.00416111946105957
7472,A,T,0,MT-TS1,100,2,0.0002485513687133789
7476,C,T,0,MT-TS1,100,2,0.0008344650268554688
7493,C,T,0,MT-TS1,100,2,0.0007734298706054688
7497,G,A,1,MT-TS1,100,2,0.0008525848388671875
7498,G,A,0,MT-TS1,100,2,0.0014071464538574219
7510,T,C,1,MT-TS1,100,2,-0.0015584230422973633
7511,T,C,1,MT-TS1,100,2,-0.0030150413513183594
7512,T,C,1,MT-TS1,100,2,-0.00028252601623535156
8313,G,A,1,MT-TK,100,2,-0.005995273590087891
8340,G,A,1,MT-TK,100,2,-0.0043108463287353516
8344,A,G,1,MT-TK,100,2,-0.0008159875869750977
8348,A,G,0,MT-TK,100,2,-0.004553079605102539
8356,T,C,1,MT-TK,100,2,-0.0018004179000854492
8363,G,A,1,MT-TK,100,2,-0.0035589933395385742
10007,T,C,0,MT-TG,100,2,-0.0027616024017333984
10034,T,C,0,MT-TG,100,2,-0.0031682252883911133
10463,T,C,0,MT-TR,100,2,-0.0013506412506103516
12147,G,A,1,MT-TH,100,2,-0.01674211025238037
12201,T,C,1,MT-TH,100,2,-0.0003159046173095703
12239,C,T,0,MT-TS2,100,2,-0.0010151863098144531
12258,C,A,1,MT-TS2,100,2,-0.008532285690307617
12276,G,A,1,MT-TL2,100,2,-0.010897278785705566
12308,A,G,0,MT-TL2,100,2,-0.005940675735473633
12315,G,A,1,MT-TL2,100,2,-0.007696866989135742
14674,T,C,1,MT-TE,100,2,0.0003077983856201172
14684,C,T,0,MT-TE,100,2,-0.0005593299865722656
14709,T,C,1,MT-TE,100,2,-0.0022170543670654297
15894,G,A,0,MT-TT,100,2,0.001071929931640625
15904,C,T,0,MT-TT,100,2,0.001161813735961914
15907,A,G,0,MT-TT,100,2,-0.0015777349472045898
15923,A,G,1,MT-TT,100,2,-0.011530041694641113
15924,A,G,0,MT-TT,100,2,-0.0021060705184936523
15928,G,A,0,MT-TT,100,2,-0.0013341903686523438
15990,C,T,1,MT-TP,100,2,-0.005979299545288086
591,C,T,1,MT-TF,100,3,0.005590200424194336
616,T,C,1,MT-TF,100,3,-0.01000666618347168
629,T,C,0,MT-TF,100,3,-0.001928091049194336
1624,C,T,1,MT-TV,100,3,0.003207683563232422
1644,G,A,1,MT-TV,100,3,-0.0020601749420166016
3242,G,A,1,MT-TL1,100,3,-0.022621750831604004
3243,A,G,1,MT-TL1,100,3,-0.029790639877319336
3243,A,T,1,MT-TL1,100,3,-0.041451215744018555
3251,A,G,1,MT-TL1,100,3,-0.003879070281982422
3252,A,G,1,MT-TL1,100,3,-0.009804725646972656
3255,G,A,1,MT-TL1,100,3,-0.006224513053894043
3256,C,T,1,MT-TL1,100,3,-0.00724029541015625
3258,T,C,1,MT-TL1,100,3,-0.004442930221557617
3260,A,G,1,MT-TL1,100,3,-0.0038074254989624023
3271,T,C,1,MT-TL1,100,3,-0.0018596649169921875
3291,T,C,1,MT-TL1,100,3,-0.003922939300537109
3302,A,G,1,MT-TL1,100,3,-0.001716017723083496
3303,C,T,1,MT-TL1,100,3,-0.003618955612182617
4300,A,G,1,MT-TI,100,3,-0.0048100948333740234
4336,T,C,0,MT-TQ,100,3,-0.0004477500915527344
4370,T,C,0,MT-TQ,100,3,-0.0009413957595825195
4450,G,A,1,MT-TM,100,3,-0.0058051347732543945
4452,T,C,0,MT-TM,100,3,-0.0014753341674804688
5521,G,A,1,MT-TW,100,3,-0.001322031021118164
5553,T,C,0,MT-TW,100,3,-0.0019205808639526367
5556,G,A,1,MT-TW,100,3,-0.006163239479064941
5650,G,A,1,MT-TA,100,3,-0.006040811538696289
5690,A,G,1,MT-TN,100,3,-0.012952327728271484
5703,G,A,1,MT-TN,100,3,0.0003662109375
5728,T,C,1,MT-TN,100,3,-0.0014100074768066406
5814,T,C,0,MT-TC,100,3,-0.00023627281188964844
7453,G,A,1,MT-TS1,100,3,-0.002925872802734375
7471,C,T,0,MT-TS1,100,3,0.0038808584213256836
7472,A,T,0,MT-TS1,100,3,-0.001066446304321289
7476,C,T,0,MT-TS1,100,3,0.003355741500854492
7493,C,T,0,MT-TS1,100,3,-2.4557113647460938e-05
7497,G,A,1,MT-TS1,100,3,0.0007269382476806641
7498,G,A,0,MT-TS1,100,3,0.0001811981201171875
7510,T,C,1,MT-TS1,100,3,-0.001575469970703125
7511,T,C,1,MT-TS1,100,3,-0.0012378692626953125
7512,T,C,1,MT-TS1,100,3,-0.001755356788635254
8313,G,A,1,MT-TK,100,3,-0.0071773529052734375
8340,G,A,1,MT-TK,100,3,-0.0048007965087890625
8344,A,G,1,MT-TK,100,3,-0.001973390579223633
8348,A,G,0,MT-TK,100,3,-0.0035327672958374023
8356,T,C,1,MT-TK,100,3,-0.003281235694885254
8363,G,A,1,MT-TK,100,3,-0.003934621810913086
10007,T,C,0,MT-TG,100,3,0.0010154247283935547
10034,T,C,0,MT-TG,100,3,-0.0006771087646484375
10463,T,C,0,MT-TR,100,3,-0.002009272575378418
12147,G,A,1,MT-TH,100,3,-0.014945507049560547
12201,T,C,1,MT-TH,100,3,-0.00033736228942871094
12239,C,T,0,MT-TS2,100,3,-0.0006777048110961914
12258,C,A,1,MT-TS2,100,3,-0.010451197624206543
12276,G,A,1,MT-TL2,100,3,-0.01644432544708252
12308,A,G,0,MT-TL2,100,3,-0.0060127973556518555
12315,G,A,1,MT-TL2,100,3,-0.005397319793701172
14674,T,C,1,MT-TE,100,3,-0.0005861520767211914
14684,C,T,0,MT-TE,100,3,0.0003565549850463867
14709,T,C,1,MT-TE,100,3,-0.006646394729614258
15894,G,A,0,MT-TT,100,3,-0.0007765293121337891
15904,C,T,0,MT-TT,100,3,0.00023806095123291016
15907,A,G,0,MT-TT,100,3,-0.0013948678970336914
15923,A,G,1,MT-TT,100,3,-0.011285066604614258
15924,A,G,0,MT-TT,100,3,-0.003900885581970215
15928,G,A,0,MT-TT,100,3,-0.001710057258605957
15990,C,T,1,MT-TP,100,3,-0.006303906440734863
591,C,T,1,MT-TF,100,4,0.0036116838455200195
616,T,C,1,MT-TF,100,4,-0.009312629699707031
629,T,C,0,MT-TF,100,4,0.0005553960800170898
1624,C,T,1,MT-TV,100,4,0.001326441764831543
1644,G,A,1,MT-TV,100,4,-0.001486063003540039
3242,G,A,1,MT-TL1,100,4,-0.0090559720993042
3243,A,G,1,MT-TL1,100,4,-0.036167263984680176
3243,A,T,1,MT-TL1,100,4,-0.03564655780792236
3251,A,G,1,MT-TL1,100,4,-0.0033462047576904297
3252,A,G,1,MT-TL1,100,4,-0.00784003734588623
3255,G,A,1,MT-TL1,100,4,-0.006124973297119141
3256,C,T,1,MT-TL1,100,4,-0.007155299186706543
3258,T,C,1,MT-TL1,100,4,-0.0028197765350341797
3260,A,G,1,MT-TL1,100,4,-0.005140542984008789
3271,T,C,1,MT-TL1,100,4,-0.0009844303131103516
3291,T,C,1,MT-TL1,100,4,-0.0029337406158447266
3302,A,G,1,MT-TL1,100,4,-0.003107786178588867
3303,C,T,1,MT-TL1,100,4,-0.0021185874938964844
4300,A,G,1,MT-TI,100,4,-0.005514025688171387
4336,T,C,0,MT-TQ,100,4,-0.0011162757873535156
4370,T,C,0,MT-TQ,100,4,-0.001299738883972168
4450,G,A,1,MT-TM,100,4,-0.006712079048156738
4452,T,C,0,MT-TM,100,4,-0.0015418529510498047
5521,G,A,1,MT-TW,100,4,-0.0023494958877563477
5553,T,C,0,MT-TW,100,4,-0.0018399953842163086
5556,G,A,1,MT-TW,100,4,-0.005169034004211426
5650,G,A,1,MT-TA,100,4,-0.003952622413635254
5690,A,G,1,MT-TN,100,4,-0.01257932186126709
5703,G,A,1,MT-TN,100,4,0.00039327144622802734
5728,T,C,1,MT-TN,100,4,0.0018111467361450195
5814,T,C,0,MT-TC,100,4,-0.0006946325302124023
7453,G,A,1,MT-TS1,100,4,-0.001898050308227539
7471,C,T,0,MT-TS1,100,4,0.0015128850936889648
7472,A,T,0,MT-TS1,100,4,-0.00021731853485107422
7476,C,T,0,MT-TS1,100,4,0.0022314786911010742
7493,C,T,0,MT-TS1,100,4,0.0003497600555419922
7497,G,A,1,MT-TS1,100,4,2.7298927307128906e-05
7498,G,A,0,MT-TS1,100,4,0.0007605552673339844
7510,T,C,1,MT-TS1,100,4,-0.0018711090087890625
7511,T,C,1,MT-TS1,100,4,9.417533874511719e-06
7512,T,C,1,MT-TS1,100,4,-0.001106858253479004
8313,G,A,1,MT-TK,100,4,-0.00581669807434082
8340,G,A,1,MT-TK,100,4,-0.0034940242767333984
8344,A,G,1,MT-TK,100,4,-0.0012868642807006836
8348,A,G,0,MT-TK,100,4,-0.0034372806549072266
8356,T,C,1,MT-TK,100,4,-0.0006723403930664062
8363,G,A,1,MT-TK,100,4,-0.00272369384765625
10007,T,C,0,MT-TG,100,4,5.424022674560547e-05
10034,T,C,0,MT-TG,100,4,-0.0022753477096557617
10463,T,C,0,MT-TR,100,4,-0.0027337074279785156
12147,G,A,1,MT-TH,100,4,-0.025994300842285156
12201,T,C,1,MT-TH,100,4,0.0016040802001953125
12239,C,T,0,MT-TS2,100,4,0.0001666545867919922
12258,C,A,1,MT-TS2,100,4,-0.008943796157836914
12276,G,A,1,MT-TL2,100,4,-0.01707315444946289
12308,A,G,0,MT-TL2,100,4,-0.008318066596984863
12315,G,A,1,MT-TL2,100,4,0.0004292726516723633
14674,T,C,1,MT-TE,100,4,0.0003731250762939453
14684,C,T,0,MT-TE,100,4,-0.00030243396759033203
14709,T,C,1,MT-TE,100,4,-0.0010080337524414062
15894,G,A,0,MT-TT,100,4,7.68899917602539e-05
15904,C,T,0,MT-TT,100,4,0.0012160539627075195
15907,A,G,0,MT-TT,100,4,-0.002223491668701172
15923,A,G,1,MT-TT,100,4,-0.012612462043762207
15924,A,G,0,MT-TT,100,4,-0.0030024051666259766
15928,G,A,0,MT-TT,100,4,-0.0007382631301879883
15990,C,T,1,MT-TP,100,4,-0.005956888198852539
591,C,T,1,MT-TF,100,5,0.005360007286071777
616,T,C,1,MT-TF,100,5,-0.00908803939819336
629,T,C,0,MT-TF,100,5,-0.0013666152954101562
1624,C,T,1,MT-TV,100,5,0.0022819042205810547
1644,G,A,1,MT-TV,100,5,-0.0022759437561035156
3242,G,A,1,MT-TL1,100,5,-0.0249936580657959
3243,A,G,1,MT-TL1,100,5,-0.03669548034667969
3243,A,T,1,MT-TL1,100,5,-0.035130977630615234
3251,A,G,1,MT-TL1,100,5,-0.006191134452819824
3252,A,G,1,MT-TL1,100,5,-0.008100152015686035
3255,G,A,1,MT-TL1,100,5,-0.007895469665527344
3256,C,T,1,MT-TL1,100,5,-0.0077980756759643555
3258,T,C,1,MT-TL1,100,5,-0.002378106117248535
3260,A,G,1,MT-TL1,100,5,-0.006668806076049805
3271,T,C,1,MT-TL1,100,5,-0.0024265050888061523
3291,T,C,1,MT-TL1,100,5,-0.00269472599029541
3302,A,G,1,MT-TL1,100,5,-0.0028634071350097656
3303,C,T,1,MT-TL1,100,5,-0.0033817291259765625
4300,A,G,1,MT-TI,100,5,-0.0032927989959716797
4336,T,C,0,MT-TQ,100,5,-0.0011097192764282227
4370,T,C,0,MT-TQ,100,5,-0.001145005226135254
4450,G,A,1,MT-TM,100,5,-0.004822373390197754
4452,T,C,0,MT-TM,100,5,-0.0008248090744018555
5521,G,A,1,MT-TW,100,5,-0.0042258501052856445
5553,T,C,0,MT-TW,100,5,-0.0019322633743286133
5556,G,A,1,MT-TW,100,5,-0.0069152116775512695
5650,G,A,1,MT-TA,100,5,-0.005804181098937988
5690,A,G,1,MT-TN,100,5,-0.010666608810424805
5703,G,A,1,MT-TN,100,5,0.0009392499923706055
5728,T,C,1,MT-TN,100,5,-0.0009801387786865234
5814,T,C,0,MT-TC,100,5,2.7179718017578125e-05
7453,G,A,1,MT-TS1,100,5,-0.004295229911804199
7471,C,T,0,MT-TS1,100,5,0.002198934555053711
7472,A,T,0,MT-TS1,100,5,-0.0016255378723144531
7476,C,T,0,MT-TS1,100,5,0.000579833984375
7493,C,T,0,MT-TS1,100,5,-0.00034749507904052734
7497,G,A,1,MT-TS1,100,5,0.0015876293182373047
7498,G,A,0,MT-TS1,100,5,0.000641942024230957
7510,T,C,1,MT-TS1,100,5,-7.987022399902344e-05
7511,T,C,1,MT-TS1,100,5,-0.0005724430084228516
7512,T,C,1,MT-TS1,100,5,-0.00045812129974365234
8313,G,A,1,MT-TK,100,5,-0.006352782249450684
8340,G,A,1,MT-TK,100,5,-0.00402379035949707
8344,A,G,1,MT-TK,100,5,-0.00041747093200683594
8348,A,G,0,MT-TK,100,5,-0.0031681060791015625
8356,T,C,1,MT-TK,100,5,-0.003074169158935547
8363,G,A,1,MT-TK,100,5,-0.0023419857025146484
10007,T,C,0,MT-TG,100,5,0.010196805000305176
10034,T,C,0,MT-TG,100,5,-0.0016667842864990234
10463,T,C,0,MT-TR,100,5,-0.0031430721282958984
12147,G,A,1,MT-TH,100,5,-0.017055988311767578
12201,T,C,1,MT-TH,100,5,0.0004342794418334961
12239,C,T,0,MT-TS2,100,5,-0.0011054277420043945
12258,C,A,1,MT-TS2,100,5,-0.009088635444641113
12276,G,A,1,MT-TL2,100,5,-0.012717127799987793
12308,A,G,0,MT-TL2,100,5,-0.008887052536010742
12315,G,A,1,MT-TL2,100,5,-0.0045125484466552734
14674,T,C,1,MT-TE,100,5,-0.00036263465881347656
14684,C,T,0,MT-TE,100,5,0.0013420581817626953
14709,T,C,1,MT-TE,100,5,-0.0030405521392822266
15894,G,A,0,MT-TT,100,5,-0.0017417669296264648
15904,C,T,0,MT-TT,100,5,0.0008997917175292969
15907,A,G,0,MT-TT,100,5,-0.0036580562591552734
15923,A,G,1,MT-TT,100,5,-0.01761150360107422
15924,A,G,0,MT-TT,100,5,-0.0018998384475708008
15928,G,A,0,MT-TT,100,5,-0.0017466545104980469
15990,C,T,1,MT-TP,100,5,-0.006639957427978516
591,C,T,1,MT-TF,100,6,0.006720304489135742
616,T,C,1,MT-TF,100,6,-0.0045964717864990234
629,T,C,0,MT-TF,100,6,8.237361907958984e-05
1624,C,T,1,MT-TV,100,6,-0.0002846717834472656
1644,G,A,1,MT-TV,100,6,-0.0010190010070800781
3242,G,A,1,MT-TL1,100,6,-0.022514939308166504
3243,A,G,1,MT-TL1,100,6,-0.03209519386291504
3243,A,T,1,MT-TL1,100,6,-0.03608047962188721
3251,A,G,1,MT-TL1,100,6,-0.0066165924072265625
3252,A,G,1,MT-TL1,100,6,-0.008685708045959473
3255,G,A,1,MT-TL1,100,6,-0.0075533390045166016
3256,C,T,1,MT-TL1,100,6,-0.00901329517364502
3258,T,C,1,MT-TL1,100,6,-0.007135152816772461
3260,A,G,1,MT-TL1,100,6,-0.0033185482025146484
3271,T,C,1,MT-TL1,100,6,-0.0025229454040527344
3291,T,C,1,MT-TL1,100,6,-0.001967906951904297
3302,A,G,1,MT-TL1,100,6,-0.00412750244140625
3303,C,T,1,MT-TL1,100,6,-0.0036786794662475586
4300,A,G,1,MT-TI,100,6,-0.004023909568786621
4336,T,C,0,MT-TQ,100,6,-0.001324295997619629
4370,T,C,0,MT-TQ,100,6,9.036064147949219e-05
4450,G,A,1,MT-TM,100,6,-0.007128357887268066
4452,T,C,0,MT-TM,100,6,-0.001798868179321289
5521,G,A,1,MT-TW,100,6,-0.0017123222351074219
5553,T,C,0,MT-TW,100,6,-0.0022977590560913086
5556,G,A,1,MT-TW,100,6,-0.005766868591308594
5650,G,A,1,MT-TA,100,6,-0.0038657188415527344
5690,A,G,1,MT-TN,100,6,-0.01159214973449707
5703,G,A,1,MT-TN,100,6,0.0009777545928955078
5728,T,C,1,MT-TN,100,6,-0.0013796091079711914
5814,T,C,0,MT-TC,100,6,-0.00016570091247558594
7453,G,A,1,MT-TS1,100,6,-0.0003685951232910156
7471,C,T,0,MT-TS1,100,6,0.002900362014770508
7472,A,T,0,MT-TS1,100,6,0.000748753547668457
7476,C,T,0,MT-TS1,100,6,0.0020579099655151367
7493,C,T,0,MT-TS1,100,6,-0.0003724098205566406
7497,G,A,1,MT-TS1,100,6,0.0011965036392211914
7498,G,A,0,MT-TS1,100,6,0.0009287595748901367
7510,T,C,1,MT-TS1,100,6,-0.000997304916381836
7511,T,C,1,MT-TS1,100,6,-0.0010485649108886719
7512,T,C,1,MT-TS1,100,6,0.0003001689910888672
8313,G,A,1,MT-TK,100,6,-0.004051566123962402
8340,G,A,1,MT-TK,100,6,-0.005509376525878906
8344,A,G,1,MT-TK,100,6,-0.0022041797637939453
8348,A,G,0,MT-TK,100,6,-0.004032611846923828
8356,T,C,1,MT-TK,100,6,-0.002105712890625
8363,G,A,1,MT-TK,100,6,-0.004606962203979492
10007,T,C,0,MT-TG,100,6,-0.0007214546203613281
10034,T,C,0,MT-TG,100,6,-0.0024057626724243164
10463,T,C,0,MT-TR,100,6,-0.0016331672668457031
12147,G,A,1,MT-TH,100,6,-0.012089729309082031
12201,T,C,1,MT-TH,100,6,0.0003902912139892578
12239,C,T,0,MT-TS2,100,6,-0.0003412961959838867
12258,C,A,1,MT-TS2,100,6,-0.007878661155700684
12276,G,A,1,MT-TL2,100,6,-0.011911392211914062
12308,A,G,0,MT-TL2,100,6,-0.003751516342163086
12315,G,A,1,MT-TL2,100,6,-0.005182504653930664
14674,T,C,1,MT-TE,100,6,-0.0005021095275878906
14684,C,T,0,MT-TE,100,6,0.00019431114196777344
14709,T,C,1,MT-TE,100,6,-0.0032716989517211914
15894,G,A,0,MT-TT,100,6,-0.001511216163635254
15904,C,T,0,MT-TT,100,6,0.0012848377227783203
15907,A,G,0,MT-TT,100,6,-0.0026553869247436523
15923,A,G,1,MT-TT,100,6,-0.01087486743927002
15924,A,G,0,MT-TT,100,6,-0.004703521728515625
15928,G,A,0,MT-TT,100,6,-0.001254439353942871
15990,C,T,1,MT-TP,100,6,-0.004981279373168945
591,C,T,1,MT-TF,100,7,0.0029478073120117188
616,T,C,1,MT-TF,100,7,-0.01006925106048584
629,T,C,0,MT-TF,100,7,0.001487135887145996
1624,C,T,1,MT-TV,100,7,0.001635432243347168
1644,G,A,1,MT-TV,100,7,-5.340576171875e-05
3242,G,A,1,MT-TL1,100,7,-0.024506807327270508
3243,A,G,1,MT-TL1,100,7,-0.033161044120788574
3243,A,T,1,MT-TL1,100,7,-0.029488444328308105
3251,A,G,1,MT-TL1,100,7,-0.005239009857177734
3252,A,G,1,MT-TL1,100,7,-0.010029792785644531
3255,G,A,1,MT-TL1,100,7,-0.003064393997192383
3256,C,T,1,MT-TL1,100,7,-0.009138107299804688
3258,T,C,1,MT-TL1,100,7,-0.003848433494567871
3260,A,G,1,MT-TL1,100,7,-0.004734158515930176
3271,T,C,1,MT-TL1,100,7,-0.00015437602996826172
3291,T,C,1,MT-TL1,100,7,-0.004625916481018066
3302,A,G,1,MT-TL1,100,7,-0.0039017200469970703
3303,C,T,1,MT-TL1,100,7,-0.0006216764450073242
4300,A,G,1,MT-TI,100,7,-0.0048732757568359375
4336,T,C,0,MT-TQ,100,7,-2.3484230041503906e-05
4370,T,C,0,MT-TQ,100,7,-0.00013208389282226562
4450,G,A,1,MT-TM,100,7,-0.007169008255004883
4452,T,C,0,MT-TM,100,7,-0.0011092424392700195
5521,G,A,1,MT-TW,100,7,-0.0005397796630859375
5553,T,C,0,MT-TW,100,7,-0.0026335716247558594
5556,G,A,1,MT-TW,100,7,-0.004909873008728027
5650,G,A,1,MT-TA,100,7,-0.003924846649169922
5690,A,G,1,MT-TN,100,7,-0.008660435676574707
5703,G,A,1,MT-TN,100,7,-7.796287536621094e-05
5728,T,C,1,MT-TN,100,7,-0.0002815723419189453
5814,T,C,0,MT-TC,100,7,-0.0015336275100708008
7453,G,A,1,MT-TS1,100,7,-0.0015163421630859375
7471,C,T,0,MT-TS1,100,7,0.0036814212799072266
7472,A,T,0,MT-TS1,100,7,0.0003905296325683594
7476,C,T,0,MT-TS1,100,7,-0.0002599954605102539
7493,C,T,0,MT-TS1,100,7,-0.0016257762908935547
7497,G,A,1,MT-TS1,100,7,0.0019720792770385742
7498,G,A,0,MT-TS1,100,7,0.0006860494613647461
7510,T,C,1,MT-TS1,100,7,-0.0008085966110229492
7511,T,C,1,MT-TS1,100,7,-0.0026720762252807617
7512,T,C,1,MT-TS1,100,7,-0.0016292333602905273
8313,G,A,1,MT-TK,100,7,-0.0055539608001708984
8340,G,A,1,MT-TK,100,7,-0.00444340705871582
8344,A,G,1,MT-TK,100,7,-0.0012650489807128906
8348,A,G,0,MT-TK,100,7,-0.004485607147216797
8356,T,C,1,MT-TK,100,7,-0.002385377883911133
8363,G,A,1,MT-TK,100,7,-0.004488587379455566
10007,T,C,0,MT-TG,100,7,0.005014181137084961
10034,T,C,0,MT-TG,100,7,-0.003041982650756836
10463,T,C,0,MT-TR,100,7,-0.0027512311935424805
12147,G,A,1,MT-TH,100,7,-0.01569545269012451
12201,T,C,1,MT-TH,100,7,-0.0001277923583984375
12239,C,T,0,MT-TS2,100,7,-0.0011243820190429688
12258,C,A,1,MT-TS2,100,7,-0.008580207824707031
12276,G,A,1,MT-TL2,100,7,-0.01072072982788086
12308,A,G,0,MT-TL2,100,7,-0.008590459823608398
12315,G,A,1,MT-TL2,100,7,-0.0067174434661865234
14674,T,C,1,MT-TE,100,7,0.000813603401184082
14684,C,T,0,MT-TE,100,7,-0.000232696533203125
14709,T,C,1,MT-TE,100,7,-0.0019663572311401367
15894,G,A,0,MT-TT,100,7,-0.003837108612060547
15904,C,T,0,MT-TT,100,7,0.0007284879684448242
15907,A,G,0,MT-TT,100,7,-0.003148674964904785
15923,A,G,1,MT-TT,100,7,-0.008386015892028809
15924,A,G,0,MT-TT,100,7,-0.0035408735275268555
15928,G,A,0,MT-TT,100,7,-0.0013946294784545898
15990,C,T,1,MT-TP,100,7,-0.00882565975189209
591,C,T,1,MT-TF,100,8,0.0098649263381958
616,T,C,1,MT-TF,100,8,-0.010454416275024414
629,T,C,0,MT-TF,100,8,-0.001959681510925293
1624,C,T,1,MT-TV,100,8,-0.0002790689468383789
1644,G,A,1,MT-TV,100,8,-0.0016176700592041016
3242,G,A,1,MT-TL1,100,8,-0.03174304962158203
3243,A,G,1,MT-TL1,100,8,-0.029346704483032227
3243,A,T,1,MT-TL1,100,8,-0.03380894660949707
3251,A,G,1,MT-TL1,100,8,-0.005269765853881836
3252,A,G,1,MT-TL1,100,8,-0.01176905632019043
3255,G,A,1,MT-TL1,100,8,-0.006988525390625
3256,C,T,1,MT-TL1,100,8,-0.006543874740600586
3258,T,C,1,MT-TL1,100,8,-0.0037894248962402344
3260,A,G,1,MT-TL1,100,8,-0.002803325653076172
3271,T,C,1,MT-TL1,100,8,-0.0030944347381591797
3291,T,C,1,MT-TL1,100,8,-0.0023059844970703125
3302,A,G,1,MT-TL1,100,8,-0.0032358169555664062
3303,C,T,1,MT-TL1,100,8,-0.0033696889877319336
4300,A,G,1,MT-TI,100,8,-0.0050504207611083984
4336,T,C,0,MT-TQ,100,8,-0.0008604526519775391
4370,T,C,0,MT-TQ,100,8,-0.0018612146377563477
4450,G,A,1,MT-TM,100,8,-0.0075609683990478516
4452,T,C,0,MT-TM,100,8,-0.0009696483612060547
5521,G,A,1,MT-TW,100,8,-0.0029816627502441406
5553,T,C,0,MT-TW,100,8,-0.0023462772369384766
5556,G,A,1,MT-TW,100,8,-0.006013631820678711
5650,G,A,1,MT-TA,100,8,-0.005162954330444336
5690,A,G,1,MT-TN,100,8,-0.010417819023132324
5703,G,A,1,MT-TN,100,8,0.00022602081298828125
5728,T,C,1,MT-TN,100,8,-0.0015000104904174805
5814,T,C,0,MT-TC,100,8,-8.26120376586914e-05
7453,G,A,1,MT-TS1,100,8,-0.0007517337799072266
7471,C,T,0,MT-TS1,100,8,0.0032529830932617188
7472,A,T,0,MT-TS1,100,8,0.0016779899597167969
7476,C,T,0,MT-TS1,100,8,0.0009596347808837891
7493,C,T,0,MT-TS1,100,8,-0.0005689859390258789
7497,G,A,1,MT-TS1,100,8,0.0008854866027832031
7498,G,A,0,MT-TS1,100,8,0.0005123615264892578
7510,T,C,1,MT-TS1,100,8,-0.0018650293350219727
7511,T,C,1,MT-TS1,100,8,-0.00034356117248535156
7512,T,C,1,MT-TS1,100,8,-0.0006366968154907227
8313,G,A,1,MT-TK,100,8,-0.004902005195617676
8340,G,A,1,MT-TK,100,8,-0.0032263994216918945
8344,A,G,1,MT-TK,100,8,-0.0006717443466186523
8348,A,G,0,MT-TK,100,8,-0.004788517951965332
8356,T,C,1,MT-TK,100,8,-0.0020742416381835938
8363,G,A,1,MT-TK,100,8,-0.003639817237854004
10007,T,C,0,MT-TG,100,8,-0.00028204917907714844
10034,T,C,0,MT-TG,100,8,-0.002385854721069336
10463,T,C,0,MT-TR,100,8,-0.002106308937072754
12147,G,A,1,MT-TH,100,8,-0.008342266082763672
12201,T,C,1,MT-TH,100,8,0.0004565715789794922
12239,C,T,0,MT-TS2,100,8,0.0009138584136962891
12258,C,A,1,MT-TS2,100,8,-0.008997917175292969
12276,G,A,1,MT-TL2,100,8,-0.011270523071289062
12308,A,G,0,MT-TL2,100,8,-0.0037745237350463867
12315,G,A,1,MT-TL2,100,8,-0.007535219192504883
14674,T,C,1,MT-TE,100,8,-2.5033950805664062e-05
14684,C,T,0,MT-TE,100,8,0.0008280277252197266
14709,T,C,1,MT-TE,100,8,-0.002835512161254883
15894,G,A,0,MT-TT,100,8,-0.002095341682434082
15904,C,T,0,MT-TT,100,8,0.00045800209045410156
15907,A,G,0,MT-TT,100,8,-0.0016162395477294922
15923,A,G,1,MT-TT,100,8,-0.01289832592010498
15924,A,G,0,MT-TT,100,8,-0.0025655031204223633
15928,G,A,0,MT-TT,100,8,-0.0017156600952148438
15990,C,T,1,MT-TP,100,8,-0.007422447204589844
591,C,T,1,MT-TF,100,9,0.009110331535339355
616,T,C,1,MT-TF,100,9,-0.0027559995651245117
629,T,C,0,MT-TF,100,9,-0.0014612674713134766
1624,C,T,1,MT-TV,100,9,0.0009282827377319336
1644,G,A,1,MT-TV,100,9,-0.003954052925109863
3242,G,A,1,MT-TL1,100,9,-0.015718817710876465
3243,A,G,1,MT-TL1,100,9,-0.03268611431121826
3243,A,T,1,MT-TL1,100,9,-0.02976226806640625
3251,A,G,1,MT-TL1,100,9,-0.004314899444580078
3252,A,G,1,MT-TL1,100,9,-0.010686755180358887
3255,G,A,1,MT-TL1,100,9,-0.006297588348388672
3256,C,T,1,MT-TL1,100,9,-0.0077430009841918945
3258,T,C,1,MT-TL1,100,9,-0.005540013313293457
3260,A,G,1,MT-TL1,100,9,-0.0055315494537353516
3271,T,C,1,MT-TL1,100,9,-0.0011550188064575195
3291,T,C,1,MT-TL1,100,9,-0.0033277273178100586
3302,A,G,1,MT-TL1,100,9,-0.0010834932327270508
3303,C,T,1,MT-TL1,100,9,-0.0024927854537963867
4300,A,G,1,MT-TI,100,9,-0.002324223518371582
4336,T,C,0,MT-TQ,100,9,-0.0008281469345092773
4370,T,C,0,MT-TQ,100,9,-0.0014574527740478516
4450,G,A,1,MT-TM,100,9,-0.006777405738830566
4452,T,C,0,MT-TM,100,9,-0.0005403757095336914
5521,G,A,1,MT-TW,100,9,-0.002388477325439453
5553,T,C,0,MT-TW,100,9,-0.003199934959411621
5556,G,A,1,MT-TW,100,9,-0.005083680152893066
5650,G,A,1,MT-TA,100,9,-0.004392743110656738
5690,A,G,1,MT-TN,100,9,-0.009063482284545898
5703,G,A,1,MT-TN,100,9,-0.0003458261489868164
5728,T,C,1,MT-TN,100,9,-0.0008994340896606445
5814,T,C,0,MT-TC,100,9,-0.001509547233581543
7453,G,A,1,MT-TS1,100,9,-0.004818916320800781
7471,C,T,0,MT-TS1,100,9,0.004630565643310547
7472,A,T,0,MT-TS1,100,9,-0.0007417201995849609
7476,C,T,0,MT-TS1,100,9,0.003068208694458008
7493,C,T,0,MT-TS1,100,9,-0.0007227659225463867
7497,G,A,1,MT-TS1,100,9,-8.380413055419922e-05
7498,G,A,0,MT-TS1,100,9,0.0016560554504394531
7510,T,C,1,MT-TS1,100,9,-0.0012018680572509766
7511,T,C,1,MT-TS1,100,9,-0.0007891654968261719
7512,T,C,1,MT-TS1,100,9,-0.0005958080291748047
8313,G,A,1,MT-TK,100,9,-0.002496957778930664
8340,G,A,1,MT-TK,100,9,-0.0036357641220092773
8344,A,G,1,MT-TK,100,9,-0.00028824806213378906
8348,A,G,0,MT-TK,100,9,-0.004984259605407715
8356,T,C,1,MT-TK,100,9,-0.0016423463821411133
8363,G,A,1,MT-TK,100,9,-0.004650115966796875
10007,T,C,0,MT-TG,100,9,0.0012313127517700195
10034,T,C,0,MT-TG,100,9,-0.002107977867126465
10463,T,C,0,MT-TR,100,9,-0.0023233890533447266
12147,G,A,1,MT-TH,100,9,-0.024555087089538574
12201,T,C,1,MT-TH,100,9,-0.00011205673217773438
12239,C,T,0,MT-TS2,100,9,5.412101745605469e-05
12258,C,A,1,MT-TS2,100,9,-0.006711244583129883
12276,G,A,1,MT-TL2,100,9,-0.012424826622009277
12308,A,G,0,MT-TL2,100,9,-0.006542563438415527
12315,G,A,1,MT-TL2,100,9,-0.003968358039855957
14674,T,C,1,MT-TE,100,9,-0.00016438961029052734
14684,C,T,0,MT-TE,100,9,-0.0008769035339355469
14709,T,C,1,MT-TE,100,9,-0.005286693572998047
15894,G,A,0,MT-TT,100,9,-0.00029349327087402344
15904,C,T,0,MT-TT,100,9,0.001863241195678711
15907,A,G,0,MT-TT,100,9,-0.001605391502380371
15923,A,G,1,MT-TT,100,9,-0.0177459716796875
15924,A,G,0,MT-TT,100,9,-0.0024341344833374023
15928,G,A,0,MT-TT,100,9,-0.0002999305725097656
15990,C,T,1,MT-TP,100,9,-0.005737900733947754
591,C,T,1,MT-TF,200,0,0.005922555923461914
616,T,C,1,MT-TF,200,0,-0.01458728313446045
629,T,C,0,MT-TF,200,0,0.0023376941680908203
1624,C,T,1,MT-TV,200,0,-0.0012600421905517578
1644,G,A,1,MT-TV,200,0,-0.0027254819869995117
3242,G,A,1,MT-TL1,200,0,-0.008836209774017334
3243,A,G,1,MT-TL1,200,0,-0.013924360275268555
3243,A,T,1,MT-TL1,200,0,-0.030097484588623047
3251,A,G,1,MT-TL1,200,0,-0.0044245123863220215
3252,A,G,1,MT-TL1,200,0,-0.0036510229110717773
3255,G,A,1,MT-TL1,200,0,-0.007776796817779541
3256,C,T,1,MT-TL1,200,0,-0.008989691734313965
3258,T,C,1,MT-TL1,200,0,-0.0020046234130859375
3260,A,G,1,MT-TL1,200,0,-0.007560551166534424
3271,T,C,1,MT-TL1,200,0,-0.002584695816040039
3291,T,C,1,MT-TL1,200,0,-0.003072082996368408
3302,A,G,1,MT-TL1,200,0,-0.002720355987548828
3303,C,T,1,MT-TL1,200,0,-0.0073212385177612305
4300,A,G,1,MT-TI,200,0,-0.0077664852142333984
4336,T,C,0,MT-TQ,200,0,-0.0005737543106079102
4370,T,C,0,MT-TQ,200,0,-0.0011693835258483887
4450,G,A,1,MT-TM,200,0,-0.005915522575378418
4452,T,C,0,MT-TM,200,0,-0.0011224746704101562
5521,G,A,1,MT-TW,200,0,-0.004511594772338867
5553,T,C,0,MT-TW,200,0,-0.0014439821243286133
5556,G,A,1,MT-TW,200,0,-0.006290435791015625
5650,G,A,1,MT-TA,200,0,-0.0037178993225097656
5690,A,G,1,MT-TN,200,0,-0.006159543991088867
5703,G,A,1,MT-TN,200,0,0.000596165657043457
5728,T,C,1,MT-TN,200,0,-0.0008363723754882812
5814,T,C,0,MT-TC,200,0,-0.0015766620635986328
7453,G,A,1,MT-TS1,200,0,-0.0037947893142700195
7471,C,T,0,MT-TS1,200,0,0.0037413835525512695
7472,A,T,0,MT-TS1,200,0,0.0013850927352905273
7476,C,T,0,MT-TS1,200,0,-0.00018787384033203125
7493,C,T,0,MT-TS1,200,0,0.0003529787063598633
7497,G,A,1,MT-TS1,200,0,0.0014567375183105469
7498,G,A,0,MT-TS1,200,0,-8.976459503173828e-05
7510,T,C,1,MT-TS1,200,0,-0.0009902715682983398
7511,T,C,1,MT-TS1,200,0,-0.0012401342391967773
7512,T,C,1,MT-TS1,200,0,0.00018477439880371094
8313,G,A,1,MT-TK,200,0,-0.003226161003112793
8340,G,A,1,MT-TK,200,0,-0.003891587257385254
8344,A,G,1,MT-TK,200,0,-0.0015549659729003906
8348,A,G,0,MT-TK,200,0,-0.0019965171813964844
8356,T,C,1,MT-TK,200,0,-0.002211928367614746
8363,G,A,1,MT-TK,200,0,-0.004893302917480469
10007,T,C,0,MT-TG,200,0,-0.0012711286544799805
10034,T,C,0,MT-TG,200,0,-0.0012254714965820312
10463,T,C,0,MT-TR,200,0,-0.0009263753890991211
12147,G,A,1,MT-TH,200,0,-0.009650111198425293
12201,T,C,1,MT-TH,200,0,-0.0007231235504150391
12239,C,T,0,MT-TS2,200,0,-9.441375732421875e-05
12258,C,A,1,MT-TS2,200,0,-0.008663296699523926
12276,G,A,1,MT-TL2,200,0,-0.010790705680847168
12308,A,G,0,MT-TL2,200,0,-0.005078554153442383
12315,G,A,1,MT-TL2,200,0,-0.005276322364807129
14674,T,C,1,MT-TE,200,0,0.0007151365280151367
14684,C,T,0,MT-TE,200,0,0.0014308691024780273
14709,T,C,1,MT-TE,200,0,-0.004732370376586914
15894,G,A,0,MT-TT,200,0,-0.0022106170654296875
15904,C,T,0,MT-TT,200,0,0.00010573863983154297
15907,A,G,0,MT-TT,200,0,-0.0039528608322143555
15923,A,G,1,MT-TT,200,0,-0.00668644905090332
15924,A,G,0,MT-TT,200,0,-0.002163410186767578
15928,G,A,0,MT-TT,200,0,-0.002005338668823242
15990,C,T,1,MT-TP,200,0,-0.007553815841674805
591,C,T,1,MT-TF,200,1,0.0083390474319458
616,T,C,1,MT-TF,200,1,-0.006553530693054199
629,T,C,0,MT-TF,200,1,0.0006272792816162109
1624,C,T,1,MT-TV,200,1,-0.00047469139099121094
1644,G,A,1,MT-TV,200,1,-0.004016280174255371
3242,G,A,1,MT-TL1,200,1,-0.007239699363708496
3243,A,G,1,MT-TL1,200,1,-0.01261436939239502
3243,A,T,1,MT-TL1,200,1,-0.027290523052215576
3251,A,G,1,MT-TL1,200,1,-0.006971299648284912
3252,A,G,1,MT-TL1,200,1,-0.005028963088989258
3255,G,A,1,MT-TL1,200,1,-0.007970213890075684
3256,C,T,1,MT-TL1,200,1,-0.008175671100616455
3258,T,C,1,MT-TL1,200,1,-0.004141509532928467
3260,A,G,1,MT-TL1,200,1,-0.008962869644165039
3271,T,C,1,MT-TL1,200,1,-0.004065215587615967
3291,T,C,1,MT-TL1,200,1,-0.002288520336151123
3302,A,G,1,MT-TL1,200,1,-0.0002734661102294922
3303,C,T,1,MT-TL1,200,1,-0.006295919418334961
4300,A,G,1,MT-TI,200,1,-0.00482785701751709
4336,T,C,0,MT-TQ,200,1,-0.0007531642913818359
4370,T,C,0,MT-TQ,200,1,-0.0010832548141479492
4450,G,A,1,MT-TM,200,1,-0.005384206771850586
4452,T,C,0,MT-TM,200,1,-0.0004813671112060547
5521,G,A,1,MT-TW,200,1,-0.0027451515197753906
5553,T,C,0,MT-TW,200,1,-0.002251863479614258
5556,G,A,1,MT-TW,200,1,-0.00570988655090332
5650,G,A,1,MT-TA,200,1,-0.0052165985107421875
5690,A,G,1,MT-TN,200,1,-0.007448673248291016
5703,G,A,1,MT-TN,200,1,-0.00026738643646240234
5728,T,C,1,MT-TN,200,1,-0.003370523452758789
5814,T,C,0,MT-TC,200,1,0.0003846883773803711
7453,G,A,1,MT-TS1,200,1,-0.0006077289581298828
7471,C,T,0,MT-TS1,200,1,0.0029317140579223633
7472,A,T,0,MT-TS1,200,1,-0.001165628433227539
7476,C,T,0,MT-TS1,200,1,0.0009057521820068359
7493,C,T,0,MT-TS1,200,1,0.0005867481231689453
7497,G,A,1,MT-TS1,200,1,0.0010107755661010742
7498,G,A,0,MT-TS1,200,1,0.0018802881240844727
7510,T,C,1,MT-TS1,200,1,-0.0008571147918701172
7511,T,C,1,MT-TS1,200,1,-0.00047326087951660156
7512,T,C,1,MT-TS1,200,1,0.00020754337310791016
8313,G,A,1,MT-TK,200,1,-0.0042313337326049805
8340,G,A,1,MT-TK,200,1,-0.005257606506347656
8344,A,G,1,MT-TK,200,1,-0.0007791519165039062
8348,A,G,0,MT-TK,200,1,-0.001842498779296875
8356,T,C,1,MT-TK,200,1,-0.002634406089782715
8363,G,A,1,MT-TK,200,1,-0.006659150123596191
10007,T,C,0,MT-TG,200,1,-0.0025196075439453125
10034,T,C,0,MT-TG,200,1,-0.002065896987915039
10463,T,C,0,MT-TR,200,1,-0.0019840002059936523
12147,G,A,1,MT-TH,200,1,-0.007694840431213379
12201,T,C,1,MT-TH,200,1,0.0007050037384033203
12239,C,T,0,MT-TS2,200,1,-0.001209259033203125
12258,C,A,1,MT-TS2,200,1,-0.007831811904907227
12276,G,A,1,MT-TL2,200,1,-0.012293457984924316
12308,A,G,0,MT-TL2,200,1,-0.004765152931213379
12315,G,A,1,MT-TL2,200,1,-0.007527589797973633
14674,T,C,1,MT-TE,200,1,-0.0030518770217895508
14684,C,T,0,MT-TE,200,1,-0.0030221939086914062
14709,T,C,1,MT-TE,200,1,-0.004441738128662109
15894,G,A,0,MT-TT,200,1,-0.0007028579711914062
15904,C,T,0,MT-TT,200,1,-0.00017917156219482422
15907,A,G,0,MT-TT,200,1,-0.0026853084564208984
15923,A,G,1,MT-TT,200,1,-0.007036566734313965
15924,A,G,0,MT-TT,200,1,-0.0019000768661499023
15928,G,A,0,MT-TT,200,1,-0.001772165298461914
15990,C,T,1,MT-TP,200,1,-0.007520556449890137
591,C,T,1,MT-TF,200,2,0.0007112026214599609
616,T,C,1,MT-TF,200,2,-0.010372042655944824
629,T,C,0,MT-TF,200,2,0.0022329092025756836
1624,C,T,1,MT-TV,200,2,-0.0003800392150878906
1644,G,A,1,MT-TV,200,2,-0.003016948699951172
3242,G,A,1,MT-TL1,200,2,-0.0089949369430542
3243,A,G,1,MT-TL1,200,2,-0.013062775135040283
3243,A,T,1,MT-TL1,200,2,-0.028519153594970703
3251,A,G,1,MT-TL1,200,2,-0.0063054561614990234
3252,A,G,1,MT-TL1,200,2,-0.005800843238830566
3255,G,A,1,MT-TL1,200,2,-0.007081270217895508
3256,C,T,1,MT-TL1,200,2,-0.008863627910614014
3258,T,C,1,MT-TL1,200,2,-0.0007558465003967285
3260,A,G,1,MT-TL1,200,2,-0.007416367530822754
3271,T,C,1,MT-TL1,200,2,-0.0021671056747436523
3291,T,C,1,MT-TL1,200,2,-0.003903985023498535
3302,A,G,1,MT-TL1,200,2,-0.0015217065811157227
3303,C,T,1,MT-TL1,200,2,-0.006426453590393066
4300,A,G,1,MT-TI,200,2,-0.004011631011962891
4336,T,C,0,MT-TQ,200,2,-0.000714421272277832
4370,T,C,0,MT-TQ,200,2,-0.0005906820297241211
4450,G,A,1,MT-TM,200,2,-0.004644870758056641
4452,T,C,0,MT-TM,200,2,-0.0020020008087158203
5521,G,A,1,MT-TW,200,2,-0.004618644714355469
5553,T,C,0,MT-TW,200,2,-0.0023224353790283203
5556,G,A,1,MT-TW,200,2,-0.00645601749420166
5650,G,A,1,MT-TA,200,2,-0.0046253204345703125
5690,A,G,1,MT-TN,200,2,-0.0062406063079833984
5703,G,A,1,MT-TN,200,2,0.0006914138793945312
5728,T,C,1,MT-TN,200,2,-0.0018835067749023438
5814,T,C,0,MT-TC,200,2,-0.0007914900779724121
7453,G,A,1,MT-TS1,200,2,-0.0020636320114135742
7471,C,T,0,MT-TS1,200,2,0.0026127099990844727
7472,A,T,0,MT-TS1,200,2,-0.00036644935607910156
7476,C,T,0,MT-TS1,200,2,0.00012612342834472656
7493,C,T,0,MT-TS1,200,2,-0.0021915435791015625
7497,G,A,1,MT-TS1,200,2,0.0024029016494750977
7498,G,A,0,MT-TS1,200,2,0.0011708736419677734
7510,T,C,1,MT-TS1,200,2,-0.001983165740966797
7511,T,C,1,MT-TS1,200,2,-0.002044677734375
7512,T,C,1,MT-TS1,200,2,0.0005431175231933594
8313,G,A,1,MT-TK,200,2,-0.005568504333496094
8340,G,A,1,MT-TK,200,2,-0.0034400224685668945
8344,A,G,1,MT-TK,200,2,-0.001794576644897461
8348,A,G,0,MT-TK,200,2,-0.0022383928298950195
8356,T,C,1,MT-TK,200,2,-0.003422260284423828
8363,G,A,1,MT-TK,200,2,-0.005982160568237305
10007,T,C,0,MT-TG,200,2,-0.0017368793487548828
10034,T,C,0,MT-TG,200,2,-0.002378702163696289
10463,T,C,0,MT-TR,200,2,-0.0005786418914794922
12147,G,A,1,MT-TH,200,2,-0.016654491424560547
12201,T,C,1,MT-TH,200,2,-0.0014374256134033203
12239,C,T,0,MT-TS2,200,2,-0.0003426074981689453
12258,C,A,1,MT-TS2,200,2,-0.010013580322265625
12276,G,A,1,MT-TL2,200,2,-0.013586759567260742
12308,A,G,0,MT-TL2,200,2,-0.005210280418395996
12315,G,A,1,MT-TL2,200,2,-0.0049555301666259766
14674,T,C,1,MT-TE,200,2,-0.0005286931991577148
14684,C,T,0,MT-TE,200,2,-0.0005686283111572266
14709,T,C,1,MT-TE,200,2,-0.004977107048034668
15894,G,A,0,MT-TT,200,2,-0.0008140802383422852
15904,C,T,0,MT-TT,200,2,0.000586390495300293
15907,A,G,0,MT-TT,200,2,-0.0014938116073608398
15923,A,G,1,MT-TT,200,2,-0.005935192108154297
15924,A,G,0,MT-TT,200,2,-0.0042111873626708984
15928,G,A,0,MT-TT,200,2,-0.002069234848022461
15990,C,T,1,MT-TP,200,2,-0.00897514820098877
591,C,T,1,MT-TF,200,3,0.00394439697265625
616,T,C,1,MT-TF,200,3,-0.017537474632263184
629,T,C,0,MT-TF,200,3,0.0014071464538574219
1624,C,T,1,MT-TV,200,3,-0.001219630241394043
1644,G,A,1,MT-TV,200,3,-0.0032006502151489258
3242,G,A,1,MT-TL1,200,3,-0.006839632987976074
3243,A,G,1,MT-TL1,200,3,-0.014182090759277344
3243,A,T,1,MT-TL1,200,3,-0.039191484451293945
3251,A,G,1,MT-TL1,200,3,-0.007064878940582275
3252,A,G,1,MT-TL1,200,3,-0.004455685615539551
3255,G,A,1,MT-TL1,200,3,-0.007485687732696533
3256,C,T,1,MT-TL1,200,3,-0.01014089584350586
3258,T,C,1,MT-TL1,200,3,-0.0018801093101501465
3260,A,G,1,MT-TL1,200,3,-0.006263613700866699
3271,T,C,1,MT-TL1,200,3,-0.0030353665351867676
3291,T,C,1,MT-TL1,200,3,-0.0017768144607543945
3302,A,G,1,MT-TL1,200,3,-0.0018045902252197266
3303,C,T,1,MT-TL1,200,3,-0.004500031471252441
4300,A,G,1,MT-TI,200,3,-0.0052318572998046875
4336,T,C,0,MT-TQ,200,3,-0.001517653465270996
4370,T,C,0,MT-TQ,200,3,-0.0013523101806640625
4450,G,A,1,MT-TM,200,3,-0.0062220096588134766
4452,T,C,0,MT-TM,200,3,-0.0007064342498779297
5521,G,A,1,MT-TW,200,3,-0.0018982887268066406
5553,T,C,0,MT-TW,200,3,-0.002126336097717285
5556,G,A,1,MT-TW,200,3,-0.0067522525787353516
5650,G,A,1,MT-TA,200,3,-0.005292057991027832
5690,A,G,1,MT-TN,200,3,-0.008820414543151855
5703,G,A,1,MT-TN,200,3,0.0005689859390258789
5728,T,C,1,MT-TN,200,3,-0.0014060735702514648
5814,T,C,0,MT-TC,200,3,-0.0004918575286865234
7453,G,A,1,MT-TS1,200,3,-0.00267946720123291
7471,C,T,0,MT-TS1,200,3,0.0035338401794433594
7472,A,T,0,MT-TS1,200,3,-0.0011985301971435547
7476,C,T,0,MT-TS1,200,3,0.001219034194946289
7493,C,T,0,MT-TS1,200,3,-0.0008051395416259766
7497,G,A,1,MT-TS1,200,3,0.0016453266143798828
7498,G,A,0,MT-TS1,200,3,0.0020314455032348633
7510,T,C,1,MT-TS1,200,3,4.792213439941406e-05
7511,T,C,1,MT-TS1,200,3,-0.0015944242477416992
7512,T,C,1,MT-TS1,200,3,-0.0014503002166748047
8313,G,A,1,MT-TK,200,3,-0.004342198371887207
8340,G,A,1,MT-TK,200,3,-0.00415647029876709
8344,A,G,1,MT-TK,200,3,-0.0008838176727294922
8348,A,G,0,MT-TK,200,3,-0.0016857385635375977
8356,T,C,1,MT-TK,200,3,-0.0010241270065307617
8363,G,A,1,MT-TK,200,3,-0.0058290958404541016
10007,T,C,0,MT-TG,200,3,-0.0017573833465576172
10034,T,C,0,MT-TG,200,3,-0.0011856555938720703
10463,T,C,0,MT-TR,200,3,-0.0008702278137207031
12147,G,A,1,MT-TH,200,3,-0.01649188995361328
12201,T,C,1,MT-TH,200,3,-0.0010176897048950195
12239,C,T,0,MT-TS2,200,3,0.0004132986068725586
12258,C,A,1,MT-TS2,200,3,-0.008838772773742676
12276,G,A,1,MT-TL2,200,3,-0.013216733932495117
12308,A,G,0,MT-TL2,200,3,-0.004073381423950195
12315,G,A,1,MT-TL2,200,3,-0.007844328880310059
14674,T,C,1,MT-TE,200,3,-0.001725912094116211
14684,C,T,0,MT-TE,200,3,-0.0015753507614135742
14709,T,C,1,MT-TE,200,3,-0.004367351531982422
15894,G,A,0,MT-TT,200,3,-0.0013418197631835938
15904,C,T,0,MT-TT,200,3,0.000843048095703125
15907,A,G,0,MT-TT,200,3,-0.0023456811904907227
15923,A,G,1,MT-TT,200,3,-0.0056340694427490234
15924,A,G,0,MT-TT,200,3,-0.0007430315017700195
15928,G,A,0,MT-TT,200,3,-0.0018317699432373047
15990,C,T,1,MT-TP,200,3,-0.007259845733642578
591,C,T,1,MT-TF,200,4,0.006569981575012207
616,T,C,1,MT-TF,200,4,-0.01257944107055664
629,T,C,0,MT-TF,200,4,0.0019081830978393555
1624,C,T,1,MT-TV,200,4,-0.00044274330139160156
1644,G,A,1,MT-TV,200,4,-0.0022628307342529297
3242,G,A,1,MT-TL1,200,4,-0.007996559143066406
3243,A,G,1,MT-TL1,200,4,-0.013143658638000488
3243,A,T,1,MT-TL1,200,4,-0.030950546264648438
3251,A,G,1,MT-TL1,200,4,-0.005294919013977051
3252,A,G,1,MT-TL1,200,4,-0.0034444332122802734
3255,G,A,1,MT-TL1,200,4,-0.0065201520919799805
3256,C,T,1,MT-TL1,200,4,-0.0077707767486572266
3258,T,C,1,MT-TL1,200,4,-0.0034258365631103516
3260,A,G,1,MT-TL1,200,4,-0.008720636367797852
3271,T,C,1,MT-TL1,200,4,-0.005149483680725098
3291,T,C,1,MT-TL1,200,4,-0.0026979446411132812
3302,A,G,1,MT-TL1,200,4,-0.00179290771484375
3303,C,T,1,MT-TL1,200,4,-0.008550405502319336
4300,A,G,1,MT-TI,200,4,-0.004403948783874512
4336,T,C,0,MT-TQ,200,4,-0.0009701251983642578
4370,T,C,0,MT-TQ,200,4,-0.001354813575744629
4450,G,A,1,MT-TM,200,4,-0.004462242126464844
4452,T,C,0,MT-TM,200,4,-0.0008876323699951172
5521,G,A,1,MT-TW,200,4,-0.004563093185424805
5553,T,C,0,MT-TW,200,4,-0.002254009246826172
5556,G,A,1,MT-TW,200,4,-0.004354000091552734
5650,G,A,1,MT-TA,200,4,-0.005742549896240234
5690,A,G,1,MT-TN,200,4,-0.007530093193054199
5703,G,A,1,MT-TN,200,4,-0.00039398670196533203
5728,T,C,1,MT-TN,200,4,-0.002332925796508789
5814,T,C,0,MT-TC,200,4,-0.003099679946899414
7453,G,A,1,MT-TS1,200,4,-0.0026221275329589844
7471,C,T,0,MT-TS1,200,4,0.004041552543640137
7472,A,T,0,MT-TS1,200,4,0.0011867284774780273
7476,C,T,0,MT-TS1,200,4,-0.0013698339462280273
7493,C,T,0,MT-TS1,200,4,-0.0008918046951293945
7497,G,A,1,MT-TS1,200,4,-0.0001423358917236328
7498,G,A,0,MT-TS1,200,4,0.001413583755493164
7510,T,C,1,MT-TS1,200,4,-0.0023261308670043945
7511,T,C,1,MT-TS1,200,4,-0.0025420188903808594
7512,T,C,1,MT-TS1,200,4,0.0010091066360473633
8313,G,A,1,MT-TK,200,4,-0.004198551177978516
8340,G,A,1,MT-TK,200,4,-0.004460334777832031
8344,A,G,1,MT-TK,200,4,-0.0016999244689941406
8348,A,G,0,MT-TK,200,4,-0.0024535655975341797
8356,T,C,1,MT-TK,200,4,-0.002779722213745117
8363,G,A,1,MT-TK,200,4,-0.006288051605224609
10007,T,C,0,MT-TG,200,4,-0.002146124839782715
10034,T,C,0,MT-TG,200,4,-0.001573801040649414
10463,T,C,0,MT-TR,200,4,-0.0021295547485351562
12147,G,A,1,MT-TH,200,4,-0.023264288902282715
12201,T,C,1,MT-TH,200,4,-0.001255035400390625
12239,C,T,0,MT-TS2,200,4,0.0003014802932739258
12258,C,A,1,MT-TS2,200,4,-0.008759856224060059
12276,G,A,1,MT-TL2,200,4,-0.01125478744506836
12308,A,G,0,MT-TL2,200,4,-0.004300475120544434
12315,G,A,1,MT-TL2,200,4,-0.008067607879638672
14674,T,C,1,MT-TE,200,4,-7.37905502319336e-05
14684,C,T,0,MT-TE,200,4,-0.001871943473815918
14709,T,C,1,MT-TE,200,4,-0.004567861557006836
15894,G,A,0,MT-TT,200,4,-0.0009305477142333984
15904,C,T,0,MT-TT,200,4,0.000979781150817871
15907,A,G,0,MT-TT,200,4,-0.0028183460235595703
15923,A,G,1,MT-TT,200,4,-0.007082343101501465
15924,A,G,0,MT-TT,200,4,-0.002346634864807129
15928,G,A,0,MT-TT,200,4,-0.0019223690032958984
15990,C,T,1,MT-TP,200,4,-0.007713437080383301
591,C,T,1,MT-TF,200,5,0.00812673568725586
616,T,C,1,MT-TF,200,5,-0.004814743995666504
629,T,C,0,MT-TF,200,5,0.003682851791381836
1624,C,T,1,MT-TV,200,5,-0.0009355545043945312
1644,G,A,1,MT-TV,200,5,-0.003341078758239746
3242,G,A,1,MT-TL1,200,5,-0.008335888385772705
3243,A,G,1,MT-TL1,200,5,-0.012019991874694824
3243,A,T,1,MT-TL1,200,5,-0.034793078899383545
3251,A,G,1,MT-TL1,200,5,-0.006794393062591553
3252,A,G,1,MT-TL1,200,5,-0.0031406283378601074
3255,G,A,1,MT-TL1,200,5,-0.006961822509765625
3256,C,T,1,MT-TL1,200,5,-0.00966113805770874
3258,T,C,1,MT-TL1,200,5,-0.0029859542846679688
3260,A,G,1,MT-TL1,200,5,-0.0073906779289245605
3271,T,C,1,MT-TL1,200,5,-0.003872692584991455
3291,T,C,1,MT-TL1,200,5,-0.0014796257019042969
3302,A,G,1,MT-TL1,200,5,-0.0005195140838623047
3303,C,T,1,MT-TL1,200,5,-0.005409121513366699
4300,A,G,1,MT-TI,200,5,-0.005356431007385254
4336,T,C,0,MT-TQ,200,5,-0.0006412267684936523
4370,T,C,0,MT-TQ,200,5,-0.0015311241149902344
4450,G,A,1,MT-TM,200,5,-0.0046901702880859375
4452,T,C,0,MT-TM,200,5,0.0006783008575439453
5521,G,A,1,MT-TW,200,5,-0.004788041114807129
5553,T,C,0,MT-TW,200,5,-0.0014486312866210938
5556,G,A,1,MT-TW,200,5,-0.00462031364440918
5650,G,A,1,MT-TA,200,5,-0.005577564239501953
5690,A,G,1,MT-TN,200,5,-0.008496522903442383
5703,G,A,1,MT-TN,200,5,0.0010412931442260742
5728,T,C,1,MT-TN,200,5,-0.0007139444351196289
5814,T,C,0,MT-TC,200,5,-0.002026975154876709
7453,G,A,1,MT-TS1,200,5,-0.0032312870025634766
7471,C,T,0,MT-TS1,200,5,0.0022274255752563477
7472,A,T,0,MT-TS1,200,5,-0.0013592243194580078
7476,C,T,0,MT-TS1,200,5,-0.0002903938293457031
7493,C,T,0,MT-TS1,200,5,-0.0001938343048095703
7497,G,A,1,MT-TS1,200,5,0.00041604042053222656
7498,G,A,0,MT-TS1,200,5,0.0013862848281860352
7510,T,C,1,MT-TS1,200,5,-0.0008057355880737305
7511,T,C,1,MT-TS1,200,5,-0.001458883285522461
7512,T,C,1,MT-TS1,200,5,-0.0004355907440185547
8313,G,A,1,MT-TK,200,5,-0.005937099456787109
8340,G,A,1,MT-TK,200,5,-0.0041048526763916016
8344,A,G,1,MT-TK,200,5,-0.001669764518737793
8348,A,G,0,MT-TK,200,5,-0.0016071796417236328
8356,T,C,1,MT-TK,200,5,-0.002734661102294922
8363,G,A,1,MT-TK,200,5,-0.005192995071411133
10007,T,C,0,MT-TG,200,5,-0.003591179847717285
10034,T,C,0,MT-TG,200,5,-0.00010502338409423828
10463,T,C,0,MT-TR,200,5,-0.003047943115234375
12147,G,A,1,MT-TH,200,5,-0.01905643939971924
12201,T,C,1,MT-TH,200,5,-0.0010809898376464844
12239,C,T,0,MT-TS2,200,5,-0.001247406005859375
12258,C,A,1,MT-TS2,200,5,-0.008350849151611328
12276,G,A,1,MT-TL2,200,5,-0.012438058853149414
12308,A,G,0,MT-TL2,200,5,-0.005420804023742676
12315,G,A,1,MT-TL2,200,5,-0.00535738468170166
14674,T,C,1,MT-TE,200,5,-0.0009791851043701172
14684,C,T,0,MT-TE,200,5,-0.0020978450775146484
14709,T,C,1,MT-TE,200,5,-0.003961324691772461
15894,G,A,0,MT-TT,200,5,0.0019415616989135742
15904,C,T,0,MT-TT,200,5,0.0017278194427490234
15907,A,G,0,MT-TT,200,5,-0.0022753477096557617
15923,A,G,1,MT-TT,200,5,-0.006253719329833984
15924,A,G,0,MT-TT,200,5,-0.0013412237167358398
15928,G,A,0,MT-TT,200,5,-0.0011661052703857422
15990,C,T,1,MT-TP,200,5,-0.007725954055786133
591,C,T,1,MT-TF,200,6,0.0070143938064575195
616,T,C,1,MT-TF,200,6,-0.01948535442352295
629,T,C,0,MT-TF,200,6,0.00308072566986084
1624,C,T,1,MT-TV,200,6,-0.00017368793487548828
1644,G,A,1,MT-TV,200,6,-0.004517316818237305
3242,G,A,1,MT-TL1,200,6,-0.00855332612991333
3243,A,G,1,MT-TL1,200,6,-0.010381519794464111
3243,A,T,1,MT-TL1,200,6,-0.026235222816467285
3251,A,G,1,MT-TL1,200,6,-0.0060822367668151855
3252,A,G,1,MT-TL1,200,6,-0.004596889019012451
3255,G,A,1,MT-TL1,200,6,-0.00587916374206543
3256,C,T,1,MT-TL1,200,6,-0.009340405464172363
3258,T,C,1,MT-TL1,200,6,-0.0023435354232788086
3260,A,G,1,MT-TL1,200,6,-0.006119668483734131
3271,T,C,1,MT-TL1,200,6,-0.001060187816619873
3291,T,C,1,MT-TL1,200,6,-0.0002957582473754883
3302,A,G,1,MT-TL1,200,6,-0.002631068229675293
3303,C,T,1,MT-TL1,200,6,-0.006609439849853516
4300,A,G,1,MT-TI,200,6,-0.006566286087036133
4336,T,C,0,MT-TQ,200,6,-0.0006527900695800781
4370,T,C,0,MT-TQ,200,6,-0.0011905431747436523
4450,G,A,1,MT-TM,200,6,-0.00536501407623291
4452,T,C,0,MT-TM,200,6,-0.0009551048278808594
5521,G,A,1,MT-TW,200,6,-0.001993894577026367
5553,T,C,0,MT-TW,200,6,-0.003243565559387207
5556,G,A,1,MT-TW,200,6,-0.0056307315826416016
5650,G,A,1,MT-TA,200,6,-0.0039044618606567383
5690,A,G,1,MT-TN,200,6,-0.006911158561706543
5703,G,A,1,MT-TN,200,6,-0.0008536577224731445
5728,T,C,1,MT-TN,200,6,-0.0013585090637207031
5814,T,C,0,MT-TC,200,6,-0.0003325939178466797
7453,G,A,1,MT-TS1,200,6,-0.001618027687072754
7471,C,T,0,MT-TS1,200,6,0.001429438591003418
7472,A,T,0,MT-TS1,200,6,-0.0016165971755981445
7476,C,T,0,MT-TS1,200,6,0.002051115036010742
7493,C,T,0,MT-TS1,200,6,-0.001528620719909668
7497,G,A,1,MT-TS1,200,6,0.0005114078521728516
7498,G,A,0,MT-TS1,200,6,0.0015726089477539062
7510,T,C,1,MT-TS1,200,6,-0.002099156379699707
7511,T,C,1,MT-TS1,200,6,-0.0005645751953125
7512,T,C,1,MT-TS1,200,6,-0.00038051605224609375
8313,G,A,1,MT-TK,200,6,-0.006375789642333984
8340,G,A,1,MT-TK,200,6,-0.002953648567199707
8344,A,G,1,MT-TK,200,6,-0.002268671989440918
8348,A,G,0,MT-TK,200,6,-0.0030879974365234375
8356,T,C,1,MT-TK,200,6,-0.002665996551513672
8363,G,A,1,MT-TK,200,6,-0.005687713623046875
10007,T,C,0,MT-TG,200,6,-0.0021246671676635742
10034,T,C,0,MT-TG,200,6,-0.0010929107666015625
10463,T,C,0,MT-TR,200,6,-0.0025445222854614258
12147,G,A,1,MT-TH,200,6,-0.007619142532348633
12201,T,C,1,MT-TH,200,6,-0.00033664703369140625
12239,C,T,0,MT-TS2,200,6,-0.0014945268630981445
12258,C,A,1,MT-TS2,200,6,-0.0074155330657958984
12276,G,A,1,MT-TL2,200,6,-0.010250329971313477
12308,A,G,0,MT-TL2,200,6,-0.005917191505432129
12315,G,A,1,MT-TL2,200,6,-0.008245587348937988
14674,T,C,1,MT-TE,200,6,-0.0030602216720581055
14684,C,T,0,MT-TE,200,6,0.00016498565673828125
14709,T,C,1,MT-TE,200,6,-0.004344940185546875
15894,G,A,0,MT-TT,200,6,-0.0017063617706298828
15904,C,T,0,MT-TT,200,6,0.0015758275985717773
15907,A,G,0,MT-TT,200,6,-0.0009839534759521484
15923,A,G,1,MT-TT,200,6,-0.007706284523010254
15924,A,G,0,MT-TT,200,6,-0.001023411750793457
15928,G,A,0,MT-TT,200,6,-0.0019516944885253906
15990,C,T,1,MT-TP,200,6,-0.009907841682434082
591,C,T,1,MT-TF,200,7,0.005574822425842285
616,T,C,1,MT-TF,200,7,-0.011664032936096191
629,T,C,0,MT-TF,200,7,-0.0015659332275390625
1624,C,T,1,MT-TV,200,7,-0.0003590583801269531
1644,G,A,1,MT-TV,200,7,-0.00264894962310791
3242,G,A,1,MT-TL1,200,7,-0.004956185817718506
3243,A,G,1,MT-TL1,200,7,-0.011559486389160156
3243,A,T,1,MT-TL1,200,7,-0.030894994735717773
3251,A,G,1,MT-TL1,200,7,-0.0060843825340271
3252,A,G,1,MT-TL1,200,7,-0.004677176475524902
3255,G,A,1,MT-TL1,200,7,-0.007260322570800781
3256,C,T,1,MT-TL1,200,7,-0.00844186544418335
3258,T,C,1,MT-TL1,200,7,0.0007162094116210938
3260,A,G,1,MT-TL1,200,7,-0.00589299201965332
3271,T,C,1,MT-TL1,200,7,-0.003169536590576172
3291,T,C,1,MT-TL1,200,7,-0.0004899501800537109
3302,A,G,1,MT-TL1,200,7,-0.0021911263465881348
3303,C,T,1,MT-TL1,200,7,-0.00500410795211792
4300,A,G,1,MT-TI,200,7,-0.005318164825439453
4336,T,C,0,MT-TQ,200,7,-0.0013306140899658203
4370,T,C,0,MT-TQ,200,7,-0.00034797191619873047
4450,G,A,1,MT-TM,200,7,-0.006232023239135742
4452,T,C,0,MT-TM,200,7,-0.001623392105102539
5521,G,A,1,MT-TW,200,7,-0.004102587699890137
5553,T,C,0,MT-TW,200,7,-0.002516031265258789
5556,G,A,1,MT-TW,200,7,-0.0062713623046875
5650,G,A,1,MT-TA,200,7,-0.0026776790618896484
5690,A,G,1,MT-TN,200,7,-0.007171630859375
5703,G,A,1,MT-TN,200,7,0.001032710075378418
5728,T,C,1,MT-TN,200,7,-0.0021669864654541016
5814,T,C,0,MT-TC,200,7,-0.0009397268295288086
7453,G,A,1,MT-TS1,200,7,-0.004767060279846191
7471,C,T,0,MT-TS1,200,7,0.003299117088317871
7472,A,T,0,MT-TS1,200,7,-0.0033369064331054688
7476,C,T,0,MT-TS1,200,7,-0.00025200843811035156
7493,C,T,0,MT-TS1,200,7,-0.0024471282958984375
7497,G,A,1,MT-TS1,200,7,0.0013006925582885742
7498,G,A,0,MT-TS1,200,7,0.0007259845733642578
7510,T,C,1,MT-TS1,200,7,-0.0005359649658203125
7511,T,C,1,MT-TS1,200,7,-0.0013537406921386719
7512,T,C,1,MT-TS1,200,7,0.0002837181091308594
8313,G,A,1,MT-TK,200,7,-0.003975868225097656
8340,G,A,1,MT-TK,200,7,-0.00397944450378418
8344,A,G,1,MT-TK,200,7,-0.002559065818786621
8348,A,G,0,MT-TK,200,7,-0.0013183355331420898
8356,T,C,1,MT-TK,200,7,-0.00024509429931640625
8363,G,A,1,MT-TK,200,7,-0.0064051151275634766
10007,T,C,0,MT-TG,200,7,-0.0030617713928222656
10034,T,C,0,MT-TG,200,7,-0.00179290771484375
10463,T,C,0,MT-TR,200,7,-0.0006357431411743164
12147,G,A,1,MT-TH,200,7,-0.010146498680114746
12201,T,C,1,MT-TH,200,7,-0.0017819404602050781
12239,C,T,0,MT-TS2,200,7,-0.0008854866027832031
12258,C,A,1,MT-TS2,200,7,-0.01032567024230957
12276,G,A,1,MT-TL2,200,7,-0.014209389686584473
12308,A,G,0,MT-TL2,200,7,-0.0063561201095581055
12315,G,A,1,MT-TL2,200,7,-0.006582021713256836
14674,T,C,1,MT-TE,200,7,-0.0021622180938720703
14684,C,T,0,MT-TE,200,7,0.00048553943634033203
14709,T,C,1,MT-TE,200,7,-0.0034662485122680664
15894,G,A,0,MT-TT,200,7,-0.0016385316848754883
15904,C,T,0,MT-TT,200,7,0.0010151863098144531
15907,A,G,0,MT-TT,200,7,-0.002510547637939453
15923,A,G,1,MT-TT,200,7,-0.008687376976013184
15924,A,G,0,MT-TT,200,7,-0.002852916717529297
15928,G,A,0,MT-TT,200,7,-0.0008928775787353516
15990,C,T,1,MT-TP,200,7,-0.008552193641662598
591,C,T,1,MT-TF,200,8,0.008314132690429688
616,T,C,1,MT-TF,200,8,-0.01661086082458496
629,T,C,0,MT-TF,200,8,0.0012793540954589844
1624,C,T,1,MT-TV,200,8,-0.001426100730895996
1644,G,A,1,MT-TV,200,8,-0.003137946128845215
3242,G,A,1,MT-TL1,200,8,-0.010728180408477783
3243,A,G,1,MT-TL1,200,8,-0.014226913452148438
3243,A,T,1,MT-TL1,200,8,-0.03306984901428223
3251,A,G,1,MT-TL1,200,8,-0.0066114068031311035
3252,A,G,1,MT-TL1,200,8,-0.003634035587310791
3255,G,A,1,MT-TL1,200,8,-0.004939734935760498
3256,C,T,1,MT-TL1,200,8,-0.008145928382873535
3258,T,C,1,MT-TL1,200,8,-0.0017442703247070312
3260,A,G,1,MT-TL1,200,8,-0.007781326770782471
3271,T,C,1,MT-TL1,200,8,-0.003895282745361328
3291,T,C,1,MT-TL1,200,8,-0.0007759332656860352
3302,A,G,1,MT-TL1,200,8,-0.001120924949645996
3303,C,T,1,MT-TL1,200,8,-0.004955887794494629
4300,A,G,1,MT-TI,200,8,-0.005287051200866699
4336,T,C,0,MT-TQ,200,8,-0.0019840002059936523
4370,T,C,0,MT-TQ,200,8,-0.0029103755950927734
4450,G,A,1,MT-TM,200,8,-0.00439608097076416
4452,T,C,0,MT-TM,200,8,-0.00023508071899414062
5521,G,A,1,MT-TW,200,8,-0.0048847198486328125
5553,T,C,0,MT-TW,200,8,-0.002027273178100586
5556,G,A,1,MT-TW,200,8,-0.006744384765625
5650,G,A,1,MT-TA,200,8,-0.00455021858215332
5690,A,G,1,MT-TN,200,8,-0.007863998413085938
5703,G,A,1,MT-TN,200,8,0.00047326087951660156
5728,T,C,1,MT-TN,200,8,-0.001166701316833496
5814,T,C,0,MT-TC,200,8,-0.0005905032157897949
7453,G,A,1,MT-TS1,200,8,-0.0015561580657958984
7471,C,T,0,MT-TS1,200,8,0.004614472389221191
7472,A,T,0,MT-TS1,200,8,-2.384185791015625e-07
7476,C,T,0,MT-TS1,200,8,-0.002114534378051758
7493,C,T,0,MT-TS1,200,8,-0.0004467964172363281
7497,G,A,1,MT-TS1,200,8,0.0004540681838989258
7498,G,A,0,MT-TS1,200,8,0.00045108795166015625
7510,T,C,1,MT-TS1,200,8,-0.000577092170715332
7511,T,C,1,MT-TS1,200,8,-0.001844644546508789
7512,T,C,1,MT-TS1,200,8,0.0005828142166137695
8313,G,A,1,MT-TK,200,8,-0.0032787322998046875
8340,G,A,1,MT-TK,200,8,-0.004737496376037598
8344,A,G,1,MT-TK,200,8,-0.0004943609237670898
8348,A,G,0,MT-TK,200,8,-0.0021839141845703125
8356,T,C,1,MT-TK,200,8,-0.002778172492980957
8363,G,A,1,MT-TK,200,8,-0.005311727523803711
10007,T,C,0,MT-TG,200,8,-0.0022276639938354492
10034,T,C,0,MT-TG,200,8,-0.001863241195678711
10463,T,C,0,MT-TR,200,8,-0.001862645149230957
12147,G,A,1,MT-TH,200,8,-0.008699774742126465
12201,T,C,1,MT-TH,200,8,0.0005211830139160156
12239,C,T,0,MT-TS2,200,8,0.00010037422180175781
12258,C,A,1,MT-TS2,200,8,-0.008439898490905762
12276,G,A,1,MT-TL2,200,8,-0.012886285781860352
12308,A,G,0,MT-TL2,200,8,-0.004870772361755371
12315,G,A,1,MT-TL2,200,8,-0.009136080741882324
14674,T,C,1,MT-TE,200,8,-0.0010862350463867188
14684,C,T,0,MT-TE,200,8,0.0009347200393676758
14709,T,C,1,MT-TE,200,8,-0.005417227745056152
15894,G,A,0,MT-TT,200,8,-0.0023957490921020508
15904,C,T,0,MT-TT,200,8,0.0012998580932617188
15907,A,G,0,MT-TT,200,8,-0.001033782958984375
15923,A,G,1,MT-TT,200,8,-0.0060787200927734375
15924,A,G,0,MT-TT,200,8,-0.002289295196533203
15928,G,A,0,MT-TT,200,8,-0.001381516456604004
15990,C,T,1,MT-TP,200,8,-0.008283376693725586
591,C,T,1,MT-TF,200,9,0.009715080261230469
616,T,C,1,MT-TF,200,9,-0.00971674919128418
629,T,C,0,MT-TF,200,9,0.0032197237014770508
1624,C,T,1,MT-TV,200,9,0.0006611347198486328
1644,G,A,1,MT-TV,200,9,-0.003027200698852539
3242,G,A,1,MT-TL1,200,9,-0.008733034133911133
3243,A,G,1,MT-TL1,200,9,-0.011529922485351562
3243,A,T,1,MT-TL1,200,9,-0.03334403038024902
3251,A,G,1,MT-TL1,200,9,-0.00586932897567749
3252,A,G,1,MT-TL1,200,9,-0.005327761173248291
3255,G,A,1,MT-TL1,200,9,-0.010420382022857666
3256,C,T,1,MT-TL1,200,9,-0.008771896362304688
3258,T,C,1,MT-TL1,200,9,-0.003414928913116455
3260,A,G,1,MT-TL1,200,9,-0.0064182281494140625
3271,T,C,1,MT-TL1,200,9,-0.0036249160766601562
3291,T,C,1,MT-TL1,200,9,-0.002608954906463623
3302,A,G,1,MT-TL1,200,9,-0.002006709575653076
3303,C,T,1,MT-TL1,200,9,-0.004331827163696289
4300,A,G,1,MT-TI,200,9,-0.0050678253173828125
4336,T,C,0,MT-TQ,200,9,-0.0017247200012207031
4370,T,C,0,MT-TQ,200,9,-0.0008530616760253906
4450,G,A,1,MT-TM,200,9,-0.005032777786254883
4452,T,C,0,MT-TM,200,9,0.00028324127197265625
5521,G,A,1,MT-TW,200,9,-0.004302620887756348
5553,T,C,0,MT-TW,200,9,-0.002507805824279785
5556,G,A,1,MT-TW,200,9,-0.0068852901458740234
5650,G,A,1,MT-TA,200,9,-0.003570079803466797
5690,A,G,1,MT-TN,200,9,-0.007424354553222656
5703,G,A,1,MT-TN,200,9,-0.0002415180206298828
5728,T,C,1,MT-TN,200,9,-0.0008792877197265625
5814,T,C,0,MT-TC,200,9,-0.0010169744491577148
7453,G,A,1,MT-TS1,200,9,-0.0030050277709960938
7471,C,T,0,MT-TS1,200,9,0.0035218000411987305
7472,A,T,0,MT-TS1,200,9,-0.003846883773803711
7476,C,T,0,MT-TS1,200,9,-3.9458274841308594e-05
7493,C,T,0,MT-TS1,200,9,-0.0019352436065673828
7497,G,A,1,MT-TS1,200,9,-0.0003103017807006836
7498,G,A,0,MT-TS1,200,9,0.0014128684997558594
7510,T,C,1,MT-TS1,200,9,-0.00039196014404296875
7511,T,C,1,MT-TS1,200,9,-0.002411961555480957
7512,T,C,1,MT-TS1,200,9,0.0008019208908081055
8313,G,A,1,MT-TK,200,9,-0.004852175712585449
8340,G,A,1,MT-TK,200,9,-0.004497408866882324
8344,A,G,1,MT-TK,200,9,-0.0009725093841552734
8348,A,G,0,MT-TK,200,9,-0.0028673410415649414
8356,T,C,1,MT-TK,200,9,-0.003442525863647461
8363,G,A,1,MT-TK,200,9,-0.005720376968383789
10007,T,C,0,MT-TG,200,9,-0.002878904342651367
10034,T,C,0,MT-TG,200,9,-0.0017942190170288086
10463,T,C,0,MT-TR,200,9,-0.0029196739196777344
12147,G,A,1,MT-TH,200,9,-0.018086671829223633
12201,T,C,1,MT-TH,200,9,-0.0030056238174438477
12239,C,T,0,MT-TS2,200,9,2.658367156982422e-05
12258,C,A,1,MT-TS2,200,9,-0.008396744728088379
12276,G,A,1,MT-TL2,200,9,-0.01316213607788086
12308,A,G,0,MT-TL2,200,9,-0.005153298377990723
12315,G,A,1,MT-TL2,200,9,-0.007452487945556641
14674,T,C,1,MT-TE,200,9,-0.0008922815322875977
14684,C,T,0,MT-TE,200,9,-0.00015354156494140625
14709,T,C,1,MT-TE,200,9,-0.003989815711975098
15894,G,A,0,MT-TT,200,9,-0.0018602609634399414
15904,C,T,0,MT-TT,200,9,0.000577092170715332
15907,A,G,0,MT-TT,200,9,-0.002892732620239258
15923,A,G,1,MT-TT,200,9,-0.0061637163162231445
15924,A,G,0,MT-TT,200,9,-0.0012238025665283203
15928,G,A,0,MT-TT,200,9,-0.002361297607421875
15990,C,T,1,MT-TP,200,9,-0.00834953784942627
591,C,T,1,MT-TF,300,0,0.009403824806213379
616,T,C,1,MT-TF,300,0,-0.016359567642211914
629,T,C,0,MT-TF,300,0,0.0014846324920654297
1624,C,T,1,MT-TV,300,0,-0.00048047304153442383
1644,G,A,1,MT-TV,300,0,-0.0032501220703125
3242,G,A,1,MT-TL1,300,0,-0.010596752166748047
3243,A,G,1,MT-TL1,300,0,-0.01272130012512207
3243,A,T,1,MT-TL1,300,0,-0.033981263637542725
3251,A,G,1,MT-TL1,300,0,-0.005272567272186279
3252,A,G,1,MT-TL1,300,0,-0.006008327007293701
3255,G,A,1,MT-TL1,300,0,-0.007485747337341309
3256,C,T,1,MT-TL1,300,0,-0.00864189863204956
3258,T,C,1,MT-TL1,300,0,-0.0019227266311645508
3260,A,G,1,MT-TL1,300,0,-0.008265197277069092
3271,T,C,1,MT-TL1,300,0,-0.00470501184463501
3291,T,C,1,MT-TL1,300,0,-0.0011140704154968262
3302,A,G,1,MT-TL1,300,0,-0.0028356313705444336
3303,C,T,1,MT-TL1,300,0,-0.005203604698181152
4300,A,G,1,MT-TI,300,0,-0.0059092044830322266
4336,T,C,0,MT-TQ,300,0,0.0001970529556274414
4370,T,C,0,MT-TQ,300,0,-5.7220458984375e-05
4450,G,A,1,MT-TM,300,0,-0.005804598331451416
4452,T,C,0,MT-TM,300,0,-0.0016016960144042969
5521,G,A,1,MT-TW,300,0,-0.007032334804534912
5553,T,C,0,MT-TW,300,0,-0.002330780029296875
5556,G,A,1,MT-TW,300,0,-0.005910515785217285
5650,G,A,1,MT-TA,300,0,-0.004281818866729736
5690,A,G,1,MT-TN,300,0,-0.007905423641204834
5703,G,A,1,MT-TN,300,0,0.0003998279571533203
5728,T,C,1,MT-TN,300,0,-0.0030254125595092773
5814,T,C,0,MT-TC,300,0,-0.0012432336807250977
7453,G,A,1,MT-TS1,300,0,-0.0007193088531494141
7471,C,T,0,MT-TS1,300,0,0.0019802451133728027
7472,A,T,0,MT-TS1,300,0,0.00028139352798461914
7476,C,T,0,MT-TS1,300,0,-0.0012562870979309082
7493,C,T,0,MT-TS1,300,0,-0.001984834671020508
7497,G,A,1,MT-TS1,300,0,0.0011290907859802246
7498,G,A,0,MT-TS1,300,0,0.003276646137237549
7510,T,C,1,MT-TS1,300,0,-0.0012355446815490723
7511,T,C,1,MT-TS1,300,0,-0.0025131702423095703
7512,T,C,1,MT-TS1,300,0,0.0012542009353637695
8313,G,A,1,MT-TK,300,0,-0.008029580116271973
8340,G,A,1,MT-TK,300,0,-0.003957509994506836
8344,A,G,1,MT-TK,300,0,-0.0008866786956787109
8348,A,G,0,MT-TK,300,0,-0.0011010169982910156
8356,T,C,1,MT-TK,300,0,-0.0006107091903686523
8363,G,A,1,MT-TK,300,0,-0.006497025489807129
10007,T,C,0,MT-TG,300,0,-0.0017604827880859375
10034,T,C,0,MT-TG,300,0,-0.0017622113227844238
10463,T,C,0,MT-TR,300,0,-0.0025579333305358887
12147,G,A,1,MT-TH,300,0,-0.00882411003112793
12201,T,C,1,MT-TH,300,0,-0.003221273422241211
12239,C,T,0,MT-TS2,300,0,-0.00016546249389648438
12258,C,A,1,MT-TS2,300,0,-0.010235905647277832
12276,G,A,1,MT-TL2,300,0,-0.013753652572631836
12308,A,G,0,MT-TL2,300,0,-0.005862116813659668
12315,G,A,1,MT-TL2,300,0,-0.0074236392974853516
14674,T,C,1,MT-TE,300,0,-0.002906322479248047
14684,C,T,0,MT-TE,300,0,-0.0026258230209350586
14709,T,C,1,MT-TE,300,0,-0.00481492280960083
15894,G,A,0,MT-TT,300,0,-0.00289154052734375
15904,C,T,0,MT-TT,300,0,0.0021064281463623047
15907,A,G,0,MT-TT,300,0,-0.0031300783157348633
15923,A,G,1,MT-TT,300,0,-0.0036287307739257812
15924,A,G,0,MT-TT,300,0,-0.0010814666748046875
15928,G,A,0,MT-TT,300,0,-0.0023440122604370117
15990,C,T,1,MT-TP,300,0,-0.006691575050354004
591,C,T,1,MT-TF,300,1,0.010654926300048828
616,T,C,1,MT-TF,300,1,-0.012945055961608887
629,T,C,0,MT-TF,300,1,0.0012935400009155273
1624,C,T,1,MT-TV,300,1,0.00010311603546142578
1644,G,A,1,MT-TV,300,1,-0.003759443759918213
3242,G,A,1,MT-TL1,300,1,-0.01144188642501831
3243,A,G,1,MT-TL1,300,1,-0.011777043342590332
3243,A,T,1,MT-TL1,300,1,-0.02905029058456421
3251,A,G,1,MT-TL1,300,1,-0.0044460296630859375
3252,A,G,1,MT-TL1,300,1,-0.003135383129119873
3255,G,A,1,MT-TL1,300,1,-0.008260369300842285
3256,C,T,1,MT-TL1,300,1,-0.007430970668792725
3258,T,C,1,MT-TL1,300,1,-0.0028192996978759766
3260,A,G,1,MT-TL1,300,1,-0.007973253726959229
3271,T,C,1,MT-TL1,300,1,-0.0031099319458007812
3291,T,C,1,MT-TL1,300,1,-0.0022478699684143066
3302,A,G,1,MT-TL1,300,1,-0.0028548240661621094
3303,C,T,1,MT-TL1,300,1,-0.007367134094238281
4300,A,G,1,MT-TI,300,1,-0.005152761936187744
4336,T,C,0,MT-TQ,300,1,-0.0008095502853393555
4370,T,C,0,MT-TQ,300,1,-0.0021944046020507812
4450,G,A,1,MT-TM,300,1,-0.00399172306060791
4452,T,C,0,MT-TM,300,1,-0.0011845231056213379
5521,G,A,1,MT-TW,300,1,-0.0069429874420166016
5553,T,C,0,MT-TW,300,1,-0.0019670724868774414
5556,G,A,1,MT-TW,300,1,-0.005415141582489014
5650,G,A,1,MT-TA,300,1,-0.004021823406219482
5690,A,G,1,MT-TN,300,1,-0.007574200630187988
5703,G,A,1,MT-TN,300,1,0.0005391836166381836
5728,T,C,1,MT-TN,300,1,-0.003522515296936035
5814,T,C,0,MT-TC,300,1,-0.0016964077949523926
7453,G,A,1,MT-TS1,300,1,-0.0032597780227661133
7471,C,T,0,MT-TS1,300,1,0.0023202896118164062
7472,A,T,0,MT-TS1,300,1,-0.00023376941680908203
7476,C,T,0,MT-TS1,300,1,0.0004146099090576172
7493,C,T,0,MT-TS1,300,1,-0.0017724037170410156
7497,G,A,1,MT-TS1,300,1,0.001160264015197754
7498,G,A,0,MT-TS1,300,1,0.0017150640487670898
7510,T,C,1,MT-TS1,300,1,-0.0017695426940917969
7511,T,C,1,MT-TS1,300,1,-0.0008009672164916992
7512,T,C,1,MT-TS1,300,1,0.001818835735321045
8313,G,A,1,MT-TK,300,1,-0.005937099456787109
8340,G,A,1,MT-TK,300,1,-0.0005993843078613281
8344,A,G,1,MT-TK,300,1,-0.0013946294784545898
8348,A,G,0,MT-TK,300,1,-0.0022635459899902344
8356,T,C,1,MT-TK,300,1,-0.002481222152709961
8363,G,A,1,MT-TK,300,1,-0.006412506103515625
10007,T,C,0,MT-TG,300,1,-0.0011681318283081055
10034,T,C,0,MT-TG,300,1,-0.0018963813781738281
10463,T,C,0,MT-TR,300,1,-0.0012011528015136719
12147,G,A,1,MT-TH,300,1,-0.007827281951904297
12201,T,C,1,MT-TH,300,1,-0.0045013427734375
12239,C,T,0,MT-TS2,300,1,-0.0015777349472045898
12258,C,A,1,MT-TS2,300,1,-0.008814811706542969
12276,G,A,1,MT-TL2,300,1,-0.013197064399719238
12308,A,G,0,MT-TL2,300,1,-0.005357980728149414
12315,G,A,1,MT-TL2,300,1,-0.0071201324462890625
14674,T,C,1,MT-TE,300,1,-0.00667041540145874
14684,C,T,0,MT-TE,300,1,0.0007165074348449707
14709,T,C,1,MT-TE,300,1,-0.004289209842681885
15894,G,A,0,MT-TT,300,1,-0.0036221742630004883
15904,C,T,0,MT-TT,300,1,0.0015721321105957031
15907,A,G,0,MT-TT,300,1,-0.0040340423583984375
15923,A,G,1,MT-TT,300,1,-0.003854036331176758
15924,A,G,0,MT-TT,300,1,-0.0008714199066162109
15928,G,A,0,MT-TT,300,1,-0.0030524730682373047
15990,C,T,1,MT-TP,300,1,-0.0058400630950927734
591,C,T,1,MT-TF,300,2,0.010934948921203613
616,T,C,1,MT-TF,300,2,-0.011689424514770508
629,T,C,0,MT-TF,300,2,0.0009833574295043945
1624,C,T,1,MT-TV,300,2,-0.0007804632186889648
1644,G,A,1,MT-TV,300,2,-0.004117608070373535
3242,G,A,1,MT-TL1,300,2,-0.009103834629058838
3243,A,G,1,MT-TL1,300,2,-0.011894702911376953
3243,A,T,1,MT-TL1,300,2,-0.030095219612121582
3251,A,G,1,MT-TL1,300,2,-0.0033172965049743652
3252,A,G,1,MT-TL1,300,2,-0.00455474853515625
3255,G,A,1,MT-TL1,300,2,-0.0075724124908447266
3256,C,T,1,MT-TL1,300,2,-0.0069411396980285645
3258,T,C,1,MT-TL1,300,2,-0.0011442303657531738
3260,A,G,1,MT-TL1,300,2,-0.006592690944671631
3271,T,C,1,MT-TL1,300,2,-0.003939211368560791
3291,T,C,1,MT-TL1,300,2,-0.002941608428955078
3302,A,G,1,MT-TL1,300,2,-0.0011686086654663086
3303,C,T,1,MT-TL1,300,2,-0.00603485107421875
4300,A,G,1,MT-TI,300,2,-0.006276369094848633
4336,T,C,0,MT-TQ,300,2,-0.0008804202079772949
4370,T,C,0,MT-TQ,300,2,-0.0010701417922973633
4450,G,A,1,MT-TM,300,2,-0.006318867206573486
4452,T,C,0,MT-TM,300,2,-0.0016440153121948242
5521,G,A,1,MT-TW,300,2,-0.004283905029296875
5553,T,C,0,MT-TW,300,2,-0.002057373523712158
5556,G,A,1,MT-TW,300,2,-0.006265997886657715
5650,G,A,1,MT-TA,300,2,-0.004716813564300537
5690,A,G,1,MT-TN,300,2,-0.008246660232543945
5703,G,A,1,MT-TN,300,2,0.0016649961471557617
5728,T,C,1,MT-TN,300,2,-0.0031232237815856934
5814,T,C,0,MT-TC,300,2,-0.0031005144119262695
7453,G,A,1,MT-TS1,300,2,-0.00035381317138671875
7471,C,T,0,MT-TS1,300,2,0.0025537610054016113
7472,A,T,0,MT-TS1,300,2,-0.00010836124420166016
7476,C,T,0,MT-TS1,300,2,0.0004754066467285156
7493,C,T,0,MT-TS1,300,2,-0.0026676058769226074
7497,G,A,1,MT-TS1,300,2,3.981590270996094e-05
7498,G,A,0,MT-TS1,300,2,0.0015239715576171875
7510,T,C,1,MT-TS1,300,2,-0.0007432699203491211
7511,T,C,1,MT-TS1,300,2,-0.003223419189453125
7512,T,C,1,MT-TS1,300,2,0.0012933015823364258
8313,G,A,1,MT-TK,300,2,-0.008652806282043457
8340,G,A,1,MT-TK,300,2,-0.003939390182495117
8344,A,G,1,MT-TK,300,2,-0.0026962757110595703
8348,A,G,0,MT-TK,300,2,-0.0016919374465942383
8356,T,C,1,MT-TK,300,2,-0.002057671546936035
8363,G,A,1,MT-TK,300,2,-0.00719761848449707
10007,T,C,0,MT-TG,300,2,-0.002134561538696289
10034,T,C,0,MT-TG,300,2,-0.002187490463256836
10463,T,C,0,MT-TR,300,2,-0.00250089168548584
12147,G,A,1,MT-TH,300,2,-0.007303357124328613
12201,T,C,1,MT-TH,300,2,-0.0022810697555541992
12239,C,T,0,MT-TS2,300,2,-0.0006964802742004395
12258,C,A,1,MT-TS2,300,2,-0.00849294662475586
12276,G,A,1,MT-TL2,300,2,-0.014535903930664062
12308,A,G,0,MT-TL2,300,2,-0.0062187910079956055
12315,G,A,1,MT-TL2,300,2,-0.00700068473815918
14674,T,C,1,MT-TE,300,2,-0.0029180049896240234
14684,C,T,0,MT-TE,300,2,-0.002692878246307373
14709,T,C,1,MT-TE,300,2,-0.005585670471191406
15894,G,A,0,MT-TT,300,2,-0.003478527069091797
15904,C,T,0,MT-TT,300,2,0.000978708267211914
15907,A,G,0,MT-TT,300,2,-0.0034732818603515625
15923,A,G,1,MT-TT,300,2,-0.004755377769470215
15924,A,G,0,MT-TT,300,2,-0.0006425380706787109
15928,G,A,0,MT-TT,300,2,-0.002594590187072754
15990,C,T,1,MT-TP,300,2,-0.004680633544921875
591,C,T,1,MT-TF,300,3,0.011127233505249023
616,T,C,1,MT-TF,300,3,-0.016648054122924805
629,T,C,0,MT-TF,300,3,0.00248110294342041
1624,C,T,1,MT-TV,300,3,-0.0002741813659667969
1644,G,A,1,MT-TV,300,3,-0.004929840564727783
3242,G,A,1,MT-TL1,300,3,-0.009596765041351318
3243,A,G,1,MT-TL1,300,3,-0.011746406555175781
3243,A,T,1,MT-TL1,300,3,-0.02844291925430298
3251,A,G,1,MT-TL1,300,3,-0.005877017974853516
3252,A,G,1,MT-TL1,300,3,-0.003241121768951416
3255,G,A,1,MT-TL1,300,3,-0.006265103816986084
3256,C,T,1,MT-TL1,300,3,-0.007844924926757812
3258,T,C,1,MT-TL1,300,3,-0.003013014793395996
3260,A,G,1,MT-TL1,300,3,-0.007676661014556885
3271,T,C,1,MT-TL1,300,3,-0.0021098852157592773
3291,T,C,1,MT-TL1,300,3,-0.0019663572311401367
3302,A,G,1,MT-TL1,300,3,0.000657200813293457
3303,C,T,1,MT-TL1,300,3,-0.004054248332977295
4300,A,G,1,MT-TI,300,3,-0.004471957683563232
4336,T,C,0,MT-TQ,300,3,-0.0011687278747558594
4370,T,C,0,MT-TQ,300,3,-0.0010863542556762695
4450,G,A,1,MT-TM,300,3,-0.004444599151611328
4452,T,C,0,MT-TM,300,3,-0.0012677907943725586
5521,G,A,1,MT-TW,300,3,-0.007586956024169922
5553,T,C,0,MT-TW,300,3,-0.003202199935913086
5556,G,A,1,MT-TW,300,3,-0.004928529262542725
5650,G,A,1,MT-TA,300,3,-0.00393831729888916
5690,A,G,1,MT-TN,300,3,-0.007412552833557129
5703,G,A,1,MT-TN,300,3,0.0007804632186889648
5728,T,C,1,MT-TN,300,3,-0.0029210448265075684
5814,T,C,0,MT-TC,300,3,-0.0016203522682189941
7453,G,A,1,MT-TS1,300,3,-0.0021238327026367188
7471,C,T,0,MT-TS1,300,3,0.0038921236991882324
7472,A,T,0,MT-TS1,300,3,-0.00018012523651123047
7476,C,T,0,MT-TS1,300,3,0.0012093186378479004
7493,C,T,0,MT-TS1,300,3,-0.0023194551467895508
7497,G,A,1,MT-TS1,300,3,0.001398921012878418
7498,G,A,0,MT-TS1,300,3,0.0033196210861206055
7510,T,C,1,MT-TS1,300,3,-0.0006883144378662109
7511,T,C,1,MT-TS1,300,3,-0.0013930797576904297
7512,T,C,1,MT-TS1,300,3,0.0012654662132263184
8313,G,A,1,MT-TK,300,3,-0.0056296586990356445
8340,G,A,1,MT-TK,300,3,-0.003596663475036621
8344,A,G,1,MT-TK,300,3,-0.003197789192199707
8348,A,G,0,MT-TK,300,3,-0.0025382041931152344
8356,T,C,1,MT-TK,300,3,-0.0012764930725097656
8363,G,A,1,MT-TK,300,3,-0.006229877471923828
10007,T,C,0,MT-TG,300,3,-0.003145873546600342
10034,T,C,0,MT-TG,300,3,-0.0017957687377929688
10463,T,C,0,MT-TR,300,3,-0.0023376941680908203
12147,G,A,1,MT-TH,300,3,-0.009463191032409668
12201,T,C,1,MT-TH,300,3,-0.001569509506225586
12239,C,T,0,MT-TS2,300,3,-0.0014742612838745117
12258,C,A,1,MT-TS2,300,3,-0.009886741638183594
12276,G,A,1,MT-TL2,300,3,-0.012874245643615723
12308,A,G,0,MT-TL2,300,3,-0.006391167640686035
12315,G,A,1,MT-TL2,300,3,-0.007087230682373047
14674,T,C,1,MT-TE,300,3,-0.00545734167098999
14684,C,T,0,MT-TE,300,3,-0.0010105371475219727
14709,T,C,1,MT-TE,300,3,-0.006063401699066162
15894,G,A,0,MT-TT,300,3,-0.0038764476776123047
15904,C,T,0,MT-TT,300,3,0.0008488893508911133
15907,A,G,0,MT-TT,300,3,-0.0017789602279663086
15923,A,G,1,MT-TT,300,3,-0.005409955978393555
15924,A,G,0,MT-TT,300,3,-9.584426879882812e-05
15928,G,A,0,MT-TT,300,3,-0.001962900161743164
15990,C,T,1,MT-TP,300,3,-0.0078965425491333
591,C,T,1,MT-TF,300,4,0.0054732561111450195
616,T,C,1,MT-TF,300,4,-0.013954758644104004
629,T,C,0,MT-TF,300,4,0.0006630420684814453
1624,C,T,1,MT-TV,300,4,7.05718994140625e-05
1644,G,A,1,MT-TV,300,4,-0.0028525590896606445
3242,G,A,1,MT-TL1,300,4,-0.010397613048553467
3243,A,G,1,MT-TL1,300,4,-0.013311028480529785
3243,A,T,1,MT-TL1,300,4,-0.0353778600692749
3251,A,G,1,MT-TL1,300,4,-0.0064820051193237305
3252,A,G,1,MT-TL1,300,4,-0.004967331886291504
3255,G,A,1,MT-TL1,300,4,-0.0068569183349609375
3256,C,T,1,MT-TL1,300,4,-0.008551418781280518
3258,T,C,1,MT-TL1,300,4,-0.003374457359313965
3260,A,G,1,MT-TL1,300,4,-0.006920754909515381
3271,T,C,1,MT-TL1,300,4,-0.00404202938079834
3291,T,C,1,MT-TL1,300,4,8.064508438110352e-05
3302,A,G,1,MT-TL1,300,4,-0.0033780336380004883
3303,C,T,1,MT-TL1,300,4,-0.004588007926940918
4300,A,G,1,MT-TI,300,4,-0.004279673099517822
4336,T,C,0,MT-TQ,300,4,0.0005686283111572266
4370,T,C,0,MT-TQ,300,4,-0.0014972686767578125
4450,G,A,1,MT-TM,300,4,-0.005507707595825195
4452,T,C,0,MT-TM,300,4,-0.00018405914306640625
5521,G,A,1,MT-TW,300,4,-0.006073117256164551
5553,T,C,0,MT-TW,300,4,-0.0017322897911071777
5556,G,A,1,MT-TW,300,4,-0.0042455196380615234
5650,G,A,1,MT-TA,300,4,-0.0036361217498779297
5690,A,G,1,MT-TN,300,4,-0.006849467754364014
5703,G,A,1,MT-TN,300,4,0.0006112456321716309
5728,T,C,1,MT-TN,300,4,-0.0018320083618164062
5814,T,C,0,MT-TC,300,4,-0.0022535324096679688
7453,G,A,1,MT-TS1,300,4,-0.0018166303634643555
7471,C,T,0,MT-TS1,300,4,0.0030727386474609375
7472,A,T,0,MT-TS1,300,4,0.0005161762237548828
7476,C,T,0,MT-TS1,300,4,-0.0008579492568969727
7493,C,T,0,MT-TS1,300,4,-0.0012541413307189941
7497,G,A,1,MT-TS1,300,4,-1.3113021850585938e-06
7498,G,A,0,MT-TS1,300,4,0.002316117286682129
7510,T,C,1,MT-TS1,300,4,-0.0016527175903320312
7511,T,C,1,MT-TS1,300,4,-0.001152336597442627
7512,T,C,1,MT-TS1,300,4,0.000484466552734375
8313,G,A,1,MT-TK,300,4,-0.006967782974243164
8340,G,A,1,MT-TK,300,4,-0.0014475584030151367
8344,A,G,1,MT-TK,300,4,-0.00067138671875
8348,A,G,0,MT-TK,300,4,-0.0023300647735595703
8356,T,C,1,MT-TK,300,4,-0.0019936561584472656
8363,G,A,1,MT-TK,300,4,-0.006597161293029785
10007,T,C,0,MT-TG,300,4,-0.0026038289070129395
10034,T,C,0,MT-TG,300,4,-0.0007368922233581543
10463,T,C,0,MT-TR,300,4,-0.003888547420501709
12147,G,A,1,MT-TH,300,4,-0.0076525211334228516
12201,T,C,1,MT-TH,300,4,-0.0012906789779663086
12239,C,T,0,MT-TS2,300,4,-0.001491248607635498
12258,C,A,1,MT-TS2,300,4,-0.008673906326293945
12276,G,A,1,MT-TL2,300,4,-0.013487100601196289
12308,A,G,0,MT-TL2,300,4,-0.005226731300354004
12315,G,A,1,MT-TL2,300,4,-0.007189750671386719
14674,T,C,1,MT-TE,300,4,-0.0038824081420898438
14684,C,T,0,MT-TE,300,4,-0.0017874836921691895
14709,T,C,1,MT-TE,300,4,-0.0036734342575073242
15894,G,A,0,MT-TT,300,4,-0.0035706758499145508
15904,C,T,0,MT-TT,300,4,0.00037300586700439453
15907,A,G,0,MT-TT,300,4,-0.003480195999145508
15923,A,G,1,MT-TT,300,4,-0.006068110466003418
15924,A,G,0,MT-TT,300,4,-0.0021567344665527344
15928,G,A,0,MT-TT,300,4,-0.0014030933380126953
15990,C,T,1,MT-TP,300,4,-0.006498456001281738
591,C,T,1,MT-TF,300,5,0.008401632308959961
616,T,C,1,MT-TF,300,5,-0.013582348823547363
629,T,C,0,MT-TF,300,5,0.00019097328186035156
1624,C,T,1,MT-TV,300,5,0.0011786818504333496
1644,G,A,1,MT-TV,300,5,-0.0033986568450927734
3242,G,A,1,MT-TL1,300,5,-0.009143054485321045
3243,A,G,1,MT-TL1,300,5,-0.011874914169311523
3243,A,T,1,MT-TL1,300,5,-0.03263974189758301
3251,A,G,1,MT-TL1,300,5,-0.0067868828773498535
3252,A,G,1,MT-TL1,300,5,-0.006407022476196289
3255,G,A,1,MT-TL1,300,5,-0.007111251354217529
3256,C,T,1,MT-TL1,300,5,-0.009650111198425293
3258,T,C,1,MT-TL1,300,5,-0.0026427507400512695
3260,A,G,1,MT-TL1,300,5,-0.006533145904541016
3271,T,C,1,MT-TL1,300,5,-0.001727461814880371
3291,T,C,1,MT-TL1,300,5,-0.0028194189071655273
3302,A,G,1,MT-TL1,300,5,-0.001935720443725586
3303,C,T,1,MT-TL1,300,5,-0.0055158138275146484
4300,A,G,1,MT-TI,300,5,-0.005205869674682617
4336,T,C,0,MT-TQ,300,5,-0.0008202791213989258
4370,T,C,0,MT-TQ,300,5,-0.001514732837677002
4450,G,A,1,MT-TM,300,5,-0.0037026405334472656
4452,T,C,0,MT-TM,300,5,-0.0010461807250976562
5521,G,A,1,MT-TW,300,5,-0.008302927017211914
5553,T,C,0,MT-TW,300,5,-0.0034667253494262695
5556,G,A,1,MT-TW,300,5,-0.0056130290031433105
5650,G,A,1,MT-TA,300,5,-0.005879998207092285
5690,A,G,1,MT-TN,300,5,-0.007972955703735352
5703,G,A,1,MT-TN,300,5,-0.00016492605209350586
5728,T,C,1,MT-TN,300,5,-0.0032922029495239258
5814,T,C,0,MT-TC,300,5,-0.0015611052513122559
7453,G,A,1,MT-TS1,300,5,-0.0035983920097351074
7471,C,T,0,MT-TS1,300,5,0.0017586946487426758
7472,A,T,0,MT-TS1,300,5,-0.0008508563041687012
7476,C,T,0,MT-TS1,300,5,0.00010055303573608398
7493,C,T,0,MT-TS1,300,5,-0.0005910396575927734
7497,G,A,1,MT-TS1,300,5,-0.00014793872833251953
7498,G,A,0,MT-TS1,300,5,0.001970231533050537
7510,T,C,1,MT-TS1,300,5,-0.0015516877174377441
7511,T,C,1,MT-TS1,300,5,-0.0023545026779174805
7512,T,C,1,MT-TS1,300,5,0.0004055500030517578
8313,G,A,1,MT-TK,300,5,-0.00780177116394043
8340,G,A,1,MT-TK,300,5,-0.002681136131286621
8344,A,G,1,MT-TK,300,5,-0.0016940832138061523
8348,A,G,0,MT-TK,300,5,-0.001134037971496582
8356,T,C,1,MT-TK,300,5,-0.0025064945220947266
8363,G,A,1,MT-TK,300,5,-0.007407665252685547
10007,T,C,0,MT-TG,300,5,-0.0015578269958496094
10034,T,C,0,MT-TG,300,5,-0.002315342426300049
10463,T,C,0,MT-TR,300,5,-0.0009152889251708984
12147,G,A,1,MT-TH,300,5,-0.008500814437866211
12201,T,C,1,MT-TH,300,5,-0.0038834810256958008
12239,C,T,0,MT-TS2,300,5,-0.0016602277755737305
12258,C,A,1,MT-TS2,300,5,-0.01065683364868164
12276,G,A,1,MT-TL2,300,5,-0.012965202331542969
12308,A,G,0,MT-TL2,300,5,-0.005541443824768066
12315,G,A,1,MT-TL2,300,5,-0.005383729934692383
14674,T,C,1,MT-TE,300,5,-0.001536726951599121
14684,C,T,0,MT-TE,300,5,0.00043463706970214844
14709,T,C,1,MT-TE,300,5,-0.0040433406829833984
15894,G,A,0,MT-TT,300,5,-0.0024939775466918945
15904,C,T,0,MT-TT,300,5,0.0007109642028808594
15907,A,G,0,MT-TT,300,5,-0.0017490386962890625
15923,A,G,1,MT-TT,300,5,-0.0059005022048950195
15924,A,G,0,MT-TT,300,5,-0.000523686408996582
15928,G,A,0,MT-TT,300,5,-0.0012516975402832031
15990,C,T,1,MT-TP,300,5,-0.006680488586425781
591,C,T,1,MT-TF,300,6,0.007295727729797363
616,T,C,1,MT-TF,300,6,-0.00559687614440918
629,T,C,0,MT-TF,300,6,-0.0002913475036621094
1624,C,T,1,MT-TV,300,6,-0.0013551712036132812
1644,G,A,1,MT-TV,300,6,-0.002586185932159424
3242,G,A,1,MT-TL1,300,6,-0.008842825889587402
3243,A,G,1,MT-TL1,300,6,-0.012345314025878906
3243,A,T,1,MT-TL1,300,6,-0.032602906227111816
3251,A,G,1,MT-TL1,300,6,-0.005171418190002441
3252,A,G,1,MT-TL1,300,6,-0.0038101673126220703
3255,G,A,1,MT-TL1,300,6,-0.007732391357421875
3256,C,T,1,MT-TL1,300,6,-0.00655972957611084
3258,T,C,1,MT-TL1,300,6,-0.0015448331832885742
3260,A,G,1,MT-TL1,300,6,-0.005897223949432373
3271,T,C,1,MT-TL1,300,6,-0.003620624542236328
3291,T,C,1,MT-TL1,300,6,-0.0040471553802490234
3302,A,G,1,MT-TL1,300,6,-0.0021958351135253906
3303,C,T,1,MT-TL1,300,6,-0.005174398422241211
4300,A,G,1,MT-TI,300,6,-0.0031369924545288086
4336,T,C,0,MT-TQ,300,6,0.001069188117980957
4370,T,C,0,MT-TQ,300,6,-0.0001823902130126953
4450,G,A,1,MT-TM,300,6,-0.004655301570892334
4452,T,C,0,MT-TM,300,6,-0.002293109893798828
5521,G,A,1,MT-TW,300,6,-0.006615161895751953
5553,T,C,0,MT-TW,300,6,-0.0018296241760253906
5556,G,A,1,MT-TW,300,6,-0.005720794200897217
5650,G,A,1,MT-TA,300,6,-0.00458294153213501
5690,A,G,1,MT-TN,300,6,-0.006661355495452881
5703,G,A,1,MT-TN,300,6,0.00026303529739379883
5728,T,C,1,MT-TN,300,6,-0.002873718738555908
5814,T,C,0,MT-TC,300,6,-0.002604246139526367
7453,G,A,1,MT-TS1,300,6,0.00021839141845703125
7471,C,T,0,MT-TS1,300,6,0.0025687217712402344
7472,A,T,0,MT-TS1,300,6,-0.001946866512298584
7476,C,T,0,MT-TS1,300,6,0.0008459091186523438
7493,C,T,0,MT-TS1,300,6,-0.0024362802505493164
7497,G,A,1,MT-TS1,300,6,0.0019682645797729492
7498,G,A,0,MT-TS1,300,6,0.0030489563941955566
7510,T,C,1,MT-TS1,300,6,-0.0022049546241760254
7511,T,C,1,MT-TS1,300,6,-0.002013266086578369
7512,T,C,1,MT-TS1,300,6,0.0014537572860717773
8313,G,A,1,MT-TK,300,6,-0.008107542991638184
8340,G,A,1,MT-TK,300,6,-0.0026035308837890625
8344,A,G,1,MT-TK,300,6,-0.0011973381042480469
8348,A,G,0,MT-TK,300,6,-0.0016856193542480469
8356,T,C,1,MT-TK,300,6,-0.0016531944274902344
8363,G,A,1,MT-TK,300,6,-0.005343794822692871
10007,T,C,0,MT-TG,300,6,-0.0024396181106567383
10034,T,C,0,MT-TG,300,6,-0.0010633468627929688
10463,T,C,0,MT-TR,300,6,-0.0029597878456115723
12147,G,A,1,MT-TH,300,6,-0.010925889015197754
12201,T,C,1,MT-TH,300,6,-0.0031768083572387695
12239,C,T,0,MT-TS2,300,6,-0.0007785558700561523
12258,C,A,1,MT-TS2,300,6,-0.00888073444366455
12276,G,A,1,MT-TL2,300,6,-0.013353109359741211
12308,A,G,0,MT-TL2,300,6,-0.005613207817077637
12315,G,A,1,MT-TL2,300,6,-0.0059452056884765625
14674,T,C,1,MT-TE,300,6,-0.004803657531738281
14684,C,T,0,MT-TE,300,6,-0.0008265972137451172
14709,T,C,1,MT-TE,300,6,-0.004590332508087158
15894,G,A,0,MT-TT,300,6,-0.004509687423706055
15904,C,T,0,MT-TT,300,6,0.001464247703552246
15907,A,G,0,MT-TT,300,6,-0.0026259422302246094
15923,A,G,1,MT-TT,300,6,-0.003543257713317871
15924,A,G,0,MT-TT,300,6,0.00019621849060058594
15928,G,A,0,MT-TT,300,6,-0.0026564598083496094
15990,C,T,1,MT-TP,300,6,-0.005532622337341309
591,C,T,1,MT-TF,300,7,0.013208985328674316
616,T,C,1,MT-TF,300,7,-0.016013383865356445
629,T,C,0,MT-TF,300,7,0.0008213520050048828
1624,C,T,1,MT-TV,300,7,2.658367156982422e-05
1644,G,A,1,MT-TV,300,7,-0.0035004615783691406
3242,G,A,1,MT-TL1,300,7,-0.009499669075012207
3243,A,G,1,MT-TL1,300,7,-0.015289902687072754
3243,A,T,1,MT-TL1,300,7,-0.03301692008972168
3251,A,G,1,MT-TL1,300,7,-0.004232525825500488
3252,A,G,1,MT-TL1,300,7,-0.0037363171577453613
3255,G,A,1,MT-TL1,300,7,-0.007777214050292969
3256,C,T,1,MT-TL1,300,7,-0.0038306713104248047
3258,T,C,1,MT-TL1,300,7,-0.0018162131309509277
3260,A,G,1,MT-TL1,300,7,-0.008588790893554688
3271,T,C,1,MT-TL1,300,7,-0.004550457000732422
3291,T,C,1,MT-TL1,300,7,-0.0024875402450561523
3302,A,G,1,MT-TL1,300,7,-0.0005952715873718262
3303,C,T,1,MT-TL1,300,7,-0.006017744541168213
4300,A,G,1,MT-TI,300,7,-0.004898786544799805
4336,T,C,0,MT-TQ,300,7,2.2292137145996094e-05
4370,T,C,0,MT-TQ,300,7,-0.0010578632354736328
4450,G,A,1,MT-TM,300,7,-0.005534648895263672
4452,T,C,0,MT-TM,300,7,-0.001747429370880127
5521,G,A,1,MT-TW,300,7,-0.008125841617584229
5553,T,C,0,MT-TW,300,7,-0.003089725971221924
5556,G,A,1,MT-TW,300,7,-0.00602877140045166
5650,G,A,1,MT-TA,300,7,-0.002535521984100342
5690,A,G,1,MT-TN,300,7,-0.008107483386993408
5703,G,A,1,MT-TN,300,7,-0.0005556941032409668
5728,T,C,1,MT-TN,300,7,-0.0021088123321533203
5814,T,C,0,MT-TC,300,7,-0.0012851953506469727
7453,G,A,1,MT-TS1,300,7,-0.0032938122749328613
7471,C,T,0,MT-TS1,300,7,0.0034248828887939453
7472,A,T,0,MT-TS1,300,7,-0.0004634857177734375
7476,C,T,0,MT-TS1,300,7,0.0005218386650085449
7493,C,T,0,MT-TS1,300,7,-0.002213001251220703
7497,G,A,1,MT-TS1,300,7,-0.0008252859115600586
7498,G,A,0,MT-TS1,300,7,0.004061460494995117
7510,T,C,1,MT-TS1,300,7,-0.0005194544792175293
7511,T,C,1,MT-TS1,300,7,-0.0016605854034423828
7512,T,C,1,MT-TS1,300,7,0.0011719465255737305
8313,G,A,1,MT-TK,300,7,-0.008132100105285645
8340,G,A,1,MT-TK,300,7,-0.0027871131896972656
8344,A,G,1,MT-TK,300,7,-0.0019491910934448242
8348,A,G,0,MT-TK,300,7,-0.002481698989868164
8356,T,C,1,MT-TK,300,7,-0.0014164447784423828
8363,G,A,1,MT-TK,300,7,-0.006832242012023926
10007,T,C,0,MT-TG,300,7,-0.001444697380065918
10034,T,C,0,MT-TG,300,7,-0.0014379024505615234
10463,T,C,0,MT-TR,300,7,-0.004824995994567871
12147,G,A,1,MT-TH,300,7,-0.007923603057861328
12201,T,C,1,MT-TH,300,7,-0.0022759437561035156
12239,C,T,0,MT-TS2,300,7,-0.0016228556632995605
12258,C,A,1,MT-TS2,300,7,-0.009823322296142578
12276,G,A,1,MT-TL2,300,7,-0.013710379600524902
12308,A,G,0,MT-TL2,300,7,-0.0052880048751831055
12315,G,A,1,MT-TL2,300,7,-0.005882620811462402
14674,T,C,1,MT-TE,300,7,-0.004486083984375
14684,C,T,0,MT-TE,300,7,-0.0016532540321350098
14709,T,C,1,MT-TE,300,7,-0.0057334303855896
15894,G,A,0,MT-TT,300,7,-0.006590008735656738
15904,C,T,0,MT-TT,300,7,0.0004482269287109375
15907,A,G,0,MT-TT,300,7,-0.004610180854797363
15923,A,G,1,MT-TT,300,7,-0.004866600036621094
15924,A,G,0,MT-TT,300,7,-0.0016862154006958008
15928,G,A,0,MT-TT,300,7,-0.002455472946166992
15990,C,T,1,MT-TP,300,7,-0.007910728454589844
591,C,T,1,MT-TF,300,8,0.010702371597290039
616,T,C,1,MT-TF,300,8,-0.01046741008758545
629,T,C,0,MT-TF,300,8,0.0011060237884521484
1624,C,T,1,MT-TV,300,8,0.0005658864974975586
1644,G,A,1,MT-TV,300,8,-0.003911137580871582
3242,G,A,1,MT-TL1,300,8,-0.008377611637115479
3243,A,G,1,MT-TL1,300,8,-0.012675940990447998
3243,A,T,1,MT-TL1,300,8,-0.030662178993225098
3251,A,G,1,MT-TL1,300,8,-0.0067490339279174805
3252,A,G,1,MT-TL1,300,8,-0.005133688449859619
3255,G,A,1,MT-TL1,300,8,-0.00818091630935669
3256,C,T,1,MT-TL1,300,8,-0.00658184289932251
3258,T,C,1,MT-TL1,300,8,-1.3053417205810547e-05
3260,A,G,1,MT-TL1,300,8,-0.00557553768157959
3271,T,C,1,MT-TL1,300,8,-0.004117846488952637
3291,T,C,1,MT-TL1,300,8,-0.0046204328536987305
3302,A,G,1,MT-TL1,300,8,-0.0019707679748535156
3303,C,T,1,MT-TL1,300,8,-0.004739165306091309
4300,A,G,1,MT-TI,300,8,-0.0022271275520324707
4336,T,C,0,MT-TQ,300,8,-0.00034505128860473633
4370,T,C,0,MT-TQ,300,8,-0.0016840100288391113
4450,G,A,1,MT-TM,300,8,-0.004029631614685059
4452,T,C,0,MT-TM,300,8,-0.0002738833427429199
5521,G,A,1,MT-TW,300,8,-0.008670210838317871
5553,T,C,0,MT-TW,300,8,-0.004601180553436279
5556,G,A,1,MT-TW,300,8,-0.006434202194213867
5650,G,A,1,MT-TA,300,8,-0.0047171711921691895
5690,A,G,1,MT-TN,300,8,-0.006339907646179199
5703,G,A,1,MT-TN,300,8,4.1365623474121094e-05
5728,T,C,1,MT-TN,300,8,-0.001719653606414795
5814,T,C,0,MT-TC,300,8,-0.0008016824722290039
7453,G,A,1,MT-TS1,300,8,-0.0016987919807434082
7471,C,T,0,MT-TS1,300,8,0.002293109893798828
7472,A,T,0,MT-TS1,300,8,-0.0004974007606506348
7476,C,T,0,MT-TS1,300,8,0.0014328360557556152
7493,C,T,0,MT-TS1,300,8,-0.0004354715347290039
7497,G,A,1,MT-TS1,300,8,0.0008614659309387207
7498,G,A,0,MT-TS1,300,8,0.002086460590362549
7510,T,C,1,MT-TS1,300,8,-0.003542780876159668
7511,T,C,1,MT-TS1,300,8,-0.0028139352798461914
7512,T,C,1,MT-TS1,300,8,0.001736283302307129
8313,G,A,1,MT-TK,300,8,-0.010241866111755371
8340,G,A,1,MT-TK,300,8,-0.003699183464050293
8344,A,G,1,MT-TK,300,8,-0.001300215721130371
8348,A,G,0,MT-TK,300,8,-0.0019162893295288086
8356,T,C,1,MT-TK,300,8,-0.0010251998901367188
8363,G,A,1,MT-TK,300,8,-0.0056498050689697266
10007,T,C,0,MT-TG,300,8,-0.0023325085639953613
10034,T,C,0,MT-TG,300,8,-0.002034485340118408
10463,T,C,0,MT-TR,300,8,-0.002782106399536133
12147,G,A,1,MT-TH,300,8,-0.008013367652893066
12201,T,C,1,MT-TH,300,8,-0.0026012659072875977
12239,C,T,0,MT-TS2,300,8,-0.0008481740951538086
12258,C,A,1,MT-TS2,300,8,-0.011128067970275879
12276,G,A,1,MT-TL2,300,8,-0.01116323471069336
12308,A,G,0,MT-TL2,300,8,-0.0062073469161987305
12315,G,A,1,MT-TL2,300,8,-0.007822036743164062
14674,T,C,1,MT-TE,300,8,-0.0049457550048828125
14684,C,T,0,MT-TE,300,8,-0.0005993843078613281
14709,T,C,1,MT-TE,300,8,-0.0031603574752807617
15894,G,A,0,MT-TT,300,8,-0.004121303558349609
15904,C,T,0,MT-TT,300,8,0.0004787445068359375
15907,A,G,0,MT-TT,300,8,-0.0018767118453979492
15923,A,G,1,MT-TT,300,8,-0.007107734680175781
15924,A,G,0,MT-TT,300,8,-0.0009566545486450195
15928,G,A,0,MT-TT,300,8,-0.002562999725341797
15990,C,T,1,MT-TP,300,8,-0.006458282470703125
591,C,T,1,MT-TF,300,9,0.0182378888130188
616,T,C,1,MT-TF,300,9,-0.016986966133117676
629,T,C,0,MT-TF,300,9,0.0013666152954101562
1624,C,T,1,MT-TV,300,9,-0.0009201765060424805
1644,G,A,1,MT-TV,300,9,-0.003827989101409912
3242,G,A,1,MT-TL1,300,9,-0.009830594062805176
3243,A,G,1,MT-TL1,300,9,-0.01238173246383667
3243,A,T,1,MT-TL1,300,9,-0.034597575664520264
3251,A,G,1,MT-TL1,300,9,-0.0047512054443359375
3252,A,G,1,MT-TL1,300,9,-0.005715906620025635
3255,G,A,1,MT-TL1,300,9,-0.008588910102844238
3256,C,T,1,MT-TL1,300,9,-0.010079145431518555
3258,T,C,1,MT-TL1,300,9,-0.0025614500045776367
3260,A,G,1,MT-TL1,300,9,-0.006046116352081299
3271,T,C,1,MT-TL1,300,9,-0.00279390811920166
3291,T,C,1,MT-TL1,300,9,-0.0033327341079711914
3302,A,G,1,MT-TL1,300,9,-0.0026386380195617676
3303,C,T,1,MT-TL1,300,9,-0.005930006504058838
4300,A,G,1,MT-TI,300,9,-0.003768742084503174
4336,T,C,0,MT-TQ,300,9,-0.0013191699981689453
4370,T,C,0,MT-TQ,300,9,-0.002231001853942871
4450,G,A,1,MT-TM,300,9,-0.00537872314453125
4452,T,C,0,MT-TM,300,9,-0.000800013542175293
5521,G,A,1,MT-TW,300,9,-0.007145047187805176
5553,T,C,0,MT-TW,300,9,-0.002042412757873535
5556,G,A,1,MT-TW,300,9,-0.006196260452270508
5650,G,A,1,MT-TA,300,9,-0.005825638771057129
5690,A,G,1,MT-TN,300,9,-0.007747054100036621
5703,G,A,1,MT-TN,300,9,0.0016864538192749023
5728,T,C,1,MT-TN,300,9,-0.0012121200561523438
5814,T,C,0,MT-TC,300,9,-0.0016273856163024902
7453,G,A,1,MT-TS1,300,9,-0.0010660886764526367
7471,C,T,0,MT-TS1,300,9,0.004767417907714844
7472,A,T,0,MT-TS1,300,9,-0.0006250143051147461
7476,C,T,0,MT-TS1,300,9,0.0008738040924072266
7493,C,T,0,MT-TS1,300,9,-0.001683354377746582
7497,G,A,1,MT-TS1,300,9,-0.00028443336486816406
7498,G,A,0,MT-TS1,300,9,0.0008139610290527344
7510,T,C,1,MT-TS1,300,9,-0.000927269458770752
7511,T,C,1,MT-TS1,300,9,-0.0008678436279296875
7512,T,C,1,MT-TS1,300,9,0.0006694197654724121
8313,G,A,1,MT-TK,300,9,-0.008856773376464844
8340,G,A,1,MT-TK,300,9,-0.004840373992919922
8344,A,G,1,MT-TK,300,9,-0.0009599924087524414
8348,A,G,0,MT-TK,300,9,-0.0006964206695556641
8356,T,C,1,MT-TK,300,9,-0.002796173095703125
8363,G,A,1,MT-TK,300,9,-0.006588935852050781
10007,T,C,0,MT-TG,300,9,-0.0024673938751220703
10034,T,C,0,MT-TG,300,9,-0.001040637493133545
10463,T,C,0,MT-TR,300,9,-0.0022106170654296875
12147,G,A,1,MT-TH,300,9,-0.007863759994506836
12201,T,C,1,MT-TH,300,9,-0.0017168521881103516
12239,C,T,0,MT-TS2,300,9,-0.0023314952850341797
12258,C,A,1,MT-TS2,300,9,-0.008515119552612305
12276,G,A,1,MT-TL2,300,9,-0.011906147003173828
12308,A,G,0,MT-TL2,300,9,-0.005526065826416016
12315,G,A,1,MT-TL2,300,9,-0.007117033004760742
14674,T,C,1,MT-TE,300,9,-0.0029532909393310547
14684,C,T,0,MT-TE,300,9,-0.0008939504623413086
14709,T,C,1,MT-TE,300,9,-0.004446446895599365
15894,G,A,0,MT-TT,300,9,-0.004095196723937988
15904,C,T,0,MT-TT,300,9,0.002249479293823242
15907,A,G,0,MT-TT,300,9,-0.0022341012954711914
15923,A,G,1,MT-TT,300,9,-0.005768895149230957
15924,A,G,0,MT-TT,300,9,-0.0007816553115844727
15928,G,A,0,MT-TT,300,9,-0.0010671615600585938
15990,C,T,1,MT-TP,300,9,-0.007556319236755371
591,C,T,1,MT-TF,400,0,0.008028507232666016
616,T,C,1,MT-TF,400,0,-0.011876285076141357
629,T,C,0,MT-TF,400,0,0.0006114840507507324
1624,C,T,1,MT-TV,400,0,0.0009989738464355469
1644,G,A,1,MT-TV,400,0,-0.003520786762237549
3242,G,A,1,MT-TL1,400,0,-0.010863542556762695
3243,A,G,1,MT-TL1,400,0,-0.01285332441329956
3243,A,T,1,MT-TL1,400,0,-0.030248045921325684
3251,A,G,1,MT-TL1,400,0,-0.005926012992858887
3252,A,G,1,MT-TL1,400,0,-0.004775285720825195
3255,G,A,1,MT-TL1,400,0,-0.007863998413085938
3256,C,T,1,MT-TL1,400,0,-0.00838238000869751
3258,T,C,1,MT-TL1,400,0,-0.0025458335876464844
3260,A,G,1,MT-TL1,400,0,-0.007264494895935059
3271,T,C,1,MT-TL1,400,0,-0.0025077462196350098
3291,T,C,1,MT-TL1,400,0,-0.0026835203170776367
3302,A,G,1,MT-TL1,400,0,-0.0011551380157470703
3303,C,T,1,MT-TL1,400,0,-0.006660163402557373
4300,A,G,1,MT-TI,400,0,-0.004771769046783447
4336,T,C,0,MT-TQ,400,0,-0.00020933151245117188
4370,T,C,0,MT-TQ,400,0,-0.00106048583984375
4450,G,A,1,MT-TM,400,0,-0.0020539164543151855
4452,T,C,0,MT-TM,400,0,-0.001737833023071289
5521,G,A,1,MT-TW,400,0,-0.008507907390594482
5553,T,C,0,MT-TW,400,0,-0.0035229921340942383
5556,G,A,1,MT-TW,400,0,-0.004470467567443848
5650,G,A,1,MT-TA,400,0,-0.002563774585723877
5690,A,G,1,MT-TN,400,0,-0.00791466236114502
5703,G,A,1,MT-TN,400,0,0.0005182027816772461
5728,T,C,1,MT-TN,400,0,-0.002954840660095215
5814,T,C,0,MT-TC,400,0,-0.0014386177062988281
7453,G,A,1,MT-TS1,400,0,-0.006936609745025635
7471,C,T,0,MT-TS1,400,0,0.0016635656356811523
7472,A,T,0,MT-TS1,400,0,-0.0006587505340576172
7476,C,T,0,MT-TS1,400,0,-0.001843869686126709
7493,C,T,0,MT-TS1,400,0,-1.1324882507324219e-06
7497,G,A,1,MT-TS1,400,0,0.0005252957344055176
7498,G,A,0,MT-TS1,400,0,0.0014943480491638184
7510,T,C,1,MT-TS1,400,0,-0.003096163272857666
7511,T,C,1,MT-TS1,400,0,-0.00148850679397583
7512,T,C,1,MT-TS1,400,0,0.0008186101913452148
8313,G,A,1,MT-TK,400,0,-0.008754432201385498
8340,G,A,1,MT-TK,400,0,-0.0021424293518066406
8344,A,G,1,MT-TK,400,0,-0.0032954812049865723
8348,A,G,0,MT-TK,400,0,-0.0023656487464904785
8356,T,C,1,MT-TK,400,0,-0.0009971857070922852
8363,G,A,1,MT-TK,400,0,-0.007873773574829102
10007,T,C,0,MT-TG,400,0,-0.0016607046127319336
10034,T,C,0,MT-TG,400,0,-0.0009693503379821777
10463,T,C,0,MT-TR,400,0,-0.004114389419555664
12147,G,A,1,MT-TH,400,0,-0.007801055908203125
12201,T,C,1,MT-TH,400,0,-0.001524209976196289
12239,C,T,0,MT-TS2,400,0,-0.001138150691986084
12258,C,A,1,MT-TS2,400,0,-0.008078575134277344
12276,G,A,1,MT-TL2,400,0,-0.012837588787078857
12308,A,G,0,MT-TL2,400,0,-0.006001770496368408
12315,G,A,1,MT-TL2,400,0,-0.005517482757568359
14674,T,C,1,MT-TE,400,0,-0.0038271546363830566
14684,C,T,0,MT-TE,400,0,-0.0014944076538085938
14709,T,C,1,MT-TE,400,0,-0.004915833473205566
15894,G,A,0,MT-TT,400,0,-0.005469322204589844
15904,C,T,0,MT-TT,400,0,0.002391993999481201
15907,A,G,0,MT-TT,400,0,-0.006397068500518799
15923,A,G,1,MT-TT,400,0,-0.004753232002258301
15924,A,G,0,MT-TT,400,0,-0.002259373664855957
15928,G,A,0,MT-TT,400,0,-0.0024108290672302246
15990,C,T,1,MT-TP,400,0,-0.0064727067947387695
591,C,T,1,MT-TF,400,1,0.014147400856018066
616,T,C,1,MT-TF,400,1,-0.00786590576171875
629,T,C,0,MT-TF,400,1,0.002837836742401123
1624,C,T,1,MT-TV,400,1,0.0005452632904052734
1644,G,A,1,MT-TV,400,1,-0.0034847259521484375
3242,G,A,1,MT-TL1,400,1,-0.01115041971206665
3243,A,G,1,MT-TL1,400,1,-0.012445986270904541
3243,A,T,1,MT-TL1,400,1,-0.031428754329681396
3251,A,G,1,MT-TL1,400,1,-0.006051182746887207
3252,A,G,1,MT-TL1,400,1,-0.004203319549560547
3255,G,A,1,MT-TL1,400,1,-0.00853574275970459
3256,C,T,1,MT-TL1,400,1,-0.009586215019226074
3258,T,C,1,MT-TL1,400,1,-0.004587888717651367
3260,A,G,1,MT-TL1,400,1,-0.0077705979347229
3271,T,C,1,MT-TL1,400,1,-0.0023305416107177734
3291,T,C,1,MT-TL1,400,1,-0.0011807680130004883
3302,A,G,1,MT-TL1,400,1,-0.001483619213104248
3303,C,T,1,MT-TL1,400,1,-0.008079290390014648
4300,A,G,1,MT-TI,400,1,-0.0070770978927612305
4336,T,C,0,MT-TQ,400,1,0.0003725886344909668
4370,T,C,0,MT-TQ,400,1,-0.0015511512756347656
4450,G,A,1,MT-TM,400,1,-0.002721071243286133
4452,T,C,0,MT-TM,400,1,-0.0005801916122436523
5521,G,A,1,MT-TW,400,1,-0.006876885890960693
5553,T,C,0,MT-TW,400,1,-0.0054732561111450195
5556,G,A,1,MT-TW,400,1,-0.0048531293869018555
5650,G,A,1,MT-TA,400,1,-0.005102276802062988
5690,A,G,1,MT-TN,400,1,-0.008079886436462402
5703,G,A,1,MT-TN,400,1,0.002265453338623047
5728,T,C,1,MT-TN,400,1,-0.00028008222579956055
5814,T,C,0,MT-TC,400,1,-0.0019096136093139648
7453,G,A,1,MT-TS1,400,1,-0.006721377372741699
7471,C,T,0,MT-TS1,400,1,0.004671275615692139
7472,A,T,0,MT-TS1,400,1,-0.0008310675621032715
7476,C,T,0,MT-TS1,400,1,0.00023245811462402344
7493,C,T,0,MT-TS1,400,1,-0.0017188191413879395
7497,G,A,1,MT-TS1,400,1,-0.0009595751762390137
7498,G,A,0,MT-TS1,400,1,0.003247976303100586
7510,T,C,1,MT-TS1,400,1,-0.0028241872787475586
7511,T,C,1,MT-TS1,400,1,-0.0026069283485412598
7512,T,C,1,MT-TS1,400,1,-0.00014638900756835938
8313,G,A,1,MT-TK,400,1,-0.010256588459014893
8340,G,A,1,MT-TK,400,1,-0.0032671093940734863
8344,A,G,1,MT-TK,400,1,-0.0004919171333312988
8348,A,G,0,MT-TK,400,1,-0.0014927387237548828
8356,T,C,1,MT-TK,400,1,-0.0011815428733825684
8363,G,A,1,MT-TK,400,1,-0.005095839500427246
10007,T,C,0,MT-TG,400,1,-0.0014096498489379883
10034,T,C,0,MT-TG,400,1,-0.0011177659034729004
10463,T,C,0,MT-TR,400,1,-0.0028663277626037598
12147,G,A,1,MT-TH,400,1,-0.007958829402923584
12201,T,C,1,MT-TH,400,1,-0.0019652247428894043
12239,C,T,0,MT-TS2,400,1,-0.0013877153396606445
12258,C,A,1,MT-TS2,400,1,-0.008176088333129883
12276,G,A,1,MT-TL2,400,1,-0.011401236057281494
12308,A,G,0,MT-TL2,400,1,-0.007754921913146973
12315,G,A,1,MT-TL2,400,1,-0.005980849266052246
14674,T,C,1,MT-TE,400,1,-0.005158424377441406
14684,C,T,0,MT-TE,400,1,-0.002211153507232666
14709,T,C,1,MT-TE,400,1,-0.004487335681915283
15894,G,A,0,MT-TT,400,1,-0.005765855312347412
15904,C,T,0,MT-TT,400,1,0.0017275214195251465
15907,A,G,0,MT-TT,400,1,-0.0050585269927978516
15923,A,G,1,MT-TT,400,1,-0.003973662853240967
15924,A,G,0,MT-TT,400,1,-0.0004010200500488281
15928,G,A,0,MT-TT,400,1,-0.0030993223190307617
15990,C,T,1,MT-TP,400,1,-0.006827116012573242
591,C,T,1,MT-TF,400,2,0.009735524654388428
616,T,C,1,MT-TF,400,2,-0.020903408527374268
629,T,C,0,MT-TF,400,2,0.0005499720573425293
1624,C,T,1,MT-TV,400,2,0.000751495361328125
1644,G,A,1,MT-TV,400,2,-0.004150032997131348
3242,G,A,1,MT-TL1,400,2,-0.010692954063415527
3243,A,G,1,MT-TL1,400,2,-0.0153847336769104
3243,A,T,1,MT-TL1,400,2,-0.03073185682296753
3251,A,G,1,MT-TL1,400,2,-0.005737900733947754
3252,A,G,1,MT-TL1,400,2,-0.0034926533699035645
3255,G,A,1,MT-TL1,400,2,-0.006386876106262207
3256,C,T,1,MT-TL1,400,2,-0.008050322532653809
3258,T,C,1,MT-TL1,400,2,-0.003129899501800537
3260,A,G,1,MT-TL1,400,2,-0.006810247898101807
3271,T,C,1,MT-TL1,400,2,-0.001346588134765625
3291,T,C,1,MT-TL1,400,2,-0.005612790584564209
3302,A,G,1,MT-TL1,400,2,9.119510650634766e-06
3303,C,T,1,MT-TL1,400,2,-0.006620049476623535
4300,A,G,1,MT-TI,400,2,-0.0032212138175964355
4336,T,C,0,MT-TQ,400,2,0.00013589859008789062
4370,T,C,0,MT-TQ,400,2,-0.0021900534629821777
4450,G,A,1,MT-TM,400,2,-0.004001021385192871
4452,T,C,0,MT-TM,400,2,-0.001162409782409668
5521,G,A,1,MT-TW,400,2,-0.008591055870056152
5553,T,C,0,MT-TW,400,2,-0.0024430155754089355
5556,G,A,1,MT-TW,400,2,-0.005289912223815918
5650,G,A,1,MT-TA,400,2,-0.004795074462890625
5690,A,G,1,MT-TN,400,2,-0.007836997509002686
5703,G,A,1,MT-TN,400,2,0.00021582841873168945
5728,T,C,1,MT-TN,400,2,-0.002149224281311035
5814,T,C,0,MT-TC,400,2,-0.0014957785606384277
7453,G,A,1,MT-TS1,400,2,-0.006047189235687256
7471,C,T,0,MT-TS1,400,2,0.0022796988487243652
7472,A,T,0,MT-TS1,400,2,0.001092374324798584
7476,C,T,0,MT-TS1,400,2,-0.0006107687950134277
7493,C,T,0,MT-TS1,400,2,-0.0002530217170715332
7497,G,A,1,MT-TS1,400,2,0.00045180320739746094
7498,G,A,0,MT-TS1,400,2,0.002461671829223633
7510,T,C,1,MT-TS1,400,2,-0.002535879611968994
7511,T,C,1,MT-TS1,400,2,-0.003763556480407715
7512,T,C,1,MT-TS1,400,2,0.0012688636779785156
8313,G,A,1,MT-TK,400,2,-0.0068738460540771484
8340,G,A,1,MT-TK,400,2,-0.0022640228271484375
8344,A,G,1,MT-TK,400,2,-0.0027721524238586426
8348,A,G,0,MT-TK,400,2,-0.001588284969329834
8356,T,C,1,MT-TK,400,2,-0.0021129846572875977
8363,G,A,1,MT-TK,400,2,-0.006554245948791504
10007,T,C,0,MT-TG,400,2,-0.0014170408248901367
10034,T,C,0,MT-TG,400,2,-0.0019162297248840332
10463,T,C,0,MT-TR,400,2,-0.0023865103721618652
12147,G,A,1,MT-TH,400,2,-0.00765305757522583
12201,T,C,1,MT-TH,400,2,-0.0036495327949523926
12239,C,T,0,MT-TS2,400,2,-0.0015344023704528809
12258,C,A,1,MT-TS2,400,2,-0.010533630847930908
12276,G,A,1,MT-TL2,400,2,-0.011710643768310547
12308,A,G,0,MT-TL2,400,2,-0.005412697792053223
12315,G,A,1,MT-TL2,400,2,-0.006162822246551514
14674,T,C,1,MT-TE,400,2,-0.006268322467803955
14684,C,T,0,MT-TE,400,2,0.0012630820274353027
14709,T,C,1,MT-TE,400,2,-0.004463374614715576
15894,G,A,0,MT-TT,400,2,-0.005982697010040283
15904,C,T,0,MT-TT,400,2,0.0014893412590026855
15907,A,G,0,MT-TT,400,2,-0.0033357739448547363
15923,A,G,1,MT-TT,400,2,-0.004810631275177002
15924,A,G,0,MT-TT,400,2,-0.000637054443359375
15928,G,A,0,MT-TT,400,2,-0.0015417933464050293
15990,C,T,1,MT-TP,400,2,-0.008523941040039062
591,C,T,1,MT-TF,400,3,0.013755202293395996
616,T,C,1,MT-TF,400,3,-0.010013103485107422
629,T,C,0,MT-TF,400,3,0.000662386417388916
1624,C,T,1,MT-TV,400,3,-0.0013442635536193848
1644,G,A,1,MT-TV,400,3,-0.004878699779510498
3242,G,A,1,MT-TL1,400,3,-0.011008620262145996
3243,A,G,1,MT-TL1,400,3,-0.01342916488647461
3243,A,T,1,MT-TL1,400,3,-0.033449649810791016
3251,A,G,1,MT-TL1,400,3,-0.005347788333892822
3252,A,G,1,MT-TL1,400,3,-0.003505229949951172
3255,G,A,1,MT-TL1,400,3,-0.007890880107879639
3256,C,T,1,MT-TL1,400,3,-0.008515119552612305
3258,T,C,1,MT-TL1,400,3,-0.003784775733947754
3260,A,G,1,MT-TL1,400,3,-0.007894039154052734
3271,T,C,1,MT-TL1,400,3,-0.002923250198364258
3291,T,C,1,MT-TL1,400,3,-0.003608882427215576
3302,A,G,1,MT-TL1,400,3,-0.0007616877555847168
3303,C,T,1,MT-TL1,400,3,-0.004870176315307617
4300,A,G,1,MT-TI,400,3,-0.005211293697357178
4336,T,C,0,MT-TQ,400,3,0.0005074739456176758
4370,T,C,0,MT-TQ,400,3,-0.0005044341087341309
4450,G,A,1,MT-TM,400,3,-0.004996895790100098
4452,T,C,0,MT-TM,400,3,-0.0004215240478515625
5521,G,A,1,MT-TW,400,3,-0.007173657417297363
5553,T,C,0,MT-TW,400,3,-0.0027315616607666016
5556,G,A,1,MT-TW,400,3,-0.006077170372009277
5650,G,A,1,MT-TA,400,3,-0.004362523555755615
5690,A,G,1,MT-TN,400,3,-0.006785750389099121
5703,G,A,1,MT-TN,400,3,0.0010223388671875
5728,T,C,1,MT-TN,400,3,-0.0029588937759399414
5814,T,C,0,MT-TC,400,3,-0.0019208788871765137
7453,G,A,1,MT-TS1,400,3,-0.004885435104370117
7471,C,T,0,MT-TS1,400,3,0.0030394792556762695
7472,A,T,0,MT-TS1,400,3,0.0011888742446899414
7476,C,T,0,MT-TS1,400,3,-0.001584470272064209
7493,C,T,0,MT-TS1,400,3,-0.0023124217987060547
7497,G,A,1,MT-TS1,400,3,-0.0010764598846435547
7498,G,A,0,MT-TS1,400,3,0.0018330812454223633
7510,T,C,1,MT-TS1,400,3,-0.0016508102416992188
7511,T,C,1,MT-TS1,400,3,-0.0026499032974243164
7512,T,C,1,MT-TS1,400,3,0.0036641359329223633
8313,G,A,1,MT-TK,400,3,-0.008232355117797852
8340,G,A,1,MT-TK,400,3,-0.0026717782020568848
8344,A,G,1,MT-TK,400,3,-0.0011636614799499512
8348,A,G,0,MT-TK,400,3,-0.001837015151977539
8356,T,C,1,MT-TK,400,3,-0.0025214552879333496
8363,G,A,1,MT-TK,400,3,-0.0059452056884765625
10007,T,C,0,MT-TG,400,3,-0.002801179885864258
10034,T,C,0,MT-TG,400,3,-0.0004099607467651367
10463,T,C,0,MT-TR,400,3,-0.001973867416381836
12147,G,A,1,MT-TH,400,3,-0.006402134895324707
12201,T,C,1,MT-TH,400,3,-0.0041959285736083984
12239,C,T,0,MT-TS2,400,3,-0.0016977787017822266
12258,C,A,1,MT-TS2,400,3,-0.007306218147277832
12276,G,A,1,MT-TL2,400,3,-0.01168888807296753
12308,A,G,0,MT-TL2,400,3,-0.005201816558837891
12315,G,A,1,MT-TL2,400,3,-0.006791472434997559
14674,T,C,1,MT-TE,400,3,-0.004429459571838379
14684,C,T,0,MT-TE,400,3,-0.0025213956832885742
14709,T,C,1,MT-TE,400,3,-0.004293859004974365
15894,G,A,0,MT-TT,400,3,-0.005200803279876709
15904,C,T,0,MT-TT,400,3,0.0021167993545532227
15907,A,G,0,MT-TT,400,3,-0.004968225955963135
15923,A,G,1,MT-TT,400,3,-0.004673361778259277
15924,A,G,0,MT-TT,400,3,-0.001135408878326416
15928,G,A,0,MT-TT,400,3,-0.0017197728157043457
15990,C,T,1,MT-TP,400,3,-0.007300376892089844
591,C,T,1,MT-TF,400,4,0.009968698024749756
616,T,C,1,MT-TF,400,4,-0.013287901878356934
629,T,C,0,MT-TF,400,4,8.988380432128906e-05
1624,C,T,1,MT-TV,400,4,0.0003770589828491211
1644,G,A,1,MT-TV,400,4,-0.0028876662254333496
3242,G,A,1,MT-TL1,400,4,-0.010254859924316406
3243,A,G,1,MT-TL1,400,4,-0.014559626579284668
3243,A,T,1,MT-TL1,400,4,-0.03531086444854736
3251,A,G,1,MT-TL1,400,4,-0.006456315517425537
3252,A,G,1,MT-TL1,400,4,-0.0034485459327697754
3255,G,A,1,MT-TL1,400,4,-0.0076653361320495605
3256,C,T,1,MT-TL1,400,4,-0.009487509727478027
3258,T,C,1,MT-TL1,400,4,-0.0037258267402648926
3260,A,G,1,MT-TL1,400,4,-0.005134761333465576
3271,T,C,1,MT-TL1,400,4,-0.0018385052680969238
3291,T,C,1,MT-TL1,400,4,-0.004045546054840088
3302,A,G,1,MT-TL1,400,4,0.0004976987838745117
3303,C,T,1,MT-TL1,400,4,-0.005338847637176514
4300,A,G,1,MT-TI,400,4,-0.004855692386627197
4336,T,C,0,MT-TQ,400,4,-0.0002665519714355469
4370,T,C,0,MT-TQ,400,4,-0.00023877620697021484
4450,G,A,1,MT-TM,400,4,-0.0026237964630126953
4452,T,C,0,MT-TM,400,4,-0.001433253288269043
5521,G,A,1,MT-TW,400,4,-0.0058934688568115234
5553,T,C,0,MT-TW,400,4,-0.002470552921295166
5556,G,A,1,MT-TW,400,4,-0.0035896897315979004
5650,G,A,1,MT-TA,400,4,-0.0054988861083984375
5690,A,G,1,MT-TN,400,4,-0.00794297456741333
5703,G,A,1,MT-TN,400,4,0.001980304718017578
5728,T,C,1,MT-TN,400,4,-0.0022649765014648438
5814,T,C,0,MT-TC,400,4,-0.0020847320556640625
7453,G,A,1,MT-TS1,400,4,-0.005782425403594971
7471,C,T,0,MT-TS1,400,4,0.004095315933227539
7472,A,T,0,MT-TS1,400,4,-0.0009490251541137695
7476,C,T,0,MT-TS1,400,4,0.0002854466438293457
7493,C,T,0,MT-TS1,400,4,-0.0011867284774780273
7497,G,A,1,MT-TS1,400,4,-0.001215815544128418
7498,G,A,0,MT-TS1,400,4,0.002775728702545166
7510,T,C,1,MT-TS1,400,4,-0.0031690001487731934
7511,T,C,1,MT-TS1,400,4,-0.001526951789855957
7512,T,C,1,MT-TS1,400,4,0.0005335807800292969
8313,G,A,1,MT-TK,400,4,-0.009895920753479004
8340,G,A,1,MT-TK,400,4,-0.003176391124725342
8344,A,G,1,MT-TK,400,4,-0.002564072608947754
8348,A,G,0,MT-TK,400,4,-0.0023846030235290527
8356,T,C,1,MT-TK,400,4,-0.0019963979721069336
8363,G,A,1,MT-TK,400,4,-0.004857838153839111
10007,T,C,0,MT-TG,400,4,-0.0027674436569213867
10034,T,C,0,MT-TG,400,4,-0.0007888078689575195
10463,T,C,0,MT-TR,400,4,-0.004413247108459473
12147,G,A,1,MT-TH,400,4,-0.006125688552856445
12201,T,C,1,MT-TH,400,4,-0.0014292597770690918
12239,C,T,0,MT-TS2,400,4,-0.0005432367324829102
12258,C,A,1,MT-TS2,400,4,-0.008692681789398193
12276,G,A,1,MT-TL2,400,4,-0.012510299682617188
12308,A,G,0,MT-TL2,400,4,-0.005260825157165527
12315,G,A,1,MT-TL2,400,4,-0.007585763931274414
14674,T,C,1,MT-TE,400,4,-0.004279971122741699
14684,C,T,0,MT-TE,400,4,-0.0008803009986877441
14709,T,C,1,MT-TE,400,4,-0.003793001174926758
15894,G,A,0,MT-TT,400,4,-0.005300462245941162
15904,C,T,0,MT-TT,400,4,0.0018282532691955566
15907,A,G,0,MT-TT,400,4,-0.005030930042266846
15923,A,G,1,MT-TT,400,4,-0.0035583972930908203
15924,A,G,0,MT-TT,400,4,-0.0021113157272338867
15928,G,A,0,MT-TT,400,4,-0.0026208162307739258
15990,C,T,1,MT-TP,400,4,-0.008165955543518066
591,C,T,1,MT-TF,400,5,0.008556485176086426
616,T,C,1,MT-TF,400,5,-0.011646389961242676
629,T,C,0,MT-TF,400,5,0.00033587217330932617
1624,C,T,1,MT-TV,400,5,0.00022327899932861328
1644,G,A,1,MT-TV,400,5,-0.0020818710327148438
3242,G,A,1,MT-TL1,400,5,-0.0072686076164245605
3243,A,G,1,MT-TL1,400,5,-0.013898730278015137
3243,A,T,1,MT-TL1,400,5,-0.02861851453781128
3251,A,G,1,MT-TL1,400,5,-0.006257057189941406
3252,A,G,1,MT-TL1,400,5,-0.005015134811401367
3255,G,A,1,MT-TL1,400,5,-0.007988035678863525
3256,C,T,1,MT-TL1,400,5,-0.011181771755218506
3258,T,C,1,MT-TL1,400,5,-0.0033507347106933594
3260,A,G,1,MT-TL1,400,5,-0.007558941841125488
3271,T,C,1,MT-TL1,400,5,-0.0032314658164978027
3291,T,C,1,MT-TL1,400,5,-0.002027451992034912
3302,A,G,1,MT-TL1,400,5,-0.001766204833984375
3303,C,T,1,MT-TL1,400,5,-0.006519317626953125
4300,A,G,1,MT-TI,400,5,-0.00366896390914917
4336,T,C,0,MT-TQ,400,5,0.00038319826126098633
4370,T,C,0,MT-TQ,400,5,0.0004711151123046875
4450,G,A,1,MT-TM,400,5,-0.005209565162658691
4452,T,C,0,MT-TM,400,5,-0.0015291571617126465
5521,G,A,1,MT-TW,400,5,-0.007082164287567139
5553,T,C,0,MT-TW,400,5,-0.0015745162963867188
5556,G,A,1,MT-TW,400,5,-0.0052751898765563965
5650,G,A,1,MT-TA,400,5,-0.0073160529136657715
5690,A,G,1,MT-TN,400,5,-0.006958484649658203
5703,G,A,1,MT-TN,400,5,0.0022569894790649414
5728,T,C,1,MT-TN,400,5,-0.0013819336891174316
5814,T,C,0,MT-TC,400,5,-0.0018405318260192871
7453,G,A,1,MT-TS1,400,5,-0.0050678253173828125
7471,C,T,0,MT-TS1,400,5,0.003558814525604248
7472,A,T,0,MT-TS1,400,5,-0.000493466854095459
7476,C,T,0,MT-TS1,400,5,-0.0011156797409057617
7493,C,T,0,MT-TS1,400,5,-0.0027830004692077637
7497,G,A,1,MT-TS1,400,5,-0.0005835294723510742
7498,G,A,0,MT-TS1,400,5,0.0014461278915405273
7510,T,C,1,MT-TS1,400,5,-0.002480745315551758
7511,T,C,1,MT-TS1,400,5,-0.0013141632080078125
7512,T,C,1,MT-TS1,400,5,0.0008002519607543945
8313,G,A,1,MT-TK,400,5,-0.008662045001983643
8340,G,A,1,MT-TK,400,5,-0.004155457019805908
8344,A,G,1,MT-TK,400,5,-0.0010846257209777832
8348,A,G,0,MT-TK,400,5,-0.003013134002685547
8356,T,C,1,MT-TK,400,5,-0.0030099153518676758
8363,G,A,1,MT-TK,400,5,-0.006989777088165283
10007,T,C,0,MT-TG,400,5,-0.00034362077713012695
10034,T,C,0,MT-TG,400,5,-0.0017344951629638672
10463,T,C,0,MT-TR,400,5,-0.0036122798919677734
12147,G,A,1,MT-TH,400,5,-0.006730258464813232
12201,T,C,1,MT-TH,400,5,-0.004228711128234863
12239,C,T,0,MT-TS2,400,5,-0.0011962056159973145
12258,C,A,1,MT-TS2,400,5,-0.008723318576812744
12276,G,A,1,MT-TL2,400,5,-0.011076211929321289
12308,A,G,0,MT-TL2,400,5,-0.006144404411315918
12315,G,A,1,MT-TL2,400,5,-0.007082760334014893
14674,T,C,1,MT-TE,400,5,-0.003893613815307617
14684,C,T,0,MT-TE,400,5,-0.00232851505279541
14709,T,C,1,MT-TE,400,5,-0.005088686943054199
15894,G,A,0,MT-TT,400,5,-0.006423473358154297
15904,C,T,0,MT-TT,400,5,0.0016090869903564453
15907,A,G,0,MT-TT,400,5,-0.004545331001281738
15923,A,G,1,MT-TT,400,5,-0.004538595676422119
15924,A,G,0,MT-TT,400,5,0.0005657076835632324
15928,G,A,0,MT-TT,400,5,-0.00125962495803833
15990,C,T,1,MT-TP,400,5,-0.008216142654418945
591,C,T,1,MT-TF,400,6,0.010561704635620117
616,T,C,1,MT-TF,400,6,-0.011111736297607422
629,T,C,0,MT-TF,400,6,0.001061558723449707
1624,C,T,1,MT-TV,400,6,-0.0008275508880615234
1644,G,A,1,MT-TV,400,6,-0.005796074867248535
3242,G,A,1,MT-TL1,400,6,-0.010685145854949951
3243,A,G,1,MT-TL1,400,6,-0.01397716999053955
3243,A,T,1,MT-TL1,400,6,-0.031577348709106445
3251,A,G,1,MT-TL1,400,6,-0.006204009056091309
3252,A,G,1,MT-TL1,400,6,-0.004879772663116455
3255,G,A,1,MT-TL1,400,6,-0.005332469940185547
3256,C,T,1,MT-TL1,400,6,-0.008874654769897461
3258,T,C,1,MT-TL1,400,6,-0.002571403980255127
3260,A,G,1,MT-TL1,400,6,-0.00733637809753418
3271,T,C,1,MT-TL1,400,6,-0.0024864673614501953
3291,T,C,1,MT-TL1,400,6,-0.004553794860839844
3302,A,G,1,MT-TL1,400,6,-0.002976059913635254
3303,C,T,1,MT-TL1,400,6,-0.007054746150970459
4300,A,G,1,MT-TI,400,6,-0.004069030284881592
4336,T,C,0,MT-TQ,400,6,-0.0020876526832580566
4370,T,C,0,MT-TQ,400,6,-0.001141965389251709
4450,G,A,1,MT-TM,400,6,-0.003498554229736328
4452,T,C,0,MT-TM,400,6,-0.00035965442657470703
5521,G,A,1,MT-TW,400,6,-0.006962418556213379
5553,T,C,0,MT-TW,400,6,-0.003982245922088623
5556,G,A,1,MT-TW,400,6,-0.005349278450012207
5650,G,A,1,MT-TA,400,6,-0.003128528594970703
5690,A,G,1,MT-TN,400,6,-0.008575618267059326
5703,G,A,1,MT-TN,400,6,-0.0005795955657958984
5728,T,C,1,MT-TN,400,6,-0.0026906728744506836
5814,T,C,0,MT-TC,400,6,-0.0015704631805419922
7453,G,A,1,MT-TS1,400,6,-0.005473017692565918
7471,C,T,0,MT-TS1,400,6,0.004602789878845215
7472,A,T,0,MT-TS1,400,6,-0.00017189979553222656
7476,C,T,0,MT-TS1,400,6,-0.00220334529876709
7493,C,T,0,MT-TS1,400,6,-0.000517427921295166
7497,G,A,1,MT-TS1,400,6,0.000767827033996582
7498,G,A,0,MT-TS1,400,6,0.003388702869415283
7510,T,C,1,MT-TS1,400,6,-0.003410935401916504
7511,T,C,1,MT-TS1,400,6,-0.001671135425567627
7512,T,C,1,MT-TS1,400,6,0.001657247543334961
8313,G,A,1,MT-TK,400,6,-0.007345855236053467
8340,G,A,1,MT-TK,400,6,-0.002906501293182373
8344,A,G,1,MT-TK,400,6,-0.0009323358535766602
8348,A,G,0,MT-TK,400,6,-0.0012916326522827148
8356,T,C,1,MT-TK,400,6,-0.0008671283721923828
8363,G,A,1,MT-TK,400,6,-0.005630970001220703
10007,T,C,0,MT-TG,400,6,-0.0027884840965270996
10034,T,C,0,MT-TG,400,6,-0.002250075340270996
10463,T,C,0,MT-TR,400,6,-0.0011482834815979004
12147,G,A,1,MT-TH,400,6,-0.006404757499694824
12201,T,C,1,MT-TH,400,6,-0.0020058155059814453
12239,C,T,0,MT-TS2,400,6,-0.0008769035339355469
12258,C,A,1,MT-TS2,400,6,-0.011978507041931152
12276,G,A,1,MT-TL2,400,6,-0.012144327163696289
12308,A,G,0,MT-TL2,400,6,-0.005378127098083496
12315,G,A,1,MT-TL2,400,6,-0.007456064224243164
14674,T,C,1,MT-TE,400,6,-0.004318416118621826
14684,C,T,0,MT-TE,400,6,-0.002445995807647705
14709,T,C,1,MT-TE,400,6,-0.0040950775146484375
15894,G,A,0,MT-TT,400,6,-0.006073594093322754
15904,C,T,0,MT-TT,400,6,0.0011304616928100586
15907,A,G,0,MT-TT,400,6,-0.005964696407318115
15923,A,G,1,MT-TT,400,6,-0.004387378692626953
15924,A,G,0,MT-TT,400,6,-0.0016762018203735352
15928,G,A,0,MT-TT,400,6,-0.0025797486305236816
15990,C,T,1,MT-TP,400,6,-0.008023500442504883
591,C,T,1,MT-TF,400,7,0.011749267578125
616,T,C,1,MT-TF,400,7,-0.018940269947052002
629,T,C,0,MT-TF,400,7,0.00179368257522583
1624,C,T,1,MT-TV,400,7,-0.0015043020248413086
1644,G,A,1,MT-TV,400,7,-0.003459155559539795
3242,G,A,1,MT-TL1,400,7,-0.011088967323303223
3243,A,G,1,MT-TL1,400,7,-0.013660132884979248
3243,A,T,1,MT-TL1,400,7,-0.03041088581085205
3251,A,G,1,MT-TL1,400,7,-0.005766093730926514
3252,A,G,1,MT-TL1,400,7,-0.006159067153930664
3255,G,A,1,MT-TL1,400,7,-0.0075571537017822266
3256,C,T,1,MT-TL1,400,7,-0.00903385877609253
3258,T,C,1,MT-TL1,400,7,-0.002240777015686035
3260,A,G,1,MT-TL1,400,7,-0.008785724639892578
3271,T,C,1,MT-TL1,400,7,-0.0036342740058898926
3291,T,C,1,MT-TL1,400,7,-0.0015660524368286133
3302,A,G,1,MT-TL1,400,7,-0.00016355514526367188
3303,C,T,1,MT-TL1,400,7,-0.00777667760848999
4300,A,G,1,MT-TI,400,7,-0.005213916301727295
4336,T,C,0,MT-TQ,400,7,-0.0016504526138305664
4370,T,C,0,MT-TQ,400,7,-0.0019025206565856934
4450,G,A,1,MT-TM,400,7,-0.004349768161773682
4452,T,C,0,MT-TM,400,7,-0.0009806156158447266
5521,G,A,1,MT-TW,400,7,-0.007739245891571045
5553,T,C,0,MT-TW,400,7,-0.004067838191986084
5556,G,A,1,MT-TW,400,7,-0.004998445510864258
5650,G,A,1,MT-TA,400,7,-0.003712177276611328
5690,A,G,1,MT-TN,400,7,-0.008934736251831055
5703,G,A,1,MT-TN,400,7,0.0003687739372253418
5728,T,C,1,MT-TN,400,7,-0.001149296760559082
5814,T,C,0,MT-TC,400,7,-0.0007399320602416992
7453,G,A,1,MT-TS1,400,7,-0.006006181240081787
7471,C,T,0,MT-TS1,400,7,0.0038010478019714355
7472,A,T,0,MT-TS1,400,7,0.00033545494079589844
7476,C,T,0,MT-TS1,400,7,-0.0013977289199829102
7493,C,T,0,MT-TS1,400,7,-0.00032782554626464844
7497,G,A,1,MT-TS1,400,7,0.00018614530563354492
7498,G,A,0,MT-TS1,400,7,0.0020728111267089844
7510,T,C,1,MT-TS1,400,7,-0.0015414953231811523
7511,T,C,1,MT-TS1,400,7,-0.002324700355529785
7512,T,C,1,MT-TS1,400,7,0.000376284122467041
8313,G,A,1,MT-TK,400,7,-0.009663283824920654
8340,G,A,1,MT-TK,400,7,-0.0019182562828063965
8344,A,G,1,MT-TK,400,7,-0.0022879838943481445
8348,A,G,0,MT-TK,400,7,-0.0018519759178161621
8356,T,C,1,MT-TK,400,7,-0.0011684894561767578
8363,G,A,1,MT-TK,400,7,-0.004295825958251953
10007,T,C,0,MT-TG,400,7,-0.0016287565231323242
10034,T,C,0,MT-TG,400,7,-0.00012969970703125
10463,T,C,0,MT-TR,400,7,-0.0027101635932922363
12147,G,A,1,MT-TH,400,7,-0.006570935249328613
12201,T,C,1,MT-TH,400,7,-0.002799510955810547
12239,C,T,0,MT-TS2,400,7,0.0014632940292358398
12258,C,A,1,MT-TS2,400,7,-0.009210526943206787
12276,G,A,1,MT-TL2,400,7,-0.011532008647918701
12308,A,G,0,MT-TL2,400,7,-0.007028102874755859
12315,G,A,1,MT-TL2,400,7,-0.008465707302093506
14674,T,C,1,MT-TE,400,7,-0.0046187639236450195
14684,C,T,0,MT-TE,400,7,-0.001344144344329834
14709,T,C,1,MT-TE,400,7,-0.003630399703979492
15894,G,A,0,MT-TT,400,7,-0.004416227340698242
15904,C,T,0,MT-TT,400,7,0.0005192756652832031
15907,A,G,0,MT-TT,400,7,-0.0044640302658081055
15923,A,G,1,MT-TT,400,7,-0.0024765729904174805
15924,A,G,0,MT-TT,400,7,-0.0018388032913208008
15928,G,A,0,MT-TT,400,7,-0.001976907253265381
15990,C,T,1,MT-TP,400,7,-0.008291006088256836
591,C,T,1,MT-TF,400,8,0.0069928765296936035
616,T,C,1,MT-TF,400,8,-0.007879436016082764
629,T,C,0,MT-TF,400,8,0.002234041690826416
1624,C,T,1,MT-TV,400,8,-0.00014096498489379883
1644,G,A,1,MT-TV,400,8,-0.0035698413848876953
3242,G,A,1,MT-TL1,400,8,-0.010105311870574951
3243,A,G,1,MT-TL1,400,8,-0.012379109859466553
3243,A,T,1,MT-TL1,400,8,-0.03175818920135498
3251,A,G,1,MT-TL1,400,8,-0.004056751728057861
3252,A,G,1,MT-TL1,400,8,-0.004018604755401611
3255,G,A,1,MT-TL1,400,8,-0.009148240089416504
3256,C,T,1,MT-TL1,400,8,-0.009553134441375732
3258,T,C,1,MT-TL1,400,8,-0.0031021833419799805
3260,A,G,1,MT-TL1,400,8,-0.00826340913772583
3271,T,C,1,MT-TL1,400,8,-0.005373537540435791
3291,T,C,1,MT-TL1,400,8,-0.0015845894813537598
3302,A,G,1,MT-TL1,400,8,-0.0003758072853088379
3303,C,T,1,MT-TL1,400,8,-0.006982922554016113
4300,A,G,1,MT-TI,400,8,-0.005177795886993408
4336,T,C,0,MT-TQ,400,8,0.0002899765968322754
4370,T,C,0,MT-TQ,400,8,-0.002418339252471924
4450,G,A,1,MT-TM,400,8,-0.002640247344970703
4452,T,C,0,MT-TM,400,8,0.0004805326461791992
5521,G,A,1,MT-TW,400,8,-0.005681455135345459
5553,T,C,0,MT-TW,400,8,-0.0021747350692749023
5556,G,A,1,MT-TW,400,8,-0.007014274597167969
5650,G,A,1,MT-TA,400,8,-0.004983186721801758
5690,A,G,1,MT-TN,400,8,-0.006890237331390381
5703,G,A,1,MT-TN,400,8,0.0024552345275878906
5728,T,C,1,MT-TN,400,8,-0.0018762946128845215
5814,T,C,0,MT-TC,400,8,-0.002854585647583008
7453,G,A,1,MT-TS1,400,8,-0.005526065826416016
7471,C,T,0,MT-TS1,400,8,0.003644883632659912
7472,A,T,0,MT-TS1,400,8,-0.0016666650772094727
7476,C,T,0,MT-TS1,400,8,0.0009123086929321289
7493,C,T,0,MT-TS1,400,8,0.00015914440155029297
7497,G,A,1,MT-TS1,400,8,-0.00022619962692260742
7498,G,A,0,MT-TS1,400,8,0.0026558637619018555
7510,T,C,1,MT-TS1,400,8,-0.0008131861686706543
7511,T,C,1,MT-TS1,400,8,-0.0012912750244140625
7512,T,C,1,MT-TS1,400,8,0.0010475516319274902
8313,G,A,1,MT-TK,400,8,-0.008011460304260254
8340,G,A,1,MT-TK,400,8,-0.0025629401206970215
8344,A,G,1,MT-TK,400,8,-0.003949463367462158
8348,A,G,0,MT-TK,400,8,-0.0016494393348693848
8356,T,C,1,MT-TK,400,8,-0.0024036169052124023
8363,G,A,1,MT-TK,400,8,-0.00629657506942749
10007,T,C,0,MT-TG,400,8,-0.0031345486640930176
10034,T,C,0,MT-TG,400,8,-0.0014016032218933105
10463,T,C,0,MT-TR,400,8,-0.003070235252380371
12147,G,A,1,MT-TH,400,8,-0.007457077503204346
12201,T,C,1,MT-TH,400,8,-0.003946542739868164
12239,C,T,0,MT-TS2,400,8,-2.7894973754882812e-05
12258,C,A,1,MT-TS2,400,8,-0.008396744728088379
12276,G,A,1,MT-TL2,400,8,-0.01003408432006836
12308,A,G,0,MT-TL2,400,8,-0.0064547061920166016
12315,G,A,1,MT-TL2,400,8,-0.005494177341461182
14674,T,C,1,MT-TE,400,8,-0.004331529140472412
14684,C,T,0,MT-TE,400,8,-0.0004509091377258301
14709,T,C,1,MT-TE,400,8,-0.003985166549682617
15894,G,A,0,MT-TT,400,8,-0.005122542381286621
15904,C,T,0,MT-TT,400,8,0.00018227100372314453
15907,A,G,0,MT-TT,400,8,-0.004262328147888184
15923,A,G,1,MT-TT,400,8,-0.004702150821685791
15924,A,G,0,MT-TT,400,8,-0.0017284154891967773
15928,G,A,0,MT-TT,400,8,-0.0031509995460510254
15990,C,T,1,MT-TP,400,8,-0.007668256759643555
591,C,T,1,MT-TF,400,9,0.014219522476196289
616,T,C,1,MT-TF,400,9,-0.014889836311340332
629,T,C,0,MT-TF,400,9,-0.0007201433181762695
1624,C,T,1,MT-TV,400,9,0.00041294097900390625
1644,G,A,1,MT-TV,400,9,-0.004445075988769531
3242,G,A,1,MT-TL1,400,9,-0.013506293296813965
3243,A,G,1,MT-TL1,400,9,-0.012058496475219727
3243,A,T,1,MT-TL1,400,9,-0.028452515602111816
3251,A,G,1,MT-TL1,400,9,-0.005006074905395508
3252,A,G,1,MT-TL1,400,9,-0.004596590995788574
3255,G,A,1,MT-TL1,400,9,-0.005886971950531006
3256,C,T,1,MT-TL1,400,9,-0.006511867046356201
3258,T,C,1,MT-TL1,400,9,-0.001376807689666748
3260,A,G,1,MT-TL1,400,9,-0.006972670555114746
3271,T,C,1,MT-TL1,400,9,-0.000756680965423584
3291,T,C,1,MT-TL1,400,9,-0.0021982192993164062
3302,A,G,1,MT-TL1,400,9,-0.0012629032135009766
3303,C,T,1,MT-TL1,400,9,-0.00815361738204956
4300,A,G,1,MT-TI,400,9,-0.00434190034866333
4336,T,C,0,MT-TQ,400,9,-0.0009786486625671387
4370,T,C,0,MT-TQ,400,9,-0.0021170377731323242
4450,G,A,1,MT-TM,400,9,-0.0035321712493896484
4452,T,C,0,MT-TM,400,9,-0.0005772709846496582
5521,G,A,1,MT-TW,400,9,-0.007523536682128906
5553,T,C,0,MT-TW,400,9,-0.002752959728240967
5556,G,A,1,MT-TW,400,9,-0.005738794803619385
5650,G,A,1,MT-TA,400,9,-0.007658243179321289
5690,A,G,1,MT-TN,400,9,-0.005549252033233643
5703,G,A,1,MT-TN,400,9,0.001668691635131836
5728,T,C,1,MT-TN,400,9,-0.0036383867263793945
5814,T,C,0,MT-TC,400,9,-0.0018246173858642578
7453,G,A,1,MT-TS1,400,9,-0.006844758987426758
7471,C,T,0,MT-TS1,400,9,0.003730595111846924
7472,A,T,0,MT-TS1,400,9,0.0015482902526855469
7476,C,T,0,MT-TS1,400,9,-0.0006122589111328125
7493,C,T,0,MT-TS1,400,9,3.4868717193603516e-05
7497,G,A,1,MT-TS1,400,9,-0.0005394220352172852
7498,G,A,0,MT-TS1,400,9,0.002215862274169922
7510,T,C,1,MT-TS1,400,9,-0.0006245970726013184
7511,T,C,1,MT-TS1,400,9,-0.0028510093688964844
7512,T,C,1,MT-TS1,400,9,0.001507401466369629
8313,G,A,1,MT-TK,400,9,-0.009342730045318604
8340,G,A,1,MT-TK,400,9,-0.002114713191986084
8344,A,G,1,MT-TK,400,9,-0.0010331273078918457
8348,A,G,0,MT-TK,400,9,-0.0013791918754577637
8356,T,C,1,MT-TK,400,9,-0.0015911459922790527
8363,G,A,1,MT-TK,400,9,-0.004875123500823975
10007,T,C,0,MT-TG,400,9,-0.0026294589042663574
10034,T,C,0,MT-TG,400,9,-0.0009982585906982422
10463,T,C,0,MT-TR,400,9,-0.0022597908973693848
12147,G,A,1,MT-TH,400,9,-0.007328152656555176
12201,T,C,1,MT-TH,400,9,-0.0023452043533325195
12239,C,T,0,MT-TS2,400,9,0.0005267858505249023
12258,C,A,1,MT-TS2,400,9,-0.00883406400680542
12276,G,A,1,MT-TL2,400,9,-0.012633323669433594
12308,A,G,0,MT-TL2,400,9,-0.006902873516082764
12315,G,A,1,MT-TL2,400,9,-0.006998717784881592
14674,T,C,1,MT-TE,400,9,-0.004501819610595703
14684,C,T,0,MT-TE,400,9,-0.00040280818939208984
14709,T,C,1,MT-TE,400,9,-0.00315701961517334
15894,G,A,0,MT-TT,400,9,-0.006482541561126709
15904,C,T,0,MT-TT,400,9,0.0010741949081420898
15907,A,G,0,MT-TT,400,9,-0.00426936149597168
15923,A,G,1,MT-TT,400,9,-0.004053056240081787
15924,A,G,0,MT-TT,400,9,-0.0009757876396179199
15928,G,A,0,MT-TT,400,9,-0.0009630918502807617
15990,C,T,1,MT-TP,400,9,-0.008543014526367188
